WARNING: CTestNormDispIncr::test() - failed to converge 
after: 20 iterations  current Norm: 0.000146153 (max: 1e-06, Norm deltaR: 2.13324)
NewtonRaphson::solveCurrentStep() -the ConvergenceTest object failed in test()
DirectIntegrationAnalysis::analyze() - the Algorithm failed at time 9.9
OpenSees > analyze failed, returned: -3 error flag
WARNING - ForceBeamColumn3d::update - failed to get compatible element forces & deformations for element: 1211(dW: << 0.000183521, dW0: 0.00328155)
Domain::update - domain failed in update
TRBDF2::update() - failed to update the domain
WARNING AcceleratedNewton::solveCurrentStep() -the Integrator failed in update()
DirectIntegrationAnalysis::analyze() - the Algorithm failed at time 9.9
OpenSees > analyze failed, returned: -3 error flag
WARNING: CTestNormDispIncr::test() - failed to converge 
after: 100 iterations  current Norm: 5.06482e-05 (max: 1e-06, Norm deltaR: 0.81071)
NewtonLineSearch::solveCurrentStep() -the ConvergenceTest object failed in test()
DirectIntegrationAnalysis::analyze() - the Algorithm failed at time 9.9
OpenSees > analyze failed, returned: -3 error flag
WARNING: CTestNormDispIncr::test() - failed to converge 
after: 10 iterations  current Norm: 9.55278e-06 (max: 1e-06, Norm deltaR: 1.35011)
WARNING: CTestNormDispIncr::test() - failed to converge 
after: 10 iterations  current Norm: 0.00021655 (max: 1e-06, Norm deltaR: 0.549842)
WARNING - ForceBeamColumn3d::update - failed to get compatible element forces & deformations for element: 1211(dW: << 0.000183519, dW0: 0.00331452)
Domain::update - domain failed in update
TRBDF2::update() - failed to update the domain
WARNING Broyden::solveCurrentStep() -the Integrator failed in update()
DirectIntegrationAnalysis::analyze() - the Algorithm failed at time 9.9
OpenSees > analyze failed, returned: -3 error flag
WARNING: CTestNormDispIncr::test() - failed to converge 
after: 10 iterations  current Norm: 0.124644 (max: 1e-06, Norm deltaR: 2.17486e+07)
WARNING: CTestNormDispIncr::test() - failed to converge 
after: 10 iterations  current Norm: 0.0132097 (max: 1e-06, Norm deltaR: 38.3254)
WARNING - ForceBeamColumn3d::update - failed to get compatible element forces & deformations for element: 1221(dW: << 0.000487653, dW0: 3.14839e-05)
Domain::update - domain failed in update
TRBDF2::update() - failed to update the domain
WARNING BFGS::solveCurrentStep() -the Integrator failed in update()
DirectIntegrationAnalysis::analyze() - the Algorithm failed at time 10.035
OpenSees > analyze failed, returned: -3 error flag
WARNING - ForceBeamColumn3d::update - failed to get compatible element forces & deformations for element: 1221(dW: << 3.26585e-05, dW0: 0.000506414)
Domain::update - domain failed in update
TRBDF2::update() - failed to update the domain
WARNING AcceleratedNewton::solveCurrentStep() -the Integrator failed in update()
DirectIntegrationAnalysis::analyze() - the Algorithm failed at time 10.035
OpenSees > analyze failed, returned: -3 error flag
WARNING: CTestNormDispIncr::test() - failed to converge 
after: 100 iterations  current Norm: 2.08636e-05 (max: 1e-06, Norm deltaR: 0.248804)
NewtonLineSearch::solveCurrentStep() -the ConvergenceTest object failed in test()
DirectIntegrationAnalysis::analyze() - the Algorithm failed at time 10.035
OpenSees > analyze failed, returned: -3 error flag
WARNING: CTestNormDispIncr::test() - failed to converge 
after: 10 iterations  current Norm: 0.000135462 (max: 1e-06, Norm deltaR: 0.325887)
WARNING: CTestNormDispIncr::test() - failed to converge 
after: 10 iterations  current Norm: 8.93268e-06 (max: 1e-06, Norm deltaR: 0.667548)
WARNING: CTestNormDispIncr::test() - failed to converge 
after: 10 iterations  current Norm: 9.00668e-06 (max: 1e-06, Norm deltaR: 0.667548)
WARNING: CTestNormDispIncr::test() - failed to converge 
after: 10 iterations  current Norm: 9.00668e-06 (max: 1e-06, Norm deltaR: 0.667548)
WARNING: CTestNormDispIncr::test() - failed to converge 
after: 10 iterations  current Norm: 9.00668e-06 (max: 1e-06, Norm deltaR: 0.667548)
WARNING: CTestNormDispIncr::test() - failed to converge 
after: 10 iterations  current Norm: 9.00668e-06 (max: 1e-06, Norm deltaR: 0.667548)
WARNING: CTestNormDispIncr::test() - failed to converge 
after: 10 iterations  current Norm: 9.00668e-06 (max: 1e-06, Norm deltaR: 0.667548)
WARNING: CTestNormDispIncr::test() - failed to converge 
after: 10 iterations  current Norm: 9.00668e-06 (max: 1e-06, Norm deltaR: 0.667548)
WARNING: CTestNormDispIncr::test() - failed to converge 
after: 10 iterations  current Norm: 9.00668e-06 (max: 1e-06, Norm deltaR: 0.667548)
WARNING: CTestNormDispIncr::test() - failed to converge 
after: 10 iterations  current Norm: 9.00668e-06 (max: 1e-06, Norm deltaR: 0.667548)
WARNING: CTestNormDispIncr::test() - failed to converge 
after: 10 iterations  current Norm: 9.00668e-06 (max: 1e-06, Norm deltaR: 0.667548)
WARNING: CTestNormDispIncr::test() - failed to converge 
after: 10 iterations  current Norm: 9.00668e-06 (max: 1e-06, Norm deltaR: 0.667548)
WARNING: CTestNormDispIncr::test() - failed to converge 
after: 10 iterations  current Norm: 9.00668e-06 (max: 1e-06, Norm deltaR: 0.667548)
WARNING: CTestNormDispIncr::test() - failed to converge 
after: 10 iterations  current Norm: 9.00668e-06 (max: 1e-06, Norm deltaR: 0.667548)
WARNING: CTestNormDispIncr::test() - failed to converge 
after: 10 iterations  current Norm: 9.00668e-06 (max: 1e-06, Norm deltaR: 0.667548)
WARNING: CTestNormDispIncr::test() - failed to converge 
after: 10 iterations  current Norm: 9.00668e-06 (max: 1e-06, Norm deltaR: 0.667548)
WARNING: CTestNormDispIncr::test() - failed to converge 
after: 10 iterations  current Norm: 9.00668e-06 (max: 1e-06, Norm deltaR: 0.667548)
WARNING: CTestNormDispIncr::test() - failed to converge 
after: 10 iterations  current Norm: 9.00668e-06 (max: 1e-06, Norm deltaR: 0.667548)
WARNING: CTestNormDispIncr::test() - failed to converge 
after: 10 iterations  current Norm: 9.00668e-06 (max: 1e-06, Norm deltaR: 0.667548)
WARNING: CTestNormDispIncr::test() - failed to converge 
after: 10 iterations  current Norm: 9.00668e-06 (max: 1e-06, Norm deltaR: 0.667548)
WARNING: CTestNormDispIncr::test() - failed to converge 
after: 10 iterations  current Norm: 9.00668e-06 (max: 1e-06, Norm deltaR: 0.667548)
WARNING: CTestNormDispIncr::test() - failed to converge 
after: 10 iterations  current Norm: 9.00668e-06 (max: 1e-06, Norm deltaR: 0.667548)
WARNING: CTestNormDispIncr::test() - failed to converge 
after: 10 iterations  current Norm: 9.00668e-06 (max: 1e-06, Norm deltaR: 0.667548)
WARNING: CTestNormDispIncr::test() - failed to converge 
after: 10 iterations  current Norm: 9.00668e-06 (max: 1e-06, Norm deltaR: 0.667548)
WARNING: CTestNormDispIncr::test() - failed to converge 
after: 10 iterations  current Norm: 9.00668e-06 (max: 1e-06, Norm deltaR: 0.667548)
WARNING: CTestNormDispIncr::test() - failed to converge 
after: 10 iterations  current Norm: 9.00668e-06 (max: 1e-06, Norm deltaR: 0.667548)
WARNING: CTestNormDispIncr::test() - failed to converge 
after: 10 iterations  current Norm: 9.00668e-06 (max: 1e-06, Norm deltaR: 0.667548)
WARNING: CTestNormDispIncr::test() - failed to converge 
after: 10 iterations  current Norm: 9.00668e-06 (max: 1e-06, Norm deltaR: 0.667548)
WARNING: CTestNormDispIncr::test() - failed to converge 
after: 10 iterations  current Norm: 9.00668e-06 (max: 1e-06, Norm deltaR: 0.667548)
WARNING: CTestNormDispIncr::test() - failed to converge 
after: 10 iterations  current Norm: 9.00668e-06 (max: 1e-06, Norm deltaR: 0.667548)
WARNING: CTestNormDispIncr::test() - failed to converge 
after: 10 iterations  current Norm: 9.00668e-06 (max: 1e-06, Norm deltaR: 0.667548)
WARNING: CTestNormDispIncr::test() - failed to converge 
after: 10 iterations  current Norm: 9.00668e-06 (max: 1e-06, Norm deltaR: 0.667548)
WARNING: CTestNormDispIncr::test() - failed to converge 
after: 10 iterations  current Norm: 9.00668e-06 (max: 1e-06, Norm deltaR: 0.667548)
WARNING: CTestNormDispIncr::test() - failed to converge 
after: 10 iterations  current Norm: 9.00668e-06 (max: 1e-06, Norm deltaR: 0.667548)
WARNING: CTestNormDispIncr::test() - failed to converge 
after: 10 iterations  current Norm: 9.00668e-06 (max: 1e-06, Norm deltaR: 0.667548)
WARNING: CTestNormDispIncr::test() - failed to converge 
after: 10 iterations  current Norm: 9.00668e-06 (max: 1e-06, Norm deltaR: 0.667548)
WARNING: CTestNormDispIncr::test() - failed to converge 
after: 10 iterations  current Norm: 9.00668e-06 (max: 1e-06, Norm deltaR: 0.667548)
WARNING: CTestNormDispIncr::test() - failed to converge 
after: 10 iterations  current Norm: 9.00668e-06 (max: 1e-06, Norm deltaR: 0.667548)
WARNING: CTestNormDispIncr::test() - failed to converge 
after: 10 iterations  current Norm: 9.00668e-06 (max: 1e-06, Norm deltaR: 0.667548)
WARNING: CTestNormDispIncr::test() - failed to converge 
after: 10 iterations  current Norm: 9.00668e-06 (max: 1e-06, Norm deltaR: 0.667548)
WARNING: CTestNormDispIncr::test() - failed to converge 
after: 10 iterations  current Norm: 9.00668e-06 (max: 1e-06, Norm deltaR: 0.667548)
WARNING: CTestNormDispIncr::test() - failed to converge 
after: 10 iterations  current Norm: 9.00668e-06 (max: 1e-06, Norm deltaR: 0.667548)
WARNING: CTestNormDispIncr::test() - failed to converge 
after: 10 iterations  current Norm: 9.00668e-06 (max: 1e-06, Norm deltaR: 0.667548)
WARNING: CTestNormDispIncr::test() - failed to converge 
after: 10 iterations  current Norm: 9.00668e-06 (max: 1e-06, Norm deltaR: 0.667548)
WARNING: CTestNormDispIncr::test() - failed to converge 
after: 10 iterations  current Norm: 9.00668e-06 (max: 1e-06, Norm deltaR: 0.667548)
WARNING: CTestNormDispIncr::test() - failed to converge 
after: 10 iterations  current Norm: 9.00668e-06 (max: 1e-06, Norm deltaR: 0.667548)
WARNING: CTestNormDispIncr::test() - failed to converge 
after: 10 iterations  current Norm: 9.00668e-06 (max: 1e-06, Norm deltaR: 0.667548)
WARNING: CTestNormDispIncr::test() - failed to converge 
after: 10 iterations  current Norm: 9.00668e-06 (max: 1e-06, Norm deltaR: 0.667548)
WARNING: CTestNormDispIncr::test() - failed to converge 
after: 10 iterations  current Norm: 9.00668e-06 (max: 1e-06, Norm deltaR: 0.667548)
WARNING: CTestNormDispIncr::test() - failed to converge 
after: 10 iterations  current Norm: 9.00668e-06 (max: 1e-06, Norm deltaR: 0.667548)
WARNING: CTestNormDispIncr::test() - failed to converge 
after: 10 iterations  current Norm: 9.00668e-06 (max: 1e-06, Norm deltaR: 0.667548)
WARNING: CTestNormDispIncr::test() - failed to converge 
after: 10 iterations  current Norm: 9.00668e-06 (max: 1e-06, Norm deltaR: 0.667548)
WARNING: CTestNormDispIncr::test() - failed to converge 
after: 10 iterations  current Norm: 9.00668e-06 (max: 1e-06, Norm deltaR: 0.667548)
WARNING: CTestNormDispIncr::test() - failed to converge 
after: 10 iterations  current Norm: 9.00668e-06 (max: 1e-06, Norm deltaR: 0.667548)
WARNING: CTestNormDispIncr::test() - failed to converge 
after: 10 iterations  current Norm: 9.00668e-06 (max: 1e-06, Norm deltaR: 0.667548)
WARNING: CTestNormDispIncr::test() - failed to converge 
after: 10 iterations  current Norm: 9.00668e-06 (max: 1e-06, Norm deltaR: 0.667548)
WARNING: CTestNormDispIncr::test() - failed to converge 
after: 10 iterations  current Norm: 9.00668e-06 (max: 1e-06, Norm deltaR: 0.667548)
WARNING: CTestNormDispIncr::test() - failed to converge 
after: 10 iterations  current Norm: 9.00668e-06 (max: 1e-06, Norm deltaR: 0.667548)
WARNING: CTestNormDispIncr::test() - failed to converge 
after: 10 iterations  current Norm: 9.00668e-06 (max: 1e-06, Norm deltaR: 0.667548)
WARNING: CTestNormDispIncr::test() - failed to converge 
after: 10 iterations  current Norm: 9.00668e-06 (max: 1e-06, Norm deltaR: 0.667548)
WARNING: CTestNormDispIncr::test() - failed to converge 
after: 10 iterations  current Norm: 9.00668e-06 (max: 1e-06, Norm deltaR: 0.667548)
WARNING: CTestNormDispIncr::test() - failed to converge 
after: 10 iterations  current Norm: 9.00668e-06 (max: 1e-06, Norm deltaR: 0.667548)
WARNING: CTestNormDispIncr::test() - failed to converge 
after: 10 iterations  current Norm: 9.00668e-06 (max: 1e-06, Norm deltaR: 0.667548)
WARNING: CTestNormDispIncr::test() - failed to converge 
after: 10 iterations  current Norm: 9.00668e-06 (max: 1e-06, Norm deltaR: 0.667548)
WARNING: CTestNormDispIncr::test() - failed to converge 
after: 10 iterations  current Norm: 9.00668e-06 (max: 1e-06, Norm deltaR: 0.667548)
WARNING: CTestNormDispIncr::test() - failed to converge 
after: 10 iterations  current Norm: 9.00668e-06 (max: 1e-06, Norm deltaR: 0.667548)
WARNING: CTestNormDispIncr::test() - failed to converge 
after: 10 iterations  current Norm: 9.00668e-06 (max: 1e-06, Norm deltaR: 0.667548)
WARNING: CTestNormDispIncr::test() - failed to converge 
after: 10 iterations  current Norm: 9.00668e-06 (max: 1e-06, Norm deltaR: 0.667548)
WARNING: CTestNormDispIncr::test() - failed to converge 
after: 10 iterations  current Norm: 9.00668e-06 (max: 1e-06, Norm deltaR: 0.667548)
WARNING: CTestNormDispIncr::test() - failed to converge 
after: 10 iterations  current Norm: 9.00668e-06 (max: 1e-06, Norm deltaR: 0.667548)
WARNING: CTestNormDispIncr::test() - failed to converge 
after: 10 iterations  current Norm: 9.00668e-06 (max: 1e-06, Norm deltaR: 0.667548)
WARNING: CTestNormDispIncr::test() - failed to converge 
after: 10 iterations  current Norm: 9.00668e-06 (max: 1e-06, Norm deltaR: 0.667548)
WARNING: CTestNormDispIncr::test() - failed to converge 
after: 10 iterations  current Norm: 9.00668e-06 (max: 1e-06, Norm deltaR: 0.667548)
WARNING: CTestNormDispIncr::test() - failed to converge 
after: 10 iterations  current Norm: 9.00668e-06 (max: 1e-06, Norm deltaR: 0.667548)
WARNING: CTestNormDispIncr::test() - failed to converge 
after: 10 iterations  current Norm: 9.00668e-06 (max: 1e-06, Norm deltaR: 0.667548)
WARNING: CTestNormDispIncr::test() - failed to converge 
after: 10 iterations  current Norm: 9.00668e-06 (max: 1e-06, Norm deltaR: 0.667548)
WARNING: CTestNormDispIncr::test() - failed to converge 
after: 10 iterations  current Norm: 9.00668e-06 (max: 1e-06, Norm deltaR: 0.667548)
WARNING: CTestNormDispIncr::test() - failed to converge 
after: 10 iterations  current Norm: 9.00668e-06 (max: 1e-06, Norm deltaR: 0.667548)
WARNING: CTestNormDispIncr::test() - failed to converge 
after: 10 iterations  current Norm: 9.00668e-06 (max: 1e-06, Norm deltaR: 0.667548)
WARNING: CTestNormDispIncr::test() - failed to converge 
after: 10 iterations  current Norm: 9.00668e-06 (max: 1e-06, Norm deltaR: 0.667548)
WARNING: CTestNormDispIncr::test() - failed to converge 
after: 10 iterations  current Norm: 9.00668e-06 (max: 1e-06, Norm deltaR: 0.667548)
WARNING: CTestNormDispIncr::test() - failed to converge 
after: 10 iterations  current Norm: 9.00668e-06 (max: 1e-06, Norm deltaR: 0.667548)
WARNING: CTestNormDispIncr::test() - failed to converge 
after: 10 iterations  current Norm: 9.00668e-06 (max: 1e-06, Norm deltaR: 0.667548)
WARNING: CTestNormDispIncr::test() - failed to converge 
after: 10 iterations  current Norm: 9.00668e-06 (max: 1e-06, Norm deltaR: 0.667548)
WARNING: CTestNormDispIncr::test() - failed to converge 
after: 10 iterations  current Norm: 9.00668e-06 (max: 1e-06, Norm deltaR: 0.667548)
WARNING: CTestNormDispIncr::test() - failed to converge 
after: 10 iterations  current Norm: 9.00668e-06 (max: 1e-06, Norm deltaR: 0.667548)
WARNING: CTestNormDispIncr::test() - failed to converge 
after: 10 iterations  current Norm: 9.00668e-06 (max: 1e-06, Norm deltaR: 0.667548)
WARNING: CTestNormDispIncr::test() - failed to converge 
after: 10 iterations  current Norm: 9.00668e-06 (max: 1e-06, Norm deltaR: 0.667548)
WARNING: CTestNormDispIncr::test() - failed to converge 
after: 10 iterations  current Norm: 9.00668e-06 (max: 1e-06, Norm deltaR: 0.667548)
WARNING: CTestNormDispIncr::test() - failed to converge 
after: 10 iterations  current Norm: 9.00668e-06 (max: 1e-06, Norm deltaR: 0.667548)
WARNING: CTestNormDispIncr::test() - failed to converge 
after: 10 iterations  current Norm: 9.00668e-06 (max: 1e-06, Norm deltaR: 0.667548)
WARNING: CTestNormDispIncr::test() - failed to converge 
after: 10 iterations  current Norm: 9.00668e-06 (max: 1e-06, Norm deltaR: 0.667548)
WARNING: CTestNormDispIncr::test() - failed to converge 
after: 10 iterations  current Norm: 9.00668e-06 (max: 1e-06, Norm deltaR: 0.667548)
WARNING: CTestNormDispIncr::test() - failed to converge 
after: 10 iterations  current Norm: 9.00668e-06 (max: 1e-06, Norm deltaR: 0.667548)
WARNING: CTestNormDispIncr::test() - failed to converge 
after: 10 iterations  current Norm: 9.00668e-06 (max: 1e-06, Norm deltaR: 0.667548)
WARNING: CTestNormDispIncr::test() - failed to converge 
after: 10 iterations  current Norm: 9.00668e-06 (max: 1e-06, Norm deltaR: 0.667548)
WARNING: CTestNormDispIncr::test() - failed to converge 
after: 10 iterations  current Norm: 9.00668e-06 (max: 1e-06, Norm deltaR: 0.667548)
WARNING: CTestNormDispIncr::test() - failed to converge 
after: 10 iterations  current Norm: 9.00668e-06 (max: 1e-06, Norm deltaR: 0.667548)
WARNING: CTestNormDispIncr::test() - failed to converge 
after: 10 iterations  current Norm: 9.00668e-06 (max: 1e-06, Norm deltaR: 0.667548)
WARNING: CTestNormDispIncr::test() - failed to converge 
after: 10 iterations  current Norm: 9.00668e-06 (max: 1e-06, Norm deltaR: 0.667548)
WARNING: CTestNormDispIncr::test() - failed to converge 
after: 100 iterations  current Norm: 9.00668e-06 (max: 1e-06, Norm deltaR: 0.667548)
Broyden::solveCurrentStep() -the ConvergenceTest object failed in test()
DirectIntegrationAnalysis::analyze() - the Algorithm failed at time 10.035
OpenSees > analyze failed, returned: -3 error flag
WARNING: CTestNormDispIncr::test() - failed to converge 
after: 10 iterations  current Norm: 0.178564 (max: 1e-06, Norm deltaR: 140686)
WARNING: CTestNormDispIncr::test() - failed to converge 
after: 10 iterations  current Norm: 0.00301531 (max: 1e-06, Norm deltaR: 2.29019)
WARNING: CTestNormDispIncr::test() - failed to converge 
after: 10 iterations  current Norm: 4.47924e-05 (max: 1e-06, Norm deltaR: 0.369225)
WARNING: CTestNormDispIncr::test() - failed to converge 
after: 10 iterations  current Norm: 3.99984e-05 (max: 1e-06, Norm deltaR: 0.516698)
WARNING: CTestNormDispIncr::test() - failed to converge 
after: 10 iterations  current Norm: 4.02267e-05 (max: 1e-06, Norm deltaR: 0.516698)
WARNING: CTestNormDispIncr::test() - failed to converge 
after: 10 iterations  current Norm: 4.02267e-05 (max: 1e-06, Norm deltaR: 0.516698)
WARNING: CTestNormDispIncr::test() - failed to converge 
after: 10 iterations  current Norm: 4.02267e-05 (max: 1e-06, Norm deltaR: 0.516698)
WARNING: CTestNormDispIncr::test() - failed to converge 
after: 10 iterations  current Norm: 4.02267e-05 (max: 1e-06, Norm deltaR: 0.516698)
WARNING: CTestNormDispIncr::test() - failed to converge 
after: 10 iterations  current Norm: 4.02267e-05 (max: 1e-06, Norm deltaR: 0.516698)
WARNING: CTestNormDispIncr::test() - failed to converge 
after: 10 iterations  current Norm: 4.02267e-05 (max: 1e-06, Norm deltaR: 0.516698)
WARNING: CTestNormDispIncr::test() - failed to converge 
after: 10 iterations  current Norm: 4.02267e-05 (max: 1e-06, Norm deltaR: 0.516698)
WARNING: CTestNormDispIncr::test() - failed to converge 
after: 10 iterations  current Norm: 4.02267e-05 (max: 1e-06, Norm deltaR: 0.516698)
WARNING: CTestNormDispIncr::test() - failed to converge 
after: 10 iterations  current Norm: 4.02267e-05 (max: 1e-06, Norm deltaR: 0.516698)
WARNING: CTestNormDispIncr::test() - failed to converge 
after: 10 iterations  current Norm: 4.02267e-05 (max: 1e-06, Norm deltaR: 0.516698)
WARNING: CTestNormDispIncr::test() - failed to converge 
after: 10 iterations  current Norm: 4.02267e-05 (max: 1e-06, Norm deltaR: 0.516698)
WARNING: CTestNormDispIncr::test() - failed to converge 
after: 10 iterations  current Norm: 4.02267e-05 (max: 1e-06, Norm deltaR: 0.516698)
WARNING: CTestNormDispIncr::test() - failed to converge 
after: 10 iterations  current Norm: 4.02267e-05 (max: 1e-06, Norm deltaR: 0.516698)
WARNING: CTestNormDispIncr::test() - failed to converge 
after: 10 iterations  current Norm: 4.02267e-05 (max: 1e-06, Norm deltaR: 0.516698)
WARNING: CTestNormDispIncr::test() - failed to converge 
after: 10 iterations  current Norm: 4.02267e-05 (max: 1e-06, Norm deltaR: 0.516698)
WARNING: CTestNormDispIncr::test() - failed to converge 
after: 10 iterations  current Norm: 4.02267e-05 (max: 1e-06, Norm deltaR: 0.516698)
WARNING: CTestNormDispIncr::test() - failed to converge 
after: 10 iterations  current Norm: 4.02267e-05 (max: 1e-06, Norm deltaR: 0.516698)
WARNING: CTestNormDispIncr::test() - failed to converge 
after: 10 iterations  current Norm: 4.02267e-05 (max: 1e-06, Norm deltaR: 0.516698)
WARNING: CTestNormDispIncr::test() - failed to converge 
after: 10 iterations  current Norm: 4.02267e-05 (max: 1e-06, Norm deltaR: 0.516698)
WARNING: CTestNormDispIncr::test() - failed to converge 
after: 10 iterations  current Norm: 4.02267e-05 (max: 1e-06, Norm deltaR: 0.516698)
WARNING: CTestNormDispIncr::test() - failed to converge 
after: 10 iterations  current Norm: 4.02267e-05 (max: 1e-06, Norm deltaR: 0.516698)
WARNING: CTestNormDispIncr::test() - failed to converge 
after: 10 iterations  current Norm: 4.02267e-05 (max: 1e-06, Norm deltaR: 0.516698)
WARNING: CTestNormDispIncr::test() - failed to converge 
after: 10 iterations  current Norm: 4.02267e-05 (max: 1e-06, Norm deltaR: 0.516698)
WARNING: CTestNormDispIncr::test() - failed to converge 
after: 10 iterations  current Norm: 4.02267e-05 (max: 1e-06, Norm deltaR: 0.516698)
WARNING: CTestNormDispIncr::test() - failed to converge 
after: 10 iterations  current Norm: 4.02267e-05 (max: 1e-06, Norm deltaR: 0.516698)
WARNING: CTestNormDispIncr::test() - failed to converge 
after: 10 iterations  current Norm: 4.02267e-05 (max: 1e-06, Norm deltaR: 0.516698)
WARNING: CTestNormDispIncr::test() - failed to converge 
after: 10 iterations  current Norm: 4.02267e-05 (max: 1e-06, Norm deltaR: 0.516698)
WARNING: CTestNormDispIncr::test() - failed to converge 
after: 10 iterations  current Norm: 4.02267e-05 (max: 1e-06, Norm deltaR: 0.516698)
WARNING: CTestNormDispIncr::test() - failed to converge 
after: 10 iterations  current Norm: 4.02267e-05 (max: 1e-06, Norm deltaR: 0.516698)
WARNING: CTestNormDispIncr::test() - failed to converge 
after: 10 iterations  current Norm: 4.02267e-05 (max: 1e-06, Norm deltaR: 0.516698)
WARNING: CTestNormDispIncr::test() - failed to converge 
after: 10 iterations  current Norm: 4.02267e-05 (max: 1e-06, Norm deltaR: 0.516698)
WARNING: CTestNormDispIncr::test() - failed to converge 
after: 10 iterations  current Norm: 4.02267e-05 (max: 1e-06, Norm deltaR: 0.516698)
WARNING: CTestNormDispIncr::test() - failed to converge 
after: 10 iterations  current Norm: 4.02267e-05 (max: 1e-06, Norm deltaR: 0.516698)
WARNING: CTestNormDispIncr::test() - failed to converge 
after: 10 iterations  current Norm: 4.02267e-05 (max: 1e-06, Norm deltaR: 0.516698)
WARNING: CTestNormDispIncr::test() - failed to converge 
after: 10 iterations  current Norm: 4.02267e-05 (max: 1e-06, Norm deltaR: 0.516698)
WARNING: CTestNormDispIncr::test() - failed to converge 
after: 10 iterations  current Norm: 4.02267e-05 (max: 1e-06, Norm deltaR: 0.516698)
WARNING: CTestNormDispIncr::test() - failed to converge 
after: 10 iterations  current Norm: 4.02267e-05 (max: 1e-06, Norm deltaR: 0.516698)
WARNING: CTestNormDispIncr::test() - failed to converge 
after: 10 iterations  current Norm: 4.02267e-05 (max: 1e-06, Norm deltaR: 0.516698)
WARNING: CTestNormDispIncr::test() - failed to converge 
after: 10 iterations  current Norm: 4.02267e-05 (max: 1e-06, Norm deltaR: 0.516698)
WARNING: CTestNormDispIncr::test() - failed to converge 
after: 10 iterations  current Norm: 4.02267e-05 (max: 1e-06, Norm deltaR: 0.516698)
WARNING: CTestNormDispIncr::test() - failed to converge 
after: 10 iterations  current Norm: 4.02267e-05 (max: 1e-06, Norm deltaR: 0.516698)
WARNING: CTestNormDispIncr::test() - failed to converge 
after: 10 iterations  current Norm: 4.02267e-05 (max: 1e-06, Norm deltaR: 0.516698)
WARNING: CTestNormDispIncr::test() - failed to converge 
after: 10 iterations  current Norm: 4.02267e-05 (max: 1e-06, Norm deltaR: 0.516698)
WARNING: CTestNormDispIncr::test() - failed to converge 
after: 10 iterations  current Norm: 4.02267e-05 (max: 1e-06, Norm deltaR: 0.516698)
WARNING: CTestNormDispIncr::test() - failed to converge 
after: 10 iterations  current Norm: 4.02267e-05 (max: 1e-06, Norm deltaR: 0.516698)
WARNING: CTestNormDispIncr::test() - failed to converge 
after: 10 iterations  current Norm: 4.02267e-05 (max: 1e-06, Norm deltaR: 0.516698)
WARNING: CTestNormDispIncr::test() - failed to converge 
after: 10 iterations  current Norm: 4.02267e-05 (max: 1e-06, Norm deltaR: 0.516698)
WARNING: CTestNormDispIncr::test() - failed to converge 
after: 10 iterations  current Norm: 4.02267e-05 (max: 1e-06, Norm deltaR: 0.516698)
WARNING: CTestNormDispIncr::test() - failed to converge 
after: 10 iterations  current Norm: 4.02267e-05 (max: 1e-06, Norm deltaR: 0.516698)
WARNING: CTestNormDispIncr::test() - failed to converge 
after: 10 iterations  current Norm: 4.02267e-05 (max: 1e-06, Norm deltaR: 0.516698)
WARNING: CTestNormDispIncr::test() - failed to converge 
after: 10 iterations  current Norm: 4.02267e-05 (max: 1e-06, Norm deltaR: 0.516698)
WARNING: CTestNormDispIncr::test() - failed to converge 
after: 10 iterations  current Norm: 4.02267e-05 (max: 1e-06, Norm deltaR: 0.516698)
WARNING: CTestNormDispIncr::test() - failed to converge 
after: 10 iterations  current Norm: 4.02267e-05 (max: 1e-06, Norm deltaR: 0.516698)
WARNING: CTestNormDispIncr::test() - failed to converge 
after: 10 iterations  current Norm: 4.02267e-05 (max: 1e-06, Norm deltaR: 0.516698)
WARNING: CTestNormDispIncr::test() - failed to converge 
after: 10 iterations  current Norm: 4.02267e-05 (max: 1e-06, Norm deltaR: 0.516698)
WARNING: CTestNormDispIncr::test() - failed to converge 
after: 10 iterations  current Norm: 4.02267e-05 (max: 1e-06, Norm deltaR: 0.516698)
WARNING: CTestNormDispIncr::test() - failed to converge 
after: 10 iterations  current Norm: 4.02267e-05 (max: 1e-06, Norm deltaR: 0.516698)
WARNING: CTestNormDispIncr::test() - failed to converge 
after: 10 iterations  current Norm: 4.02267e-05 (max: 1e-06, Norm deltaR: 0.516698)
WARNING: CTestNormDispIncr::test() - failed to converge 
after: 10 iterations  current Norm: 4.02267e-05 (max: 1e-06, Norm deltaR: 0.516698)
WARNING: CTestNormDispIncr::test() - failed to converge 
after: 10 iterations  current Norm: 4.02267e-05 (max: 1e-06, Norm deltaR: 0.516698)
WARNING: CTestNormDispIncr::test() - failed to converge 
after: 10 iterations  current Norm: 4.02267e-05 (max: 1e-06, Norm deltaR: 0.516698)
WARNING: CTestNormDispIncr::test() - failed to converge 
after: 10 iterations  current Norm: 4.02267e-05 (max: 1e-06, Norm deltaR: 0.516698)
WARNING: CTestNormDispIncr::test() - failed to converge 
after: 10 iterations  current Norm: 4.02267e-05 (max: 1e-06, Norm deltaR: 0.516698)
WARNING: CTestNormDispIncr::test() - failed to converge 
after: 10 iterations  current Norm: 4.02267e-05 (max: 1e-06, Norm deltaR: 0.516698)
WARNING: CTestNormDispIncr::test() - failed to converge 
after: 10 iterations  current Norm: 4.02267e-05 (max: 1e-06, Norm deltaR: 0.516698)
WARNING: CTestNormDispIncr::test() - failed to converge 
after: 10 iterations  current Norm: 4.02267e-05 (max: 1e-06, Norm deltaR: 0.516698)
WARNING: CTestNormDispIncr::test() - failed to converge 
after: 10 iterations  current Norm: 4.02267e-05 (max: 1e-06, Norm deltaR: 0.516698)
WARNING: CTestNormDispIncr::test() - failed to converge 
after: 10 iterations  current Norm: 4.02267e-05 (max: 1e-06, Norm deltaR: 0.516698)
WARNING: CTestNormDispIncr::test() - failed to converge 
after: 10 iterations  current Norm: 4.02267e-05 (max: 1e-06, Norm deltaR: 0.516698)
WARNING: CTestNormDispIncr::test() - failed to converge 
after: 10 iterations  current Norm: 4.02267e-05 (max: 1e-06, Norm deltaR: 0.516698)
WARNING: CTestNormDispIncr::test() - failed to converge 
after: 10 iterations  current Norm: 4.02267e-05 (max: 1e-06, Norm deltaR: 0.516698)
WARNING: CTestNormDispIncr::test() - failed to converge 
after: 10 iterations  current Norm: 4.02267e-05 (max: 1e-06, Norm deltaR: 0.516698)
WARNING: CTestNormDispIncr::test() - failed to converge 
after: 10 iterations  current Norm: 4.02267e-05 (max: 1e-06, Norm deltaR: 0.516698)
WARNING: CTestNormDispIncr::test() - failed to converge 
after: 10 iterations  current Norm: 4.02267e-05 (max: 1e-06, Norm deltaR: 0.516698)
WARNING: CTestNormDispIncr::test() - failed to converge 
after: 10 iterations  current Norm: 4.02267e-05 (max: 1e-06, Norm deltaR: 0.516698)
WARNING: CTestNormDispIncr::test() - failed to converge 
after: 10 iterations  current Norm: 4.02267e-05 (max: 1e-06, Norm deltaR: 0.516698)
WARNING: CTestNormDispIncr::test() - failed to converge 
after: 10 iterations  current Norm: 4.02267e-05 (max: 1e-06, Norm deltaR: 0.516698)
WARNING: CTestNormDispIncr::test() - failed to converge 
after: 10 iterations  current Norm: 4.02267e-05 (max: 1e-06, Norm deltaR: 0.516698)
WARNING: CTestNormDispIncr::test() - failed to converge 
after: 10 iterations  current Norm: 4.02267e-05 (max: 1e-06, Norm deltaR: 0.516698)
WARNING: CTestNormDispIncr::test() - failed to converge 
after: 10 iterations  current Norm: 4.02267e-05 (max: 1e-06, Norm deltaR: 0.516698)
WARNING: CTestNormDispIncr::test() - failed to converge 
after: 10 iterations  current Norm: 4.02267e-05 (max: 1e-06, Norm deltaR: 0.516698)
WARNING: CTestNormDispIncr::test() - failed to converge 
after: 10 iterations  current Norm: 4.02267e-05 (max: 1e-06, Norm deltaR: 0.516698)
WARNING: CTestNormDispIncr::test() - failed to converge 
after: 10 iterations  current Norm: 4.02267e-05 (max: 1e-06, Norm deltaR: 0.516698)
WARNING: CTestNormDispIncr::test() - failed to converge 
after: 10 iterations  current Norm: 4.02267e-05 (max: 1e-06, Norm deltaR: 0.516698)
WARNING: CTestNormDispIncr::test() - failed to converge 
after: 10 iterations  current Norm: 4.02267e-05 (max: 1e-06, Norm deltaR: 0.516698)
WARNING: CTestNormDispIncr::test() - failed to converge 
after: 10 iterations  current Norm: 4.02267e-05 (max: 1e-06, Norm deltaR: 0.516698)
WARNING: CTestNormDispIncr::test() - failed to converge 
after: 10 iterations  current Norm: 4.02267e-05 (max: 1e-06, Norm deltaR: 0.516698)
WARNING: CTestNormDispIncr::test() - failed to converge 
after: 10 iterations  current Norm: 4.02267e-05 (max: 1e-06, Norm deltaR: 0.516698)
WARNING: CTestNormDispIncr::test() - failed to converge 
after: 10 iterations  current Norm: 4.02267e-05 (max: 1e-06, Norm deltaR: 0.516698)
WARNING: CTestNormDispIncr::test() - failed to converge 
after: 10 iterations  current Norm: 4.02267e-05 (max: 1e-06, Norm deltaR: 0.516698)
WARNING: CTestNormDispIncr::test() - failed to converge 
after: 10 iterations  current Norm: 4.02267e-05 (max: 1e-06, Norm deltaR: 0.516698)
WARNING: CTestNormDispIncr::test() - failed to converge 
after: 10 iterations  current Norm: 4.02267e-05 (max: 1e-06, Norm deltaR: 0.516698)
WARNING: CTestNormDispIncr::test() - failed to converge 
after: 10 iterations  current Norm: 4.02267e-05 (max: 1e-06, Norm deltaR: 0.516698)
WARNING: CTestNormDispIncr::test() - failed to converge 
after: 10 iterations  current Norm: 4.02267e-05 (max: 1e-06, Norm deltaR: 0.516698)
WARNING: CTestNormDispIncr::test() - failed to converge 
after: 10 iterations  current Norm: 4.02267e-05 (max: 1e-06, Norm deltaR: 0.516698)
WARNING: CTestNormDispIncr::test() - failed to converge 
after: 10 iterations  current Norm: 4.02267e-05 (max: 1e-06, Norm deltaR: 0.516698)
WARNING: CTestNormDispIncr::test() - failed to converge 
after: 10 iterations  current Norm: 4.02267e-05 (max: 1e-06, Norm deltaR: 0.516698)
WARNING: CTestNormDispIncr::test() - failed to converge 
after: 10 iterations  current Norm: 4.02267e-05 (max: 1e-06, Norm deltaR: 0.516698)
WARNING: CTestNormDispIncr::test() - failed to converge 
after: 100 iterations  current Norm: 4.02267e-05 (max: 1e-06, Norm deltaR: 0.516698)
BFGS::solveCurrentStep() -the ConvergenceTest object failed in test()
DirectIntegrationAnalysis::analyze() - the Algorithm failed at time 10.045
OpenSees > analyze failed, returned: -3 error flag
WARNING - ForceBeamColumn3d::update - failed to get compatible element forces & deformations for element: 1001(dW: << 0.000645662, dW0: 4.48326e-05)
Domain::update - domain failed in update
TRBDF2::update() - failed to update the domain
WARNING AcceleratedNewton::solveCurrentStep() -the Integrator failed in update()
DirectIntegrationAnalysis::analyze() - the Algorithm failed at time 10.045
OpenSees > analyze failed, returned: -3 error flag
WARNING: CTestNormDispIncr::test() - failed to converge 
after: 100 iterations  current Norm: 2.15199e-06 (max: 1e-06, Norm deltaR: 0.280583)
NewtonLineSearch::solveCurrentStep() -the ConvergenceTest object failed in test()
DirectIntegrationAnalysis::analyze() - the Algorithm failed at time 10.045
OpenSees > analyze failed, returned: -3 error flag
WARNING - ForceBeamColumn3d::update - failed to get compatible element forces & deformations for element: 1001(dW: << 4.51496e-05, dW0: 0.000671771)
Domain::update - domain failed in update
TRBDF2::update() - failed to update the domain
WARNING Broyden::solveCurrentStep() -the Integrator failed in update()
DirectIntegrationAnalysis::analyze() - the Algorithm failed at time 10.045
OpenSees > analyze failed, returned: -3 error flag
WARNING: CTestNormDispIncr::test() - failed to converge 
after: 10 iterations  current Norm: 0.0496664 (max: 1e-06, Norm deltaR: 6277.74)
WARNING - ForceBeamColumn3d::update - failed to get compatible element forces & deformations for element: 1001(dW: << 4.51481e-05, dW0: 0.000647408)
Domain::update - domain failed in update
TRBDF2::update() - failed to update the domain
WARNING BFGS::solveCurrentStep() -the Integrator failed in update()
DirectIntegrationAnalysis::analyze() - the Algorithm failed at time 10.045
OpenSees > analyze failed, returned: -3 error flag
WARNING - ForceBeamColumn3d::update - failed to get compatible element forces & deformations for element: 1111(dW: << 0.000365737, dW0: 0.00888022)
Domain::update - domain failed in update
TRBDF2::update() - failed to update the domain
WARNING AcceleratedNewton::solveCurrentStep() -the Integrator failed in update()
DirectIntegrationAnalysis::analyze() - the Algorithm failed at time 10.0625
OpenSees > analyze failed, returned: -3 error flag
WARNING - ForceBeamColumn3d::update - failed to get compatible element forces & deformations for element: 1111(dW: << 0.000365737, dW0: 0.00887573)
Domain::update - domain failed in update
TRBDF2::update() - failed to update the domain
WARNING AcceleratedNewton::solveCurrentStep() -the Integrator failed in update()
DirectIntegrationAnalysis::analyze() - the Algorithm failed at time 10.0625
OpenSees > analyze failed, returned: -3 error flag
WARNING: CTestNormDispIncr::test() - failed to converge 
after: 100 iterations  current Norm: 0.000110673 (max: 1e-06, Norm deltaR: 1.78671)
NewtonLineSearch::solveCurrentStep() -the ConvergenceTest object failed in test()
DirectIntegrationAnalysis::analyze() - the Algorithm failed at time 10.0625
OpenSees > analyze failed, returned: -3 error flag
WARNING - ForceBeamColumn3d::update - failed to get compatible element forces & deformations for element: 1111(dW: << 0.000365738, dW0: 0.0089974)
Domain::update - domain failed in update
TRBDF2::update() - failed to update the domain
WARNING Broyden::solveCurrentStep() -the Integrator failed in update()
DirectIntegrationAnalysis::analyze() - the Algorithm failed at time 10.0625
OpenSees > analyze failed, returned: -3 error flag
WARNING: CTestNormDispIncr::test() - failed to converge 
after: 10 iterations  current Norm: 0.0955444 (max: 1e-06, Norm deltaR: 7700.06)
WARNING: CTestNormDispIncr::test() - failed to converge 
after: 10 iterations  current Norm: 0.000411531 (max: 1e-06, Norm deltaR: 1.48932)
WARNING: CTestNormDispIncr::test() - failed to converge 
after: 10 iterations  current Norm: 3.09785e-05 (max: 1e-06, Norm deltaR: 3.83682)
WARNING: CTestNormDispIncr::test() - failed to converge 
after: 10 iterations  current Norm: 3.12863e-05 (max: 1e-06, Norm deltaR: 3.83682)
WARNING: CTestNormDispIncr::test() - failed to converge 
after: 10 iterations  current Norm: 3.12863e-05 (max: 1e-06, Norm deltaR: 3.83682)
WARNING: CTestNormDispIncr::test() - failed to converge 
after: 10 iterations  current Norm: 3.12863e-05 (max: 1e-06, Norm deltaR: 3.83682)
WARNING: CTestNormDispIncr::test() - failed to converge 
after: 10 iterations  current Norm: 3.12863e-05 (max: 1e-06, Norm deltaR: 3.83682)
WARNING: CTestNormDispIncr::test() - failed to converge 
after: 10 iterations  current Norm: 3.12863e-05 (max: 1e-06, Norm deltaR: 3.83682)
WARNING: CTestNormDispIncr::test() - failed to converge 
after: 10 iterations  current Norm: 3.12863e-05 (max: 1e-06, Norm deltaR: 3.83682)
WARNING: CTestNormDispIncr::test() - failed to converge 
after: 10 iterations  current Norm: 3.12863e-05 (max: 1e-06, Norm deltaR: 3.83682)
WARNING: CTestNormDispIncr::test() - failed to converge 
after: 10 iterations  current Norm: 3.12863e-05 (max: 1e-06, Norm deltaR: 3.83682)
WARNING: CTestNormDispIncr::test() - failed to converge 
after: 10 iterations  current Norm: 3.12863e-05 (max: 1e-06, Norm deltaR: 3.83682)
WARNING: CTestNormDispIncr::test() - failed to converge 
after: 10 iterations  current Norm: 3.12863e-05 (max: 1e-06, Norm deltaR: 3.83682)
WARNING: CTestNormDispIncr::test() - failed to converge 
after: 10 iterations  current Norm: 3.12863e-05 (max: 1e-06, Norm deltaR: 3.83682)
WARNING: CTestNormDispIncr::test() - failed to converge 
after: 10 iterations  current Norm: 3.12863e-05 (max: 1e-06, Norm deltaR: 3.83682)
WARNING: CTestNormDispIncr::test() - failed to converge 
after: 10 iterations  current Norm: 3.12863e-05 (max: 1e-06, Norm deltaR: 3.83682)
WARNING: CTestNormDispIncr::test() - failed to converge 
after: 10 iterations  current Norm: 3.12863e-05 (max: 1e-06, Norm deltaR: 3.83682)
WARNING: CTestNormDispIncr::test() - failed to converge 
after: 10 iterations  current Norm: 3.12863e-05 (max: 1e-06, Norm deltaR: 3.83682)
WARNING: CTestNormDispIncr::test() - failed to converge 
after: 10 iterations  current Norm: 3.12863e-05 (max: 1e-06, Norm deltaR: 3.83682)
WARNING: CTestNormDispIncr::test() - failed to converge 
after: 10 iterations  current Norm: 3.12863e-05 (max: 1e-06, Norm deltaR: 3.83682)
WARNING: CTestNormDispIncr::test() - failed to converge 
after: 10 iterations  current Norm: 3.12863e-05 (max: 1e-06, Norm deltaR: 3.83682)
WARNING: CTestNormDispIncr::test() - failed to converge 
after: 10 iterations  current Norm: 3.12863e-05 (max: 1e-06, Norm deltaR: 3.83682)
WARNING: CTestNormDispIncr::test() - failed to converge 
after: 10 iterations  current Norm: 3.12863e-05 (max: 1e-06, Norm deltaR: 3.83682)
WARNING: CTestNormDispIncr::test() - failed to converge 
after: 10 iterations  current Norm: 3.12863e-05 (max: 1e-06, Norm deltaR: 3.83682)
WARNING: CTestNormDispIncr::test() - failed to converge 
after: 10 iterations  current Norm: 3.12863e-05 (max: 1e-06, Norm deltaR: 3.83682)
WARNING: CTestNormDispIncr::test() - failed to converge 
after: 10 iterations  current Norm: 3.12863e-05 (max: 1e-06, Norm deltaR: 3.83682)
WARNING: CTestNormDispIncr::test() - failed to converge 
after: 10 iterations  current Norm: 3.12863e-05 (max: 1e-06, Norm deltaR: 3.83682)
WARNING: CTestNormDispIncr::test() - failed to converge 
after: 10 iterations  current Norm: 3.12863e-05 (max: 1e-06, Norm deltaR: 3.83682)
WARNING: CTestNormDispIncr::test() - failed to converge 
after: 10 iterations  current Norm: 3.12863e-05 (max: 1e-06, Norm deltaR: 3.83682)
WARNING: CTestNormDispIncr::test() - failed to converge 
after: 10 iterations  current Norm: 3.12863e-05 (max: 1e-06, Norm deltaR: 3.83682)
WARNING: CTestNormDispIncr::test() - failed to converge 
after: 10 iterations  current Norm: 3.12863e-05 (max: 1e-06, Norm deltaR: 3.83682)
WARNING: CTestNormDispIncr::test() - failed to converge 
after: 10 iterations  current Norm: 3.12863e-05 (max: 1e-06, Norm deltaR: 3.83682)
WARNING: CTestNormDispIncr::test() - failed to converge 
after: 10 iterations  current Norm: 3.12863e-05 (max: 1e-06, Norm deltaR: 3.83682)
WARNING: CTestNormDispIncr::test() - failed to converge 
after: 10 iterations  current Norm: 3.12863e-05 (max: 1e-06, Norm deltaR: 3.83682)
WARNING: CTestNormDispIncr::test() - failed to converge 
after: 10 iterations  current Norm: 3.12863e-05 (max: 1e-06, Norm deltaR: 3.83682)
WARNING: CTestNormDispIncr::test() - failed to converge 
after: 10 iterations  current Norm: 3.12863e-05 (max: 1e-06, Norm deltaR: 3.83682)
WARNING: CTestNormDispIncr::test() - failed to converge 
after: 10 iterations  current Norm: 3.12863e-05 (max: 1e-06, Norm deltaR: 3.83682)
WARNING: CTestNormDispIncr::test() - failed to converge 
after: 10 iterations  current Norm: 3.12863e-05 (max: 1e-06, Norm deltaR: 3.83682)
WARNING: CTestNormDispIncr::test() - failed to converge 
after: 10 iterations  current Norm: 3.12863e-05 (max: 1e-06, Norm deltaR: 3.83682)
WARNING: CTestNormDispIncr::test() - failed to converge 
after: 10 iterations  current Norm: 3.12863e-05 (max: 1e-06, Norm deltaR: 3.83682)
WARNING: CTestNormDispIncr::test() - failed to converge 
after: 10 iterations  current Norm: 3.12863e-05 (max: 1e-06, Norm deltaR: 3.83682)
WARNING: CTestNormDispIncr::test() - failed to converge 
after: 10 iterations  current Norm: 3.12863e-05 (max: 1e-06, Norm deltaR: 3.83682)
WARNING: CTestNormDispIncr::test() - failed to converge 
after: 10 iterations  current Norm: 3.12863e-05 (max: 1e-06, Norm deltaR: 3.83682)
WARNING: CTestNormDispIncr::test() - failed to converge 
after: 10 iterations  current Norm: 3.12863e-05 (max: 1e-06, Norm deltaR: 3.83682)
WARNING: CTestNormDispIncr::test() - failed to converge 
after: 10 iterations  current Norm: 3.12863e-05 (max: 1e-06, Norm deltaR: 3.83682)
WARNING: CTestNormDispIncr::test() - failed to converge 
after: 10 iterations  current Norm: 3.12863e-05 (max: 1e-06, Norm deltaR: 3.83682)
WARNING: CTestNormDispIncr::test() - failed to converge 
after: 10 iterations  current Norm: 3.12863e-05 (max: 1e-06, Norm deltaR: 3.83682)
WARNING: CTestNormDispIncr::test() - failed to converge 
after: 10 iterations  current Norm: 3.12863e-05 (max: 1e-06, Norm deltaR: 3.83682)
WARNING: CTestNormDispIncr::test() - failed to converge 
after: 10 iterations  current Norm: 3.12863e-05 (max: 1e-06, Norm deltaR: 3.83682)
WARNING: CTestNormDispIncr::test() - failed to converge 
after: 10 iterations  current Norm: 3.12863e-05 (max: 1e-06, Norm deltaR: 3.83682)
WARNING: CTestNormDispIncr::test() - failed to converge 
after: 10 iterations  current Norm: 3.12863e-05 (max: 1e-06, Norm deltaR: 3.83682)
WARNING: CTestNormDispIncr::test() - failed to converge 
after: 10 iterations  current Norm: 3.12863e-05 (max: 1e-06, Norm deltaR: 3.83682)
WARNING: CTestNormDispIncr::test() - failed to converge 
after: 10 iterations  current Norm: 3.12863e-05 (max: 1e-06, Norm deltaR: 3.83682)
WARNING: CTestNormDispIncr::test() - failed to converge 
after: 10 iterations  current Norm: 3.12863e-05 (max: 1e-06, Norm deltaR: 3.83682)
WARNING: CTestNormDispIncr::test() - failed to converge 
after: 10 iterations  current Norm: 3.12863e-05 (max: 1e-06, Norm deltaR: 3.83682)
WARNING: CTestNormDispIncr::test() - failed to converge 
after: 10 iterations  current Norm: 3.12863e-05 (max: 1e-06, Norm deltaR: 3.83682)
WARNING: CTestNormDispIncr::test() - failed to converge 
after: 10 iterations  current Norm: 3.12863e-05 (max: 1e-06, Norm deltaR: 3.83682)
WARNING: CTestNormDispIncr::test() - failed to converge 
after: 10 iterations  current Norm: 3.12863e-05 (max: 1e-06, Norm deltaR: 3.83682)
WARNING: CTestNormDispIncr::test() - failed to converge 
after: 10 iterations  current Norm: 3.12863e-05 (max: 1e-06, Norm deltaR: 3.83682)
WARNING: CTestNormDispIncr::test() - failed to converge 
after: 10 iterations  current Norm: 3.12863e-05 (max: 1e-06, Norm deltaR: 3.83682)
WARNING: CTestNormDispIncr::test() - failed to converge 
after: 10 iterations  current Norm: 3.12863e-05 (max: 1e-06, Norm deltaR: 3.83682)
WARNING: CTestNormDispIncr::test() - failed to converge 
after: 10 iterations  current Norm: 3.12863e-05 (max: 1e-06, Norm deltaR: 3.83682)
WARNING: CTestNormDispIncr::test() - failed to converge 
after: 10 iterations  current Norm: 3.12863e-05 (max: 1e-06, Norm deltaR: 3.83682)
WARNING: CTestNormDispIncr::test() - failed to converge 
after: 10 iterations  current Norm: 3.12863e-05 (max: 1e-06, Norm deltaR: 3.83682)
WARNING: CTestNormDispIncr::test() - failed to converge 
after: 10 iterations  current Norm: 3.12863e-05 (max: 1e-06, Norm deltaR: 3.83682)
WARNING: CTestNormDispIncr::test() - failed to converge 
after: 10 iterations  current Norm: 3.12863e-05 (max: 1e-06, Norm deltaR: 3.83682)
WARNING: CTestNormDispIncr::test() - failed to converge 
after: 10 iterations  current Norm: 3.12863e-05 (max: 1e-06, Norm deltaR: 3.83682)
WARNING: CTestNormDispIncr::test() - failed to converge 
after: 10 iterations  current Norm: 3.12863e-05 (max: 1e-06, Norm deltaR: 3.83682)
WARNING: CTestNormDispIncr::test() - failed to converge 
after: 10 iterations  current Norm: 3.12863e-05 (max: 1e-06, Norm deltaR: 3.83682)
WARNING: CTestNormDispIncr::test() - failed to converge 
after: 10 iterations  current Norm: 3.12863e-05 (max: 1e-06, Norm deltaR: 3.83682)
WARNING: CTestNormDispIncr::test() - failed to converge 
after: 10 iterations  current Norm: 3.12863e-05 (max: 1e-06, Norm deltaR: 3.83682)
WARNING: CTestNormDispIncr::test() - failed to converge 
after: 10 iterations  current Norm: 3.12863e-05 (max: 1e-06, Norm deltaR: 3.83682)
WARNING: CTestNormDispIncr::test() - failed to converge 
after: 10 iterations  current Norm: 3.12863e-05 (max: 1e-06, Norm deltaR: 3.83682)
WARNING: CTestNormDispIncr::test() - failed to converge 
after: 10 iterations  current Norm: 3.12863e-05 (max: 1e-06, Norm deltaR: 3.83682)
WARNING: CTestNormDispIncr::test() - failed to converge 
after: 10 iterations  current Norm: 3.12863e-05 (max: 1e-06, Norm deltaR: 3.83682)
WARNING: CTestNormDispIncr::test() - failed to converge 
after: 10 iterations  current Norm: 3.12863e-05 (max: 1e-06, Norm deltaR: 3.83682)
WARNING: CTestNormDispIncr::test() - failed to converge 
after: 10 iterations  current Norm: 3.12863e-05 (max: 1e-06, Norm deltaR: 3.83682)
WARNING: CTestNormDispIncr::test() - failed to converge 
after: 10 iterations  current Norm: 3.12863e-05 (max: 1e-06, Norm deltaR: 3.83682)
WARNING: CTestNormDispIncr::test() - failed to converge 
after: 10 iterations  current Norm: 3.12863e-05 (max: 1e-06, Norm deltaR: 3.83682)
WARNING: CTestNormDispIncr::test() - failed to converge 
after: 10 iterations  current Norm: 3.12863e-05 (max: 1e-06, Norm deltaR: 3.83682)
WARNING: CTestNormDispIncr::test() - failed to converge 
after: 10 iterations  current Norm: 3.12863e-05 (max: 1e-06, Norm deltaR: 3.83682)
WARNING: CTestNormDispIncr::test() - failed to converge 
after: 10 iterations  current Norm: 3.12863e-05 (max: 1e-06, Norm deltaR: 3.83682)
WARNING: CTestNormDispIncr::test() - failed to converge 
after: 10 iterations  current Norm: 3.12863e-05 (max: 1e-06, Norm deltaR: 3.83682)
WARNING: CTestNormDispIncr::test() - failed to converge 
after: 10 iterations  current Norm: 3.12863e-05 (max: 1e-06, Norm deltaR: 3.83682)
WARNING: CTestNormDispIncr::test() - failed to converge 
after: 10 iterations  current Norm: 3.12863e-05 (max: 1e-06, Norm deltaR: 3.83682)
WARNING: CTestNormDispIncr::test() - failed to converge 
after: 10 iterations  current Norm: 3.12863e-05 (max: 1e-06, Norm deltaR: 3.83682)
WARNING: CTestNormDispIncr::test() - failed to converge 
after: 10 iterations  current Norm: 3.12863e-05 (max: 1e-06, Norm deltaR: 3.83682)
WARNING: CTestNormDispIncr::test() - failed to converge 
after: 10 iterations  current Norm: 3.12863e-05 (max: 1e-06, Norm deltaR: 3.83682)
WARNING: CTestNormDispIncr::test() - failed to converge 
after: 10 iterations  current Norm: 3.12863e-05 (max: 1e-06, Norm deltaR: 3.83682)
WARNING: CTestNormDispIncr::test() - failed to converge 
after: 10 iterations  current Norm: 3.12863e-05 (max: 1e-06, Norm deltaR: 3.83682)
WARNING: CTestNormDispIncr::test() - failed to converge 
after: 10 iterations  current Norm: 3.12863e-05 (max: 1e-06, Norm deltaR: 3.83682)
WARNING: CTestNormDispIncr::test() - failed to converge 
after: 10 iterations  current Norm: 3.12863e-05 (max: 1e-06, Norm deltaR: 3.83682)
WARNING: CTestNormDispIncr::test() - failed to converge 
after: 10 iterations  current Norm: 3.12863e-05 (max: 1e-06, Norm deltaR: 3.83682)
WARNING: CTestNormDispIncr::test() - failed to converge 
after: 10 iterations  current Norm: 3.12863e-05 (max: 1e-06, Norm deltaR: 3.83682)
WARNING: CTestNormDispIncr::test() - failed to converge 
after: 10 iterations  current Norm: 3.12863e-05 (max: 1e-06, Norm deltaR: 3.83682)
WARNING: CTestNormDispIncr::test() - failed to converge 
after: 10 iterations  current Norm: 3.12863e-05 (max: 1e-06, Norm deltaR: 3.83682)
WARNING: CTestNormDispIncr::test() - failed to converge 
after: 10 iterations  current Norm: 3.12863e-05 (max: 1e-06, Norm deltaR: 3.83682)
WARNING: CTestNormDispIncr::test() - failed to converge 
after: 10 iterations  current Norm: 3.12863e-05 (max: 1e-06, Norm deltaR: 3.83682)
WARNING: CTestNormDispIncr::test() - failed to converge 
after: 10 iterations  current Norm: 3.12863e-05 (max: 1e-06, Norm deltaR: 3.83682)
WARNING: CTestNormDispIncr::test() - failed to converge 
after: 10 iterations  current Norm: 3.12863e-05 (max: 1e-06, Norm deltaR: 3.83682)
WARNING: CTestNormDispIncr::test() - failed to converge 
after: 100 iterations  current Norm: 3.12863e-05 (max: 1e-06, Norm deltaR: 3.83682)
BFGS::solveCurrentStep() -the ConvergenceTest object failed in test()
DirectIntegrationAnalysis::analyze() - the Algorithm failed at time 10.0625
OpenSees > analyze failed, returned: -3 error flag
WARNING - ForceBeamColumn3d::update - failed to get compatible element forces & deformations for element: 1111(dW: << 0.000365739, dW0: 0.00896366)
Domain::update - domain failed in update
TRBDF2::update() - failed to update the domain
WARNING AcceleratedNewton::solveCurrentStep() -the Integrator failed in update()
DirectIntegrationAnalysis::analyze() - the Algorithm failed at time 10.065
OpenSees > analyze failed, returned: -3 error flag
WARNING - ForceBeamColumn3d::update - failed to get compatible element forces & deformations for element: 1111(dW: << 0.000365737, dW0: 0.00893145)
Domain::update - domain failed in update
TRBDF2::update() - failed to update the domain
WARNING AcceleratedNewton::solveCurrentStep() -the Integrator failed in update()
DirectIntegrationAnalysis::analyze() - the Algorithm failed at time 10.065
OpenSees > analyze failed, returned: -3 error flag
WARNING - ForceBeamColumn3d::update - failed to get compatible element forces & deformations for element: 1111(dW: << 0.000365738, dW0: 0.00901404)
Domain::update - domain failed in update
TRBDF2::update() - failed to update the domain
WARNInG InitialInterpolatedLineSearch::search() -the Integrator failed in update()
WARNING - ForceBeamColumn3d::update - failed to get compatible element forces & deformations for element: 1111(dW: << 0.000365733, dW0: 0.00888007)
Domain::update - domain failed in update
TRBDF2::update() - failed to update the domain
WARNInG InitialInterpolatedLineSearch::search() -the Integrator failed in update()
WARNING - ForceBeamColumn3d::update - failed to get compatible element forces & deformations for element: 1111(dW: << 0.000365739, dW0: 0.00893263)
Domain::update - domain failed in update
TRBDF2::update() - failed to update the domain
WARNInG InitialInterpolatedLineSearch::search() -the Integrator failed in update()
WARNING - ForceBeamColumn3d::update - failed to get compatible element forces & deformations for element: 1111(dW: << 0.000365736, dW0: 0.00887189)
Domain::update - domain failed in update
TRBDF2::update() - failed to update the domain
WARNInG InitialInterpolatedLineSearch::search() -the Integrator failed in update()
WARNING - ForceBeamColumn3d::update - failed to get compatible element forces & deformations for element: 1111(dW: << 0.000365738, dW0: 0.00893228)
Domain::update - domain failed in update
TRBDF2::update() - failed to update the domain
WARNInG InitialInterpolatedLineSearch::search() -the Integrator failed in update()
WARNING - ForceBeamColumn3d::update - failed to get compatible element forces & deformations for element: 1111(dW: << 0.000365735, dW0: 0.00887185)
Domain::update - domain failed in update
TRBDF2::update() - failed to update the domain
WARNInG InitialInterpolatedLineSearch::search() -the Integrator failed in update()
WARNING - ForceBeamColumn3d::update - failed to get compatible element forces & deformations for element: 1111(dW: << 0.000365738, dW0: 0.00893228)
Domain::update - domain failed in update
TRBDF2::update() - failed to update the domain
WARNInG InitialInterpolatedLineSearch::search() -the Integrator failed in update()
WARNING - ForceBeamColumn3d::update - failed to get compatible element forces & deformations for element: 1111(dW: << 0.000365735, dW0: 0.00887185)
Domain::update - domain failed in update
TRBDF2::update() - failed to update the domain
WARNInG InitialInterpolatedLineSearch::search() -the Integrator failed in update()
WARNING - ForceBeamColumn3d::update - failed to get compatible element forces & deformations for element: 1111(dW: << 0.000365738, dW0: 0.00893228)
Domain::update - domain failed in update
TRBDF2::update() - failed to update the domain
WARNInG InitialInterpolatedLineSearch::search() -the Integrator failed in update()
WARNING - ForceBeamColumn3d::update - failed to get compatible element forces & deformations for element: 1111(dW: << 0.000365735, dW0: 0.00887185)
Domain::update - domain failed in update
TRBDF2::update() - failed to update the domain
WARNInG InitialInterpolatedLineSearch::search() -the Integrator failed in update()
WARNING - ForceBeamColumn3d::update - failed to get compatible element forces & deformations for element: 1111(dW: << 0.000365738, dW0: 0.00893228)
Domain::update - domain failed in update
TRBDF2::update() - failed to update the domain
WARNInG InitialInterpolatedLineSearch::search() -the Integrator failed in update()
WARNING - ForceBeamColumn3d::update - failed to get compatible element forces & deformations for element: 1111(dW: << 0.000365735, dW0: 0.00887185)
Domain::update - domain failed in update
TRBDF2::update() - failed to update the domain
WARNInG InitialInterpolatedLineSearch::search() -the Integrator failed in update()
WARNING - ForceBeamColumn3d::update - failed to get compatible element forces & deformations for element: 1111(dW: << 0.000365738, dW0: 0.00893228)
Domain::update - domain failed in update
TRBDF2::update() - failed to update the domain
WARNInG InitialInterpolatedLineSearch::search() -the Integrator failed in update()
WARNING - ForceBeamColumn3d::update - failed to get compatible element forces & deformations for element: 1111(dW: << 0.000365735, dW0: 0.00887185)
Domain::update - domain failed in update
TRBDF2::update() - failed to update the domain
WARNInG InitialInterpolatedLineSearch::search() -the Integrator failed in update()
WARNING - ForceBeamColumn3d::update - failed to get compatible element forces & deformations for element: 1111(dW: << 0.000365738, dW0: 0.00893228)
Domain::update - domain failed in update
TRBDF2::update() - failed to update the domain
WARNInG InitialInterpolatedLineSearch::search() -the Integrator failed in update()
WARNING - ForceBeamColumn3d::update - failed to get compatible element forces & deformations for element: 1111(dW: << 0.000365735, dW0: 0.00887185)
Domain::update - domain failed in update
TRBDF2::update() - failed to update the domain
WARNInG InitialInterpolatedLineSearch::search() -the Integrator failed in update()
WARNING - ForceBeamColumn3d::update - failed to get compatible element forces & deformations for element: 1111(dW: << 0.000365738, dW0: 0.00893228)
Domain::update - domain failed in update
TRBDF2::update() - failed to update the domain
WARNInG InitialInterpolatedLineSearch::search() -the Integrator failed in update()
WARNING - ForceBeamColumn3d::update - failed to get compatible element forces & deformations for element: 1111(dW: << 0.000365735, dW0: 0.00887185)
Domain::update - domain failed in update
TRBDF2::update() - failed to update the domain
WARNInG InitialInterpolatedLineSearch::search() -the Integrator failed in update()
WARNING - ForceBeamColumn3d::update - failed to get compatible element forces & deformations for element: 1111(dW: << 0.000365738, dW0: 0.00893228)
Domain::update - domain failed in update
TRBDF2::update() - failed to update the domain
WARNInG InitialInterpolatedLineSearch::search() -the Integrator failed in update()
WARNING - ForceBeamColumn3d::update - failed to get compatible element forces & deformations for element: 1111(dW: << 0.000365735, dW0: 0.00887185)
Domain::update - domain failed in update
TRBDF2::update() - failed to update the domain
WARNInG InitialInterpolatedLineSearch::search() -the Integrator failed in update()
WARNING - ForceBeamColumn3d::update - failed to get compatible element forces & deformations for element: 1111(dW: << 0.000365738, dW0: 0.00893228)
Domain::update - domain failed in update
TRBDF2::update() - failed to update the domain
WARNInG InitialInterpolatedLineSearch::search() -the Integrator failed in update()
WARNING: CTestNormDispIncr::test() - failed to converge 
after: 100 iterations  current Norm: 3.42149e-05 (max: 1e-06, Norm deltaR: 0.719586)
NewtonLineSearch::solveCurrentStep() -the ConvergenceTest object failed in test()
DirectIntegrationAnalysis::analyze() - the Algorithm failed at time 10.065
OpenSees > analyze failed, returned: -3 error flag
WARNING - ForceBeamColumn3d::update - failed to get compatible element forces & deformations for element: 1111(dW: << 0.000365732, dW0: 0.00886154)
Domain::update - domain failed in update
TRBDF2::update() - failed to update the domain
WARNING Broyden::solveCurrentStep() -the Integrator failed in update()
DirectIntegrationAnalysis::analyze() - the Algorithm failed at time 10.065
OpenSees > analyze failed, returned: -3 error flag
WARNING: CTestNormDispIncr::test() - failed to converge 
after: 10 iterations  current Norm: 0.166382 (max: 1e-06, Norm deltaR: 26783.5)
WARNING: CTestNormDispIncr::test() - failed to converge 
after: 10 iterations  current Norm: 0.00135313 (max: 1e-06, Norm deltaR: 1.28299)
WARNING: CTestNormDispIncr::test() - failed to converge 
after: 10 iterations  current Norm: 2.78193e-05 (max: 1e-06, Norm deltaR: 3.24406)
WARNING: CTestNormDispIncr::test() - failed to converge 
after: 10 iterations  current Norm: 0.000337493 (max: 1e-06, Norm deltaR: 0.821819)
WARNING - ForceBeamColumn3d::update - failed to get compatible element forces & deformations for element: 1111(dW: << 0.000365739, dW0: 0.0090224)
Domain::update - domain failed in update
TRBDF2::update() - failed to update the domain
WARNING BFGS::solveCurrentStep() -the Integrator failed in update()
DirectIntegrationAnalysis::analyze() - the Algorithm failed at time 10.065
OpenSees > analyze failed, returned: -3 error flag
WARNING - ForceBeamColumn3d::update - failed to get compatible element forces & deformations for element: 1111(dW: << 0.000365739, dW0: 0.00903263)
Domain::update - domain failed in update
TRBDF2::update() - failed to update the domain
WARNING AcceleratedNewton::solveCurrentStep() -the Integrator failed in update()
DirectIntegrationAnalysis::analyze() - the Algorithm failed at time 10.0625
OpenSees > analyze failed, returned: -3 error flag
WARNING: CTestNormDispIncr::test() - failed to converge 
after: 100 iterations  current Norm: 5.36864e-06 (max: 1e-06, Norm deltaR: 0.786249)
NewtonLineSearch::solveCurrentStep() -the ConvergenceTest object failed in test()
DirectIntegrationAnalysis::analyze() - the Algorithm failed at time 10.0625
OpenSees > analyze failed, returned: -3 error flag
WARNING: CTestNormDispIncr::test() - failed to converge 
after: 10 iterations  current Norm: 0.000137618 (max: 1e-06, Norm deltaR: 2.25177)
WARNING - ForceBeamColumn3d::update - failed to get compatible element forces & deformations for element: 1111(dW: << 0.000365738, dW0: 0.00899047)
Domain::update - domain failed in update
TRBDF2::update() - failed to update the domain
WARNING Broyden::solveCurrentStep() -the Integrator failed in update()
DirectIntegrationAnalysis::analyze() - the Algorithm failed at time 10.0625
OpenSees > analyze failed, returned: -3 error flag
WARNING: CTestNormDispIncr::test() - failed to converge 
after: 10 iterations  current Norm: 14.4912 (max: 1e-06, Norm deltaR: 2.00128e+06)
WARNING - ForceBeamColumn3d::update - failed to get compatible element forces & deformations for element: 1111(dW: << 0.000365737, dW0: 0.00891188)
Domain::update - domain failed in update
TRBDF2::update() - failed to update the domain
WARNING BFGS::solveCurrentStep() -the Integrator failed in update()
DirectIntegrationAnalysis::analyze() - the Algorithm failed at time 10.0625
OpenSees > analyze failed, returned: -3 error flag
WARNING - ForceBeamColumn3d::update - failed to get compatible element forces & deformations for element: 2011(dW: << 0.000362638, dW0: 0.0100414)
Domain::update - domain failed in update
TRBDF2::update() - failed to update the domain
WARNING AcceleratedNewton::solveCurrentStep() -the Integrator failed in update()
DirectIntegrationAnalysis::analyze() - the Algorithm failed at time 10.1313
OpenSees > analyze failed, returned: -3 error flag
WARNING - ForceBeamColumn3d::update - failed to get compatible element forces & deformations for element: 2011(dW: << 0.000362638, dW0: 0.0100139)
Domain::update - domain failed in update
TRBDF2::update() - failed to update the domain
WARNING AcceleratedNewton::solveCurrentStep() -the Integrator failed in update()
DirectIntegrationAnalysis::analyze() - the Algorithm failed at time 10.1313
OpenSees > analyze failed, returned: -3 error flag
WARNING: CTestNormDispIncr::test() - failed to converge 
after: 100 iterations  current Norm: 8.2348e-05 (max: 1e-06, Norm deltaR: 1.20468)
NewtonLineSearch::solveCurrentStep() -the ConvergenceTest object failed in test()
DirectIntegrationAnalysis::analyze() - the Algorithm failed at time 10.1313
OpenSees > analyze failed, returned: -3 error flag
WARNING: CTestNormDispIncr::test() - failed to converge 
after: 10 iterations  current Norm: 0.000229027 (max: 1e-06, Norm deltaR: 1.52717)
WARNING: CTestNormDispIncr::test() - failed to converge 
after: 10 iterations  current Norm: 0.000440873 (max: 1e-06, Norm deltaR: 1.68477)
WARNING: CTestNormDispIncr::test() - failed to converge 
after: 10 iterations  current Norm: 0.00044281 (max: 1e-06, Norm deltaR: 1.68477)
WARNING: CTestNormDispIncr::test() - failed to converge 
after: 10 iterations  current Norm: 0.00044281 (max: 1e-06, Norm deltaR: 1.68477)
WARNING: CTestNormDispIncr::test() - failed to converge 
after: 10 iterations  current Norm: 0.00044281 (max: 1e-06, Norm deltaR: 1.68477)
WARNING: CTestNormDispIncr::test() - failed to converge 
after: 10 iterations  current Norm: 0.00044281 (max: 1e-06, Norm deltaR: 1.68477)
WARNING: CTestNormDispIncr::test() - failed to converge 
after: 10 iterations  current Norm: 0.00044281 (max: 1e-06, Norm deltaR: 1.68477)
WARNING: CTestNormDispIncr::test() - failed to converge 
after: 10 iterations  current Norm: 0.00044281 (max: 1e-06, Norm deltaR: 1.68477)
WARNING: CTestNormDispIncr::test() - failed to converge 
after: 10 iterations  current Norm: 0.00044281 (max: 1e-06, Norm deltaR: 1.68477)
WARNING: CTestNormDispIncr::test() - failed to converge 
after: 10 iterations  current Norm: 0.00044281 (max: 1e-06, Norm deltaR: 1.68477)
WARNING: CTestNormDispIncr::test() - failed to converge 
after: 10 iterations  current Norm: 0.00044281 (max: 1e-06, Norm deltaR: 1.68477)
WARNING: CTestNormDispIncr::test() - failed to converge 
after: 10 iterations  current Norm: 0.00044281 (max: 1e-06, Norm deltaR: 1.68477)
WARNING: CTestNormDispIncr::test() - failed to converge 
after: 10 iterations  current Norm: 0.00044281 (max: 1e-06, Norm deltaR: 1.68477)
WARNING: CTestNormDispIncr::test() - failed to converge 
after: 10 iterations  current Norm: 0.00044281 (max: 1e-06, Norm deltaR: 1.68477)
WARNING: CTestNormDispIncr::test() - failed to converge 
after: 10 iterations  current Norm: 0.00044281 (max: 1e-06, Norm deltaR: 1.68477)
WARNING: CTestNormDispIncr::test() - failed to converge 
after: 10 iterations  current Norm: 0.00044281 (max: 1e-06, Norm deltaR: 1.68477)
WARNING: CTestNormDispIncr::test() - failed to converge 
after: 10 iterations  current Norm: 0.00044281 (max: 1e-06, Norm deltaR: 1.68477)
WARNING: CTestNormDispIncr::test() - failed to converge 
after: 10 iterations  current Norm: 0.00044281 (max: 1e-06, Norm deltaR: 1.68477)
WARNING: CTestNormDispIncr::test() - failed to converge 
after: 10 iterations  current Norm: 0.00044281 (max: 1e-06, Norm deltaR: 1.68477)
WARNING: CTestNormDispIncr::test() - failed to converge 
after: 10 iterations  current Norm: 0.00044281 (max: 1e-06, Norm deltaR: 1.68477)
WARNING: CTestNormDispIncr::test() - failed to converge 
after: 10 iterations  current Norm: 0.00044281 (max: 1e-06, Norm deltaR: 1.68477)
WARNING: CTestNormDispIncr::test() - failed to converge 
after: 10 iterations  current Norm: 0.00044281 (max: 1e-06, Norm deltaR: 1.68477)
WARNING: CTestNormDispIncr::test() - failed to converge 
after: 10 iterations  current Norm: 0.00044281 (max: 1e-06, Norm deltaR: 1.68477)
WARNING: CTestNormDispIncr::test() - failed to converge 
after: 10 iterations  current Norm: 0.00044281 (max: 1e-06, Norm deltaR: 1.68477)
WARNING: CTestNormDispIncr::test() - failed to converge 
after: 10 iterations  current Norm: 0.00044281 (max: 1e-06, Norm deltaR: 1.68477)
WARNING: CTestNormDispIncr::test() - failed to converge 
after: 10 iterations  current Norm: 0.00044281 (max: 1e-06, Norm deltaR: 1.68477)
WARNING: CTestNormDispIncr::test() - failed to converge 
after: 10 iterations  current Norm: 0.00044281 (max: 1e-06, Norm deltaR: 1.68477)
WARNING: CTestNormDispIncr::test() - failed to converge 
after: 10 iterations  current Norm: 0.00044281 (max: 1e-06, Norm deltaR: 1.68477)
WARNING: CTestNormDispIncr::test() - failed to converge 
after: 10 iterations  current Norm: 0.00044281 (max: 1e-06, Norm deltaR: 1.68477)
WARNING: CTestNormDispIncr::test() - failed to converge 
after: 10 iterations  current Norm: 0.00044281 (max: 1e-06, Norm deltaR: 1.68477)
WARNING: CTestNormDispIncr::test() - failed to converge 
after: 10 iterations  current Norm: 0.00044281 (max: 1e-06, Norm deltaR: 1.68477)
WARNING: CTestNormDispIncr::test() - failed to converge 
after: 10 iterations  current Norm: 0.00044281 (max: 1e-06, Norm deltaR: 1.68477)
WARNING: CTestNormDispIncr::test() - failed to converge 
after: 10 iterations  current Norm: 0.00044281 (max: 1e-06, Norm deltaR: 1.68477)
WARNING: CTestNormDispIncr::test() - failed to converge 
after: 10 iterations  current Norm: 0.00044281 (max: 1e-06, Norm deltaR: 1.68477)
WARNING: CTestNormDispIncr::test() - failed to converge 
after: 10 iterations  current Norm: 0.00044281 (max: 1e-06, Norm deltaR: 1.68477)
WARNING: CTestNormDispIncr::test() - failed to converge 
after: 10 iterations  current Norm: 0.00044281 (max: 1e-06, Norm deltaR: 1.68477)
WARNING: CTestNormDispIncr::test() - failed to converge 
after: 10 iterations  current Norm: 0.00044281 (max: 1e-06, Norm deltaR: 1.68477)
WARNING: CTestNormDispIncr::test() - failed to converge 
after: 10 iterations  current Norm: 0.00044281 (max: 1e-06, Norm deltaR: 1.68477)
WARNING: CTestNormDispIncr::test() - failed to converge 
after: 10 iterations  current Norm: 0.00044281 (max: 1e-06, Norm deltaR: 1.68477)
WARNING: CTestNormDispIncr::test() - failed to converge 
after: 10 iterations  current Norm: 0.00044281 (max: 1e-06, Norm deltaR: 1.68477)
WARNING: CTestNormDispIncr::test() - failed to converge 
after: 10 iterations  current Norm: 0.00044281 (max: 1e-06, Norm deltaR: 1.68477)
WARNING: CTestNormDispIncr::test() - failed to converge 
after: 10 iterations  current Norm: 0.00044281 (max: 1e-06, Norm deltaR: 1.68477)
WARNING: CTestNormDispIncr::test() - failed to converge 
after: 10 iterations  current Norm: 0.00044281 (max: 1e-06, Norm deltaR: 1.68477)
WARNING: CTestNormDispIncr::test() - failed to converge 
after: 10 iterations  current Norm: 0.00044281 (max: 1e-06, Norm deltaR: 1.68477)
WARNING: CTestNormDispIncr::test() - failed to converge 
after: 10 iterations  current Norm: 0.00044281 (max: 1e-06, Norm deltaR: 1.68477)
WARNING: CTestNormDispIncr::test() - failed to converge 
after: 10 iterations  current Norm: 0.00044281 (max: 1e-06, Norm deltaR: 1.68477)
WARNING: CTestNormDispIncr::test() - failed to converge 
after: 10 iterations  current Norm: 0.00044281 (max: 1e-06, Norm deltaR: 1.68477)
WARNING: CTestNormDispIncr::test() - failed to converge 
after: 10 iterations  current Norm: 0.00044281 (max: 1e-06, Norm deltaR: 1.68477)
WARNING: CTestNormDispIncr::test() - failed to converge 
after: 10 iterations  current Norm: 0.00044281 (max: 1e-06, Norm deltaR: 1.68477)
WARNING: CTestNormDispIncr::test() - failed to converge 
after: 10 iterations  current Norm: 0.00044281 (max: 1e-06, Norm deltaR: 1.68477)
WARNING: CTestNormDispIncr::test() - failed to converge 
after: 10 iterations  current Norm: 0.00044281 (max: 1e-06, Norm deltaR: 1.68477)
WARNING: CTestNormDispIncr::test() - failed to converge 
after: 10 iterations  current Norm: 0.00044281 (max: 1e-06, Norm deltaR: 1.68477)
WARNING: CTestNormDispIncr::test() - failed to converge 
after: 10 iterations  current Norm: 0.00044281 (max: 1e-06, Norm deltaR: 1.68477)
WARNING: CTestNormDispIncr::test() - failed to converge 
after: 10 iterations  current Norm: 0.00044281 (max: 1e-06, Norm deltaR: 1.68477)
WARNING: CTestNormDispIncr::test() - failed to converge 
after: 10 iterations  current Norm: 0.00044281 (max: 1e-06, Norm deltaR: 1.68477)
WARNING: CTestNormDispIncr::test() - failed to converge 
after: 10 iterations  current Norm: 0.00044281 (max: 1e-06, Norm deltaR: 1.68477)
WARNING: CTestNormDispIncr::test() - failed to converge 
after: 10 iterations  current Norm: 0.00044281 (max: 1e-06, Norm deltaR: 1.68477)
WARNING: CTestNormDispIncr::test() - failed to converge 
after: 10 iterations  current Norm: 0.00044281 (max: 1e-06, Norm deltaR: 1.68477)
WARNING: CTestNormDispIncr::test() - failed to converge 
after: 10 iterations  current Norm: 0.00044281 (max: 1e-06, Norm deltaR: 1.68477)
WARNING: CTestNormDispIncr::test() - failed to converge 
after: 10 iterations  current Norm: 0.00044281 (max: 1e-06, Norm deltaR: 1.68477)
WARNING: CTestNormDispIncr::test() - failed to converge 
after: 10 iterations  current Norm: 0.00044281 (max: 1e-06, Norm deltaR: 1.68477)
WARNING: CTestNormDispIncr::test() - failed to converge 
after: 10 iterations  current Norm: 0.00044281 (max: 1e-06, Norm deltaR: 1.68477)
WARNING: CTestNormDispIncr::test() - failed to converge 
after: 10 iterations  current Norm: 0.00044281 (max: 1e-06, Norm deltaR: 1.68477)
WARNING: CTestNormDispIncr::test() - failed to converge 
after: 10 iterations  current Norm: 0.00044281 (max: 1e-06, Norm deltaR: 1.68477)
WARNING: CTestNormDispIncr::test() - failed to converge 
after: 10 iterations  current Norm: 0.00044281 (max: 1e-06, Norm deltaR: 1.68477)
WARNING: CTestNormDispIncr::test() - failed to converge 
after: 10 iterations  current Norm: 0.00044281 (max: 1e-06, Norm deltaR: 1.68477)
WARNING: CTestNormDispIncr::test() - failed to converge 
after: 10 iterations  current Norm: 0.00044281 (max: 1e-06, Norm deltaR: 1.68477)
WARNING: CTestNormDispIncr::test() - failed to converge 
after: 10 iterations  current Norm: 0.00044281 (max: 1e-06, Norm deltaR: 1.68477)
WARNING: CTestNormDispIncr::test() - failed to converge 
after: 10 iterations  current Norm: 0.00044281 (max: 1e-06, Norm deltaR: 1.68477)
WARNING: CTestNormDispIncr::test() - failed to converge 
after: 10 iterations  current Norm: 0.00044281 (max: 1e-06, Norm deltaR: 1.68477)
WARNING: CTestNormDispIncr::test() - failed to converge 
after: 10 iterations  current Norm: 0.00044281 (max: 1e-06, Norm deltaR: 1.68477)
WARNING: CTestNormDispIncr::test() - failed to converge 
after: 10 iterations  current Norm: 0.00044281 (max: 1e-06, Norm deltaR: 1.68477)
WARNING: CTestNormDispIncr::test() - failed to converge 
after: 10 iterations  current Norm: 0.00044281 (max: 1e-06, Norm deltaR: 1.68477)
WARNING: CTestNormDispIncr::test() - failed to converge 
after: 10 iterations  current Norm: 0.00044281 (max: 1e-06, Norm deltaR: 1.68477)
WARNING: CTestNormDispIncr::test() - failed to converge 
after: 10 iterations  current Norm: 0.00044281 (max: 1e-06, Norm deltaR: 1.68477)
WARNING: CTestNormDispIncr::test() - failed to converge 
after: 10 iterations  current Norm: 0.00044281 (max: 1e-06, Norm deltaR: 1.68477)
WARNING: CTestNormDispIncr::test() - failed to converge 
after: 10 iterations  current Norm: 0.00044281 (max: 1e-06, Norm deltaR: 1.68477)
WARNING: CTestNormDispIncr::test() - failed to converge 
after: 10 iterations  current Norm: 0.00044281 (max: 1e-06, Norm deltaR: 1.68477)
WARNING: CTestNormDispIncr::test() - failed to converge 
after: 10 iterations  current Norm: 0.00044281 (max: 1e-06, Norm deltaR: 1.68477)
WARNING: CTestNormDispIncr::test() - failed to converge 
after: 10 iterations  current Norm: 0.00044281 (max: 1e-06, Norm deltaR: 1.68477)
WARNING: CTestNormDispIncr::test() - failed to converge 
after: 10 iterations  current Norm: 0.00044281 (max: 1e-06, Norm deltaR: 1.68477)
WARNING: CTestNormDispIncr::test() - failed to converge 
after: 10 iterations  current Norm: 0.00044281 (max: 1e-06, Norm deltaR: 1.68477)
WARNING: CTestNormDispIncr::test() - failed to converge 
after: 10 iterations  current Norm: 0.00044281 (max: 1e-06, Norm deltaR: 1.68477)
WARNING: CTestNormDispIncr::test() - failed to converge 
after: 10 iterations  current Norm: 0.00044281 (max: 1e-06, Norm deltaR: 1.68477)
WARNING: CTestNormDispIncr::test() - failed to converge 
after: 10 iterations  current Norm: 0.00044281 (max: 1e-06, Norm deltaR: 1.68477)
WARNING: CTestNormDispIncr::test() - failed to converge 
after: 10 iterations  current Norm: 0.00044281 (max: 1e-06, Norm deltaR: 1.68477)
WARNING: CTestNormDispIncr::test() - failed to converge 
after: 10 iterations  current Norm: 0.00044281 (max: 1e-06, Norm deltaR: 1.68477)
WARNING: CTestNormDispIncr::test() - failed to converge 
after: 10 iterations  current Norm: 0.00044281 (max: 1e-06, Norm deltaR: 1.68477)
WARNING: CTestNormDispIncr::test() - failed to converge 
after: 10 iterations  current Norm: 0.00044281 (max: 1e-06, Norm deltaR: 1.68477)
WARNING: CTestNormDispIncr::test() - failed to converge 
after: 10 iterations  current Norm: 0.00044281 (max: 1e-06, Norm deltaR: 1.68477)
WARNING: CTestNormDispIncr::test() - failed to converge 
after: 10 iterations  current Norm: 0.00044281 (max: 1e-06, Norm deltaR: 1.68477)
WARNING: CTestNormDispIncr::test() - failed to converge 
after: 10 iterations  current Norm: 0.00044281 (max: 1e-06, Norm deltaR: 1.68477)
WARNING: CTestNormDispIncr::test() - failed to converge 
after: 10 iterations  current Norm: 0.00044281 (max: 1e-06, Norm deltaR: 1.68477)
WARNING: CTestNormDispIncr::test() - failed to converge 
after: 10 iterations  current Norm: 0.00044281 (max: 1e-06, Norm deltaR: 1.68477)
WARNING: CTestNormDispIncr::test() - failed to converge 
after: 10 iterations  current Norm: 0.00044281 (max: 1e-06, Norm deltaR: 1.68477)
WARNING: CTestNormDispIncr::test() - failed to converge 
after: 10 iterations  current Norm: 0.00044281 (max: 1e-06, Norm deltaR: 1.68477)
WARNING: CTestNormDispIncr::test() - failed to converge 
after: 10 iterations  current Norm: 0.00044281 (max: 1e-06, Norm deltaR: 1.68477)
WARNING: CTestNormDispIncr::test() - failed to converge 
after: 10 iterations  current Norm: 0.00044281 (max: 1e-06, Norm deltaR: 1.68477)
WARNING: CTestNormDispIncr::test() - failed to converge 
after: 10 iterations  current Norm: 0.00044281 (max: 1e-06, Norm deltaR: 1.68477)
WARNING: CTestNormDispIncr::test() - failed to converge 
after: 10 iterations  current Norm: 0.00044281 (max: 1e-06, Norm deltaR: 1.68477)
WARNING: CTestNormDispIncr::test() - failed to converge 
after: 100 iterations  current Norm: 0.00044281 (max: 1e-06, Norm deltaR: 1.68477)
Broyden::solveCurrentStep() -the ConvergenceTest object failed in test()
DirectIntegrationAnalysis::analyze() - the Algorithm failed at time 10.1313
OpenSees > analyze failed, returned: -3 error flag
WARNING: CTestNormDispIncr::test() - failed to converge 
after: 10 iterations  current Norm: 0.210863 (max: 1e-06, Norm deltaR: 54552.2)
WARNING: CTestNormDispIncr::test() - failed to converge 
after: 10 iterations  current Norm: 0.00146757 (max: 1e-06, Norm deltaR: 26.3291)
WARNING: CTestNormDispIncr::test() - failed to converge 
after: 10 iterations  current Norm: 0.000175159 (max: 1e-06, Norm deltaR: 1.68467)
WARNING: CTestNormDispIncr::test() - failed to converge 
after: 10 iterations  current Norm: 0.00044281 (max: 1e-06, Norm deltaR: 1.68477)
WARNING: CTestNormDispIncr::test() - failed to converge 
after: 10 iterations  current Norm: 0.00044281 (max: 1e-06, Norm deltaR: 1.68477)
WARNING: CTestNormDispIncr::test() - failed to converge 
after: 10 iterations  current Norm: 0.00044281 (max: 1e-06, Norm deltaR: 1.68477)
WARNING: CTestNormDispIncr::test() - failed to converge 
after: 10 iterations  current Norm: 0.00044281 (max: 1e-06, Norm deltaR: 1.68477)
WARNING: CTestNormDispIncr::test() - failed to converge 
after: 10 iterations  current Norm: 0.00044281 (max: 1e-06, Norm deltaR: 1.68477)
WARNING: CTestNormDispIncr::test() - failed to converge 
after: 10 iterations  current Norm: 0.00044281 (max: 1e-06, Norm deltaR: 1.68477)
WARNING: CTestNormDispIncr::test() - failed to converge 
after: 10 iterations  current Norm: 0.00044281 (max: 1e-06, Norm deltaR: 1.68477)
WARNING: CTestNormDispIncr::test() - failed to converge 
after: 10 iterations  current Norm: 0.00044281 (max: 1e-06, Norm deltaR: 1.68477)
WARNING: CTestNormDispIncr::test() - failed to converge 
after: 10 iterations  current Norm: 0.00044281 (max: 1e-06, Norm deltaR: 1.68477)
WARNING: CTestNormDispIncr::test() - failed to converge 
after: 10 iterations  current Norm: 0.00044281 (max: 1e-06, Norm deltaR: 1.68477)
WARNING: CTestNormDispIncr::test() - failed to converge 
after: 10 iterations  current Norm: 0.00044281 (max: 1e-06, Norm deltaR: 1.68477)
WARNING: CTestNormDispIncr::test() - failed to converge 
after: 10 iterations  current Norm: 0.00044281 (max: 1e-06, Norm deltaR: 1.68477)
WARNING: CTestNormDispIncr::test() - failed to converge 
after: 10 iterations  current Norm: 0.00044281 (max: 1e-06, Norm deltaR: 1.68477)
WARNING: CTestNormDispIncr::test() - failed to converge 
after: 10 iterations  current Norm: 0.00044281 (max: 1e-06, Norm deltaR: 1.68477)
WARNING: CTestNormDispIncr::test() - failed to converge 
after: 10 iterations  current Norm: 0.00044281 (max: 1e-06, Norm deltaR: 1.68477)
WARNING: CTestNormDispIncr::test() - failed to converge 
after: 10 iterations  current Norm: 0.00044281 (max: 1e-06, Norm deltaR: 1.68477)
WARNING: CTestNormDispIncr::test() - failed to converge 
after: 10 iterations  current Norm: 0.00044281 (max: 1e-06, Norm deltaR: 1.68477)
WARNING: CTestNormDispIncr::test() - failed to converge 
after: 10 iterations  current Norm: 0.00044281 (max: 1e-06, Norm deltaR: 1.68477)
WARNING: CTestNormDispIncr::test() - failed to converge 
after: 10 iterations  current Norm: 0.00044281 (max: 1e-06, Norm deltaR: 1.68477)
WARNING: CTestNormDispIncr::test() - failed to converge 
after: 10 iterations  current Norm: 0.00044281 (max: 1e-06, Norm deltaR: 1.68477)
WARNING: CTestNormDispIncr::test() - failed to converge 
after: 10 iterations  current Norm: 0.00044281 (max: 1e-06, Norm deltaR: 1.68477)
WARNING: CTestNormDispIncr::test() - failed to converge 
after: 10 iterations  current Norm: 0.00044281 (max: 1e-06, Norm deltaR: 1.68477)
WARNING: CTestNormDispIncr::test() - failed to converge 
after: 10 iterations  current Norm: 0.00044281 (max: 1e-06, Norm deltaR: 1.68477)
WARNING: CTestNormDispIncr::test() - failed to converge 
after: 10 iterations  current Norm: 0.00044281 (max: 1e-06, Norm deltaR: 1.68477)
WARNING: CTestNormDispIncr::test() - failed to converge 
after: 10 iterations  current Norm: 0.00044281 (max: 1e-06, Norm deltaR: 1.68477)
WARNING: CTestNormDispIncr::test() - failed to converge 
after: 10 iterations  current Norm: 0.00044281 (max: 1e-06, Norm deltaR: 1.68477)
WARNING: CTestNormDispIncr::test() - failed to converge 
after: 10 iterations  current Norm: 0.00044281 (max: 1e-06, Norm deltaR: 1.68477)
WARNING: CTestNormDispIncr::test() - failed to converge 
after: 10 iterations  current Norm: 0.00044281 (max: 1e-06, Norm deltaR: 1.68477)
WARNING: CTestNormDispIncr::test() - failed to converge 
after: 10 iterations  current Norm: 0.00044281 (max: 1e-06, Norm deltaR: 1.68477)
WARNING: CTestNormDispIncr::test() - failed to converge 
after: 10 iterations  current Norm: 0.00044281 (max: 1e-06, Norm deltaR: 1.68477)
WARNING: CTestNormDispIncr::test() - failed to converge 
after: 10 iterations  current Norm: 0.00044281 (max: 1e-06, Norm deltaR: 1.68477)
WARNING: CTestNormDispIncr::test() - failed to converge 
after: 10 iterations  current Norm: 0.00044281 (max: 1e-06, Norm deltaR: 1.68477)
WARNING: CTestNormDispIncr::test() - failed to converge 
after: 10 iterations  current Norm: 0.00044281 (max: 1e-06, Norm deltaR: 1.68477)
WARNING: CTestNormDispIncr::test() - failed to converge 
after: 10 iterations  current Norm: 0.00044281 (max: 1e-06, Norm deltaR: 1.68477)
WARNING: CTestNormDispIncr::test() - failed to converge 
after: 10 iterations  current Norm: 0.00044281 (max: 1e-06, Norm deltaR: 1.68477)
WARNING: CTestNormDispIncr::test() - failed to converge 
after: 10 iterations  current Norm: 0.00044281 (max: 1e-06, Norm deltaR: 1.68477)
WARNING: CTestNormDispIncr::test() - failed to converge 
after: 10 iterations  current Norm: 0.00044281 (max: 1e-06, Norm deltaR: 1.68477)
WARNING: CTestNormDispIncr::test() - failed to converge 
after: 10 iterations  current Norm: 0.00044281 (max: 1e-06, Norm deltaR: 1.68477)
WARNING: CTestNormDispIncr::test() - failed to converge 
after: 10 iterations  current Norm: 0.00044281 (max: 1e-06, Norm deltaR: 1.68477)
WARNING: CTestNormDispIncr::test() - failed to converge 
after: 10 iterations  current Norm: 0.00044281 (max: 1e-06, Norm deltaR: 1.68477)
WARNING: CTestNormDispIncr::test() - failed to converge 
after: 10 iterations  current Norm: 0.00044281 (max: 1e-06, Norm deltaR: 1.68477)
WARNING: CTestNormDispIncr::test() - failed to converge 
after: 10 iterations  current Norm: 0.00044281 (max: 1e-06, Norm deltaR: 1.68477)
WARNING: CTestNormDispIncr::test() - failed to converge 
after: 10 iterations  current Norm: 0.00044281 (max: 1e-06, Norm deltaR: 1.68477)
WARNING: CTestNormDispIncr::test() - failed to converge 
after: 10 iterations  current Norm: 0.00044281 (max: 1e-06, Norm deltaR: 1.68477)
WARNING: CTestNormDispIncr::test() - failed to converge 
after: 10 iterations  current Norm: 0.00044281 (max: 1e-06, Norm deltaR: 1.68477)
WARNING: CTestNormDispIncr::test() - failed to converge 
after: 10 iterations  current Norm: 0.00044281 (max: 1e-06, Norm deltaR: 1.68477)
WARNING: CTestNormDispIncr::test() - failed to converge 
after: 10 iterations  current Norm: 0.00044281 (max: 1e-06, Norm deltaR: 1.68477)
WARNING: CTestNormDispIncr::test() - failed to converge 
after: 10 iterations  current Norm: 0.00044281 (max: 1e-06, Norm deltaR: 1.68477)
WARNING: CTestNormDispIncr::test() - failed to converge 
after: 10 iterations  current Norm: 0.00044281 (max: 1e-06, Norm deltaR: 1.68477)
WARNING: CTestNormDispIncr::test() - failed to converge 
after: 10 iterations  current Norm: 0.00044281 (max: 1e-06, Norm deltaR: 1.68477)
WARNING: CTestNormDispIncr::test() - failed to converge 
after: 10 iterations  current Norm: 0.00044281 (max: 1e-06, Norm deltaR: 1.68477)
WARNING: CTestNormDispIncr::test() - failed to converge 
after: 10 iterations  current Norm: 0.00044281 (max: 1e-06, Norm deltaR: 1.68477)
WARNING: CTestNormDispIncr::test() - failed to converge 
after: 10 iterations  current Norm: 0.00044281 (max: 1e-06, Norm deltaR: 1.68477)
WARNING: CTestNormDispIncr::test() - failed to converge 
after: 10 iterations  current Norm: 0.00044281 (max: 1e-06, Norm deltaR: 1.68477)
WARNING: CTestNormDispIncr::test() - failed to converge 
after: 10 iterations  current Norm: 0.00044281 (max: 1e-06, Norm deltaR: 1.68477)
WARNING: CTestNormDispIncr::test() - failed to converge 
after: 10 iterations  current Norm: 0.00044281 (max: 1e-06, Norm deltaR: 1.68477)
WARNING: CTestNormDispIncr::test() - failed to converge 
after: 10 iterations  current Norm: 0.00044281 (max: 1e-06, Norm deltaR: 1.68477)
WARNING: CTestNormDispIncr::test() - failed to converge 
after: 10 iterations  current Norm: 0.00044281 (max: 1e-06, Norm deltaR: 1.68477)
WARNING: CTestNormDispIncr::test() - failed to converge 
after: 10 iterations  current Norm: 0.00044281 (max: 1e-06, Norm deltaR: 1.68477)
WARNING: CTestNormDispIncr::test() - failed to converge 
after: 10 iterations  current Norm: 0.00044281 (max: 1e-06, Norm deltaR: 1.68477)
WARNING: CTestNormDispIncr::test() - failed to converge 
after: 10 iterations  current Norm: 0.00044281 (max: 1e-06, Norm deltaR: 1.68477)
WARNING: CTestNormDispIncr::test() - failed to converge 
after: 10 iterations  current Norm: 0.00044281 (max: 1e-06, Norm deltaR: 1.68477)
WARNING: CTestNormDispIncr::test() - failed to converge 
after: 10 iterations  current Norm: 0.00044281 (max: 1e-06, Norm deltaR: 1.68477)
WARNING: CTestNormDispIncr::test() - failed to converge 
after: 10 iterations  current Norm: 0.00044281 (max: 1e-06, Norm deltaR: 1.68477)
WARNING: CTestNormDispIncr::test() - failed to converge 
after: 10 iterations  current Norm: 0.00044281 (max: 1e-06, Norm deltaR: 1.68477)
WARNING: CTestNormDispIncr::test() - failed to converge 
after: 10 iterations  current Norm: 0.00044281 (max: 1e-06, Norm deltaR: 1.68477)
WARNING: CTestNormDispIncr::test() - failed to converge 
after: 10 iterations  current Norm: 0.00044281 (max: 1e-06, Norm deltaR: 1.68477)
WARNING: CTestNormDispIncr::test() - failed to converge 
after: 10 iterations  current Norm: 0.00044281 (max: 1e-06, Norm deltaR: 1.68477)
WARNING: CTestNormDispIncr::test() - failed to converge 
after: 10 iterations  current Norm: 0.00044281 (max: 1e-06, Norm deltaR: 1.68477)
WARNING: CTestNormDispIncr::test() - failed to converge 
after: 10 iterations  current Norm: 0.00044281 (max: 1e-06, Norm deltaR: 1.68477)
WARNING: CTestNormDispIncr::test() - failed to converge 
after: 10 iterations  current Norm: 0.00044281 (max: 1e-06, Norm deltaR: 1.68477)
WARNING: CTestNormDispIncr::test() - failed to converge 
after: 10 iterations  current Norm: 0.00044281 (max: 1e-06, Norm deltaR: 1.68477)
WARNING: CTestNormDispIncr::test() - failed to converge 
after: 10 iterations  current Norm: 0.00044281 (max: 1e-06, Norm deltaR: 1.68477)
WARNING: CTestNormDispIncr::test() - failed to converge 
after: 10 iterations  current Norm: 0.00044281 (max: 1e-06, Norm deltaR: 1.68477)
WARNING: CTestNormDispIncr::test() - failed to converge 
after: 10 iterations  current Norm: 0.00044281 (max: 1e-06, Norm deltaR: 1.68477)
WARNING: CTestNormDispIncr::test() - failed to converge 
after: 10 iterations  current Norm: 0.00044281 (max: 1e-06, Norm deltaR: 1.68477)
WARNING: CTestNormDispIncr::test() - failed to converge 
after: 10 iterations  current Norm: 0.00044281 (max: 1e-06, Norm deltaR: 1.68477)
WARNING: CTestNormDispIncr::test() - failed to converge 
after: 10 iterations  current Norm: 0.00044281 (max: 1e-06, Norm deltaR: 1.68477)
WARNING: CTestNormDispIncr::test() - failed to converge 
after: 10 iterations  current Norm: 0.00044281 (max: 1e-06, Norm deltaR: 1.68477)
WARNING: CTestNormDispIncr::test() - failed to converge 
after: 10 iterations  current Norm: 0.00044281 (max: 1e-06, Norm deltaR: 1.68477)
WARNING: CTestNormDispIncr::test() - failed to converge 
after: 10 iterations  current Norm: 0.00044281 (max: 1e-06, Norm deltaR: 1.68477)
WARNING: CTestNormDispIncr::test() - failed to converge 
after: 10 iterations  current Norm: 0.00044281 (max: 1e-06, Norm deltaR: 1.68477)
WARNING: CTestNormDispIncr::test() - failed to converge 
after: 10 iterations  current Norm: 0.00044281 (max: 1e-06, Norm deltaR: 1.68477)
WARNING: CTestNormDispIncr::test() - failed to converge 
after: 10 iterations  current Norm: 0.00044281 (max: 1e-06, Norm deltaR: 1.68477)
WARNING: CTestNormDispIncr::test() - failed to converge 
after: 10 iterations  current Norm: 0.00044281 (max: 1e-06, Norm deltaR: 1.68477)
WARNING: CTestNormDispIncr::test() - failed to converge 
after: 10 iterations  current Norm: 0.00044281 (max: 1e-06, Norm deltaR: 1.68477)
WARNING: CTestNormDispIncr::test() - failed to converge 
after: 10 iterations  current Norm: 0.00044281 (max: 1e-06, Norm deltaR: 1.68477)
WARNING: CTestNormDispIncr::test() - failed to converge 
after: 10 iterations  current Norm: 0.00044281 (max: 1e-06, Norm deltaR: 1.68477)
WARNING: CTestNormDispIncr::test() - failed to converge 
after: 10 iterations  current Norm: 0.00044281 (max: 1e-06, Norm deltaR: 1.68477)
WARNING: CTestNormDispIncr::test() - failed to converge 
after: 10 iterations  current Norm: 0.00044281 (max: 1e-06, Norm deltaR: 1.68477)
WARNING: CTestNormDispIncr::test() - failed to converge 
after: 10 iterations  current Norm: 0.00044281 (max: 1e-06, Norm deltaR: 1.68477)
WARNING: CTestNormDispIncr::test() - failed to converge 
after: 10 iterations  current Norm: 0.00044281 (max: 1e-06, Norm deltaR: 1.68477)
WARNING: CTestNormDispIncr::test() - failed to converge 
after: 10 iterations  current Norm: 0.00044281 (max: 1e-06, Norm deltaR: 1.68477)
WARNING: CTestNormDispIncr::test() - failed to converge 
after: 10 iterations  current Norm: 0.00044281 (max: 1e-06, Norm deltaR: 1.68477)
WARNING: CTestNormDispIncr::test() - failed to converge 
after: 10 iterations  current Norm: 0.00044281 (max: 1e-06, Norm deltaR: 1.68477)
WARNING: CTestNormDispIncr::test() - failed to converge 
after: 10 iterations  current Norm: 0.00044281 (max: 1e-06, Norm deltaR: 1.68477)
WARNING: CTestNormDispIncr::test() - failed to converge 
after: 10 iterations  current Norm: 0.00044281 (max: 1e-06, Norm deltaR: 1.68477)
WARNING: CTestNormDispIncr::test() - failed to converge 
after: 100 iterations  current Norm: 0.00044281 (max: 1e-06, Norm deltaR: 1.68477)
BFGS::solveCurrentStep() -the ConvergenceTest object failed in test()
DirectIntegrationAnalysis::analyze() - the Algorithm failed at time 10.1313
OpenSees > analyze failed, returned: -3 error flag
WARNING - ForceBeamColumn3d::update - failed to get compatible element forces & deformations for element: 2011(dW: << 0.000362633, dW0: 0.00994234)
Domain::update - domain failed in update
TRBDF2::update() - failed to update the domain
WARNING AcceleratedNewton::solveCurrentStep() -the Integrator failed in update()
DirectIntegrationAnalysis::analyze() - the Algorithm failed at time 10.1288
OpenSees > analyze failed, returned: -3 error flag
WARNING: CTestNormDispIncr::test() - failed to converge 
after: 100 iterations  current Norm: 2.36818e-06 (max: 1e-06, Norm deltaR: 0.394121)
NewtonLineSearch::solveCurrentStep() -the ConvergenceTest object failed in test()
DirectIntegrationAnalysis::analyze() - the Algorithm failed at time 10.1288
OpenSees > analyze failed, returned: -3 error flag
WARNING: CTestNormDispIncr::test() - failed to converge 
after: 10 iterations  current Norm: 0.000133463 (max: 1e-06, Norm deltaR: 11.5743)
WARNING - ForceBeamColumn3d::update - failed to get compatible element forces & deformations for element: 2011(dW: << 0.000362638, dW0: 0.0100647)
Domain::update - domain failed in update
TRBDF2::update() - failed to update the domain
WARNING Broyden::solveCurrentStep() -the Integrator failed in update()
DirectIntegrationAnalysis::analyze() - the Algorithm failed at time 10.1288
OpenSees > analyze failed, returned: -3 error flag
WARNING: CTestNormDispIncr::test() - failed to converge 
after: 10 iterations  current Norm: 16.8015 (max: 1e-06, Norm deltaR: 1.98176e+06)
WARNING: CTestNormDispIncr::test() - failed to converge 
after: 10 iterations  current Norm: 0.00047166 (max: 1e-06, Norm deltaR: 1.79535)
WARNING: CTestNormDispIncr::test() - failed to converge 
after: 10 iterations  current Norm: 1.45725e-06 (max: 1e-06, Norm deltaR: 2.16057)
WARNING: CTestNormDispIncr::test() - failed to converge 
after: 10 iterations  current Norm: 0.000257058 (max: 1e-06, Norm deltaR: 0.28715)
WARNING - ForceBeamColumn3d::update - failed to get compatible element forces & deformations for element: 2011(dW: << 0.000362638, dW0: 0.0100613)
Domain::update - domain failed in update
TRBDF2::update() - failed to update the domain
WARNING BFGS::solveCurrentStep() -the Integrator failed in update()
DirectIntegrationAnalysis::analyze() - the Algorithm failed at time 10.1288
OpenSees > analyze failed, returned: -3 error flag
WARNING - ForceBeamColumn3d::update - failed to get compatible element forces & deformations for element: 2011(dW: << 0.000362638, dW0: 0.0100154)
Domain::update - domain failed in update
TRBDF2::update() - failed to update the domain
WARNING AcceleratedNewton::solveCurrentStep() -the Integrator failed in update()
DirectIntegrationAnalysis::analyze() - the Algorithm failed at time 10.1325
OpenSees > analyze failed, returned: -3 error flag
WARNING - ForceBeamColumn3d::update - failed to get compatible element forces & deformations for element: 2011(dW: << 0.000362635, dW0: 0.00992852)
Domain::update - domain failed in update
TRBDF2::update() - failed to update the domain
WARNING AcceleratedNewton::solveCurrentStep() -the Integrator failed in update()
DirectIntegrationAnalysis::analyze() - the Algorithm failed at time 10.1325
OpenSees > analyze failed, returned: -3 error flag
WARNING - ForceBeamColumn3d::update - failed to get compatible element forces & deformations for element: 2011(dW: << 0.000362635, dW0: 0.00988741)
Domain::update - domain failed in update
TRBDF2::update() - failed to update the domain
WARNInG InitialInterpolatedLineSearch::search() -the Integrator failed in update()
WARNING - ForceBeamColumn3d::update - failed to get compatible element forces & deformations for element: 2011(dW: << 0.000362632, dW0: 0.00986166)
Domain::update - domain failed in update
TRBDF2::update() - failed to update the domain
WARNInG InitialInterpolatedLineSearch::search() -the Integrator failed in update()
WARNING - ForceBeamColumn3d::update - failed to get compatible element forces & deformations for element: 2011(dW: << 0.000362636, dW0: 0.00994497)
Domain::update - domain failed in update
TRBDF2::update() - failed to update the domain
WARNInG InitialInterpolatedLineSearch::search() -the Integrator failed in update()
WARNING - ForceBeamColumn3d::update - failed to get compatible element forces & deformations for element: 2011(dW: << 0.000362632, dW0: 0.00987615)
Domain::update - domain failed in update
TRBDF2::update() - failed to update the domain
WARNInG InitialInterpolatedLineSearch::search() -the Integrator failed in update()
WARNING - ForceBeamColumn3d::update - failed to get compatible element forces & deformations for element: 2011(dW: << 0.000362637, dW0: 0.00994742)
Domain::update - domain failed in update
TRBDF2::update() - failed to update the domain
WARNInG InitialInterpolatedLineSearch::search() -the Integrator failed in update()
WARNING - ForceBeamColumn3d::update - failed to get compatible element forces & deformations for element: 2011(dW: << 0.000362632, dW0: 0.00987677)
Domain::update - domain failed in update
TRBDF2::update() - failed to update the domain
WARNInG InitialInterpolatedLineSearch::search() -the Integrator failed in update()
WARNING - ForceBeamColumn3d::update - failed to get compatible element forces & deformations for element: 2011(dW: << 0.000362636, dW0: 0.00994753)
Domain::update - domain failed in update
TRBDF2::update() - failed to update the domain
WARNInG InitialInterpolatedLineSearch::search() -the Integrator failed in update()
WARNING - ForceBeamColumn3d::update - failed to get compatible element forces & deformations for element: 2011(dW: << 0.000362633, dW0: 0.0098768)
Domain::update - domain failed in update
TRBDF2::update() - failed to update the domain
WARNInG InitialInterpolatedLineSearch::search() -the Integrator failed in update()
WARNING - ForceBeamColumn3d::update - failed to get compatible element forces & deformations for element: 2011(dW: << 0.000362636, dW0: 0.00994753)
Domain::update - domain failed in update
TRBDF2::update() - failed to update the domain
WARNInG InitialInterpolatedLineSearch::search() -the Integrator failed in update()
WARNING - ForceBeamColumn3d::update - failed to get compatible element forces & deformations for element: 2011(dW: << 0.000362633, dW0: 0.0098768)
Domain::update - domain failed in update
TRBDF2::update() - failed to update the domain
WARNInG InitialInterpolatedLineSearch::search() -the Integrator failed in update()
WARNING - ForceBeamColumn3d::update - failed to get compatible element forces & deformations for element: 2011(dW: << 0.000362636, dW0: 0.00994753)
Domain::update - domain failed in update
TRBDF2::update() - failed to update the domain
WARNInG InitialInterpolatedLineSearch::search() -the Integrator failed in update()
WARNING - ForceBeamColumn3d::update - failed to get compatible element forces & deformations for element: 2011(dW: << 0.000362633, dW0: 0.0098768)
Domain::update - domain failed in update
TRBDF2::update() - failed to update the domain
WARNInG InitialInterpolatedLineSearch::search() -the Integrator failed in update()
WARNING - ForceBeamColumn3d::update - failed to get compatible element forces & deformations for element: 2011(dW: << 0.000362636, dW0: 0.00994753)
Domain::update - domain failed in update
TRBDF2::update() - failed to update the domain
WARNInG InitialInterpolatedLineSearch::search() -the Integrator failed in update()
WARNING - ForceBeamColumn3d::update - failed to get compatible element forces & deformations for element: 2011(dW: << 0.000362633, dW0: 0.0098768)
Domain::update - domain failed in update
TRBDF2::update() - failed to update the domain
WARNInG InitialInterpolatedLineSearch::search() -the Integrator failed in update()
WARNING - ForceBeamColumn3d::update - failed to get compatible element forces & deformations for element: 2011(dW: << 0.000362636, dW0: 0.00994753)
Domain::update - domain failed in update
TRBDF2::update() - failed to update the domain
WARNInG InitialInterpolatedLineSearch::search() -the Integrator failed in update()
WARNING - ForceBeamColumn3d::update - failed to get compatible element forces & deformations for element: 2011(dW: << 0.000362633, dW0: 0.0098768)
Domain::update - domain failed in update
TRBDF2::update() - failed to update the domain
WARNInG InitialInterpolatedLineSearch::search() -the Integrator failed in update()
WARNING - ForceBeamColumn3d::update - failed to get compatible element forces & deformations for element: 2011(dW: << 0.000362636, dW0: 0.00994753)
Domain::update - domain failed in update
TRBDF2::update() - failed to update the domain
WARNInG InitialInterpolatedLineSearch::search() -the Integrator failed in update()
WARNING - ForceBeamColumn3d::update - failed to get compatible element forces & deformations for element: 2011(dW: << 0.000362633, dW0: 0.0098768)
Domain::update - domain failed in update
TRBDF2::update() - failed to update the domain
WARNInG InitialInterpolatedLineSearch::search() -the Integrator failed in update()
WARNING - ForceBeamColumn3d::update - failed to get compatible element forces & deformations for element: 2011(dW: << 0.000362636, dW0: 0.00994753)
Domain::update - domain failed in update
TRBDF2::update() - failed to update the domain
WARNInG InitialInterpolatedLineSearch::search() -the Integrator failed in update()
WARNING - ForceBeamColumn3d::update - failed to get compatible element forces & deformations for element: 2011(dW: << 0.000362633, dW0: 0.0098768)
Domain::update - domain failed in update
TRBDF2::update() - failed to update the domain
WARNInG InitialInterpolatedLineSearch::search() -the Integrator failed in update()
WARNING - ForceBeamColumn3d::update - failed to get compatible element forces & deformations for element: 2011(dW: << 0.000362636, dW0: 0.00994753)
Domain::update - domain failed in update
TRBDF2::update() - failed to update the domain
WARNInG InitialInterpolatedLineSearch::search() -the Integrator failed in update()
WARNING - ForceBeamColumn3d::update - failed to get compatible element forces & deformations for element: 2011(dW: << 0.000362633, dW0: 0.0098768)
Domain::update - domain failed in update
TRBDF2::update() - failed to update the domain
WARNInG InitialInterpolatedLineSearch::search() -the Integrator failed in update()
WARNING - ForceBeamColumn3d::update - failed to get compatible element forces & deformations for element: 2011(dW: << 0.000362636, dW0: 0.00994753)
Domain::update - domain failed in update
TRBDF2::update() - failed to update the domain
WARNInG InitialInterpolatedLineSearch::search() -the Integrator failed in update()
WARNING - ForceBeamColumn3d::update - failed to get compatible element forces & deformations for element: 2011(dW: << 0.000362633, dW0: 0.0098768)
Domain::update - domain failed in update
TRBDF2::update() - failed to update the domain
WARNInG InitialInterpolatedLineSearch::search() -the Integrator failed in update()
WARNING - ForceBeamColumn3d::update - failed to get compatible element forces & deformations for element: 2011(dW: << 0.000362636, dW0: 0.00994753)
Domain::update - domain failed in update
TRBDF2::update() - failed to update the domain
WARNInG InitialInterpolatedLineSearch::search() -the Integrator failed in update()
WARNING - ForceBeamColumn3d::update - failed to get compatible element forces & deformations for element: 2011(dW: << 0.000362633, dW0: 0.0098768)
Domain::update - domain failed in update
TRBDF2::update() - failed to update the domain
WARNInG InitialInterpolatedLineSearch::search() -the Integrator failed in update()
WARNING - ForceBeamColumn3d::update - failed to get compatible element forces & deformations for element: 2011(dW: << 0.000362636, dW0: 0.00994753)
Domain::update - domain failed in update
TRBDF2::update() - failed to update the domain
WARNInG InitialInterpolatedLineSearch::search() -the Integrator failed in update()
WARNING - ForceBeamColumn3d::update - failed to get compatible element forces & deformations for element: 2011(dW: << 0.000362633, dW0: 0.0098768)
Domain::update - domain failed in update
TRBDF2::update() - failed to update the domain
WARNInG InitialInterpolatedLineSearch::search() -the Integrator failed in update()
WARNING - ForceBeamColumn3d::update - failed to get compatible element forces & deformations for element: 2011(dW: << 0.000362636, dW0: 0.00994753)
Domain::update - domain failed in update
TRBDF2::update() - failed to update the domain
WARNInG InitialInterpolatedLineSearch::search() -the Integrator failed in update()
WARNING - ForceBeamColumn3d::update - failed to get compatible element forces & deformations for element: 2011(dW: << 0.000362633, dW0: 0.0098768)
Domain::update - domain failed in update
TRBDF2::update() - failed to update the domain
WARNInG InitialInterpolatedLineSearch::search() -the Integrator failed in update()
WARNING - ForceBeamColumn3d::update - failed to get compatible element forces & deformations for element: 2011(dW: << 0.000362636, dW0: 0.00994753)
Domain::update - domain failed in update
TRBDF2::update() - failed to update the domain
WARNInG InitialInterpolatedLineSearch::search() -the Integrator failed in update()
WARNING - ForceBeamColumn3d::update - failed to get compatible element forces & deformations for element: 2011(dW: << 0.000362633, dW0: 0.0098768)
Domain::update - domain failed in update
TRBDF2::update() - failed to update the domain
WARNInG InitialInterpolatedLineSearch::search() -the Integrator failed in update()
WARNING: CTestNormDispIncr::test() - failed to converge 
after: 100 iterations  current Norm: 7.00634e-05 (max: 1e-06, Norm deltaR: 1.0319)
NewtonLineSearch::solveCurrentStep() -the ConvergenceTest object failed in test()
DirectIntegrationAnalysis::analyze() - the Algorithm failed at time 10.1325
OpenSees > analyze failed, returned: -3 error flag
WARNING: CTestNormDispIncr::test() - failed to converge 
after: 10 iterations  current Norm: 0.000318922 (max: 1e-06, Norm deltaR: 1.46038)
WARNING - ForceBeamColumn3d::update - failed to get compatible element forces & deformations for element: 2011(dW: << 0.000362636, dW0: 0.00998415)
Domain::update - domain failed in update
TRBDF2::update() - failed to update the domain
WARNING Broyden::solveCurrentStep() -the Integrator failed in update()
DirectIntegrationAnalysis::analyze() - the Algorithm failed at time 10.1325
OpenSees > analyze failed, returned: -3 error flag
WARNING: CTestNormDispIncr::test() - failed to converge 
after: 10 iterations  current Norm: 0.230362 (max: 1e-06, Norm deltaR: 131796)
WARNING: CTestNormDispIncr::test() - failed to converge 
after: 10 iterations  current Norm: 0.00560221 (max: 1e-06, Norm deltaR: 27.4429)
WARNING: CTestNormDispIncr::test() - failed to converge 
after: 10 iterations  current Norm: 0.000653597 (max: 1e-06, Norm deltaR: 1.36299)
WARNING - ForceBeamColumn3d::update - failed to get compatible element forces & deformations for element: 2011(dW: << 0.000362634, dW0: 0.0098154)
Domain::update - domain failed in update
TRBDF2::update() - failed to update the domain
WARNING BFGS::solveCurrentStep() -the Integrator failed in update()
DirectIntegrationAnalysis::analyze() - the Algorithm failed at time 10.1325
OpenSees > analyze failed, returned: -3 error flag
WARNING - ForceBeamColumn3d::update - failed to get compatible element forces & deformations for element: 2011(dW: << 0.000362637, dW0: 0.0100156)
Domain::update - domain failed in update
TRBDF2::update() - failed to update the domain
WARNING AcceleratedNewton::solveCurrentStep() -the Integrator failed in update()
DirectIntegrationAnalysis::analyze() - the Algorithm failed at time 10.13
OpenSees > analyze failed, returned: -3 error flag
WARNING: CTestNormDispIncr::test() - failed to converge 
after: 100 iterations  current Norm: 4.13046e-06 (max: 1e-06, Norm deltaR: 0.687405)
NewtonLineSearch::solveCurrentStep() -the ConvergenceTest object failed in test()
DirectIntegrationAnalysis::analyze() - the Algorithm failed at time 10.13
OpenSees > analyze failed, returned: -3 error flag
WARNING - ForceBeamColumn3d::update - failed to get compatible element forces & deformations for element: 2011(dW: << 0.000362636, dW0: 0.00987926)
Domain::update - domain failed in update
TRBDF2::update() - failed to update the domain
WARNING Broyden::solveCurrentStep() -the Integrator failed in update()
DirectIntegrationAnalysis::analyze() - the Algorithm failed at time 10.13
OpenSees > analyze failed, returned: -3 error flag
WARNING: CTestNormDispIncr::test() - failed to converge 
after: 10 iterations  current Norm: 0.0437207 (max: 1e-06, Norm deltaR: 3568.9)
WARNING - ForceBeamColumn3d::update - failed to get compatible element forces & deformations for element: 2011(dW: << 0.000362633, dW0: 0.00994039)
Domain::update - domain failed in update
TRBDF2::update() - failed to update the domain
WARNING BFGS::solveCurrentStep() -the Integrator failed in update()
DirectIntegrationAnalysis::analyze() - the Algorithm failed at time 10.13
OpenSees > analyze failed, returned: -3 error flag
WARNING - ForceBeamColumn3d::update - failed to get compatible element forces & deformations for element: 2011(dW: << 0.00036263, dW0: 0.00983542)
Domain::update - domain failed in update
TRBDF2::update() - failed to update the domain
WARNING AcceleratedNewton::solveCurrentStep() -the Integrator failed in update()
DirectIntegrationAnalysis::analyze() - the Algorithm failed at time 10.1288
OpenSees > analyze failed, returned: -3 error flag
WARNING - ForceBeamColumn3d::update - failed to get compatible element forces & deformations for element: 2011(dW: << 0.0100092, dW0: 0.00036079)
Domain::update - domain failed in update
TRBDF2::update() - failed to update the domain
WARNInG InitialInterpolatedLineSearch::search() -the Integrator failed in update()
WARNING - ForceBeamColumn3d::update - failed to get compatible element forces & deformations for element: 2011(dW: << 0.0100249, dW0: 0.00036144)
Domain::update - domain failed in update
TRBDF2::update() - failed to update the domain
WARNInG InitialInterpolatedLineSearch::search() -the Integrator failed in update()
WARNING - ForceBeamColumn3d::update - failed to get compatible element forces & deformations for element: 2011(dW: << 0.0100254, dW0: 0.000361457)
Domain::update - domain failed in update
TRBDF2::update() - failed to update the domain
WARNInG InitialInterpolatedLineSearch::search() -the Integrator failed in update()
WARNING - ForceBeamColumn3d::update - failed to get compatible element forces & deformations for element: 2011(dW: << 0.0100254, dW0: 0.000361458)
Domain::update - domain failed in update
TRBDF2::update() - failed to update the domain
WARNInG InitialInterpolatedLineSearch::search() -the Integrator failed in update()
WARNING - ForceBeamColumn3d::update - failed to get compatible element forces & deformations for element: 2011(dW: << 0.0100254, dW0: 0.000361458)
Domain::update - domain failed in update
TRBDF2::update() - failed to update the domain
WARNInG InitialInterpolatedLineSearch::search() -the Integrator failed in update()
WARNING - ForceBeamColumn3d::update - failed to get compatible element forces & deformations for element: 2011(dW: << 0.0100254, dW0: 0.000361458)
Domain::update - domain failed in update
TRBDF2::update() - failed to update the domain
WARNInG InitialInterpolatedLineSearch::search() -the Integrator failed in update()
WARNING - ForceBeamColumn3d::update - failed to get compatible element forces & deformations for element: 2011(dW: << 0.0100254, dW0: 0.000361458)
Domain::update - domain failed in update
TRBDF2::update() - failed to update the domain
WARNInG InitialInterpolatedLineSearch::search() -the Integrator failed in update()
WARNING - ForceBeamColumn3d::update - failed to get compatible element forces & deformations for element: 2011(dW: << 0.0100254, dW0: 0.000361458)
Domain::update - domain failed in update
TRBDF2::update() - failed to update the domain
WARNInG InitialInterpolatedLineSearch::search() -the Integrator failed in update()
WARNING - ForceBeamColumn3d::update - failed to get compatible element forces & deformations for element: 2011(dW: << 0.0100254, dW0: 0.000361458)
Domain::update - domain failed in update
TRBDF2::update() - failed to update the domain
WARNInG InitialInterpolatedLineSearch::search() -the Integrator failed in update()
WARNING: CTestNormDispIncr::test() - failed to converge 
after: 100 iterations  current Norm: 1.46822e-06 (max: 1e-06, Norm deltaR: 0.346446)
NewtonLineSearch::solveCurrentStep() -the ConvergenceTest object failed in test()
DirectIntegrationAnalysis::analyze() - the Algorithm failed at time 10.1288
OpenSees > analyze failed, returned: -3 error flag
WARNING - ForceBeamColumn3d::update - failed to get compatible element forces & deformations for element: 2011(dW: << 0.000362636, dW0: 0.00995229)
Domain::update - domain failed in update
TRBDF2::update() - failed to update the domain
WARNING Broyden::solveCurrentStep() -the Integrator failed in update()
DirectIntegrationAnalysis::analyze() - the Algorithm failed at time 10.1288
OpenSees > analyze failed, returned: -3 error flag
WARNING: CTestNormDispIncr::test() - failed to converge 
after: 10 iterations  current Norm: 27.3529 (max: 1e-06, Norm deltaR: 9.70229e+06)
WARNING: CTestNormDispIncr::test() - failed to converge 
after: 10 iterations  current Norm: 9.22786e-05 (max: 1e-06, Norm deltaR: 2.12493)
WARNING: CTestNormDispIncr::test() - failed to converge 
after: 10 iterations  current Norm: 0.000142841 (max: 1e-06, Norm deltaR: 0.283232)
WARNING: CTestNormDispIncr::test() - failed to converge 
after: 10 iterations  current Norm: 3.26225e-06 (max: 1e-06, Norm deltaR: 2.16241)
WARNING: CTestNormDispIncr::test() - failed to converge 
after: 10 iterations  current Norm: 0.000142757 (max: 1e-06, Norm deltaR: 0.282136)
WARNING: CTestNormDispIncr::test() - failed to converge 
after: 10 iterations  current Norm: 3.26177e-06 (max: 1e-06, Norm deltaR: 2.16241)
WARNING: CTestNormDispIncr::test() - failed to converge 
after: 10 iterations  current Norm: 0.000142757 (max: 1e-06, Norm deltaR: 0.282136)
WARNING: CTestNormDispIncr::test() - failed to converge 
after: 10 iterations  current Norm: 3.26177e-06 (max: 1e-06, Norm deltaR: 2.16241)
WARNING: CTestNormDispIncr::test() - failed to converge 
after: 10 iterations  current Norm: 0.000142757 (max: 1e-06, Norm deltaR: 0.282136)
WARNING: CTestNormDispIncr::test() - failed to converge 
after: 10 iterations  current Norm: 3.26177e-06 (max: 1e-06, Norm deltaR: 2.16241)
WARNING: CTestNormDispIncr::test() - failed to converge 
after: 10 iterations  current Norm: 0.000142757 (max: 1e-06, Norm deltaR: 0.282136)
WARNING: CTestNormDispIncr::test() - failed to converge 
after: 10 iterations  current Norm: 3.26177e-06 (max: 1e-06, Norm deltaR: 2.16241)
WARNING: CTestNormDispIncr::test() - failed to converge 
after: 10 iterations  current Norm: 0.000142757 (max: 1e-06, Norm deltaR: 0.282136)
WARNING: CTestNormDispIncr::test() - failed to converge 
after: 10 iterations  current Norm: 3.26177e-06 (max: 1e-06, Norm deltaR: 2.16241)
WARNING: CTestNormDispIncr::test() - failed to converge 
after: 10 iterations  current Norm: 0.000142757 (max: 1e-06, Norm deltaR: 0.282136)
WARNING: CTestNormDispIncr::test() - failed to converge 
after: 10 iterations  current Norm: 3.26177e-06 (max: 1e-06, Norm deltaR: 2.16241)
WARNING: CTestNormDispIncr::test() - failed to converge 
after: 10 iterations  current Norm: 0.000142757 (max: 1e-06, Norm deltaR: 0.282136)
WARNING: CTestNormDispIncr::test() - failed to converge 
after: 10 iterations  current Norm: 3.26177e-06 (max: 1e-06, Norm deltaR: 2.16241)
WARNING: CTestNormDispIncr::test() - failed to converge 
after: 10 iterations  current Norm: 0.000142757 (max: 1e-06, Norm deltaR: 0.282136)
WARNING: CTestNormDispIncr::test() - failed to converge 
after: 10 iterations  current Norm: 3.26177e-06 (max: 1e-06, Norm deltaR: 2.16241)
WARNING: CTestNormDispIncr::test() - failed to converge 
after: 10 iterations  current Norm: 0.000142757 (max: 1e-06, Norm deltaR: 0.282136)
WARNING: CTestNormDispIncr::test() - failed to converge 
after: 10 iterations  current Norm: 3.26177e-06 (max: 1e-06, Norm deltaR: 2.16241)
WARNING: CTestNormDispIncr::test() - failed to converge 
after: 10 iterations  current Norm: 0.000142757 (max: 1e-06, Norm deltaR: 0.282136)
WARNING: CTestNormDispIncr::test() - failed to converge 
after: 10 iterations  current Norm: 3.26177e-06 (max: 1e-06, Norm deltaR: 2.16241)
WARNING: CTestNormDispIncr::test() - failed to converge 
after: 10 iterations  current Norm: 0.000142757 (max: 1e-06, Norm deltaR: 0.282136)
WARNING: CTestNormDispIncr::test() - failed to converge 
after: 10 iterations  current Norm: 3.26177e-06 (max: 1e-06, Norm deltaR: 2.16241)
WARNING: CTestNormDispIncr::test() - failed to converge 
after: 10 iterations  current Norm: 0.000142757 (max: 1e-06, Norm deltaR: 0.282136)
WARNING: CTestNormDispIncr::test() - failed to converge 
after: 10 iterations  current Norm: 3.26177e-06 (max: 1e-06, Norm deltaR: 2.16241)
WARNING: CTestNormDispIncr::test() - failed to converge 
after: 10 iterations  current Norm: 0.000142757 (max: 1e-06, Norm deltaR: 0.282136)
WARNING: CTestNormDispIncr::test() - failed to converge 
after: 10 iterations  current Norm: 3.26177e-06 (max: 1e-06, Norm deltaR: 2.16241)
WARNING: CTestNormDispIncr::test() - failed to converge 
after: 10 iterations  current Norm: 0.000142757 (max: 1e-06, Norm deltaR: 0.282136)
WARNING: CTestNormDispIncr::test() - failed to converge 
after: 10 iterations  current Norm: 3.26177e-06 (max: 1e-06, Norm deltaR: 2.16241)
WARNING: CTestNormDispIncr::test() - failed to converge 
after: 10 iterations  current Norm: 0.000142757 (max: 1e-06, Norm deltaR: 0.282136)
WARNING: CTestNormDispIncr::test() - failed to converge 
after: 10 iterations  current Norm: 3.26177e-06 (max: 1e-06, Norm deltaR: 2.16241)
WARNING: CTestNormDispIncr::test() - failed to converge 
after: 10 iterations  current Norm: 0.000142757 (max: 1e-06, Norm deltaR: 0.282136)
WARNING: CTestNormDispIncr::test() - failed to converge 
after: 10 iterations  current Norm: 3.26177e-06 (max: 1e-06, Norm deltaR: 2.16241)
WARNING: CTestNormDispIncr::test() - failed to converge 
after: 10 iterations  current Norm: 0.000142757 (max: 1e-06, Norm deltaR: 0.282136)
WARNING: CTestNormDispIncr::test() - failed to converge 
after: 10 iterations  current Norm: 3.26177e-06 (max: 1e-06, Norm deltaR: 2.16241)
WARNING: CTestNormDispIncr::test() - failed to converge 
after: 10 iterations  current Norm: 0.000142757 (max: 1e-06, Norm deltaR: 0.282136)
WARNING: CTestNormDispIncr::test() - failed to converge 
after: 10 iterations  current Norm: 3.26177e-06 (max: 1e-06, Norm deltaR: 2.16241)
WARNING: CTestNormDispIncr::test() - failed to converge 
after: 10 iterations  current Norm: 0.000142757 (max: 1e-06, Norm deltaR: 0.282136)
WARNING: CTestNormDispIncr::test() - failed to converge 
after: 10 iterations  current Norm: 3.26177e-06 (max: 1e-06, Norm deltaR: 2.16241)
WARNING: CTestNormDispIncr::test() - failed to converge 
after: 10 iterations  current Norm: 0.000142757 (max: 1e-06, Norm deltaR: 0.282136)
WARNING: CTestNormDispIncr::test() - failed to converge 
after: 10 iterations  current Norm: 3.26177e-06 (max: 1e-06, Norm deltaR: 2.16241)
WARNING: CTestNormDispIncr::test() - failed to converge 
after: 10 iterations  current Norm: 0.000142757 (max: 1e-06, Norm deltaR: 0.282136)
WARNING: CTestNormDispIncr::test() - failed to converge 
after: 10 iterations  current Norm: 3.26177e-06 (max: 1e-06, Norm deltaR: 2.16241)
WARNING: CTestNormDispIncr::test() - failed to converge 
after: 10 iterations  current Norm: 0.000142757 (max: 1e-06, Norm deltaR: 0.282136)
WARNING: CTestNormDispIncr::test() - failed to converge 
after: 10 iterations  current Norm: 3.26177e-06 (max: 1e-06, Norm deltaR: 2.16241)
WARNING: CTestNormDispIncr::test() - failed to converge 
after: 10 iterations  current Norm: 0.000142757 (max: 1e-06, Norm deltaR: 0.282136)
WARNING: CTestNormDispIncr::test() - failed to converge 
after: 10 iterations  current Norm: 3.26177e-06 (max: 1e-06, Norm deltaR: 2.16241)
WARNING: CTestNormDispIncr::test() - failed to converge 
after: 10 iterations  current Norm: 0.000142757 (max: 1e-06, Norm deltaR: 0.282136)
WARNING: CTestNormDispIncr::test() - failed to converge 
after: 10 iterations  current Norm: 3.26177e-06 (max: 1e-06, Norm deltaR: 2.16241)
WARNING: CTestNormDispIncr::test() - failed to converge 
after: 10 iterations  current Norm: 0.000142757 (max: 1e-06, Norm deltaR: 0.282136)
WARNING: CTestNormDispIncr::test() - failed to converge 
after: 10 iterations  current Norm: 3.26177e-06 (max: 1e-06, Norm deltaR: 2.16241)
WARNING: CTestNormDispIncr::test() - failed to converge 
after: 10 iterations  current Norm: 0.000142757 (max: 1e-06, Norm deltaR: 0.282136)
WARNING: CTestNormDispIncr::test() - failed to converge 
after: 10 iterations  current Norm: 3.26177e-06 (max: 1e-06, Norm deltaR: 2.16241)
WARNING: CTestNormDispIncr::test() - failed to converge 
after: 10 iterations  current Norm: 0.000142757 (max: 1e-06, Norm deltaR: 0.282136)
WARNING: CTestNormDispIncr::test() - failed to converge 
after: 10 iterations  current Norm: 3.26177e-06 (max: 1e-06, Norm deltaR: 2.16241)
WARNING: CTestNormDispIncr::test() - failed to converge 
after: 10 iterations  current Norm: 0.000142757 (max: 1e-06, Norm deltaR: 0.282136)
WARNING: CTestNormDispIncr::test() - failed to converge 
after: 10 iterations  current Norm: 3.26177e-06 (max: 1e-06, Norm deltaR: 2.16241)
WARNING: CTestNormDispIncr::test() - failed to converge 
after: 10 iterations  current Norm: 0.000142757 (max: 1e-06, Norm deltaR: 0.282136)
WARNING: CTestNormDispIncr::test() - failed to converge 
after: 10 iterations  current Norm: 3.26177e-06 (max: 1e-06, Norm deltaR: 2.16241)
WARNING: CTestNormDispIncr::test() - failed to converge 
after: 10 iterations  current Norm: 0.000142757 (max: 1e-06, Norm deltaR: 0.282136)
WARNING: CTestNormDispIncr::test() - failed to converge 
after: 10 iterations  current Norm: 3.26177e-06 (max: 1e-06, Norm deltaR: 2.16241)
WARNING: CTestNormDispIncr::test() - failed to converge 
after: 10 iterations  current Norm: 0.000142757 (max: 1e-06, Norm deltaR: 0.282136)
WARNING: CTestNormDispIncr::test() - failed to converge 
after: 10 iterations  current Norm: 3.26177e-06 (max: 1e-06, Norm deltaR: 2.16241)
WARNING: CTestNormDispIncr::test() - failed to converge 
after: 10 iterations  current Norm: 0.000142757 (max: 1e-06, Norm deltaR: 0.282136)
WARNING: CTestNormDispIncr::test() - failed to converge 
after: 10 iterations  current Norm: 3.26177e-06 (max: 1e-06, Norm deltaR: 2.16241)
WARNING: CTestNormDispIncr::test() - failed to converge 
after: 10 iterations  current Norm: 0.000142757 (max: 1e-06, Norm deltaR: 0.282136)
WARNING: CTestNormDispIncr::test() - failed to converge 
after: 10 iterations  current Norm: 3.26177e-06 (max: 1e-06, Norm deltaR: 2.16241)
WARNING: CTestNormDispIncr::test() - failed to converge 
after: 10 iterations  current Norm: 0.000142757 (max: 1e-06, Norm deltaR: 0.282136)
WARNING: CTestNormDispIncr::test() - failed to converge 
after: 10 iterations  current Norm: 3.26177e-06 (max: 1e-06, Norm deltaR: 2.16241)
WARNING: CTestNormDispIncr::test() - failed to converge 
after: 10 iterations  current Norm: 0.000142757 (max: 1e-06, Norm deltaR: 0.282136)
WARNING: CTestNormDispIncr::test() - failed to converge 
after: 10 iterations  current Norm: 3.26177e-06 (max: 1e-06, Norm deltaR: 2.16241)
WARNING: CTestNormDispIncr::test() - failed to converge 
after: 10 iterations  current Norm: 0.000142757 (max: 1e-06, Norm deltaR: 0.282136)
WARNING: CTestNormDispIncr::test() - failed to converge 
after: 10 iterations  current Norm: 3.26177e-06 (max: 1e-06, Norm deltaR: 2.16241)
WARNING: CTestNormDispIncr::test() - failed to converge 
after: 10 iterations  current Norm: 0.000142757 (max: 1e-06, Norm deltaR: 0.282136)
WARNING: CTestNormDispIncr::test() - failed to converge 
after: 10 iterations  current Norm: 3.26177e-06 (max: 1e-06, Norm deltaR: 2.16241)
WARNING: CTestNormDispIncr::test() - failed to converge 
after: 10 iterations  current Norm: 0.000142757 (max: 1e-06, Norm deltaR: 0.282136)
WARNING: CTestNormDispIncr::test() - failed to converge 
after: 10 iterations  current Norm: 3.26177e-06 (max: 1e-06, Norm deltaR: 2.16241)
WARNING: CTestNormDispIncr::test() - failed to converge 
after: 10 iterations  current Norm: 0.000142757 (max: 1e-06, Norm deltaR: 0.282136)
WARNING: CTestNormDispIncr::test() - failed to converge 
after: 10 iterations  current Norm: 3.26177e-06 (max: 1e-06, Norm deltaR: 2.16241)
WARNING: CTestNormDispIncr::test() - failed to converge 
after: 10 iterations  current Norm: 0.000142757 (max: 1e-06, Norm deltaR: 0.282136)
WARNING: CTestNormDispIncr::test() - failed to converge 
after: 10 iterations  current Norm: 3.26177e-06 (max: 1e-06, Norm deltaR: 2.16241)
WARNING: CTestNormDispIncr::test() - failed to converge 
after: 10 iterations  current Norm: 0.000142757 (max: 1e-06, Norm deltaR: 0.282136)
WARNING: CTestNormDispIncr::test() - failed to converge 
after: 10 iterations  current Norm: 3.26177e-06 (max: 1e-06, Norm deltaR: 2.16241)
WARNING: CTestNormDispIncr::test() - failed to converge 
after: 10 iterations  current Norm: 0.000142757 (max: 1e-06, Norm deltaR: 0.282136)
WARNING: CTestNormDispIncr::test() - failed to converge 
after: 10 iterations  current Norm: 3.26177e-06 (max: 1e-06, Norm deltaR: 2.16241)
WARNING: CTestNormDispIncr::test() - failed to converge 
after: 10 iterations  current Norm: 0.000142757 (max: 1e-06, Norm deltaR: 0.282136)
WARNING: CTestNormDispIncr::test() - failed to converge 
after: 10 iterations  current Norm: 3.26177e-06 (max: 1e-06, Norm deltaR: 2.16241)
WARNING: CTestNormDispIncr::test() - failed to converge 
after: 10 iterations  current Norm: 0.000142757 (max: 1e-06, Norm deltaR: 0.282136)
WARNING: CTestNormDispIncr::test() - failed to converge 
after: 10 iterations  current Norm: 3.26177e-06 (max: 1e-06, Norm deltaR: 2.16241)
WARNING: CTestNormDispIncr::test() - failed to converge 
after: 10 iterations  current Norm: 0.000142757 (max: 1e-06, Norm deltaR: 0.282136)
WARNING: CTestNormDispIncr::test() - failed to converge 
after: 10 iterations  current Norm: 3.26177e-06 (max: 1e-06, Norm deltaR: 2.16241)
WARNING: CTestNormDispIncr::test() - failed to converge 
after: 10 iterations  current Norm: 0.000142757 (max: 1e-06, Norm deltaR: 0.282136)
WARNING: CTestNormDispIncr::test() - failed to converge 
after: 10 iterations  current Norm: 3.26177e-06 (max: 1e-06, Norm deltaR: 2.16241)
WARNING: CTestNormDispIncr::test() - failed to converge 
after: 10 iterations  current Norm: 0.000142757 (max: 1e-06, Norm deltaR: 0.282136)
WARNING: CTestNormDispIncr::test() - failed to converge 
after: 10 iterations  current Norm: 3.26177e-06 (max: 1e-06, Norm deltaR: 2.16241)
WARNING: CTestNormDispIncr::test() - failed to converge 
after: 10 iterations  current Norm: 0.000142757 (max: 1e-06, Norm deltaR: 0.282136)
WARNING: CTestNormDispIncr::test() - failed to converge 
after: 10 iterations  current Norm: 3.26177e-06 (max: 1e-06, Norm deltaR: 2.16241)
WARNING: CTestNormDispIncr::test() - failed to converge 
after: 100 iterations  current Norm: 3.26177e-06 (max: 1e-06, Norm deltaR: 2.16241)
BFGS::solveCurrentStep() -the ConvergenceTest object failed in test()
DirectIntegrationAnalysis::analyze() - the Algorithm failed at time 10.1288
OpenSees > analyze failed, returned: -3 error flag
WARNING - ForceBeamColumn3d::update - failed to get compatible element forces & deformations for element: 2011(dW: << 0.00998628, dW0: 0.000362364)
Domain::update - domain failed in update
TRBDF2::update() - failed to update the domain
WARNING AcceleratedNewton::solveCurrentStep() -the Integrator failed in update()
DirectIntegrationAnalysis::analyze() - the Algorithm failed at time 10.1288
OpenSees > analyze failed, returned: -3 error flag
WARNING - ForceBeamColumn3d::update - failed to get compatible element forces & deformations for element: 2011(dW: << 0.000362636, dW0: 0.00987351)
Domain::update - domain failed in update
TRBDF2::update() - failed to update the domain
WARNInG InitialInterpolatedLineSearch::search() -the Integrator failed in update()
WARNING - ForceBeamColumn3d::update - failed to get compatible element forces & deformations for element: 2011(dW: << 0.000362632, dW0: 0.00984385)
Domain::update - domain failed in update
TRBDF2::update() - failed to update the domain
WARNInG InitialInterpolatedLineSearch::search() -the Integrator failed in update()

[FAILURE] Local structure collapse, MIDR = 10.0
