WARNING - ForceBeamColumn3d::update - failed to get compatible element forces & deformations for element: 1011(dW: << 0.000540401, dW0: 0.00982529)
Domain::update - domain failed in update
TRBDF2::update() - failed to update the domain
WARNING NewtonRaphson::solveCurrentStep() -the Integrator failed in update()
DirectIntegrationAnalysis::analyze() - the Algorithm failed at time 12.67
OpenSees > analyze failed, returned: -3 error flag
WARNING - ForceBeamColumn3d::update - failed to get compatible element forces & deformations for element: 1011(dW: << 0.000540397, dW0: 0.00981649)
Domain::update - domain failed in update
TRBDF2::update() - failed to update the domain
WARNING AcceleratedNewton::solveCurrentStep() -the Integrator failed in update()
DirectIntegrationAnalysis::analyze() - the Algorithm failed at time 12.67
OpenSees > analyze failed, returned: -3 error flag
WARNING - ForceBeamColumn3d::update - failed to get compatible element forces & deformations for element: 1011(dW: << 0.000540396, dW0: 0.00976566)
Domain::update - domain failed in update
TRBDF2::update() - failed to update the domain
WARNING NewtonLineSearch::solveCurrentStep() -the Integrator failed in update()
DirectIntegrationAnalysis::analyze() - the Algorithm failed at time 12.67
OpenSees > analyze failed, returned: -3 error flag
WARNING - ForceBeamColumn3d::update - failed to get compatible element forces & deformations for element: 1011(dW: << 0.000540403, dW0: 0.00991525)
Domain::update - domain failed in update
TRBDF2::update() - failed to update the domain
WARNING Broyden::solveCurrentStep() -the Integrator failed in update()
DirectIntegrationAnalysis::analyze() - the Algorithm failed at time 12.67
OpenSees > analyze failed, returned: -3 error flag
WARNING: CTestNormDispIncr::test() - failed to converge 
after: 10 iterations  current Norm: 0.10726 (max: 1e-06, Norm deltaR: 2.95603e+07)
WARNING - ForceBeamColumn3d::update - failed to get compatible element forces & deformations for element: 3020(dW: << 0.00107619, dW0: 0.480821)
Domain::update - domain failed in update
TRBDF2::update() - failed to update the domain
WARNING BFGS::solveCurrentStep() -the Integrator failed in update()
DirectIntegrationAnalysis::analyze() - the Algorithm failed at time 12.67
OpenSees > analyze failed, returned: -3 error flag
WARNING - ForceBeamColumn3d::update - failed to get compatible element forces & deformations for element: 1011(dW: << 0.000540414, dW0: 0.0101296)
Domain::update - domain failed in update
TRBDF2::update() - failed to update the domain
WARNING AcceleratedNewton::solveCurrentStep() -the Integrator failed in update()
DirectIntegrationAnalysis::analyze() - the Algorithm failed at time 12.6725
OpenSees > analyze failed, returned: -3 error flag
WARNING - ForceBeamColumn3d::update - failed to get compatible element forces & deformations for element: 1011(dW: << 0.000540409, dW0: 0.00983166)
Domain::update - domain failed in update
TRBDF2::update() - failed to update the domain
WARNING AcceleratedNewton::solveCurrentStep() -the Integrator failed in update()
DirectIntegrationAnalysis::analyze() - the Algorithm failed at time 12.6725
OpenSees > analyze failed, returned: -3 error flag
WARNING - ForceBeamColumn3d::update - failed to get compatible element forces & deformations for element: 1011(dW: << 0.0100225, dW0: 0.000535227)
Domain::update - domain failed in update
TRBDF2::update() - failed to update the domain
WARNInG InitialInterpolatedLineSearch::search() -the Integrator failed in update()
WARNING - ForceBeamColumn3d::update - failed to get compatible element forces & deformations for element: 1011(dW: << 0.0100504, dW0: 0.000537032)
Domain::update - domain failed in update
TRBDF2::update() - failed to update the domain
WARNInG InitialInterpolatedLineSearch::search() -the Integrator failed in update()
WARNING - ForceBeamColumn3d::update - failed to get compatible element forces & deformations for element: 1011(dW: << 0.0100514, dW0: 0.000537094)
Domain::update - domain failed in update
TRBDF2::update() - failed to update the domain
WARNInG InitialInterpolatedLineSearch::search() -the Integrator failed in update()
WARNING - ForceBeamColumn3d::update - failed to get compatible element forces & deformations for element: 1011(dW: << 0.0100514, dW0: 0.000537096)
Domain::update - domain failed in update
TRBDF2::update() - failed to update the domain
WARNInG InitialInterpolatedLineSearch::search() -the Integrator failed in update()
WARNING - ForceBeamColumn3d::update - failed to get compatible element forces & deformations for element: 1011(dW: << 0.0100514, dW0: 0.000537096)
Domain::update - domain failed in update
TRBDF2::update() - failed to update the domain
WARNInG InitialInterpolatedLineSearch::search() -the Integrator failed in update()
WARNING - ForceBeamColumn3d::update - failed to get compatible element forces & deformations for element: 1011(dW: << 0.0100514, dW0: 0.000537096)
Domain::update - domain failed in update
TRBDF2::update() - failed to update the domain
WARNInG InitialInterpolatedLineSearch::search() -the Integrator failed in update()
WARNING - ForceBeamColumn3d::update - failed to get compatible element forces & deformations for element: 1011(dW: << 0.0100514, dW0: 0.000537096)
Domain::update - domain failed in update
TRBDF2::update() - failed to update the domain
WARNInG InitialInterpolatedLineSearch::search() -the Integrator failed in update()
WARNING - ForceBeamColumn3d::update - failed to get compatible element forces & deformations for element: 1011(dW: << 0.0100514, dW0: 0.000537096)
Domain::update - domain failed in update
TRBDF2::update() - failed to update the domain
WARNInG InitialInterpolatedLineSearch::search() -the Integrator failed in update()
WARNING - ForceBeamColumn3d::update - failed to get compatible element forces & deformations for element: 1011(dW: << 0.0100514, dW0: 0.000537096)
Domain::update - domain failed in update
TRBDF2::update() - failed to update the domain
WARNInG InitialInterpolatedLineSearch::search() -the Integrator failed in update()
WARNING - ForceBeamColumn3d::update - failed to get compatible element forces & deformations for element: 1011(dW: << 0.0100514, dW0: 0.000537096)
Domain::update - domain failed in update
TRBDF2::update() - failed to update the domain
WARNInG InitialInterpolatedLineSearch::search() -the Integrator failed in update()
WARNING - ForceBeamColumn3d::update - failed to get compatible element forces & deformations for element: 1011(dW: << 0.0100514, dW0: 0.000537096)
Domain::update - domain failed in update
TRBDF2::update() - failed to update the domain
WARNInG InitialInterpolatedLineSearch::search() -the Integrator failed in update()
WARNING - ForceBeamColumn3d::update - failed to get compatible element forces & deformations for element: 1011(dW: << 0.0100514, dW0: 0.000537096)
Domain::update - domain failed in update
TRBDF2::update() - failed to update the domain
WARNInG InitialInterpolatedLineSearch::search() -the Integrator failed in update()
WARNING: CTestNormDispIncr::test() - failed to converge 
after: 100 iterations  current Norm: 7.55467e-05 (max: 1e-06, Norm deltaR: 1.64955)
NewtonLineSearch::solveCurrentStep() -the ConvergenceTest object failed in test()
DirectIntegrationAnalysis::analyze() - the Algorithm failed at time 12.6725
OpenSees > analyze failed, returned: -3 error flag
WARNING - ForceBeamColumn3d::update - failed to get compatible element forces & deformations for element: 1011(dW: << 0.00054041, dW0: 0.0100207)
Domain::update - domain failed in update
TRBDF2::update() - failed to update the domain
WARNING Broyden::solveCurrentStep() -the Integrator failed in update()
DirectIntegrationAnalysis::analyze() - the Algorithm failed at time 12.6725
OpenSees > analyze failed, returned: -3 error flag
WARNING: CTestNormDispIncr::test() - failed to converge 
after: 10 iterations  current Norm: 0.0786612 (max: 1e-06, Norm deltaR: 2.49361e+07)
WARNING - ForceBeamColumn3d::update - failed to get compatible element forces & deformations for element: 3120(dW: << 9.47282e-11, dW0: 13.0812)
Domain::update - domain failed in update
TRBDF2::update() - failed to update the domain
WARNING BFGS::solveCurrentStep() -the Integrator failed in update()
DirectIntegrationAnalysis::analyze() - the Algorithm failed at time 12.6725
OpenSees > analyze failed, returned: -3 error flag
WARNING - ForceBeamColumn3d::update - failed to get compatible element forces & deformations for element: 1011(dW: << 0.000540404, dW0: 0.0099204)
Domain::update - domain failed in update
TRBDF2::update() - failed to update the domain
WARNING AcceleratedNewton::solveCurrentStep() -the Integrator failed in update()
DirectIntegrationAnalysis::analyze() - the Algorithm failed at time 12.67
OpenSees > analyze failed, returned: -3 error flag
WARNING - ForceBeamColumn3d::update - failed to get compatible element forces & deformations for element: 1011(dW: << 0.00976402, dW0: 0.000539287)
Domain::update - domain failed in update
TRBDF2::update() - failed to update the domain
WARNInG InitialInterpolatedLineSearch::search() -the Integrator failed in update()
WARNING - ForceBeamColumn3d::update - failed to get compatible element forces & deformations for element: 1011(dW: << 0.00976434, dW0: 0.000540091)
Domain::update - domain failed in update
TRBDF2::update() - failed to update the domain
WARNInG InitialInterpolatedLineSearch::search() -the Integrator failed in update()
WARNING - ForceBeamColumn3d::update - failed to get compatible element forces & deformations for element: 1011(dW: << 0.00976403, dW0: 0.000540115)
Domain::update - domain failed in update
TRBDF2::update() - failed to update the domain
WARNInG InitialInterpolatedLineSearch::search() -the Integrator failed in update()
WARNING - ForceBeamColumn3d::update - failed to get compatible element forces & deformations for element: 1011(dW: << 0.00976403, dW0: 0.000540116)
Domain::update - domain failed in update
TRBDF2::update() - failed to update the domain
WARNInG InitialInterpolatedLineSearch::search() -the Integrator failed in update()
WARNING - ForceBeamColumn3d::update - failed to get compatible element forces & deformations for element: 1011(dW: << 0.00976403, dW0: 0.000540116)
Domain::update - domain failed in update
TRBDF2::update() - failed to update the domain
WARNInG InitialInterpolatedLineSearch::search() -the Integrator failed in update()
WARNING - ForceBeamColumn3d::update - failed to get compatible element forces & deformations for element: 1011(dW: << 0.00976403, dW0: 0.000540116)
Domain::update - domain failed in update
TRBDF2::update() - failed to update the domain
WARNInG InitialInterpolatedLineSearch::search() -the Integrator failed in update()
WARNING: CTestNormDispIncr::test() - failed to converge 
after: 100 iterations  current Norm: 1.09065e-06 (max: 1e-06, Norm deltaR: 0.213175)
NewtonLineSearch::solveCurrentStep() -the ConvergenceTest object failed in test()
DirectIntegrationAnalysis::analyze() - the Algorithm failed at time 12.67
OpenSees > analyze failed, returned: -3 error flag
WARNING - ForceBeamColumn3d::update - failed to get compatible element forces & deformations for element: 1011(dW: << 0.000540405, dW0: 0.00983537)
Domain::update - domain failed in update
TRBDF2::update() - failed to update the domain
WARNING Broyden::solveCurrentStep() -the Integrator failed in update()
DirectIntegrationAnalysis::analyze() - the Algorithm failed at time 12.67
OpenSees > analyze failed, returned: -3 error flag
WARNING: CTestNormDispIncr::test() - failed to converge 
after: 10 iterations  current Norm: 0.0552918 (max: 1e-06, Norm deltaR: 4.88718e+07)
WARNING: CTestNormDispIncr::test() - failed to converge 
after: 10 iterations  current Norm: 0.0542478 (max: 1e-06, Norm deltaR: 355.445)
WARNING: CTestNormDispIncr::test() - failed to converge 
after: 10 iterations  current Norm: 1.36745e-05 (max: 1e-06, Norm deltaR: 8.16988)
WARNING: CTestNormDispIncr::test() - failed to converge 
after: 10 iterations  current Norm: 0.000148678 (max: 1e-06, Norm deltaR: 2.36803)
WARNING: CTestNormDispIncr::test() - failed to converge 
after: 10 iterations  current Norm: 0.000403763 (max: 1e-06, Norm deltaR: 2.84841)
WARNING: CTestNormDispIncr::test() - failed to converge 
after: 10 iterations  current Norm: 0.000405322 (max: 1e-06, Norm deltaR: 2.84841)
WARNING: CTestNormDispIncr::test() - failed to converge 
after: 10 iterations  current Norm: 0.000405322 (max: 1e-06, Norm deltaR: 2.84841)
WARNING: CTestNormDispIncr::test() - failed to converge 
after: 10 iterations  current Norm: 0.000405322 (max: 1e-06, Norm deltaR: 2.84841)
WARNING: CTestNormDispIncr::test() - failed to converge 
after: 10 iterations  current Norm: 0.000405322 (max: 1e-06, Norm deltaR: 2.84841)
WARNING: CTestNormDispIncr::test() - failed to converge 
after: 10 iterations  current Norm: 0.000405322 (max: 1e-06, Norm deltaR: 2.84841)
WARNING: CTestNormDispIncr::test() - failed to converge 
after: 10 iterations  current Norm: 0.000405322 (max: 1e-06, Norm deltaR: 2.84841)
WARNING: CTestNormDispIncr::test() - failed to converge 
after: 10 iterations  current Norm: 0.000405322 (max: 1e-06, Norm deltaR: 2.84841)
WARNING: CTestNormDispIncr::test() - failed to converge 
after: 10 iterations  current Norm: 0.000405322 (max: 1e-06, Norm deltaR: 2.84841)
WARNING: CTestNormDispIncr::test() - failed to converge 
after: 10 iterations  current Norm: 0.000405322 (max: 1e-06, Norm deltaR: 2.84841)
WARNING: CTestNormDispIncr::test() - failed to converge 
after: 10 iterations  current Norm: 0.000405322 (max: 1e-06, Norm deltaR: 2.84841)
WARNING: CTestNormDispIncr::test() - failed to converge 
after: 10 iterations  current Norm: 0.000405322 (max: 1e-06, Norm deltaR: 2.84841)
WARNING: CTestNormDispIncr::test() - failed to converge 
after: 10 iterations  current Norm: 0.000405322 (max: 1e-06, Norm deltaR: 2.84841)
WARNING: CTestNormDispIncr::test() - failed to converge 
after: 10 iterations  current Norm: 0.000405322 (max: 1e-06, Norm deltaR: 2.84841)
WARNING: CTestNormDispIncr::test() - failed to converge 
after: 10 iterations  current Norm: 0.000405322 (max: 1e-06, Norm deltaR: 2.84841)
WARNING: CTestNormDispIncr::test() - failed to converge 
after: 10 iterations  current Norm: 0.000405322 (max: 1e-06, Norm deltaR: 2.84841)
WARNING: CTestNormDispIncr::test() - failed to converge 
after: 10 iterations  current Norm: 0.000405322 (max: 1e-06, Norm deltaR: 2.84841)
WARNING: CTestNormDispIncr::test() - failed to converge 
after: 10 iterations  current Norm: 0.000405322 (max: 1e-06, Norm deltaR: 2.84841)
WARNING: CTestNormDispIncr::test() - failed to converge 
after: 10 iterations  current Norm: 0.000405322 (max: 1e-06, Norm deltaR: 2.84841)
WARNING: CTestNormDispIncr::test() - failed to converge 
after: 10 iterations  current Norm: 0.000405322 (max: 1e-06, Norm deltaR: 2.84841)
WARNING: CTestNormDispIncr::test() - failed to converge 
after: 10 iterations  current Norm: 0.000405322 (max: 1e-06, Norm deltaR: 2.84841)
WARNING: CTestNormDispIncr::test() - failed to converge 
after: 10 iterations  current Norm: 0.000405322 (max: 1e-06, Norm deltaR: 2.84841)
WARNING: CTestNormDispIncr::test() - failed to converge 
after: 10 iterations  current Norm: 0.000405322 (max: 1e-06, Norm deltaR: 2.84841)
WARNING: CTestNormDispIncr::test() - failed to converge 
after: 10 iterations  current Norm: 0.000405322 (max: 1e-06, Norm deltaR: 2.84841)
WARNING: CTestNormDispIncr::test() - failed to converge 
after: 10 iterations  current Norm: 0.000405322 (max: 1e-06, Norm deltaR: 2.84841)
WARNING: CTestNormDispIncr::test() - failed to converge 
after: 10 iterations  current Norm: 0.000405322 (max: 1e-06, Norm deltaR: 2.84841)
WARNING: CTestNormDispIncr::test() - failed to converge 
after: 10 iterations  current Norm: 0.000405322 (max: 1e-06, Norm deltaR: 2.84841)
WARNING: CTestNormDispIncr::test() - failed to converge 
after: 10 iterations  current Norm: 0.000405322 (max: 1e-06, Norm deltaR: 2.84841)
WARNING: CTestNormDispIncr::test() - failed to converge 
after: 10 iterations  current Norm: 0.000405322 (max: 1e-06, Norm deltaR: 2.84841)
WARNING: CTestNormDispIncr::test() - failed to converge 
after: 10 iterations  current Norm: 0.000405322 (max: 1e-06, Norm deltaR: 2.84841)
WARNING: CTestNormDispIncr::test() - failed to converge 
after: 10 iterations  current Norm: 0.000405322 (max: 1e-06, Norm deltaR: 2.84841)
WARNING: CTestNormDispIncr::test() - failed to converge 
after: 10 iterations  current Norm: 0.000405322 (max: 1e-06, Norm deltaR: 2.84841)
WARNING: CTestNormDispIncr::test() - failed to converge 
after: 10 iterations  current Norm: 0.000405322 (max: 1e-06, Norm deltaR: 2.84841)
WARNING: CTestNormDispIncr::test() - failed to converge 
after: 10 iterations  current Norm: 0.000405322 (max: 1e-06, Norm deltaR: 2.84841)
WARNING: CTestNormDispIncr::test() - failed to converge 
after: 10 iterations  current Norm: 0.000405322 (max: 1e-06, Norm deltaR: 2.84841)
WARNING: CTestNormDispIncr::test() - failed to converge 
after: 10 iterations  current Norm: 0.000405322 (max: 1e-06, Norm deltaR: 2.84841)
WARNING: CTestNormDispIncr::test() - failed to converge 
after: 10 iterations  current Norm: 0.000405322 (max: 1e-06, Norm deltaR: 2.84841)
WARNING: CTestNormDispIncr::test() - failed to converge 
after: 10 iterations  current Norm: 0.000405322 (max: 1e-06, Norm deltaR: 2.84841)
WARNING: CTestNormDispIncr::test() - failed to converge 
after: 10 iterations  current Norm: 0.000405322 (max: 1e-06, Norm deltaR: 2.84841)
WARNING: CTestNormDispIncr::test() - failed to converge 
after: 10 iterations  current Norm: 0.000405322 (max: 1e-06, Norm deltaR: 2.84841)
WARNING: CTestNormDispIncr::test() - failed to converge 
after: 10 iterations  current Norm: 0.000405322 (max: 1e-06, Norm deltaR: 2.84841)
WARNING: CTestNormDispIncr::test() - failed to converge 
after: 10 iterations  current Norm: 0.000405322 (max: 1e-06, Norm deltaR: 2.84841)
WARNING: CTestNormDispIncr::test() - failed to converge 
after: 10 iterations  current Norm: 0.000405322 (max: 1e-06, Norm deltaR: 2.84841)
WARNING: CTestNormDispIncr::test() - failed to converge 
after: 10 iterations  current Norm: 0.000405322 (max: 1e-06, Norm deltaR: 2.84841)
WARNING: CTestNormDispIncr::test() - failed to converge 
after: 10 iterations  current Norm: 0.000405322 (max: 1e-06, Norm deltaR: 2.84841)
WARNING: CTestNormDispIncr::test() - failed to converge 
after: 10 iterations  current Norm: 0.000405322 (max: 1e-06, Norm deltaR: 2.84841)
WARNING: CTestNormDispIncr::test() - failed to converge 
after: 10 iterations  current Norm: 0.000405322 (max: 1e-06, Norm deltaR: 2.84841)
WARNING: CTestNormDispIncr::test() - failed to converge 
after: 10 iterations  current Norm: 0.000405322 (max: 1e-06, Norm deltaR: 2.84841)
WARNING: CTestNormDispIncr::test() - failed to converge 
after: 10 iterations  current Norm: 0.000405322 (max: 1e-06, Norm deltaR: 2.84841)
WARNING: CTestNormDispIncr::test() - failed to converge 
after: 10 iterations  current Norm: 0.000405322 (max: 1e-06, Norm deltaR: 2.84841)
WARNING: CTestNormDispIncr::test() - failed to converge 
after: 10 iterations  current Norm: 0.000405322 (max: 1e-06, Norm deltaR: 2.84841)
WARNING: CTestNormDispIncr::test() - failed to converge 
after: 10 iterations  current Norm: 0.000405322 (max: 1e-06, Norm deltaR: 2.84841)
WARNING: CTestNormDispIncr::test() - failed to converge 
after: 10 iterations  current Norm: 0.000405322 (max: 1e-06, Norm deltaR: 2.84841)
WARNING: CTestNormDispIncr::test() - failed to converge 
after: 10 iterations  current Norm: 0.000405322 (max: 1e-06, Norm deltaR: 2.84841)
WARNING: CTestNormDispIncr::test() - failed to converge 
after: 10 iterations  current Norm: 0.000405322 (max: 1e-06, Norm deltaR: 2.84841)
WARNING: CTestNormDispIncr::test() - failed to converge 
after: 10 iterations  current Norm: 0.000405322 (max: 1e-06, Norm deltaR: 2.84841)
WARNING: CTestNormDispIncr::test() - failed to converge 
after: 10 iterations  current Norm: 0.000405322 (max: 1e-06, Norm deltaR: 2.84841)
WARNING: CTestNormDispIncr::test() - failed to converge 
after: 10 iterations  current Norm: 0.000405322 (max: 1e-06, Norm deltaR: 2.84841)
WARNING: CTestNormDispIncr::test() - failed to converge 
after: 10 iterations  current Norm: 0.000405322 (max: 1e-06, Norm deltaR: 2.84841)
WARNING: CTestNormDispIncr::test() - failed to converge 
after: 10 iterations  current Norm: 0.000405322 (max: 1e-06, Norm deltaR: 2.84841)
WARNING: CTestNormDispIncr::test() - failed to converge 
after: 10 iterations  current Norm: 0.000405322 (max: 1e-06, Norm deltaR: 2.84841)
WARNING: CTestNormDispIncr::test() - failed to converge 
after: 10 iterations  current Norm: 0.000405322 (max: 1e-06, Norm deltaR: 2.84841)
WARNING: CTestNormDispIncr::test() - failed to converge 
after: 10 iterations  current Norm: 0.000405322 (max: 1e-06, Norm deltaR: 2.84841)
WARNING: CTestNormDispIncr::test() - failed to converge 
after: 10 iterations  current Norm: 0.000405322 (max: 1e-06, Norm deltaR: 2.84841)
WARNING: CTestNormDispIncr::test() - failed to converge 
after: 10 iterations  current Norm: 0.000405322 (max: 1e-06, Norm deltaR: 2.84841)
WARNING: CTestNormDispIncr::test() - failed to converge 
after: 10 iterations  current Norm: 0.000405322 (max: 1e-06, Norm deltaR: 2.84841)
WARNING: CTestNormDispIncr::test() - failed to converge 
after: 10 iterations  current Norm: 0.000405322 (max: 1e-06, Norm deltaR: 2.84841)
WARNING: CTestNormDispIncr::test() - failed to converge 
after: 10 iterations  current Norm: 0.000405322 (max: 1e-06, Norm deltaR: 2.84841)
WARNING: CTestNormDispIncr::test() - failed to converge 
after: 10 iterations  current Norm: 0.000405322 (max: 1e-06, Norm deltaR: 2.84841)
WARNING: CTestNormDispIncr::test() - failed to converge 
after: 10 iterations  current Norm: 0.000405322 (max: 1e-06, Norm deltaR: 2.84841)
WARNING: CTestNormDispIncr::test() - failed to converge 
after: 10 iterations  current Norm: 0.000405322 (max: 1e-06, Norm deltaR: 2.84841)
WARNING: CTestNormDispIncr::test() - failed to converge 
after: 10 iterations  current Norm: 0.000405322 (max: 1e-06, Norm deltaR: 2.84841)
WARNING: CTestNormDispIncr::test() - failed to converge 
after: 10 iterations  current Norm: 0.000405322 (max: 1e-06, Norm deltaR: 2.84841)
WARNING: CTestNormDispIncr::test() - failed to converge 
after: 10 iterations  current Norm: 0.000405322 (max: 1e-06, Norm deltaR: 2.84841)
WARNING: CTestNormDispIncr::test() - failed to converge 
after: 10 iterations  current Norm: 0.000405322 (max: 1e-06, Norm deltaR: 2.84841)
WARNING: CTestNormDispIncr::test() - failed to converge 
after: 10 iterations  current Norm: 0.000405322 (max: 1e-06, Norm deltaR: 2.84841)
WARNING: CTestNormDispIncr::test() - failed to converge 
after: 10 iterations  current Norm: 0.000405322 (max: 1e-06, Norm deltaR: 2.84841)
WARNING: CTestNormDispIncr::test() - failed to converge 
after: 10 iterations  current Norm: 0.000405322 (max: 1e-06, Norm deltaR: 2.84841)
WARNING: CTestNormDispIncr::test() - failed to converge 
after: 10 iterations  current Norm: 0.000405322 (max: 1e-06, Norm deltaR: 2.84841)
WARNING: CTestNormDispIncr::test() - failed to converge 
after: 10 iterations  current Norm: 0.000405322 (max: 1e-06, Norm deltaR: 2.84841)
WARNING: CTestNormDispIncr::test() - failed to converge 
after: 10 iterations  current Norm: 0.000405322 (max: 1e-06, Norm deltaR: 2.84841)
WARNING: CTestNormDispIncr::test() - failed to converge 
after: 10 iterations  current Norm: 0.000405322 (max: 1e-06, Norm deltaR: 2.84841)
WARNING: CTestNormDispIncr::test() - failed to converge 
after: 10 iterations  current Norm: 0.000405322 (max: 1e-06, Norm deltaR: 2.84841)
WARNING: CTestNormDispIncr::test() - failed to converge 
after: 10 iterations  current Norm: 0.000405322 (max: 1e-06, Norm deltaR: 2.84841)
WARNING: CTestNormDispIncr::test() - failed to converge 
after: 10 iterations  current Norm: 0.000405322 (max: 1e-06, Norm deltaR: 2.84841)
WARNING: CTestNormDispIncr::test() - failed to converge 
after: 10 iterations  current Norm: 0.000405322 (max: 1e-06, Norm deltaR: 2.84841)
WARNING: CTestNormDispIncr::test() - failed to converge 
after: 10 iterations  current Norm: 0.000405322 (max: 1e-06, Norm deltaR: 2.84841)
WARNING: CTestNormDispIncr::test() - failed to converge 
after: 10 iterations  current Norm: 0.000405322 (max: 1e-06, Norm deltaR: 2.84841)
WARNING: CTestNormDispIncr::test() - failed to converge 
after: 10 iterations  current Norm: 0.000405322 (max: 1e-06, Norm deltaR: 2.84841)
WARNING: CTestNormDispIncr::test() - failed to converge 
after: 10 iterations  current Norm: 0.000405322 (max: 1e-06, Norm deltaR: 2.84841)
WARNING: CTestNormDispIncr::test() - failed to converge 
after: 10 iterations  current Norm: 0.000405322 (max: 1e-06, Norm deltaR: 2.84841)
WARNING: CTestNormDispIncr::test() - failed to converge 
after: 10 iterations  current Norm: 0.000405322 (max: 1e-06, Norm deltaR: 2.84841)
WARNING: CTestNormDispIncr::test() - failed to converge 
after: 10 iterations  current Norm: 0.000405322 (max: 1e-06, Norm deltaR: 2.84841)
WARNING: CTestNormDispIncr::test() - failed to converge 
after: 10 iterations  current Norm: 0.000405322 (max: 1e-06, Norm deltaR: 2.84841)
WARNING: CTestNormDispIncr::test() - failed to converge 
after: 10 iterations  current Norm: 0.000405322 (max: 1e-06, Norm deltaR: 2.84841)
WARNING: CTestNormDispIncr::test() - failed to converge 
after: 10 iterations  current Norm: 0.000405322 (max: 1e-06, Norm deltaR: 2.84841)
WARNING: CTestNormDispIncr::test() - failed to converge 
after: 10 iterations  current Norm: 0.000405322 (max: 1e-06, Norm deltaR: 2.84841)
WARNING: CTestNormDispIncr::test() - failed to converge 
after: 10 iterations  current Norm: 0.000405322 (max: 1e-06, Norm deltaR: 2.84841)
WARNING: CTestNormDispIncr::test() - failed to converge 
after: 100 iterations  current Norm: 0.000405322 (max: 1e-06, Norm deltaR: 2.84841)
BFGS::solveCurrentStep() -the ConvergenceTest object failed in test()
DirectIntegrationAnalysis::analyze() - the Algorithm failed at time 12.83
OpenSees > analyze failed, returned: -3 error flag
WARNING: CTestNormDispIncr::test() - failed to converge 
after: 100 iterations  current Norm: 5.6643e-05 (max: 1e-06, Norm deltaR: 1.74131)
AcceleratedNewton::solveCurrentStep() -The ConvergenceTest object failed in test()
DirectIntegrationAnalysis::analyze() - the Algorithm failed at time 12.83
OpenSees > analyze failed, returned: -3 error flag
WARNING: CTestNormDispIncr::test() - failed to converge 
after: 100 iterations  current Norm: 5.1503e-05 (max: 1e-06, Norm deltaR: 2.04589)
NewtonLineSearch::solveCurrentStep() -the ConvergenceTest object failed in test()
DirectIntegrationAnalysis::analyze() - the Algorithm failed at time 12.83
OpenSees > analyze failed, returned: -3 error flag
WARNING: CTestNormDispIncr::test() - failed to converge 
after: 10 iterations  current Norm: 1.02303e-05 (max: 1e-06, Norm deltaR: 16.8486)
WARNING - ForceBeamColumn3d::update - failed to get compatible element forces & deformations for element: 2201(dW: << 0.0116017, dW0: 0.000376518)
Domain::update - domain failed in update
TRBDF2::update() - failed to update the domain
WARNING Broyden::solveCurrentStep() -the Integrator failed in update()
DirectIntegrationAnalysis::analyze() - the Algorithm failed at time 12.83
OpenSees > analyze failed, returned: -3 error flag
WARNING: CTestNormDispIncr::test() - failed to converge 
after: 10 iterations  current Norm: 0.356513 (max: 1e-06, Norm deltaR: 269152)
WARNING: CTestNormDispIncr::test() - failed to converge 
after: 10 iterations  current Norm: 0.00173965 (max: 1e-06, Norm deltaR: 2.16956)
WARNING - ForceBeamColumn3d::update - failed to get compatible element forces & deformations for element: 2001(dW: << 0.00027159, dW0: 0.00813783)
Domain::update - domain failed in update
TRBDF2::update() - failed to update the domain
WARNING BFGS::solveCurrentStep() -the Integrator failed in update()
DirectIntegrationAnalysis::analyze() - the Algorithm failed at time 12.86
OpenSees > analyze failed, returned: -3 error flag
WARNING - ForceBeamColumn3d::update - failed to get compatible element forces & deformations for element: 2001(dW: << 0.000271589, dW0: 0.00806758)
Domain::update - domain failed in update
TRBDF2::update() - failed to update the domain
WARNING AcceleratedNewton::solveCurrentStep() -the Integrator failed in update()
DirectIntegrationAnalysis::analyze() - the Algorithm failed at time 12.86
OpenSees > analyze failed, returned: -3 error flag
WARNING - ForceBeamColumn3d::update - failed to get compatible element forces & deformations for element: 2001(dW: << 0.000271589, dW0: 0.00806758)
Domain::update - domain failed in update
TRBDF2::update() - failed to update the domain
WARNING NewtonLineSearch::solveCurrentStep() -the Integrator failed in update()
DirectIntegrationAnalysis::analyze() - the Algorithm failed at time 12.86
OpenSees > analyze failed, returned: -3 error flag
WARNING - ForceBeamColumn3d::update - failed to get compatible element forces & deformations for element: 2001(dW: << 0.000271589, dW0: 0.00806758)
Domain::update - domain failed in update
TRBDF2::update() - failed to update the domain
WARNING Broyden::solveCurrentStep() -the Integrator failed in update()
DirectIntegrationAnalysis::analyze() - the Algorithm failed at time 12.86
OpenSees > analyze failed, returned: -3 error flag
WARNING - ForceBeamColumn3d::update - failed to get compatible element forces & deformations for element: 2001(dW: << 0.000271589, dW0: 0.00806758)
Domain::update - domain failed in update
TRBDF2::update() - failed to update the domain
WARNING BFGS::solveCurrentStep() -the Integrator failed in update()
DirectIntegrationAnalysis::analyze() - the Algorithm failed at time 12.86
OpenSees > analyze failed, returned: -3 error flag
WARNING - ForceBeamColumn3d::update - failed to get compatible element forces & deformations for element: 2001(dW: << 0.00027159, dW0: 0.00817987)
Domain::update - domain failed in update
TRBDF2::update() - failed to update the domain
WARNING AcceleratedNewton::solveCurrentStep() -the Integrator failed in update()
DirectIntegrationAnalysis::analyze() - the Algorithm failed at time 12.8625
OpenSees > analyze failed, returned: -3 error flag
WARNING - ForceBeamColumn3d::update - failed to get compatible element forces & deformations for element: 2001(dW: << 0.000271589, dW0: 0.00814882)
Domain::update - domain failed in update
TRBDF2::update() - failed to update the domain
WARNING AcceleratedNewton::solveCurrentStep() -the Integrator failed in update()
DirectIntegrationAnalysis::analyze() - the Algorithm failed at time 12.8625
OpenSees > analyze failed, returned: -3 error flag
WARNING: CTestNormDispIncr::test() - failed to converge 
after: 100 iterations  current Norm: 3.79411e-06 (max: 1e-06, Norm deltaR: 1.45982)
NewtonLineSearch::solveCurrentStep() -the ConvergenceTest object failed in test()
DirectIntegrationAnalysis::analyze() - the Algorithm failed at time 12.8625
OpenSees > analyze failed, returned: -3 error flag
WARNING: CTestNormDispIncr::test() - failed to converge 
after: 10 iterations  current Norm: 0.000955409 (max: 1e-06, Norm deltaR: 1.43917)
WARNING - ForceBeamColumn3d::update - failed to get compatible element forces & deformations for element: 2001(dW: << 0.00027159, dW0: 0.00801817)
Domain::update - domain failed in update
TRBDF2::update() - failed to update the domain
WARNING Broyden::solveCurrentStep() -the Integrator failed in update()
DirectIntegrationAnalysis::analyze() - the Algorithm failed at time 12.8625
OpenSees > analyze failed, returned: -3 error flag
WARNING: CTestNormDispIncr::test() - failed to converge 
after: 10 iterations  current Norm: 0.00692244 (max: 1e-06, Norm deltaR: 49.2577)
WARNING: CTestNormDispIncr::test() - failed to converge 
after: 10 iterations  current Norm: 0.000330709 (max: 1e-06, Norm deltaR: 0.786222)
WARNING - ForceBeamColumn3d::update - failed to get compatible element forces & deformations for element: 2001(dW: << 0.000271588, dW0: 0.00804675)
Domain::update - domain failed in update
TRBDF2::update() - failed to update the domain
WARNING BFGS::solveCurrentStep() -the Integrator failed in update()
DirectIntegrationAnalysis::analyze() - the Algorithm failed at time 12.8625
OpenSees > analyze failed, returned: -3 error flag
WARNING - ForceBeamColumn3d::update - failed to get compatible element forces & deformations for element: 2001(dW: << 0.00027159, dW0: 0.00820574)
Domain::update - domain failed in update
TRBDF2::update() - failed to update the domain
WARNING AcceleratedNewton::solveCurrentStep() -the Integrator failed in update()
DirectIntegrationAnalysis::analyze() - the Algorithm failed at time 12.86
OpenSees > analyze failed, returned: -3 error flag
WARNING - ForceBeamColumn3d::update - failed to get compatible element forces & deformations for element: 2001(dW: << 0.00027159, dW0: 0.00820574)
Domain::update - domain failed in update
TRBDF2::update() - failed to update the domain
WARNING NewtonLineSearch::solveCurrentStep() -the Integrator failed in update()
DirectIntegrationAnalysis::analyze() - the Algorithm failed at time 12.86
OpenSees > analyze failed, returned: -3 error flag
WARNING - ForceBeamColumn3d::update - failed to get compatible element forces & deformations for element: 2001(dW: << 0.00027159, dW0: 0.00820574)
Domain::update - domain failed in update
TRBDF2::update() - failed to update the domain
WARNING Broyden::solveCurrentStep() -the Integrator failed in update()
DirectIntegrationAnalysis::analyze() - the Algorithm failed at time 12.86
OpenSees > analyze failed, returned: -3 error flag
WARNING - ForceBeamColumn3d::update - failed to get compatible element forces & deformations for element: 2001(dW: << 0.00027159, dW0: 0.00820574)
Domain::update - domain failed in update
TRBDF2::update() - failed to update the domain
WARNING BFGS::solveCurrentStep() -the Integrator failed in update()
DirectIntegrationAnalysis::analyze() - the Algorithm failed at time 12.86
OpenSees > analyze failed, returned: -3 error flag
WARNING - ForceBeamColumn3d::update - failed to get compatible element forces & deformations for element: 2001(dW: << 0.00027159, dW0: 0.00803417)
Domain::update - domain failed in update
TRBDF2::update() - failed to update the domain
WARNING AcceleratedNewton::solveCurrentStep() -the Integrator failed in update()
DirectIntegrationAnalysis::analyze() - the Algorithm failed at time 12.8638
OpenSees > analyze failed, returned: -3 error flag
WARNING - ForceBeamColumn3d::update - failed to get compatible element forces & deformations for element: 2001(dW: << 0.000271588, dW0: 0.00811643)
Domain::update - domain failed in update
TRBDF2::update() - failed to update the domain
WARNING AcceleratedNewton::solveCurrentStep() -the Integrator failed in update()
DirectIntegrationAnalysis::analyze() - the Algorithm failed at time 12.8638
OpenSees > analyze failed, returned: -3 error flag
WARNING: CTestNormDispIncr::test() - failed to converge 
after: 100 iterations  current Norm: 6.97167e-05 (max: 1e-06, Norm deltaR: 1.07251)
NewtonLineSearch::solveCurrentStep() -the ConvergenceTest object failed in test()
DirectIntegrationAnalysis::analyze() - the Algorithm failed at time 12.8638
OpenSees > analyze failed, returned: -3 error flag
WARNING: CTestNormDispIncr::test() - failed to converge 
after: 10 iterations  current Norm: 0.000194191 (max: 1e-06, Norm deltaR: 1.19984)
WARNING: CTestNormDispIncr::test() - failed to converge 
after: 10 iterations  current Norm: 0.00038855 (max: 1e-06, Norm deltaR: 1.49185)
WARNING: CTestNormDispIncr::test() - failed to converge 
after: 10 iterations  current Norm: 0.000390244 (max: 1e-06, Norm deltaR: 1.49185)
WARNING: CTestNormDispIncr::test() - failed to converge 
after: 10 iterations  current Norm: 0.000390244 (max: 1e-06, Norm deltaR: 1.49185)
WARNING: CTestNormDispIncr::test() - failed to converge 
after: 10 iterations  current Norm: 0.000390244 (max: 1e-06, Norm deltaR: 1.49185)
WARNING: CTestNormDispIncr::test() - failed to converge 
after: 10 iterations  current Norm: 0.000390244 (max: 1e-06, Norm deltaR: 1.49185)
WARNING: CTestNormDispIncr::test() - failed to converge 
after: 10 iterations  current Norm: 0.000390244 (max: 1e-06, Norm deltaR: 1.49185)
WARNING: CTestNormDispIncr::test() - failed to converge 
after: 10 iterations  current Norm: 0.000390244 (max: 1e-06, Norm deltaR: 1.49185)
WARNING: CTestNormDispIncr::test() - failed to converge 
after: 10 iterations  current Norm: 0.000390244 (max: 1e-06, Norm deltaR: 1.49185)
WARNING: CTestNormDispIncr::test() - failed to converge 
after: 10 iterations  current Norm: 0.000390244 (max: 1e-06, Norm deltaR: 1.49185)
WARNING: CTestNormDispIncr::test() - failed to converge 
after: 10 iterations  current Norm: 0.000390244 (max: 1e-06, Norm deltaR: 1.49185)
WARNING: CTestNormDispIncr::test() - failed to converge 
after: 10 iterations  current Norm: 0.000390244 (max: 1e-06, Norm deltaR: 1.49185)
WARNING: CTestNormDispIncr::test() - failed to converge 
after: 10 iterations  current Norm: 0.000390244 (max: 1e-06, Norm deltaR: 1.49185)
WARNING: CTestNormDispIncr::test() - failed to converge 
after: 10 iterations  current Norm: 0.000390244 (max: 1e-06, Norm deltaR: 1.49185)
WARNING: CTestNormDispIncr::test() - failed to converge 
after: 10 iterations  current Norm: 0.000390244 (max: 1e-06, Norm deltaR: 1.49185)
WARNING: CTestNormDispIncr::test() - failed to converge 
after: 10 iterations  current Norm: 0.000390244 (max: 1e-06, Norm deltaR: 1.49185)
WARNING: CTestNormDispIncr::test() - failed to converge 
after: 10 iterations  current Norm: 0.000390244 (max: 1e-06, Norm deltaR: 1.49185)
WARNING: CTestNormDispIncr::test() - failed to converge 
after: 10 iterations  current Norm: 0.000390244 (max: 1e-06, Norm deltaR: 1.49185)
WARNING: CTestNormDispIncr::test() - failed to converge 
after: 10 iterations  current Norm: 0.000390244 (max: 1e-06, Norm deltaR: 1.49185)
WARNING: CTestNormDispIncr::test() - failed to converge 
after: 10 iterations  current Norm: 0.000390244 (max: 1e-06, Norm deltaR: 1.49185)
WARNING: CTestNormDispIncr::test() - failed to converge 
after: 10 iterations  current Norm: 0.000390244 (max: 1e-06, Norm deltaR: 1.49185)
WARNING: CTestNormDispIncr::test() - failed to converge 
after: 10 iterations  current Norm: 0.000390244 (max: 1e-06, Norm deltaR: 1.49185)
WARNING: CTestNormDispIncr::test() - failed to converge 
after: 10 iterations  current Norm: 0.000390244 (max: 1e-06, Norm deltaR: 1.49185)
WARNING: CTestNormDispIncr::test() - failed to converge 
after: 10 iterations  current Norm: 0.000390244 (max: 1e-06, Norm deltaR: 1.49185)
WARNING: CTestNormDispIncr::test() - failed to converge 
after: 10 iterations  current Norm: 0.000390244 (max: 1e-06, Norm deltaR: 1.49185)
WARNING: CTestNormDispIncr::test() - failed to converge 
after: 10 iterations  current Norm: 0.000390244 (max: 1e-06, Norm deltaR: 1.49185)
WARNING: CTestNormDispIncr::test() - failed to converge 
after: 10 iterations  current Norm: 0.000390244 (max: 1e-06, Norm deltaR: 1.49185)
WARNING: CTestNormDispIncr::test() - failed to converge 
after: 10 iterations  current Norm: 0.000390244 (max: 1e-06, Norm deltaR: 1.49185)
WARNING: CTestNormDispIncr::test() - failed to converge 
after: 10 iterations  current Norm: 0.000390244 (max: 1e-06, Norm deltaR: 1.49185)
WARNING: CTestNormDispIncr::test() - failed to converge 
after: 10 iterations  current Norm: 0.000390244 (max: 1e-06, Norm deltaR: 1.49185)
WARNING: CTestNormDispIncr::test() - failed to converge 
after: 10 iterations  current Norm: 0.000390244 (max: 1e-06, Norm deltaR: 1.49185)
WARNING: CTestNormDispIncr::test() - failed to converge 
after: 10 iterations  current Norm: 0.000390244 (max: 1e-06, Norm deltaR: 1.49185)
WARNING: CTestNormDispIncr::test() - failed to converge 
after: 10 iterations  current Norm: 0.000390244 (max: 1e-06, Norm deltaR: 1.49185)
WARNING: CTestNormDispIncr::test() - failed to converge 
after: 10 iterations  current Norm: 0.000390244 (max: 1e-06, Norm deltaR: 1.49185)
WARNING: CTestNormDispIncr::test() - failed to converge 
after: 10 iterations  current Norm: 0.000390244 (max: 1e-06, Norm deltaR: 1.49185)
WARNING: CTestNormDispIncr::test() - failed to converge 
after: 10 iterations  current Norm: 0.000390244 (max: 1e-06, Norm deltaR: 1.49185)
WARNING: CTestNormDispIncr::test() - failed to converge 
after: 10 iterations  current Norm: 0.000390244 (max: 1e-06, Norm deltaR: 1.49185)
WARNING: CTestNormDispIncr::test() - failed to converge 
after: 10 iterations  current Norm: 0.000390244 (max: 1e-06, Norm deltaR: 1.49185)
WARNING: CTestNormDispIncr::test() - failed to converge 
after: 10 iterations  current Norm: 0.000390244 (max: 1e-06, Norm deltaR: 1.49185)
WARNING: CTestNormDispIncr::test() - failed to converge 
after: 10 iterations  current Norm: 0.000390244 (max: 1e-06, Norm deltaR: 1.49185)
WARNING: CTestNormDispIncr::test() - failed to converge 
after: 10 iterations  current Norm: 0.000390244 (max: 1e-06, Norm deltaR: 1.49185)
WARNING: CTestNormDispIncr::test() - failed to converge 
after: 10 iterations  current Norm: 0.000390244 (max: 1e-06, Norm deltaR: 1.49185)
WARNING: CTestNormDispIncr::test() - failed to converge 
after: 10 iterations  current Norm: 0.000390244 (max: 1e-06, Norm deltaR: 1.49185)
WARNING: CTestNormDispIncr::test() - failed to converge 
after: 10 iterations  current Norm: 0.000390244 (max: 1e-06, Norm deltaR: 1.49185)
WARNING: CTestNormDispIncr::test() - failed to converge 
after: 10 iterations  current Norm: 0.000390244 (max: 1e-06, Norm deltaR: 1.49185)
WARNING: CTestNormDispIncr::test() - failed to converge 
after: 10 iterations  current Norm: 0.000390244 (max: 1e-06, Norm deltaR: 1.49185)
WARNING: CTestNormDispIncr::test() - failed to converge 
after: 10 iterations  current Norm: 0.000390244 (max: 1e-06, Norm deltaR: 1.49185)
WARNING: CTestNormDispIncr::test() - failed to converge 
after: 10 iterations  current Norm: 0.000390244 (max: 1e-06, Norm deltaR: 1.49185)
WARNING: CTestNormDispIncr::test() - failed to converge 
after: 10 iterations  current Norm: 0.000390244 (max: 1e-06, Norm deltaR: 1.49185)
WARNING: CTestNormDispIncr::test() - failed to converge 
after: 10 iterations  current Norm: 0.000390244 (max: 1e-06, Norm deltaR: 1.49185)
WARNING: CTestNormDispIncr::test() - failed to converge 
after: 10 iterations  current Norm: 0.000390244 (max: 1e-06, Norm deltaR: 1.49185)
WARNING: CTestNormDispIncr::test() - failed to converge 
after: 10 iterations  current Norm: 0.000390244 (max: 1e-06, Norm deltaR: 1.49185)
WARNING: CTestNormDispIncr::test() - failed to converge 
after: 10 iterations  current Norm: 0.000390244 (max: 1e-06, Norm deltaR: 1.49185)
WARNING: CTestNormDispIncr::test() - failed to converge 
after: 10 iterations  current Norm: 0.000390244 (max: 1e-06, Norm deltaR: 1.49185)
WARNING: CTestNormDispIncr::test() - failed to converge 
after: 10 iterations  current Norm: 0.000390244 (max: 1e-06, Norm deltaR: 1.49185)
WARNING: CTestNormDispIncr::test() - failed to converge 
after: 10 iterations  current Norm: 0.000390244 (max: 1e-06, Norm deltaR: 1.49185)
WARNING: CTestNormDispIncr::test() - failed to converge 
after: 10 iterations  current Norm: 0.000390244 (max: 1e-06, Norm deltaR: 1.49185)
WARNING: CTestNormDispIncr::test() - failed to converge 
after: 10 iterations  current Norm: 0.000390244 (max: 1e-06, Norm deltaR: 1.49185)
WARNING: CTestNormDispIncr::test() - failed to converge 
after: 10 iterations  current Norm: 0.000390244 (max: 1e-06, Norm deltaR: 1.49185)
WARNING: CTestNormDispIncr::test() - failed to converge 
after: 10 iterations  current Norm: 0.000390244 (max: 1e-06, Norm deltaR: 1.49185)
WARNING: CTestNormDispIncr::test() - failed to converge 
after: 10 iterations  current Norm: 0.000390244 (max: 1e-06, Norm deltaR: 1.49185)
WARNING: CTestNormDispIncr::test() - failed to converge 
after: 10 iterations  current Norm: 0.000390244 (max: 1e-06, Norm deltaR: 1.49185)
WARNING: CTestNormDispIncr::test() - failed to converge 
after: 10 iterations  current Norm: 0.000390244 (max: 1e-06, Norm deltaR: 1.49185)
WARNING: CTestNormDispIncr::test() - failed to converge 
after: 10 iterations  current Norm: 0.000390244 (max: 1e-06, Norm deltaR: 1.49185)
WARNING: CTestNormDispIncr::test() - failed to converge 
after: 10 iterations  current Norm: 0.000390244 (max: 1e-06, Norm deltaR: 1.49185)
WARNING: CTestNormDispIncr::test() - failed to converge 
after: 10 iterations  current Norm: 0.000390244 (max: 1e-06, Norm deltaR: 1.49185)
WARNING: CTestNormDispIncr::test() - failed to converge 
after: 10 iterations  current Norm: 0.000390244 (max: 1e-06, Norm deltaR: 1.49185)
WARNING: CTestNormDispIncr::test() - failed to converge 
after: 10 iterations  current Norm: 0.000390244 (max: 1e-06, Norm deltaR: 1.49185)
WARNING: CTestNormDispIncr::test() - failed to converge 
after: 10 iterations  current Norm: 0.000390244 (max: 1e-06, Norm deltaR: 1.49185)
WARNING: CTestNormDispIncr::test() - failed to converge 
after: 10 iterations  current Norm: 0.000390244 (max: 1e-06, Norm deltaR: 1.49185)
WARNING: CTestNormDispIncr::test() - failed to converge 
after: 10 iterations  current Norm: 0.000390244 (max: 1e-06, Norm deltaR: 1.49185)
WARNING: CTestNormDispIncr::test() - failed to converge 
after: 10 iterations  current Norm: 0.000390244 (max: 1e-06, Norm deltaR: 1.49185)
WARNING: CTestNormDispIncr::test() - failed to converge 
after: 10 iterations  current Norm: 0.000390244 (max: 1e-06, Norm deltaR: 1.49185)
WARNING: CTestNormDispIncr::test() - failed to converge 
after: 10 iterations  current Norm: 0.000390244 (max: 1e-06, Norm deltaR: 1.49185)
WARNING: CTestNormDispIncr::test() - failed to converge 
after: 10 iterations  current Norm: 0.000390244 (max: 1e-06, Norm deltaR: 1.49185)
WARNING: CTestNormDispIncr::test() - failed to converge 
after: 10 iterations  current Norm: 0.000390244 (max: 1e-06, Norm deltaR: 1.49185)
WARNING: CTestNormDispIncr::test() - failed to converge 
after: 10 iterations  current Norm: 0.000390244 (max: 1e-06, Norm deltaR: 1.49185)
WARNING: CTestNormDispIncr::test() - failed to converge 
after: 10 iterations  current Norm: 0.000390244 (max: 1e-06, Norm deltaR: 1.49185)
WARNING: CTestNormDispIncr::test() - failed to converge 
after: 10 iterations  current Norm: 0.000390244 (max: 1e-06, Norm deltaR: 1.49185)
WARNING: CTestNormDispIncr::test() - failed to converge 
after: 10 iterations  current Norm: 0.000390244 (max: 1e-06, Norm deltaR: 1.49185)
WARNING: CTestNormDispIncr::test() - failed to converge 
after: 10 iterations  current Norm: 0.000390244 (max: 1e-06, Norm deltaR: 1.49185)
WARNING: CTestNormDispIncr::test() - failed to converge 
after: 10 iterations  current Norm: 0.000390244 (max: 1e-06, Norm deltaR: 1.49185)
WARNING: CTestNormDispIncr::test() - failed to converge 
after: 10 iterations  current Norm: 0.000390244 (max: 1e-06, Norm deltaR: 1.49185)
WARNING: CTestNormDispIncr::test() - failed to converge 
after: 10 iterations  current Norm: 0.000390244 (max: 1e-06, Norm deltaR: 1.49185)
WARNING: CTestNormDispIncr::test() - failed to converge 
after: 10 iterations  current Norm: 0.000390244 (max: 1e-06, Norm deltaR: 1.49185)
WARNING: CTestNormDispIncr::test() - failed to converge 
after: 10 iterations  current Norm: 0.000390244 (max: 1e-06, Norm deltaR: 1.49185)
WARNING: CTestNormDispIncr::test() - failed to converge 
after: 10 iterations  current Norm: 0.000390244 (max: 1e-06, Norm deltaR: 1.49185)
WARNING: CTestNormDispIncr::test() - failed to converge 
after: 10 iterations  current Norm: 0.000390244 (max: 1e-06, Norm deltaR: 1.49185)
WARNING: CTestNormDispIncr::test() - failed to converge 
after: 10 iterations  current Norm: 0.000390244 (max: 1e-06, Norm deltaR: 1.49185)
WARNING: CTestNormDispIncr::test() - failed to converge 
after: 10 iterations  current Norm: 0.000390244 (max: 1e-06, Norm deltaR: 1.49185)
WARNING: CTestNormDispIncr::test() - failed to converge 
after: 10 iterations  current Norm: 0.000390244 (max: 1e-06, Norm deltaR: 1.49185)
WARNING: CTestNormDispIncr::test() - failed to converge 
after: 10 iterations  current Norm: 0.000390244 (max: 1e-06, Norm deltaR: 1.49185)
WARNING: CTestNormDispIncr::test() - failed to converge 
after: 10 iterations  current Norm: 0.000390244 (max: 1e-06, Norm deltaR: 1.49185)
WARNING: CTestNormDispIncr::test() - failed to converge 
after: 10 iterations  current Norm: 0.000390244 (max: 1e-06, Norm deltaR: 1.49185)
WARNING: CTestNormDispIncr::test() - failed to converge 
after: 10 iterations  current Norm: 0.000390244 (max: 1e-06, Norm deltaR: 1.49185)
WARNING: CTestNormDispIncr::test() - failed to converge 
after: 10 iterations  current Norm: 0.000390244 (max: 1e-06, Norm deltaR: 1.49185)
WARNING: CTestNormDispIncr::test() - failed to converge 
after: 10 iterations  current Norm: 0.000390244 (max: 1e-06, Norm deltaR: 1.49185)
WARNING: CTestNormDispIncr::test() - failed to converge 
after: 10 iterations  current Norm: 0.000390244 (max: 1e-06, Norm deltaR: 1.49185)
WARNING: CTestNormDispIncr::test() - failed to converge 
after: 10 iterations  current Norm: 0.000390244 (max: 1e-06, Norm deltaR: 1.49185)
WARNING: CTestNormDispIncr::test() - failed to converge 
after: 10 iterations  current Norm: 0.000390244 (max: 1e-06, Norm deltaR: 1.49185)
WARNING: CTestNormDispIncr::test() - failed to converge 
after: 100 iterations  current Norm: 0.000390244 (max: 1e-06, Norm deltaR: 1.49185)
Broyden::solveCurrentStep() -the ConvergenceTest object failed in test()
DirectIntegrationAnalysis::analyze() - the Algorithm failed at time 12.8638
OpenSees > analyze failed, returned: -3 error flag
WARNING: CTestNormDispIncr::test() - failed to converge 
after: 10 iterations  current Norm: 0.000794404 (max: 1e-06, Norm deltaR: 7.24937)
WARNING: CTestNormDispIncr::test() - failed to converge 
after: 10 iterations  current Norm: 0.000390223 (max: 1e-06, Norm deltaR: 1.49185)
WARNING: CTestNormDispIncr::test() - failed to converge 
after: 10 iterations  current Norm: 0.000390244 (max: 1e-06, Norm deltaR: 1.49185)
WARNING: CTestNormDispIncr::test() - failed to converge 
after: 10 iterations  current Norm: 0.000390244 (max: 1e-06, Norm deltaR: 1.49185)
WARNING: CTestNormDispIncr::test() - failed to converge 
after: 10 iterations  current Norm: 0.000390244 (max: 1e-06, Norm deltaR: 1.49185)
WARNING: CTestNormDispIncr::test() - failed to converge 
after: 10 iterations  current Norm: 0.000390244 (max: 1e-06, Norm deltaR: 1.49185)
WARNING: CTestNormDispIncr::test() - failed to converge 
after: 10 iterations  current Norm: 0.000390244 (max: 1e-06, Norm deltaR: 1.49185)
WARNING: CTestNormDispIncr::test() - failed to converge 
after: 10 iterations  current Norm: 0.000390244 (max: 1e-06, Norm deltaR: 1.49185)
WARNING: CTestNormDispIncr::test() - failed to converge 
after: 10 iterations  current Norm: 0.000390244 (max: 1e-06, Norm deltaR: 1.49185)
WARNING: CTestNormDispIncr::test() - failed to converge 
after: 10 iterations  current Norm: 0.000390244 (max: 1e-06, Norm deltaR: 1.49185)
WARNING: CTestNormDispIncr::test() - failed to converge 
after: 10 iterations  current Norm: 0.000390244 (max: 1e-06, Norm deltaR: 1.49185)
WARNING: CTestNormDispIncr::test() - failed to converge 
after: 10 iterations  current Norm: 0.000390244 (max: 1e-06, Norm deltaR: 1.49185)
WARNING: CTestNormDispIncr::test() - failed to converge 
after: 10 iterations  current Norm: 0.000390244 (max: 1e-06, Norm deltaR: 1.49185)
WARNING: CTestNormDispIncr::test() - failed to converge 
after: 10 iterations  current Norm: 0.000390244 (max: 1e-06, Norm deltaR: 1.49185)
WARNING: CTestNormDispIncr::test() - failed to converge 
after: 10 iterations  current Norm: 0.000390244 (max: 1e-06, Norm deltaR: 1.49185)
WARNING: CTestNormDispIncr::test() - failed to converge 
after: 10 iterations  current Norm: 0.000390244 (max: 1e-06, Norm deltaR: 1.49185)
WARNING: CTestNormDispIncr::test() - failed to converge 
after: 10 iterations  current Norm: 0.000390244 (max: 1e-06, Norm deltaR: 1.49185)
WARNING: CTestNormDispIncr::test() - failed to converge 
after: 10 iterations  current Norm: 0.000390244 (max: 1e-06, Norm deltaR: 1.49185)
WARNING: CTestNormDispIncr::test() - failed to converge 
after: 10 iterations  current Norm: 0.000390244 (max: 1e-06, Norm deltaR: 1.49185)
WARNING: CTestNormDispIncr::test() - failed to converge 
after: 10 iterations  current Norm: 0.000390244 (max: 1e-06, Norm deltaR: 1.49185)
WARNING: CTestNormDispIncr::test() - failed to converge 
after: 10 iterations  current Norm: 0.000390244 (max: 1e-06, Norm deltaR: 1.49185)
WARNING: CTestNormDispIncr::test() - failed to converge 
after: 10 iterations  current Norm: 0.000390244 (max: 1e-06, Norm deltaR: 1.49185)
WARNING: CTestNormDispIncr::test() - failed to converge 
after: 10 iterations  current Norm: 0.000390244 (max: 1e-06, Norm deltaR: 1.49185)
WARNING: CTestNormDispIncr::test() - failed to converge 
after: 10 iterations  current Norm: 0.000390244 (max: 1e-06, Norm deltaR: 1.49185)
WARNING: CTestNormDispIncr::test() - failed to converge 
after: 10 iterations  current Norm: 0.000390244 (max: 1e-06, Norm deltaR: 1.49185)
WARNING: CTestNormDispIncr::test() - failed to converge 
after: 10 iterations  current Norm: 0.000390244 (max: 1e-06, Norm deltaR: 1.49185)
WARNING: CTestNormDispIncr::test() - failed to converge 
after: 10 iterations  current Norm: 0.000390244 (max: 1e-06, Norm deltaR: 1.49185)
WARNING: CTestNormDispIncr::test() - failed to converge 
after: 10 iterations  current Norm: 0.000390244 (max: 1e-06, Norm deltaR: 1.49185)
WARNING: CTestNormDispIncr::test() - failed to converge 
after: 10 iterations  current Norm: 0.000390244 (max: 1e-06, Norm deltaR: 1.49185)
WARNING: CTestNormDispIncr::test() - failed to converge 
after: 10 iterations  current Norm: 0.000390244 (max: 1e-06, Norm deltaR: 1.49185)
WARNING: CTestNormDispIncr::test() - failed to converge 
after: 10 iterations  current Norm: 0.000390244 (max: 1e-06, Norm deltaR: 1.49185)
WARNING: CTestNormDispIncr::test() - failed to converge 
after: 10 iterations  current Norm: 0.000390244 (max: 1e-06, Norm deltaR: 1.49185)
WARNING: CTestNormDispIncr::test() - failed to converge 
after: 10 iterations  current Norm: 0.000390244 (max: 1e-06, Norm deltaR: 1.49185)
WARNING: CTestNormDispIncr::test() - failed to converge 
after: 10 iterations  current Norm: 0.000390244 (max: 1e-06, Norm deltaR: 1.49185)
WARNING: CTestNormDispIncr::test() - failed to converge 
after: 10 iterations  current Norm: 0.000390244 (max: 1e-06, Norm deltaR: 1.49185)
WARNING: CTestNormDispIncr::test() - failed to converge 
after: 10 iterations  current Norm: 0.000390244 (max: 1e-06, Norm deltaR: 1.49185)
WARNING: CTestNormDispIncr::test() - failed to converge 
after: 10 iterations  current Norm: 0.000390244 (max: 1e-06, Norm deltaR: 1.49185)
WARNING: CTestNormDispIncr::test() - failed to converge 
after: 10 iterations  current Norm: 0.000390244 (max: 1e-06, Norm deltaR: 1.49185)
WARNING: CTestNormDispIncr::test() - failed to converge 
after: 10 iterations  current Norm: 0.000390244 (max: 1e-06, Norm deltaR: 1.49185)
WARNING: CTestNormDispIncr::test() - failed to converge 
after: 10 iterations  current Norm: 0.000390244 (max: 1e-06, Norm deltaR: 1.49185)
WARNING: CTestNormDispIncr::test() - failed to converge 
after: 10 iterations  current Norm: 0.000390244 (max: 1e-06, Norm deltaR: 1.49185)
WARNING: CTestNormDispIncr::test() - failed to converge 
after: 10 iterations  current Norm: 0.000390244 (max: 1e-06, Norm deltaR: 1.49185)
WARNING: CTestNormDispIncr::test() - failed to converge 
after: 10 iterations  current Norm: 0.000390244 (max: 1e-06, Norm deltaR: 1.49185)
WARNING: CTestNormDispIncr::test() - failed to converge 
after: 10 iterations  current Norm: 0.000390244 (max: 1e-06, Norm deltaR: 1.49185)
WARNING: CTestNormDispIncr::test() - failed to converge 
after: 10 iterations  current Norm: 0.000390244 (max: 1e-06, Norm deltaR: 1.49185)
WARNING: CTestNormDispIncr::test() - failed to converge 
after: 10 iterations  current Norm: 0.000390244 (max: 1e-06, Norm deltaR: 1.49185)
WARNING: CTestNormDispIncr::test() - failed to converge 
after: 10 iterations  current Norm: 0.000390244 (max: 1e-06, Norm deltaR: 1.49185)
WARNING: CTestNormDispIncr::test() - failed to converge 
after: 10 iterations  current Norm: 0.000390244 (max: 1e-06, Norm deltaR: 1.49185)
WARNING: CTestNormDispIncr::test() - failed to converge 
after: 10 iterations  current Norm: 0.000390244 (max: 1e-06, Norm deltaR: 1.49185)
WARNING: CTestNormDispIncr::test() - failed to converge 
after: 10 iterations  current Norm: 0.000390244 (max: 1e-06, Norm deltaR: 1.49185)
WARNING: CTestNormDispIncr::test() - failed to converge 
after: 10 iterations  current Norm: 0.000390244 (max: 1e-06, Norm deltaR: 1.49185)
WARNING: CTestNormDispIncr::test() - failed to converge 
after: 10 iterations  current Norm: 0.000390244 (max: 1e-06, Norm deltaR: 1.49185)
WARNING: CTestNormDispIncr::test() - failed to converge 
after: 10 iterations  current Norm: 0.000390244 (max: 1e-06, Norm deltaR: 1.49185)
WARNING: CTestNormDispIncr::test() - failed to converge 
after: 10 iterations  current Norm: 0.000390244 (max: 1e-06, Norm deltaR: 1.49185)
WARNING: CTestNormDispIncr::test() - failed to converge 
after: 10 iterations  current Norm: 0.000390244 (max: 1e-06, Norm deltaR: 1.49185)
WARNING: CTestNormDispIncr::test() - failed to converge 
after: 10 iterations  current Norm: 0.000390244 (max: 1e-06, Norm deltaR: 1.49185)
WARNING: CTestNormDispIncr::test() - failed to converge 
after: 10 iterations  current Norm: 0.000390244 (max: 1e-06, Norm deltaR: 1.49185)
WARNING: CTestNormDispIncr::test() - failed to converge 
after: 10 iterations  current Norm: 0.000390244 (max: 1e-06, Norm deltaR: 1.49185)
WARNING: CTestNormDispIncr::test() - failed to converge 
after: 10 iterations  current Norm: 0.000390244 (max: 1e-06, Norm deltaR: 1.49185)
WARNING: CTestNormDispIncr::test() - failed to converge 
after: 10 iterations  current Norm: 0.000390244 (max: 1e-06, Norm deltaR: 1.49185)
WARNING: CTestNormDispIncr::test() - failed to converge 
after: 10 iterations  current Norm: 0.000390244 (max: 1e-06, Norm deltaR: 1.49185)
WARNING: CTestNormDispIncr::test() - failed to converge 
after: 10 iterations  current Norm: 0.000390244 (max: 1e-06, Norm deltaR: 1.49185)
WARNING: CTestNormDispIncr::test() - failed to converge 
after: 10 iterations  current Norm: 0.000390244 (max: 1e-06, Norm deltaR: 1.49185)
WARNING: CTestNormDispIncr::test() - failed to converge 
after: 10 iterations  current Norm: 0.000390244 (max: 1e-06, Norm deltaR: 1.49185)
WARNING: CTestNormDispIncr::test() - failed to converge 
after: 10 iterations  current Norm: 0.000390244 (max: 1e-06, Norm deltaR: 1.49185)
WARNING: CTestNormDispIncr::test() - failed to converge 
after: 10 iterations  current Norm: 0.000390244 (max: 1e-06, Norm deltaR: 1.49185)
WARNING: CTestNormDispIncr::test() - failed to converge 
after: 10 iterations  current Norm: 0.000390244 (max: 1e-06, Norm deltaR: 1.49185)
WARNING: CTestNormDispIncr::test() - failed to converge 
after: 10 iterations  current Norm: 0.000390244 (max: 1e-06, Norm deltaR: 1.49185)
WARNING: CTestNormDispIncr::test() - failed to converge 
after: 10 iterations  current Norm: 0.000390244 (max: 1e-06, Norm deltaR: 1.49185)
WARNING: CTestNormDispIncr::test() - failed to converge 
after: 10 iterations  current Norm: 0.000390244 (max: 1e-06, Norm deltaR: 1.49185)
WARNING: CTestNormDispIncr::test() - failed to converge 
after: 10 iterations  current Norm: 0.000390244 (max: 1e-06, Norm deltaR: 1.49185)
WARNING: CTestNormDispIncr::test() - failed to converge 
after: 10 iterations  current Norm: 0.000390244 (max: 1e-06, Norm deltaR: 1.49185)
WARNING: CTestNormDispIncr::test() - failed to converge 
after: 10 iterations  current Norm: 0.000390244 (max: 1e-06, Norm deltaR: 1.49185)
WARNING: CTestNormDispIncr::test() - failed to converge 
after: 10 iterations  current Norm: 0.000390244 (max: 1e-06, Norm deltaR: 1.49185)
WARNING: CTestNormDispIncr::test() - failed to converge 
after: 10 iterations  current Norm: 0.000390244 (max: 1e-06, Norm deltaR: 1.49185)
WARNING: CTestNormDispIncr::test() - failed to converge 
after: 10 iterations  current Norm: 0.000390244 (max: 1e-06, Norm deltaR: 1.49185)
WARNING: CTestNormDispIncr::test() - failed to converge 
after: 10 iterations  current Norm: 0.000390244 (max: 1e-06, Norm deltaR: 1.49185)
WARNING: CTestNormDispIncr::test() - failed to converge 
after: 10 iterations  current Norm: 0.000390244 (max: 1e-06, Norm deltaR: 1.49185)
WARNING: CTestNormDispIncr::test() - failed to converge 
after: 10 iterations  current Norm: 0.000390244 (max: 1e-06, Norm deltaR: 1.49185)
WARNING: CTestNormDispIncr::test() - failed to converge 
after: 10 iterations  current Norm: 0.000390244 (max: 1e-06, Norm deltaR: 1.49185)
WARNING: CTestNormDispIncr::test() - failed to converge 
after: 10 iterations  current Norm: 0.000390244 (max: 1e-06, Norm deltaR: 1.49185)
WARNING: CTestNormDispIncr::test() - failed to converge 
after: 10 iterations  current Norm: 0.000390244 (max: 1e-06, Norm deltaR: 1.49185)
WARNING: CTestNormDispIncr::test() - failed to converge 
after: 10 iterations  current Norm: 0.000390244 (max: 1e-06, Norm deltaR: 1.49185)
WARNING: CTestNormDispIncr::test() - failed to converge 
after: 10 iterations  current Norm: 0.000390244 (max: 1e-06, Norm deltaR: 1.49185)
WARNING: CTestNormDispIncr::test() - failed to converge 
after: 10 iterations  current Norm: 0.000390244 (max: 1e-06, Norm deltaR: 1.49185)
WARNING: CTestNormDispIncr::test() - failed to converge 
after: 10 iterations  current Norm: 0.000390244 (max: 1e-06, Norm deltaR: 1.49185)
WARNING: CTestNormDispIncr::test() - failed to converge 
after: 10 iterations  current Norm: 0.000390244 (max: 1e-06, Norm deltaR: 1.49185)
WARNING: CTestNormDispIncr::test() - failed to converge 
after: 10 iterations  current Norm: 0.000390244 (max: 1e-06, Norm deltaR: 1.49185)
WARNING: CTestNormDispIncr::test() - failed to converge 
after: 10 iterations  current Norm: 0.000390244 (max: 1e-06, Norm deltaR: 1.49185)
WARNING: CTestNormDispIncr::test() - failed to converge 
after: 10 iterations  current Norm: 0.000390244 (max: 1e-06, Norm deltaR: 1.49185)
WARNING: CTestNormDispIncr::test() - failed to converge 
after: 10 iterations  current Norm: 0.000390244 (max: 1e-06, Norm deltaR: 1.49185)
WARNING: CTestNormDispIncr::test() - failed to converge 
after: 10 iterations  current Norm: 0.000390244 (max: 1e-06, Norm deltaR: 1.49185)
WARNING: CTestNormDispIncr::test() - failed to converge 
after: 10 iterations  current Norm: 0.000390244 (max: 1e-06, Norm deltaR: 1.49185)
WARNING: CTestNormDispIncr::test() - failed to converge 
after: 10 iterations  current Norm: 0.000390244 (max: 1e-06, Norm deltaR: 1.49185)
WARNING: CTestNormDispIncr::test() - failed to converge 
after: 10 iterations  current Norm: 0.000390244 (max: 1e-06, Norm deltaR: 1.49185)
WARNING: CTestNormDispIncr::test() - failed to converge 
after: 10 iterations  current Norm: 0.000390244 (max: 1e-06, Norm deltaR: 1.49185)
WARNING: CTestNormDispIncr::test() - failed to converge 
after: 10 iterations  current Norm: 0.000390244 (max: 1e-06, Norm deltaR: 1.49185)
WARNING: CTestNormDispIncr::test() - failed to converge 
after: 10 iterations  current Norm: 0.000390244 (max: 1e-06, Norm deltaR: 1.49185)
WARNING: CTestNormDispIncr::test() - failed to converge 
after: 10 iterations  current Norm: 0.000390244 (max: 1e-06, Norm deltaR: 1.49185)
WARNING: CTestNormDispIncr::test() - failed to converge 
after: 10 iterations  current Norm: 0.000390244 (max: 1e-06, Norm deltaR: 1.49185)
WARNING: CTestNormDispIncr::test() - failed to converge 
after: 100 iterations  current Norm: 0.000390244 (max: 1e-06, Norm deltaR: 1.49185)
BFGS::solveCurrentStep() -the ConvergenceTest object failed in test()
DirectIntegrationAnalysis::analyze() - the Algorithm failed at time 12.8638
OpenSees > analyze failed, returned: -3 error flag
WARNING - ForceBeamColumn3d::update - failed to get compatible element forces & deformations for element: 2001(dW: << 0.000271589, dW0: 0.00809389)
Domain::update - domain failed in update
TRBDF2::update() - failed to update the domain
WARNING AcceleratedNewton::solveCurrentStep() -the Integrator failed in update()
DirectIntegrationAnalysis::analyze() - the Algorithm failed at time 12.8613
OpenSees > analyze failed, returned: -3 error flag
WARNING: CTestNormDispIncr::test() - failed to converge 
after: 100 iterations  current Norm: 5.28765e-06 (max: 1e-06, Norm deltaR: 0.386273)
NewtonLineSearch::solveCurrentStep() -the ConvergenceTest object failed in test()
DirectIntegrationAnalysis::analyze() - the Algorithm failed at time 12.8613
OpenSees > analyze failed, returned: -3 error flag
WARNING: CTestNormDispIncr::test() - failed to converge 
after: 10 iterations  current Norm: 0.000114566 (max: 1e-06, Norm deltaR: 1.67054)
WARNING - ForceBeamColumn3d::update - failed to get compatible element forces & deformations for element: 2001(dW: << 0.000271588, dW0: 0.00814967)
Domain::update - domain failed in update
TRBDF2::update() - failed to update the domain
WARNING Broyden::solveCurrentStep() -the Integrator failed in update()
DirectIntegrationAnalysis::analyze() - the Algorithm failed at time 12.8613
OpenSees > analyze failed, returned: -3 error flag
WARNING: CTestNormDispIncr::test() - failed to converge 
after: 10 iterations  current Norm: 0.657216 (max: 1e-06, Norm deltaR: 308099)
WARNING: CTestNormDispIncr::test() - failed to converge 
after: 10 iterations  current Norm: 0.000817941 (max: 1e-06, Norm deltaR: 3.17013)
WARNING - ForceBeamColumn3d::update - failed to get compatible element forces & deformations for element: 2001(dW: << 0.000271588, dW0: 0.00812073)
Domain::update - domain failed in update
TRBDF2::update() - failed to update the domain
WARNING BFGS::solveCurrentStep() -the Integrator failed in update()
DirectIntegrationAnalysis::analyze() - the Algorithm failed at time 12.8613
OpenSees > analyze failed, returned: -3 error flag
WARNING - ForceBeamColumn3d::update - failed to get compatible element forces & deformations for element: 2001(dW: << 0.000271587, dW0: 0.00803464)
Domain::update - domain failed in update
TRBDF2::update() - failed to update the domain
WARNING AcceleratedNewton::solveCurrentStep() -the Integrator failed in update()
DirectIntegrationAnalysis::analyze() - the Algorithm failed at time 12.865
OpenSees > analyze failed, returned: -3 error flag
WARNING - ForceBeamColumn3d::update - failed to get compatible element forces & deformations for element: 2001(dW: << 0.00027159, dW0: 0.00818477)
Domain::update - domain failed in update
TRBDF2::update() - failed to update the domain
WARNING AcceleratedNewton::solveCurrentStep() -the Integrator failed in update()
DirectIntegrationAnalysis::analyze() - the Algorithm failed at time 12.865
OpenSees > analyze failed, returned: -3 error flag
WARNING: CTestNormDispIncr::test() - failed to converge 
after: 100 iterations  current Norm: 6.15758e-05 (max: 1e-06, Norm deltaR: 0.947263)
NewtonLineSearch::solveCurrentStep() -the ConvergenceTest object failed in test()
DirectIntegrationAnalysis::analyze() - the Algorithm failed at time 12.865
OpenSees > analyze failed, returned: -3 error flag
WARNING: CTestNormDispIncr::test() - failed to converge 
after: 10 iterations  current Norm: 1.08746e-05 (max: 1e-06, Norm deltaR: 3.37004)
WARNING: CTestNormDispIncr::test() - failed to converge 
after: 10 iterations  current Norm: 1.68198e-05 (max: 1e-06, Norm deltaR: 3.37004)
WARNING: CTestNormDispIncr::test() - failed to converge 
after: 10 iterations  current Norm: 1.68198e-05 (max: 1e-06, Norm deltaR: 3.37004)
WARNING: CTestNormDispIncr::test() - failed to converge 
after: 10 iterations  current Norm: 1.68198e-05 (max: 1e-06, Norm deltaR: 3.37004)
WARNING: CTestNormDispIncr::test() - failed to converge 
after: 10 iterations  current Norm: 1.68198e-05 (max: 1e-06, Norm deltaR: 3.37004)
WARNING: CTestNormDispIncr::test() - failed to converge 
after: 10 iterations  current Norm: 1.68198e-05 (max: 1e-06, Norm deltaR: 3.37004)
WARNING: CTestNormDispIncr::test() - failed to converge 
after: 10 iterations  current Norm: 1.68198e-05 (max: 1e-06, Norm deltaR: 3.37004)
WARNING: CTestNormDispIncr::test() - failed to converge 
after: 10 iterations  current Norm: 1.68198e-05 (max: 1e-06, Norm deltaR: 3.37004)
WARNING: CTestNormDispIncr::test() - failed to converge 
after: 10 iterations  current Norm: 1.68198e-05 (max: 1e-06, Norm deltaR: 3.37004)
WARNING: CTestNormDispIncr::test() - failed to converge 
after: 10 iterations  current Norm: 1.68198e-05 (max: 1e-06, Norm deltaR: 3.37004)
WARNING: CTestNormDispIncr::test() - failed to converge 
after: 10 iterations  current Norm: 1.68198e-05 (max: 1e-06, Norm deltaR: 3.37004)
WARNING: CTestNormDispIncr::test() - failed to converge 
after: 10 iterations  current Norm: 1.68198e-05 (max: 1e-06, Norm deltaR: 3.37004)
WARNING: CTestNormDispIncr::test() - failed to converge 
after: 10 iterations  current Norm: 1.68198e-05 (max: 1e-06, Norm deltaR: 3.37004)
WARNING: CTestNormDispIncr::test() - failed to converge 
after: 10 iterations  current Norm: 1.68198e-05 (max: 1e-06, Norm deltaR: 3.37004)
WARNING: CTestNormDispIncr::test() - failed to converge 
after: 10 iterations  current Norm: 1.68198e-05 (max: 1e-06, Norm deltaR: 3.37004)
WARNING: CTestNormDispIncr::test() - failed to converge 
after: 10 iterations  current Norm: 1.68198e-05 (max: 1e-06, Norm deltaR: 3.37004)
WARNING: CTestNormDispIncr::test() - failed to converge 
after: 10 iterations  current Norm: 1.68198e-05 (max: 1e-06, Norm deltaR: 3.37004)
WARNING: CTestNormDispIncr::test() - failed to converge 
after: 10 iterations  current Norm: 1.68198e-05 (max: 1e-06, Norm deltaR: 3.37004)
WARNING: CTestNormDispIncr::test() - failed to converge 
after: 10 iterations  current Norm: 1.68198e-05 (max: 1e-06, Norm deltaR: 3.37004)
WARNING: CTestNormDispIncr::test() - failed to converge 
after: 10 iterations  current Norm: 1.68198e-05 (max: 1e-06, Norm deltaR: 3.37004)
WARNING: CTestNormDispIncr::test() - failed to converge 
after: 10 iterations  current Norm: 1.68198e-05 (max: 1e-06, Norm deltaR: 3.37004)
WARNING: CTestNormDispIncr::test() - failed to converge 
after: 10 iterations  current Norm: 1.68198e-05 (max: 1e-06, Norm deltaR: 3.37004)
WARNING: CTestNormDispIncr::test() - failed to converge 
after: 10 iterations  current Norm: 1.68198e-05 (max: 1e-06, Norm deltaR: 3.37004)
WARNING: CTestNormDispIncr::test() - failed to converge 
after: 10 iterations  current Norm: 1.68198e-05 (max: 1e-06, Norm deltaR: 3.37004)
WARNING: CTestNormDispIncr::test() - failed to converge 
after: 10 iterations  current Norm: 1.68198e-05 (max: 1e-06, Norm deltaR: 3.37004)
WARNING: CTestNormDispIncr::test() - failed to converge 
after: 10 iterations  current Norm: 1.68198e-05 (max: 1e-06, Norm deltaR: 3.37004)
WARNING: CTestNormDispIncr::test() - failed to converge 
after: 10 iterations  current Norm: 1.68198e-05 (max: 1e-06, Norm deltaR: 3.37004)
WARNING: CTestNormDispIncr::test() - failed to converge 
after: 10 iterations  current Norm: 1.68198e-05 (max: 1e-06, Norm deltaR: 3.37004)
WARNING: CTestNormDispIncr::test() - failed to converge 
after: 10 iterations  current Norm: 1.68198e-05 (max: 1e-06, Norm deltaR: 3.37004)
WARNING: CTestNormDispIncr::test() - failed to converge 
after: 10 iterations  current Norm: 1.68198e-05 (max: 1e-06, Norm deltaR: 3.37004)
WARNING: CTestNormDispIncr::test() - failed to converge 
after: 10 iterations  current Norm: 1.68198e-05 (max: 1e-06, Norm deltaR: 3.37004)
WARNING: CTestNormDispIncr::test() - failed to converge 
after: 10 iterations  current Norm: 1.68198e-05 (max: 1e-06, Norm deltaR: 3.37004)
WARNING: CTestNormDispIncr::test() - failed to converge 
after: 10 iterations  current Norm: 1.68198e-05 (max: 1e-06, Norm deltaR: 3.37004)
WARNING: CTestNormDispIncr::test() - failed to converge 
after: 10 iterations  current Norm: 1.68198e-05 (max: 1e-06, Norm deltaR: 3.37004)
WARNING: CTestNormDispIncr::test() - failed to converge 
after: 10 iterations  current Norm: 1.68198e-05 (max: 1e-06, Norm deltaR: 3.37004)
WARNING: CTestNormDispIncr::test() - failed to converge 
after: 10 iterations  current Norm: 1.68198e-05 (max: 1e-06, Norm deltaR: 3.37004)
WARNING: CTestNormDispIncr::test() - failed to converge 
after: 10 iterations  current Norm: 1.68198e-05 (max: 1e-06, Norm deltaR: 3.37004)
WARNING: CTestNormDispIncr::test() - failed to converge 
after: 10 iterations  current Norm: 1.68198e-05 (max: 1e-06, Norm deltaR: 3.37004)
WARNING: CTestNormDispIncr::test() - failed to converge 
after: 10 iterations  current Norm: 1.68198e-05 (max: 1e-06, Norm deltaR: 3.37004)
WARNING: CTestNormDispIncr::test() - failed to converge 
after: 10 iterations  current Norm: 1.68198e-05 (max: 1e-06, Norm deltaR: 3.37004)
WARNING: CTestNormDispIncr::test() - failed to converge 
after: 10 iterations  current Norm: 1.68198e-05 (max: 1e-06, Norm deltaR: 3.37004)
WARNING: CTestNormDispIncr::test() - failed to converge 
after: 10 iterations  current Norm: 1.68198e-05 (max: 1e-06, Norm deltaR: 3.37004)
WARNING: CTestNormDispIncr::test() - failed to converge 
after: 10 iterations  current Norm: 1.68198e-05 (max: 1e-06, Norm deltaR: 3.37004)
WARNING: CTestNormDispIncr::test() - failed to converge 
after: 10 iterations  current Norm: 1.68198e-05 (max: 1e-06, Norm deltaR: 3.37004)
WARNING: CTestNormDispIncr::test() - failed to converge 
after: 10 iterations  current Norm: 1.68198e-05 (max: 1e-06, Norm deltaR: 3.37004)
WARNING: CTestNormDispIncr::test() - failed to converge 
after: 10 iterations  current Norm: 1.68198e-05 (max: 1e-06, Norm deltaR: 3.37004)
WARNING: CTestNormDispIncr::test() - failed to converge 
after: 10 iterations  current Norm: 1.68198e-05 (max: 1e-06, Norm deltaR: 3.37004)
WARNING: CTestNormDispIncr::test() - failed to converge 
after: 10 iterations  current Norm: 1.68198e-05 (max: 1e-06, Norm deltaR: 3.37004)
WARNING: CTestNormDispIncr::test() - failed to converge 
after: 10 iterations  current Norm: 1.68198e-05 (max: 1e-06, Norm deltaR: 3.37004)
WARNING: CTestNormDispIncr::test() - failed to converge 
after: 10 iterations  current Norm: 1.68198e-05 (max: 1e-06, Norm deltaR: 3.37004)
WARNING: CTestNormDispIncr::test() - failed to converge 
after: 10 iterations  current Norm: 1.68198e-05 (max: 1e-06, Norm deltaR: 3.37004)
WARNING: CTestNormDispIncr::test() - failed to converge 
after: 10 iterations  current Norm: 1.68198e-05 (max: 1e-06, Norm deltaR: 3.37004)
WARNING: CTestNormDispIncr::test() - failed to converge 
after: 10 iterations  current Norm: 1.68198e-05 (max: 1e-06, Norm deltaR: 3.37004)
WARNING: CTestNormDispIncr::test() - failed to converge 
after: 10 iterations  current Norm: 1.68198e-05 (max: 1e-06, Norm deltaR: 3.37004)
WARNING: CTestNormDispIncr::test() - failed to converge 
after: 10 iterations  current Norm: 1.68198e-05 (max: 1e-06, Norm deltaR: 3.37004)
WARNING: CTestNormDispIncr::test() - failed to converge 
after: 10 iterations  current Norm: 1.68198e-05 (max: 1e-06, Norm deltaR: 3.37004)
WARNING: CTestNormDispIncr::test() - failed to converge 
after: 10 iterations  current Norm: 1.68198e-05 (max: 1e-06, Norm deltaR: 3.37004)
WARNING: CTestNormDispIncr::test() - failed to converge 
after: 10 iterations  current Norm: 1.68198e-05 (max: 1e-06, Norm deltaR: 3.37004)
WARNING: CTestNormDispIncr::test() - failed to converge 
after: 10 iterations  current Norm: 1.68198e-05 (max: 1e-06, Norm deltaR: 3.37004)
WARNING: CTestNormDispIncr::test() - failed to converge 
after: 10 iterations  current Norm: 1.68198e-05 (max: 1e-06, Norm deltaR: 3.37004)
WARNING: CTestNormDispIncr::test() - failed to converge 
after: 10 iterations  current Norm: 1.68198e-05 (max: 1e-06, Norm deltaR: 3.37004)
WARNING: CTestNormDispIncr::test() - failed to converge 
after: 10 iterations  current Norm: 1.68198e-05 (max: 1e-06, Norm deltaR: 3.37004)
WARNING: CTestNormDispIncr::test() - failed to converge 
after: 10 iterations  current Norm: 1.68198e-05 (max: 1e-06, Norm deltaR: 3.37004)
WARNING: CTestNormDispIncr::test() - failed to converge 
after: 10 iterations  current Norm: 1.68198e-05 (max: 1e-06, Norm deltaR: 3.37004)
WARNING: CTestNormDispIncr::test() - failed to converge 
after: 10 iterations  current Norm: 1.68198e-05 (max: 1e-06, Norm deltaR: 3.37004)
WARNING: CTestNormDispIncr::test() - failed to converge 
after: 10 iterations  current Norm: 1.68198e-05 (max: 1e-06, Norm deltaR: 3.37004)
WARNING: CTestNormDispIncr::test() - failed to converge 
after: 10 iterations  current Norm: 1.68198e-05 (max: 1e-06, Norm deltaR: 3.37004)
WARNING: CTestNormDispIncr::test() - failed to converge 
after: 10 iterations  current Norm: 1.68198e-05 (max: 1e-06, Norm deltaR: 3.37004)
WARNING: CTestNormDispIncr::test() - failed to converge 
after: 10 iterations  current Norm: 1.68198e-05 (max: 1e-06, Norm deltaR: 3.37004)
WARNING: CTestNormDispIncr::test() - failed to converge 
after: 10 iterations  current Norm: 1.68198e-05 (max: 1e-06, Norm deltaR: 3.37004)
WARNING: CTestNormDispIncr::test() - failed to converge 
after: 10 iterations  current Norm: 1.68198e-05 (max: 1e-06, Norm deltaR: 3.37004)
WARNING: CTestNormDispIncr::test() - failed to converge 
after: 10 iterations  current Norm: 1.68198e-05 (max: 1e-06, Norm deltaR: 3.37004)
WARNING: CTestNormDispIncr::test() - failed to converge 
after: 10 iterations  current Norm: 1.68198e-05 (max: 1e-06, Norm deltaR: 3.37004)
WARNING: CTestNormDispIncr::test() - failed to converge 
after: 10 iterations  current Norm: 1.68198e-05 (max: 1e-06, Norm deltaR: 3.37004)
WARNING: CTestNormDispIncr::test() - failed to converge 
after: 10 iterations  current Norm: 1.68198e-05 (max: 1e-06, Norm deltaR: 3.37004)
WARNING: CTestNormDispIncr::test() - failed to converge 
after: 10 iterations  current Norm: 1.68198e-05 (max: 1e-06, Norm deltaR: 3.37004)
WARNING: CTestNormDispIncr::test() - failed to converge 
after: 10 iterations  current Norm: 1.68198e-05 (max: 1e-06, Norm deltaR: 3.37004)
WARNING: CTestNormDispIncr::test() - failed to converge 
after: 10 iterations  current Norm: 1.68198e-05 (max: 1e-06, Norm deltaR: 3.37004)
WARNING: CTestNormDispIncr::test() - failed to converge 
after: 10 iterations  current Norm: 1.68198e-05 (max: 1e-06, Norm deltaR: 3.37004)
WARNING: CTestNormDispIncr::test() - failed to converge 
after: 10 iterations  current Norm: 1.68198e-05 (max: 1e-06, Norm deltaR: 3.37004)
WARNING: CTestNormDispIncr::test() - failed to converge 
after: 10 iterations  current Norm: 1.68198e-05 (max: 1e-06, Norm deltaR: 3.37004)
WARNING: CTestNormDispIncr::test() - failed to converge 
after: 10 iterations  current Norm: 1.68198e-05 (max: 1e-06, Norm deltaR: 3.37004)
WARNING: CTestNormDispIncr::test() - failed to converge 
after: 10 iterations  current Norm: 1.68198e-05 (max: 1e-06, Norm deltaR: 3.37004)
WARNING: CTestNormDispIncr::test() - failed to converge 
after: 10 iterations  current Norm: 1.68198e-05 (max: 1e-06, Norm deltaR: 3.37004)
WARNING: CTestNormDispIncr::test() - failed to converge 
after: 10 iterations  current Norm: 1.68198e-05 (max: 1e-06, Norm deltaR: 3.37004)
WARNING: CTestNormDispIncr::test() - failed to converge 
after: 10 iterations  current Norm: 1.68198e-05 (max: 1e-06, Norm deltaR: 3.37004)
WARNING: CTestNormDispIncr::test() - failed to converge 
after: 10 iterations  current Norm: 1.68198e-05 (max: 1e-06, Norm deltaR: 3.37004)
WARNING: CTestNormDispIncr::test() - failed to converge 
after: 10 iterations  current Norm: 1.68198e-05 (max: 1e-06, Norm deltaR: 3.37004)
WARNING: CTestNormDispIncr::test() - failed to converge 
after: 10 iterations  current Norm: 1.68198e-05 (max: 1e-06, Norm deltaR: 3.37004)
WARNING: CTestNormDispIncr::test() - failed to converge 
after: 10 iterations  current Norm: 1.68198e-05 (max: 1e-06, Norm deltaR: 3.37004)
WARNING: CTestNormDispIncr::test() - failed to converge 
after: 10 iterations  current Norm: 1.68198e-05 (max: 1e-06, Norm deltaR: 3.37004)
WARNING: CTestNormDispIncr::test() - failed to converge 
after: 10 iterations  current Norm: 1.68198e-05 (max: 1e-06, Norm deltaR: 3.37004)
WARNING: CTestNormDispIncr::test() - failed to converge 
after: 10 iterations  current Norm: 1.68198e-05 (max: 1e-06, Norm deltaR: 3.37004)
WARNING: CTestNormDispIncr::test() - failed to converge 
after: 10 iterations  current Norm: 1.68198e-05 (max: 1e-06, Norm deltaR: 3.37004)
WARNING: CTestNormDispIncr::test() - failed to converge 
after: 10 iterations  current Norm: 1.68198e-05 (max: 1e-06, Norm deltaR: 3.37004)
WARNING: CTestNormDispIncr::test() - failed to converge 
after: 10 iterations  current Norm: 1.68198e-05 (max: 1e-06, Norm deltaR: 3.37004)
WARNING: CTestNormDispIncr::test() - failed to converge 
after: 10 iterations  current Norm: 1.68198e-05 (max: 1e-06, Norm deltaR: 3.37004)
WARNING: CTestNormDispIncr::test() - failed to converge 
after: 10 iterations  current Norm: 1.68198e-05 (max: 1e-06, Norm deltaR: 3.37004)
WARNING: CTestNormDispIncr::test() - failed to converge 
after: 10 iterations  current Norm: 1.68198e-05 (max: 1e-06, Norm deltaR: 3.37004)
WARNING: CTestNormDispIncr::test() - failed to converge 
after: 10 iterations  current Norm: 1.68198e-05 (max: 1e-06, Norm deltaR: 3.37004)
WARNING: CTestNormDispIncr::test() - failed to converge 
after: 100 iterations  current Norm: 1.68198e-05 (max: 1e-06, Norm deltaR: 3.37004)
Broyden::solveCurrentStep() -the ConvergenceTest object failed in test()
DirectIntegrationAnalysis::analyze() - the Algorithm failed at time 12.865
OpenSees > analyze failed, returned: -3 error flag
WARNING: CTestNormDispIncr::test() - failed to converge 
after: 10 iterations  current Norm: 0.178638 (max: 1e-06, Norm deltaR: 506.024)
WARNING - ForceBeamColumn3d::update - failed to get compatible element forces & deformations for element: 2001(dW: << 0.00027159, dW0: 0.00816448)
Domain::update - domain failed in update
TRBDF2::update() - failed to update the domain
WARNING BFGS::solveCurrentStep() -the Integrator failed in update()
DirectIntegrationAnalysis::analyze() - the Algorithm failed at time 12.865
OpenSees > analyze failed, returned: -3 error flag
WARNING: CTestNormDispIncr::test() - failed to converge 
after: 100 iterations  current Norm: 0.000104054 (max: 1e-06, Norm deltaR: 0.969365)
AcceleratedNewton::solveCurrentStep() -The ConvergenceTest object failed in test()
DirectIntegrationAnalysis::analyze() - the Algorithm failed at time 12.8625
OpenSees > analyze failed, returned: -3 error flag
WARNING: CTestNormDispIncr::test() - failed to converge 
after: 100 iterations  current Norm: 3.884e-06 (max: 1e-06, Norm deltaR: 1.30952)
NewtonLineSearch::solveCurrentStep() -the ConvergenceTest object failed in test()
DirectIntegrationAnalysis::analyze() - the Algorithm failed at time 12.8625
OpenSees > analyze failed, returned: -3 error flag
WARNING: CTestNormDispIncr::test() - failed to converge 
after: 10 iterations  current Norm: 0.00044911 (max: 1e-06, Norm deltaR: 1.40529)
WARNING: CTestNormDispIncr::test() - failed to converge 
after: 10 iterations  current Norm: 4.13175e-06 (max: 1e-06, Norm deltaR: 3.20655)
WARNING: CTestNormDispIncr::test() - failed to converge 
after: 10 iterations  current Norm: 0.000154546 (max: 1e-06, Norm deltaR: 0.742863)
WARNING: CTestNormDispIncr::test() - failed to converge 
after: 10 iterations  current Norm: 9.27724e-05 (max: 1e-06, Norm deltaR: 1.66178)
WARNING: CTestNormDispIncr::test() - failed to converge 
after: 10 iterations  current Norm: 7.9404e-06 (max: 1e-06, Norm deltaR: 3.20655)
WARNING: CTestNormDispIncr::test() - failed to converge 
after: 10 iterations  current Norm: 0.000154546 (max: 1e-06, Norm deltaR: 0.742863)
WARNING: CTestNormDispIncr::test() - failed to converge 
after: 10 iterations  current Norm: 9.27724e-05 (max: 1e-06, Norm deltaR: 1.66178)
WARNING: CTestNormDispIncr::test() - failed to converge 
after: 10 iterations  current Norm: 7.9404e-06 (max: 1e-06, Norm deltaR: 3.20655)
WARNING: CTestNormDispIncr::test() - failed to converge 
after: 10 iterations  current Norm: 0.000154546 (max: 1e-06, Norm deltaR: 0.742863)
WARNING: CTestNormDispIncr::test() - failed to converge 
after: 10 iterations  current Norm: 9.27724e-05 (max: 1e-06, Norm deltaR: 1.66178)
WARNING: CTestNormDispIncr::test() - failed to converge 
after: 10 iterations  current Norm: 7.9404e-06 (max: 1e-06, Norm deltaR: 3.20655)
WARNING: CTestNormDispIncr::test() - failed to converge 
after: 10 iterations  current Norm: 0.000154546 (max: 1e-06, Norm deltaR: 0.742863)
WARNING: CTestNormDispIncr::test() - failed to converge 
after: 10 iterations  current Norm: 9.27724e-05 (max: 1e-06, Norm deltaR: 1.66178)
WARNING: CTestNormDispIncr::test() - failed to converge 
after: 10 iterations  current Norm: 7.9404e-06 (max: 1e-06, Norm deltaR: 3.20655)
WARNING: CTestNormDispIncr::test() - failed to converge 
after: 10 iterations  current Norm: 0.000154546 (max: 1e-06, Norm deltaR: 0.742863)
WARNING: CTestNormDispIncr::test() - failed to converge 
after: 10 iterations  current Norm: 9.27724e-05 (max: 1e-06, Norm deltaR: 1.66178)
WARNING: CTestNormDispIncr::test() - failed to converge 
after: 10 iterations  current Norm: 7.9404e-06 (max: 1e-06, Norm deltaR: 3.20655)
WARNING: CTestNormDispIncr::test() - failed to converge 
after: 10 iterations  current Norm: 0.000154546 (max: 1e-06, Norm deltaR: 0.742863)
WARNING: CTestNormDispIncr::test() - failed to converge 
after: 10 iterations  current Norm: 9.27724e-05 (max: 1e-06, Norm deltaR: 1.66178)
WARNING: CTestNormDispIncr::test() - failed to converge 
after: 10 iterations  current Norm: 7.9404e-06 (max: 1e-06, Norm deltaR: 3.20655)
WARNING: CTestNormDispIncr::test() - failed to converge 
after: 10 iterations  current Norm: 0.000154546 (max: 1e-06, Norm deltaR: 0.742863)
WARNING: CTestNormDispIncr::test() - failed to converge 
after: 10 iterations  current Norm: 9.27724e-05 (max: 1e-06, Norm deltaR: 1.66178)
WARNING: CTestNormDispIncr::test() - failed to converge 
after: 10 iterations  current Norm: 7.9404e-06 (max: 1e-06, Norm deltaR: 3.20655)
WARNING: CTestNormDispIncr::test() - failed to converge 
after: 10 iterations  current Norm: 0.000154546 (max: 1e-06, Norm deltaR: 0.742863)
WARNING: CTestNormDispIncr::test() - failed to converge 
after: 10 iterations  current Norm: 9.27724e-05 (max: 1e-06, Norm deltaR: 1.66178)
WARNING: CTestNormDispIncr::test() - failed to converge 
after: 10 iterations  current Norm: 7.9404e-06 (max: 1e-06, Norm deltaR: 3.20655)
WARNING: CTestNormDispIncr::test() - failed to converge 
after: 10 iterations  current Norm: 0.000154546 (max: 1e-06, Norm deltaR: 0.742863)
WARNING: CTestNormDispIncr::test() - failed to converge 
after: 10 iterations  current Norm: 9.27724e-05 (max: 1e-06, Norm deltaR: 1.66178)
WARNING: CTestNormDispIncr::test() - failed to converge 
after: 10 iterations  current Norm: 7.9404e-06 (max: 1e-06, Norm deltaR: 3.20655)
WARNING: CTestNormDispIncr::test() - failed to converge 
after: 10 iterations  current Norm: 0.000154546 (max: 1e-06, Norm deltaR: 0.742863)
WARNING: CTestNormDispIncr::test() - failed to converge 
after: 10 iterations  current Norm: 9.27724e-05 (max: 1e-06, Norm deltaR: 1.66178)
WARNING: CTestNormDispIncr::test() - failed to converge 
after: 10 iterations  current Norm: 7.9404e-06 (max: 1e-06, Norm deltaR: 3.20655)
WARNING: CTestNormDispIncr::test() - failed to converge 
after: 10 iterations  current Norm: 0.000154546 (max: 1e-06, Norm deltaR: 0.742863)
WARNING: CTestNormDispIncr::test() - failed to converge 
after: 10 iterations  current Norm: 9.27724e-05 (max: 1e-06, Norm deltaR: 1.66178)
WARNING: CTestNormDispIncr::test() - failed to converge 
after: 10 iterations  current Norm: 7.9404e-06 (max: 1e-06, Norm deltaR: 3.20655)
WARNING: CTestNormDispIncr::test() - failed to converge 
after: 10 iterations  current Norm: 0.000154546 (max: 1e-06, Norm deltaR: 0.742863)
WARNING: CTestNormDispIncr::test() - failed to converge 
after: 10 iterations  current Norm: 9.27724e-05 (max: 1e-06, Norm deltaR: 1.66178)
WARNING: CTestNormDispIncr::test() - failed to converge 
after: 10 iterations  current Norm: 7.9404e-06 (max: 1e-06, Norm deltaR: 3.20655)
WARNING: CTestNormDispIncr::test() - failed to converge 
after: 10 iterations  current Norm: 0.000154546 (max: 1e-06, Norm deltaR: 0.742863)
WARNING: CTestNormDispIncr::test() - failed to converge 
after: 10 iterations  current Norm: 9.27724e-05 (max: 1e-06, Norm deltaR: 1.66178)
WARNING: CTestNormDispIncr::test() - failed to converge 
after: 10 iterations  current Norm: 7.9404e-06 (max: 1e-06, Norm deltaR: 3.20655)
WARNING: CTestNormDispIncr::test() - failed to converge 
after: 10 iterations  current Norm: 0.000154546 (max: 1e-06, Norm deltaR: 0.742863)
WARNING: CTestNormDispIncr::test() - failed to converge 
after: 10 iterations  current Norm: 9.27724e-05 (max: 1e-06, Norm deltaR: 1.66178)
WARNING: CTestNormDispIncr::test() - failed to converge 
after: 10 iterations  current Norm: 7.9404e-06 (max: 1e-06, Norm deltaR: 3.20655)
WARNING: CTestNormDispIncr::test() - failed to converge 
after: 10 iterations  current Norm: 0.000154546 (max: 1e-06, Norm deltaR: 0.742863)
WARNING: CTestNormDispIncr::test() - failed to converge 
after: 10 iterations  current Norm: 9.27724e-05 (max: 1e-06, Norm deltaR: 1.66178)
WARNING: CTestNormDispIncr::test() - failed to converge 
after: 10 iterations  current Norm: 7.9404e-06 (max: 1e-06, Norm deltaR: 3.20655)
WARNING: CTestNormDispIncr::test() - failed to converge 
after: 10 iterations  current Norm: 0.000154546 (max: 1e-06, Norm deltaR: 0.742863)
WARNING: CTestNormDispIncr::test() - failed to converge 
after: 10 iterations  current Norm: 9.27724e-05 (max: 1e-06, Norm deltaR: 1.66178)
WARNING: CTestNormDispIncr::test() - failed to converge 
after: 10 iterations  current Norm: 7.9404e-06 (max: 1e-06, Norm deltaR: 3.20655)
WARNING: CTestNormDispIncr::test() - failed to converge 
after: 10 iterations  current Norm: 0.000154546 (max: 1e-06, Norm deltaR: 0.742863)
WARNING: CTestNormDispIncr::test() - failed to converge 
after: 10 iterations  current Norm: 9.27724e-05 (max: 1e-06, Norm deltaR: 1.66178)
WARNING: CTestNormDispIncr::test() - failed to converge 
after: 10 iterations  current Norm: 7.9404e-06 (max: 1e-06, Norm deltaR: 3.20655)
WARNING: CTestNormDispIncr::test() - failed to converge 
after: 10 iterations  current Norm: 0.000154546 (max: 1e-06, Norm deltaR: 0.742863)
WARNING: CTestNormDispIncr::test() - failed to converge 
after: 10 iterations  current Norm: 9.27724e-05 (max: 1e-06, Norm deltaR: 1.66178)
WARNING: CTestNormDispIncr::test() - failed to converge 
after: 10 iterations  current Norm: 7.9404e-06 (max: 1e-06, Norm deltaR: 3.20655)
WARNING: CTestNormDispIncr::test() - failed to converge 
after: 10 iterations  current Norm: 0.000154546 (max: 1e-06, Norm deltaR: 0.742863)
WARNING: CTestNormDispIncr::test() - failed to converge 
after: 10 iterations  current Norm: 9.27724e-05 (max: 1e-06, Norm deltaR: 1.66178)
WARNING: CTestNormDispIncr::test() - failed to converge 
after: 10 iterations  current Norm: 7.9404e-06 (max: 1e-06, Norm deltaR: 3.20655)
WARNING: CTestNormDispIncr::test() - failed to converge 
after: 10 iterations  current Norm: 0.000154546 (max: 1e-06, Norm deltaR: 0.742863)
WARNING: CTestNormDispIncr::test() - failed to converge 
after: 10 iterations  current Norm: 9.27724e-05 (max: 1e-06, Norm deltaR: 1.66178)
WARNING: CTestNormDispIncr::test() - failed to converge 
after: 10 iterations  current Norm: 7.9404e-06 (max: 1e-06, Norm deltaR: 3.20655)
WARNING: CTestNormDispIncr::test() - failed to converge 
after: 10 iterations  current Norm: 0.000154546 (max: 1e-06, Norm deltaR: 0.742863)
WARNING: CTestNormDispIncr::test() - failed to converge 
after: 10 iterations  current Norm: 9.27724e-05 (max: 1e-06, Norm deltaR: 1.66178)
WARNING: CTestNormDispIncr::test() - failed to converge 
after: 10 iterations  current Norm: 7.9404e-06 (max: 1e-06, Norm deltaR: 3.20655)
WARNING: CTestNormDispIncr::test() - failed to converge 
after: 10 iterations  current Norm: 0.000154546 (max: 1e-06, Norm deltaR: 0.742863)
WARNING: CTestNormDispIncr::test() - failed to converge 
after: 10 iterations  current Norm: 9.27724e-05 (max: 1e-06, Norm deltaR: 1.66178)
WARNING: CTestNormDispIncr::test() - failed to converge 
after: 10 iterations  current Norm: 7.9404e-06 (max: 1e-06, Norm deltaR: 3.20655)
WARNING: CTestNormDispIncr::test() - failed to converge 
after: 10 iterations  current Norm: 0.000154546 (max: 1e-06, Norm deltaR: 0.742863)
WARNING: CTestNormDispIncr::test() - failed to converge 
after: 10 iterations  current Norm: 9.27724e-05 (max: 1e-06, Norm deltaR: 1.66178)
WARNING: CTestNormDispIncr::test() - failed to converge 
after: 10 iterations  current Norm: 7.9404e-06 (max: 1e-06, Norm deltaR: 3.20655)
WARNING: CTestNormDispIncr::test() - failed to converge 
after: 10 iterations  current Norm: 0.000154546 (max: 1e-06, Norm deltaR: 0.742863)
WARNING: CTestNormDispIncr::test() - failed to converge 
after: 10 iterations  current Norm: 9.27724e-05 (max: 1e-06, Norm deltaR: 1.66178)
WARNING: CTestNormDispIncr::test() - failed to converge 
after: 10 iterations  current Norm: 7.9404e-06 (max: 1e-06, Norm deltaR: 3.20655)
WARNING: CTestNormDispIncr::test() - failed to converge 
after: 10 iterations  current Norm: 0.000154546 (max: 1e-06, Norm deltaR: 0.742863)
WARNING: CTestNormDispIncr::test() - failed to converge 
after: 10 iterations  current Norm: 9.27724e-05 (max: 1e-06, Norm deltaR: 1.66178)
WARNING: CTestNormDispIncr::test() - failed to converge 
after: 10 iterations  current Norm: 7.9404e-06 (max: 1e-06, Norm deltaR: 3.20655)
WARNING: CTestNormDispIncr::test() - failed to converge 
after: 10 iterations  current Norm: 0.000154546 (max: 1e-06, Norm deltaR: 0.742863)
WARNING: CTestNormDispIncr::test() - failed to converge 
after: 10 iterations  current Norm: 9.27724e-05 (max: 1e-06, Norm deltaR: 1.66178)
WARNING: CTestNormDispIncr::test() - failed to converge 
after: 10 iterations  current Norm: 7.9404e-06 (max: 1e-06, Norm deltaR: 3.20655)
WARNING: CTestNormDispIncr::test() - failed to converge 
after: 10 iterations  current Norm: 0.000154546 (max: 1e-06, Norm deltaR: 0.742863)
WARNING: CTestNormDispIncr::test() - failed to converge 
after: 10 iterations  current Norm: 9.27724e-05 (max: 1e-06, Norm deltaR: 1.66178)
WARNING: CTestNormDispIncr::test() - failed to converge 
after: 10 iterations  current Norm: 7.9404e-06 (max: 1e-06, Norm deltaR: 3.20655)
WARNING: CTestNormDispIncr::test() - failed to converge 
after: 10 iterations  current Norm: 0.000154546 (max: 1e-06, Norm deltaR: 0.742863)
WARNING: CTestNormDispIncr::test() - failed to converge 
after: 10 iterations  current Norm: 9.27724e-05 (max: 1e-06, Norm deltaR: 1.66178)
WARNING: CTestNormDispIncr::test() - failed to converge 
after: 10 iterations  current Norm: 7.9404e-06 (max: 1e-06, Norm deltaR: 3.20655)
WARNING: CTestNormDispIncr::test() - failed to converge 
after: 10 iterations  current Norm: 0.000154546 (max: 1e-06, Norm deltaR: 0.742863)
WARNING: CTestNormDispIncr::test() - failed to converge 
after: 10 iterations  current Norm: 9.27724e-05 (max: 1e-06, Norm deltaR: 1.66178)
WARNING: CTestNormDispIncr::test() - failed to converge 
after: 10 iterations  current Norm: 7.9404e-06 (max: 1e-06, Norm deltaR: 3.20655)
WARNING: CTestNormDispIncr::test() - failed to converge 
after: 10 iterations  current Norm: 0.000154546 (max: 1e-06, Norm deltaR: 0.742863)
WARNING: CTestNormDispIncr::test() - failed to converge 
after: 10 iterations  current Norm: 9.27724e-05 (max: 1e-06, Norm deltaR: 1.66178)
WARNING: CTestNormDispIncr::test() - failed to converge 
after: 10 iterations  current Norm: 7.9404e-06 (max: 1e-06, Norm deltaR: 3.20655)
WARNING: CTestNormDispIncr::test() - failed to converge 
after: 10 iterations  current Norm: 0.000154546 (max: 1e-06, Norm deltaR: 0.742863)
WARNING: CTestNormDispIncr::test() - failed to converge 
after: 10 iterations  current Norm: 9.27724e-05 (max: 1e-06, Norm deltaR: 1.66178)
WARNING: CTestNormDispIncr::test() - failed to converge 
after: 10 iterations  current Norm: 7.9404e-06 (max: 1e-06, Norm deltaR: 3.20655)
WARNING: CTestNormDispIncr::test() - failed to converge 
after: 10 iterations  current Norm: 0.000154546 (max: 1e-06, Norm deltaR: 0.742863)
WARNING: CTestNormDispIncr::test() - failed to converge 
after: 10 iterations  current Norm: 9.27724e-05 (max: 1e-06, Norm deltaR: 1.66178)
WARNING: CTestNormDispIncr::test() - failed to converge 
after: 10 iterations  current Norm: 7.9404e-06 (max: 1e-06, Norm deltaR: 3.20655)
WARNING: CTestNormDispIncr::test() - failed to converge 
after: 10 iterations  current Norm: 0.000154546 (max: 1e-06, Norm deltaR: 0.742863)
WARNING: CTestNormDispIncr::test() - failed to converge 
after: 10 iterations  current Norm: 9.27724e-05 (max: 1e-06, Norm deltaR: 1.66178)
WARNING: CTestNormDispIncr::test() - failed to converge 
after: 100 iterations  current Norm: 9.27724e-05 (max: 1e-06, Norm deltaR: 1.66178)
Broyden::solveCurrentStep() -the ConvergenceTest object failed in test()
DirectIntegrationAnalysis::analyze() - the Algorithm failed at time 12.8625
OpenSees > analyze failed, returned: -3 error flag
WARNING: CTestNormDispIncr::test() - failed to converge 
after: 10 iterations  current Norm: 0.00160044 (max: 1e-06, Norm deltaR: 21.927)
WARNING: CTestNormDispIncr::test() - failed to converge 
after: 10 iterations  current Norm: 0.000154006 (max: 1e-06, Norm deltaR: 0.739641)
WARNING: CTestNormDispIncr::test() - failed to converge 
after: 10 iterations  current Norm: 9.27768e-05 (max: 1e-06, Norm deltaR: 1.66178)
WARNING: CTestNormDispIncr::test() - failed to converge 
after: 10 iterations  current Norm: 7.9404e-06 (max: 1e-06, Norm deltaR: 3.20655)
WARNING: CTestNormDispIncr::test() - failed to converge 
after: 10 iterations  current Norm: 0.000154546 (max: 1e-06, Norm deltaR: 0.742863)
WARNING: CTestNormDispIncr::test() - failed to converge 
after: 10 iterations  current Norm: 9.27724e-05 (max: 1e-06, Norm deltaR: 1.66178)
WARNING: CTestNormDispIncr::test() - failed to converge 
after: 10 iterations  current Norm: 7.9404e-06 (max: 1e-06, Norm deltaR: 3.20655)
WARNING: CTestNormDispIncr::test() - failed to converge 
after: 10 iterations  current Norm: 0.000154546 (max: 1e-06, Norm deltaR: 0.742863)
WARNING: CTestNormDispIncr::test() - failed to converge 
after: 10 iterations  current Norm: 9.27724e-05 (max: 1e-06, Norm deltaR: 1.66178)
WARNING: CTestNormDispIncr::test() - failed to converge 
after: 10 iterations  current Norm: 7.9404e-06 (max: 1e-06, Norm deltaR: 3.20655)
WARNING: CTestNormDispIncr::test() - failed to converge 
after: 10 iterations  current Norm: 0.000154546 (max: 1e-06, Norm deltaR: 0.742863)
WARNING: CTestNormDispIncr::test() - failed to converge 
after: 10 iterations  current Norm: 9.27724e-05 (max: 1e-06, Norm deltaR: 1.66178)
WARNING: CTestNormDispIncr::test() - failed to converge 
after: 10 iterations  current Norm: 7.9404e-06 (max: 1e-06, Norm deltaR: 3.20655)
WARNING: CTestNormDispIncr::test() - failed to converge 
after: 10 iterations  current Norm: 0.000154546 (max: 1e-06, Norm deltaR: 0.742863)
WARNING: CTestNormDispIncr::test() - failed to converge 
after: 10 iterations  current Norm: 9.27724e-05 (max: 1e-06, Norm deltaR: 1.66178)
WARNING: CTestNormDispIncr::test() - failed to converge 
after: 10 iterations  current Norm: 7.9404e-06 (max: 1e-06, Norm deltaR: 3.20655)
WARNING: CTestNormDispIncr::test() - failed to converge 
after: 10 iterations  current Norm: 0.000154546 (max: 1e-06, Norm deltaR: 0.742863)
WARNING: CTestNormDispIncr::test() - failed to converge 
after: 10 iterations  current Norm: 9.27724e-05 (max: 1e-06, Norm deltaR: 1.66178)
WARNING: CTestNormDispIncr::test() - failed to converge 
after: 10 iterations  current Norm: 7.9404e-06 (max: 1e-06, Norm deltaR: 3.20655)
WARNING: CTestNormDispIncr::test() - failed to converge 
after: 10 iterations  current Norm: 0.000154546 (max: 1e-06, Norm deltaR: 0.742863)
WARNING: CTestNormDispIncr::test() - failed to converge 
after: 10 iterations  current Norm: 9.27724e-05 (max: 1e-06, Norm deltaR: 1.66178)
WARNING: CTestNormDispIncr::test() - failed to converge 
after: 10 iterations  current Norm: 7.9404e-06 (max: 1e-06, Norm deltaR: 3.20655)
WARNING: CTestNormDispIncr::test() - failed to converge 
after: 10 iterations  current Norm: 0.000154546 (max: 1e-06, Norm deltaR: 0.742863)
WARNING: CTestNormDispIncr::test() - failed to converge 
after: 10 iterations  current Norm: 9.27724e-05 (max: 1e-06, Norm deltaR: 1.66178)
WARNING: CTestNormDispIncr::test() - failed to converge 
after: 10 iterations  current Norm: 7.9404e-06 (max: 1e-06, Norm deltaR: 3.20655)
WARNING: CTestNormDispIncr::test() - failed to converge 
after: 10 iterations  current Norm: 0.000154546 (max: 1e-06, Norm deltaR: 0.742863)
WARNING: CTestNormDispIncr::test() - failed to converge 
after: 10 iterations  current Norm: 9.27724e-05 (max: 1e-06, Norm deltaR: 1.66178)
WARNING: CTestNormDispIncr::test() - failed to converge 
after: 10 iterations  current Norm: 7.9404e-06 (max: 1e-06, Norm deltaR: 3.20655)
WARNING: CTestNormDispIncr::test() - failed to converge 
after: 10 iterations  current Norm: 0.000154546 (max: 1e-06, Norm deltaR: 0.742863)
WARNING: CTestNormDispIncr::test() - failed to converge 
after: 10 iterations  current Norm: 9.27724e-05 (max: 1e-06, Norm deltaR: 1.66178)
WARNING: CTestNormDispIncr::test() - failed to converge 
after: 10 iterations  current Norm: 7.9404e-06 (max: 1e-06, Norm deltaR: 3.20655)
WARNING: CTestNormDispIncr::test() - failed to converge 
after: 10 iterations  current Norm: 0.000154546 (max: 1e-06, Norm deltaR: 0.742863)
WARNING: CTestNormDispIncr::test() - failed to converge 
after: 10 iterations  current Norm: 9.27724e-05 (max: 1e-06, Norm deltaR: 1.66178)
WARNING: CTestNormDispIncr::test() - failed to converge 
after: 10 iterations  current Norm: 7.9404e-06 (max: 1e-06, Norm deltaR: 3.20655)
WARNING: CTestNormDispIncr::test() - failed to converge 
after: 10 iterations  current Norm: 0.000154546 (max: 1e-06, Norm deltaR: 0.742863)
WARNING: CTestNormDispIncr::test() - failed to converge 
after: 10 iterations  current Norm: 9.27724e-05 (max: 1e-06, Norm deltaR: 1.66178)
WARNING: CTestNormDispIncr::test() - failed to converge 
after: 10 iterations  current Norm: 7.9404e-06 (max: 1e-06, Norm deltaR: 3.20655)
WARNING: CTestNormDispIncr::test() - failed to converge 
after: 10 iterations  current Norm: 0.000154546 (max: 1e-06, Norm deltaR: 0.742863)
WARNING: CTestNormDispIncr::test() - failed to converge 
after: 10 iterations  current Norm: 9.27724e-05 (max: 1e-06, Norm deltaR: 1.66178)
WARNING: CTestNormDispIncr::test() - failed to converge 
after: 10 iterations  current Norm: 7.9404e-06 (max: 1e-06, Norm deltaR: 3.20655)
WARNING: CTestNormDispIncr::test() - failed to converge 
after: 10 iterations  current Norm: 0.000154546 (max: 1e-06, Norm deltaR: 0.742863)
WARNING: CTestNormDispIncr::test() - failed to converge 
after: 10 iterations  current Norm: 9.27724e-05 (max: 1e-06, Norm deltaR: 1.66178)
WARNING: CTestNormDispIncr::test() - failed to converge 
after: 10 iterations  current Norm: 7.9404e-06 (max: 1e-06, Norm deltaR: 3.20655)
WARNING: CTestNormDispIncr::test() - failed to converge 
after: 10 iterations  current Norm: 0.000154546 (max: 1e-06, Norm deltaR: 0.742863)
WARNING: CTestNormDispIncr::test() - failed to converge 
after: 10 iterations  current Norm: 9.27724e-05 (max: 1e-06, Norm deltaR: 1.66178)
WARNING: CTestNormDispIncr::test() - failed to converge 
after: 10 iterations  current Norm: 7.9404e-06 (max: 1e-06, Norm deltaR: 3.20655)
WARNING: CTestNormDispIncr::test() - failed to converge 
after: 10 iterations  current Norm: 0.000154546 (max: 1e-06, Norm deltaR: 0.742863)
WARNING: CTestNormDispIncr::test() - failed to converge 
after: 10 iterations  current Norm: 9.27724e-05 (max: 1e-06, Norm deltaR: 1.66178)
WARNING: CTestNormDispIncr::test() - failed to converge 
after: 10 iterations  current Norm: 7.9404e-06 (max: 1e-06, Norm deltaR: 3.20655)
WARNING: CTestNormDispIncr::test() - failed to converge 
after: 10 iterations  current Norm: 0.000154546 (max: 1e-06, Norm deltaR: 0.742863)
WARNING: CTestNormDispIncr::test() - failed to converge 
after: 10 iterations  current Norm: 9.27724e-05 (max: 1e-06, Norm deltaR: 1.66178)
WARNING: CTestNormDispIncr::test() - failed to converge 
after: 10 iterations  current Norm: 7.9404e-06 (max: 1e-06, Norm deltaR: 3.20655)
WARNING: CTestNormDispIncr::test() - failed to converge 
after: 10 iterations  current Norm: 0.000154546 (max: 1e-06, Norm deltaR: 0.742863)
WARNING: CTestNormDispIncr::test() - failed to converge 
after: 10 iterations  current Norm: 9.27724e-05 (max: 1e-06, Norm deltaR: 1.66178)
WARNING: CTestNormDispIncr::test() - failed to converge 
after: 10 iterations  current Norm: 7.9404e-06 (max: 1e-06, Norm deltaR: 3.20655)
WARNING: CTestNormDispIncr::test() - failed to converge 
after: 10 iterations  current Norm: 0.000154546 (max: 1e-06, Norm deltaR: 0.742863)
WARNING: CTestNormDispIncr::test() - failed to converge 
after: 10 iterations  current Norm: 9.27724e-05 (max: 1e-06, Norm deltaR: 1.66178)
WARNING: CTestNormDispIncr::test() - failed to converge 
after: 10 iterations  current Norm: 7.9404e-06 (max: 1e-06, Norm deltaR: 3.20655)
WARNING: CTestNormDispIncr::test() - failed to converge 
after: 10 iterations  current Norm: 0.000154546 (max: 1e-06, Norm deltaR: 0.742863)
WARNING: CTestNormDispIncr::test() - failed to converge 
after: 10 iterations  current Norm: 9.27724e-05 (max: 1e-06, Norm deltaR: 1.66178)
WARNING: CTestNormDispIncr::test() - failed to converge 
after: 10 iterations  current Norm: 7.9404e-06 (max: 1e-06, Norm deltaR: 3.20655)
WARNING: CTestNormDispIncr::test() - failed to converge 
after: 10 iterations  current Norm: 0.000154546 (max: 1e-06, Norm deltaR: 0.742863)
WARNING: CTestNormDispIncr::test() - failed to converge 
after: 10 iterations  current Norm: 9.27724e-05 (max: 1e-06, Norm deltaR: 1.66178)
WARNING: CTestNormDispIncr::test() - failed to converge 
after: 10 iterations  current Norm: 7.9404e-06 (max: 1e-06, Norm deltaR: 3.20655)
WARNING: CTestNormDispIncr::test() - failed to converge 
after: 10 iterations  current Norm: 0.000154546 (max: 1e-06, Norm deltaR: 0.742863)
WARNING: CTestNormDispIncr::test() - failed to converge 
after: 10 iterations  current Norm: 9.27724e-05 (max: 1e-06, Norm deltaR: 1.66178)
WARNING: CTestNormDispIncr::test() - failed to converge 
after: 10 iterations  current Norm: 7.9404e-06 (max: 1e-06, Norm deltaR: 3.20655)
WARNING: CTestNormDispIncr::test() - failed to converge 
after: 10 iterations  current Norm: 0.000154546 (max: 1e-06, Norm deltaR: 0.742863)
WARNING: CTestNormDispIncr::test() - failed to converge 
after: 10 iterations  current Norm: 9.27724e-05 (max: 1e-06, Norm deltaR: 1.66178)
WARNING: CTestNormDispIncr::test() - failed to converge 
after: 10 iterations  current Norm: 7.9404e-06 (max: 1e-06, Norm deltaR: 3.20655)
WARNING: CTestNormDispIncr::test() - failed to converge 
after: 10 iterations  current Norm: 0.000154546 (max: 1e-06, Norm deltaR: 0.742863)
WARNING: CTestNormDispIncr::test() - failed to converge 
after: 10 iterations  current Norm: 9.27724e-05 (max: 1e-06, Norm deltaR: 1.66178)
WARNING: CTestNormDispIncr::test() - failed to converge 
after: 10 iterations  current Norm: 7.9404e-06 (max: 1e-06, Norm deltaR: 3.20655)
WARNING: CTestNormDispIncr::test() - failed to converge 
after: 10 iterations  current Norm: 0.000154546 (max: 1e-06, Norm deltaR: 0.742863)
WARNING: CTestNormDispIncr::test() - failed to converge 
after: 10 iterations  current Norm: 9.27724e-05 (max: 1e-06, Norm deltaR: 1.66178)
WARNING: CTestNormDispIncr::test() - failed to converge 
after: 10 iterations  current Norm: 7.9404e-06 (max: 1e-06, Norm deltaR: 3.20655)
WARNING: CTestNormDispIncr::test() - failed to converge 
after: 10 iterations  current Norm: 0.000154546 (max: 1e-06, Norm deltaR: 0.742863)
WARNING: CTestNormDispIncr::test() - failed to converge 
after: 10 iterations  current Norm: 9.27724e-05 (max: 1e-06, Norm deltaR: 1.66178)
WARNING: CTestNormDispIncr::test() - failed to converge 
after: 10 iterations  current Norm: 7.9404e-06 (max: 1e-06, Norm deltaR: 3.20655)
WARNING: CTestNormDispIncr::test() - failed to converge 
after: 10 iterations  current Norm: 0.000154546 (max: 1e-06, Norm deltaR: 0.742863)
WARNING: CTestNormDispIncr::test() - failed to converge 
after: 10 iterations  current Norm: 9.27724e-05 (max: 1e-06, Norm deltaR: 1.66178)
WARNING: CTestNormDispIncr::test() - failed to converge 
after: 10 iterations  current Norm: 7.9404e-06 (max: 1e-06, Norm deltaR: 3.20655)
WARNING: CTestNormDispIncr::test() - failed to converge 
after: 10 iterations  current Norm: 0.000154546 (max: 1e-06, Norm deltaR: 0.742863)
WARNING: CTestNormDispIncr::test() - failed to converge 
after: 10 iterations  current Norm: 9.27724e-05 (max: 1e-06, Norm deltaR: 1.66178)
WARNING: CTestNormDispIncr::test() - failed to converge 
after: 10 iterations  current Norm: 7.9404e-06 (max: 1e-06, Norm deltaR: 3.20655)
WARNING: CTestNormDispIncr::test() - failed to converge 
after: 10 iterations  current Norm: 0.000154546 (max: 1e-06, Norm deltaR: 0.742863)
WARNING: CTestNormDispIncr::test() - failed to converge 
after: 10 iterations  current Norm: 9.27724e-05 (max: 1e-06, Norm deltaR: 1.66178)
WARNING: CTestNormDispIncr::test() - failed to converge 
after: 10 iterations  current Norm: 7.9404e-06 (max: 1e-06, Norm deltaR: 3.20655)
WARNING: CTestNormDispIncr::test() - failed to converge 
after: 10 iterations  current Norm: 0.000154546 (max: 1e-06, Norm deltaR: 0.742863)
WARNING: CTestNormDispIncr::test() - failed to converge 
after: 10 iterations  current Norm: 9.27724e-05 (max: 1e-06, Norm deltaR: 1.66178)
WARNING: CTestNormDispIncr::test() - failed to converge 
after: 10 iterations  current Norm: 7.9404e-06 (max: 1e-06, Norm deltaR: 3.20655)
WARNING: CTestNormDispIncr::test() - failed to converge 
after: 10 iterations  current Norm: 0.000154546 (max: 1e-06, Norm deltaR: 0.742863)
WARNING: CTestNormDispIncr::test() - failed to converge 
after: 10 iterations  current Norm: 9.27724e-05 (max: 1e-06, Norm deltaR: 1.66178)
WARNING: CTestNormDispIncr::test() - failed to converge 
after: 10 iterations  current Norm: 7.9404e-06 (max: 1e-06, Norm deltaR: 3.20655)
WARNING: CTestNormDispIncr::test() - failed to converge 
after: 10 iterations  current Norm: 0.000154546 (max: 1e-06, Norm deltaR: 0.742863)
WARNING: CTestNormDispIncr::test() - failed to converge 
after: 10 iterations  current Norm: 9.27724e-05 (max: 1e-06, Norm deltaR: 1.66178)
WARNING: CTestNormDispIncr::test() - failed to converge 
after: 10 iterations  current Norm: 7.9404e-06 (max: 1e-06, Norm deltaR: 3.20655)
WARNING: CTestNormDispIncr::test() - failed to converge 
after: 10 iterations  current Norm: 0.000154546 (max: 1e-06, Norm deltaR: 0.742863)
WARNING: CTestNormDispIncr::test() - failed to converge 
after: 10 iterations  current Norm: 9.27724e-05 (max: 1e-06, Norm deltaR: 1.66178)
WARNING: CTestNormDispIncr::test() - failed to converge 
after: 10 iterations  current Norm: 7.9404e-06 (max: 1e-06, Norm deltaR: 3.20655)
WARNING: CTestNormDispIncr::test() - failed to converge 
after: 100 iterations  current Norm: 7.9404e-06 (max: 1e-06, Norm deltaR: 3.20655)
BFGS::solveCurrentStep() -the ConvergenceTest object failed in test()
DirectIntegrationAnalysis::analyze() - the Algorithm failed at time 12.8625
OpenSees > analyze failed, returned: -3 error flag
WARNING - ForceBeamColumn3d::update - failed to get compatible element forces & deformations for element: 2001(dW: << 0.00027159, dW0: 0.00820692)
Domain::update - domain failed in update
TRBDF2::update() - failed to update the domain
WARNING AcceleratedNewton::solveCurrentStep() -the Integrator failed in update()
DirectIntegrationAnalysis::analyze() - the Algorithm failed at time 12.8613
OpenSees > analyze failed, returned: -3 error flag
WARNING: CTestNormDispIncr::test() - failed to converge 
after: 100 iterations  current Norm: 8.26348e-06 (max: 1e-06, Norm deltaR: 0.731089)
NewtonLineSearch::solveCurrentStep() -the ConvergenceTest object failed in test()
DirectIntegrationAnalysis::analyze() - the Algorithm failed at time 12.8613
OpenSees > analyze failed, returned: -3 error flag
WARNING: CTestNormDispIncr::test() - failed to converge 
after: 10 iterations  current Norm: 5.4869e-05 (max: 1e-06, Norm deltaR: 1.83643)
WARNING - ForceBeamColumn3d::update - failed to get compatible element forces & deformations for element: 2001(dW: << 0.00027159, dW0: 0.00818463)
Domain::update - domain failed in update
TRBDF2::update() - failed to update the domain
WARNING Broyden::solveCurrentStep() -the Integrator failed in update()
DirectIntegrationAnalysis::analyze() - the Algorithm failed at time 12.8613
OpenSees > analyze failed, returned: -3 error flag
WARNING: CTestNormDispIncr::test() - failed to converge 
after: 10 iterations  current Norm: 2.65974 (max: 1e-06, Norm deltaR: 67403)
WARNING: CTestNormDispIncr::test() - failed to converge 
after: 10 iterations  current Norm: 0.000146225 (max: 1e-06, Norm deltaR: 1.53788)
WARNING: CTestNormDispIncr::test() - failed to converge 
after: 10 iterations  current Norm: 0.000170449 (max: 1e-06, Norm deltaR: 0.749472)
WARNING - ForceBeamColumn3d::update - failed to get compatible element forces & deformations for element: 2001(dW: << 0.00799979, dW0: 0.000270623)
Domain::update - domain failed in update
TRBDF2::update() - failed to update the domain
WARNING BFGS::solveCurrentStep() -the Integrator failed in update()
DirectIntegrationAnalysis::analyze() - the Algorithm failed at time 12.8613
OpenSees > analyze failed, returned: -3 error flag
WARNING - ForceBeamColumn3d::update - failed to get compatible element forces & deformations for element: 2001(dW: << 0.00027159, dW0: 0.00820792)
Domain::update - domain failed in update
TRBDF2::update() - failed to update the domain
WARNING AcceleratedNewton::solveCurrentStep() -the Integrator failed in update()
DirectIntegrationAnalysis::analyze() - the Algorithm failed at time 12.8613
OpenSees > analyze failed, returned: -3 error flag

[SUCCESS] Analysis completed successfully, MIDR = 2.682785796331977
