WARNING: CTestNormDispIncr::test() - failed to converge 
after: 20 iterations  current Norm: 0.000229698 (max: 1e-06, Norm deltaR: 3.09028)
NewtonRaphson::solveCurrentStep() -the ConvergenceTest object failed in test()
DirectIntegrationAnalysis::analyze() - the Algorithm failed at time 53.73
OpenSees > analyze failed, returned: -3 error flag
WARNING - ForceBeamColumn3d::update - failed to get compatible element forces & deformations for element: 1211(dW: << 0.000305686, dW0: 0.00544628)
Domain::update - domain failed in update
TRBDF2::update() - failed to update the domain
WARNING AcceleratedNewton::solveCurrentStep() -the Integrator failed in update()
DirectIntegrationAnalysis::analyze() - the Algorithm failed at time 53.73
OpenSees > analyze failed, returned: -3 error flag
WARNING: CTestNormDispIncr::test() - failed to converge 
after: 100 iterations  current Norm: 3.08071e-06 (max: 1e-06, Norm deltaR: 0.437916)
NewtonLineSearch::solveCurrentStep() -the ConvergenceTest object failed in test()
DirectIntegrationAnalysis::analyze() - the Algorithm failed at time 53.73
OpenSees > analyze failed, returned: -3 error flag
WARNING: CTestNormDispIncr::test() - failed to converge 
after: 10 iterations  current Norm: 1.37647e-05 (max: 1e-06, Norm deltaR: 1.70846)
WARNING: CTestNormDispIncr::test() - failed to converge 
after: 10 iterations  current Norm: 0.000338117 (max: 1e-06, Norm deltaR: 0.716256)
WARNING - ForceBeamColumn3d::update - failed to get compatible element forces & deformations for element: 1211(dW: << 0.000305686, dW0: 0.00552111)
Domain::update - domain failed in update
TRBDF2::update() - failed to update the domain
WARNING Broyden::solveCurrentStep() -the Integrator failed in update()
DirectIntegrationAnalysis::analyze() - the Algorithm failed at time 53.73
OpenSees > analyze failed, returned: -3 error flag
WARNING - ForceBeamColumn3d::update - failed to get compatible element forces & deformations for element: 3120(dW: << 4.73641e-11, dW0: 29.0829)
Domain::update - domain failed in update
TRBDF2::update() - failed to update the domain
WARNING BFGS::solveCurrentStep() -the Integrator failed in update()
DirectIntegrationAnalysis::analyze() - the Algorithm failed at time 53.73
OpenSees > analyze failed, returned: -3 error flag
WARNING - ForceBeamColumn3d::update - failed to get compatible element forces & deformations for element: 1211(dW: << 0.00524186, dW0: 0.000301713)
Domain::update - domain failed in update
TRBDF2::update() - failed to update the domain
WARNING AcceleratedNewton::solveCurrentStep() -the Integrator failed in update()
DirectIntegrationAnalysis::analyze() - the Algorithm failed at time 53.7325
OpenSees > analyze failed, returned: -3 error flag
WARNING - ForceBeamColumn3d::update - failed to get compatible element forces & deformations for element: 1211(dW: << 0.000305742, dW0: 0.00555929)
Domain::update - domain failed in update
TRBDF2::update() - failed to update the domain
WARNING AcceleratedNewton::solveCurrentStep() -the Integrator failed in update()
DirectIntegrationAnalysis::analyze() - the Algorithm failed at time 53.7325
OpenSees > analyze failed, returned: -3 error flag
WARNING - ForceBeamColumn3d::update - failed to get compatible element forces & deformations for element: 1211(dW: << 0.000305732, dW0: 0.0054544)
Domain::update - domain failed in update
TRBDF2::update() - failed to update the domain
WARNInG InitialInterpolatedLineSearch::search() -the Integrator failed in update()
WARNING - ForceBeamColumn3d::update - failed to get compatible element forces & deformations for element: 1211(dW: << 0.000305738, dW0: 0.0054525)
Domain::update - domain failed in update
TRBDF2::update() - failed to update the domain
WARNInG InitialInterpolatedLineSearch::search() -the Integrator failed in update()
WARNING - ForceBeamColumn3d::update - failed to get compatible element forces & deformations for element: 1211(dW: << 0.000305738, dW0: 0.0054525)
Domain::update - domain failed in update
TRBDF2::update() - failed to update the domain
WARNInG InitialInterpolatedLineSearch::search() -the Integrator failed in update()
WARNING - ForceBeamColumn3d::update - failed to get compatible element forces & deformations for element: 1211(dW: << 0.000305738, dW0: 0.0054525)
Domain::update - domain failed in update
TRBDF2::update() - failed to update the domain
WARNInG InitialInterpolatedLineSearch::search() -the Integrator failed in update()
WARNING - ForceBeamColumn3d::update - failed to get compatible element forces & deformations for element: 1211(dW: << 0.000305738, dW0: 0.0054525)
Domain::update - domain failed in update
TRBDF2::update() - failed to update the domain
WARNInG InitialInterpolatedLineSearch::search() -the Integrator failed in update()
WARNING - ForceBeamColumn3d::update - failed to get compatible element forces & deformations for element: 1211(dW: << 0.000305738, dW0: 0.0054525)
Domain::update - domain failed in update
TRBDF2::update() - failed to update the domain
WARNInG InitialInterpolatedLineSearch::search() -the Integrator failed in update()
WARNING - ForceBeamColumn3d::update - failed to get compatible element forces & deformations for element: 1211(dW: << 0.000305738, dW0: 0.0054525)
Domain::update - domain failed in update
TRBDF2::update() - failed to update the domain
WARNInG InitialInterpolatedLineSearch::search() -the Integrator failed in update()
WARNING - ForceBeamColumn3d::update - failed to get compatible element forces & deformations for element: 1211(dW: << 0.000305738, dW0: 0.0054525)
Domain::update - domain failed in update
TRBDF2::update() - failed to update the domain
WARNInG InitialInterpolatedLineSearch::search() -the Integrator failed in update()
WARNING - ForceBeamColumn3d::update - failed to get compatible element forces & deformations for element: 1211(dW: << 0.000305738, dW0: 0.0054525)
Domain::update - domain failed in update
TRBDF2::update() - failed to update the domain
WARNInG InitialInterpolatedLineSearch::search() -the Integrator failed in update()
WARNING - ForceBeamColumn3d::update - failed to get compatible element forces & deformations for element: 1211(dW: << 0.000305738, dW0: 0.0054525)
Domain::update - domain failed in update
TRBDF2::update() - failed to update the domain
WARNInG InitialInterpolatedLineSearch::search() -the Integrator failed in update()
WARNING - ForceBeamColumn3d::update - failed to get compatible element forces & deformations for element: 1211(dW: << 0.000305738, dW0: 0.0054525)
Domain::update - domain failed in update
TRBDF2::update() - failed to update the domain
WARNInG InitialInterpolatedLineSearch::search() -the Integrator failed in update()
WARNING - ForceBeamColumn3d::update - failed to get compatible element forces & deformations for element: 1211(dW: << 0.000305738, dW0: 0.0054525)
Domain::update - domain failed in update
TRBDF2::update() - failed to update the domain
WARNInG InitialInterpolatedLineSearch::search() -the Integrator failed in update()
WARNING - ForceBeamColumn3d::update - failed to get compatible element forces & deformations for element: 1211(dW: << 0.000305738, dW0: 0.0054525)
Domain::update - domain failed in update
TRBDF2::update() - failed to update the domain
WARNInG InitialInterpolatedLineSearch::search() -the Integrator failed in update()
WARNING - ForceBeamColumn3d::update - failed to get compatible element forces & deformations for element: 1211(dW: << 0.000305738, dW0: 0.0054525)
Domain::update - domain failed in update
TRBDF2::update() - failed to update the domain
WARNInG InitialInterpolatedLineSearch::search() -the Integrator failed in update()
WARNING: CTestNormDispIncr::test() - failed to converge 
after: 100 iterations  current Norm: 9.18455e-06 (max: 1e-06, Norm deltaR: 1.22809)
NewtonLineSearch::solveCurrentStep() -the ConvergenceTest object failed in test()
DirectIntegrationAnalysis::analyze() - the Algorithm failed at time 53.7325
OpenSees > analyze failed, returned: -3 error flag
WARNING - ForceBeamColumn3d::update - failed to get compatible element forces & deformations for element: 1211(dW: << 0.00030574, dW0: 0.00540145)
Domain::update - domain failed in update
TRBDF2::update() - failed to update the domain
WARNING Broyden::solveCurrentStep() -the Integrator failed in update()
DirectIntegrationAnalysis::analyze() - the Algorithm failed at time 53.7325
OpenSees > analyze failed, returned: -3 error flag
WARNING: CTestNormDispIncr::test() - failed to converge 
after: 10 iterations  current Norm: 0.192646 (max: 1e-06, Norm deltaR: 3.02384e+07)
WARNING: CTestNormDispIncr::test() - failed to converge 
after: 10 iterations  current Norm: 0.0244921 (max: 1e-06, Norm deltaR: 26.7518)
WARNING - ForceBeamColumn3d::update - failed to get compatible element forces & deformations for element: 2301(dW: << 6.35006e-06, dW0: 0.000197041)
Domain::update - domain failed in update
TRBDF2::update() - failed to update the domain
WARNING BFGS::solveCurrentStep() -the Integrator failed in update()
DirectIntegrationAnalysis::analyze() - the Algorithm failed at time 53.8475
OpenSees > analyze failed, returned: -3 error flag
WARNING - ForceBeamColumn3d::update - failed to get compatible element forces & deformations for element: 2301(dW: << 0.000195688, dW0: 6.33639e-06)
Domain::update - domain failed in update
TRBDF2::update() - failed to update the domain
WARNING AcceleratedNewton::solveCurrentStep() -the Integrator failed in update()
DirectIntegrationAnalysis::analyze() - the Algorithm failed at time 53.8475
OpenSees > analyze failed, returned: -3 error flag
WARNING: CTestNormDispIncr::test() - failed to converge 
after: 100 iterations  current Norm: 1.27001e-05 (max: 1e-06, Norm deltaR: 1.26716)
NewtonLineSearch::solveCurrentStep() -the ConvergenceTest object failed in test()
DirectIntegrationAnalysis::analyze() - the Algorithm failed at time 53.9325
OpenSees > analyze failed, returned: -3 error flag
WARNING: CTestNormDispIncr::test() - failed to converge 
after: 100 iterations  current Norm: 0.000300673 (max: 1e-06, Norm deltaR: 1.32887)
AcceleratedNewton::solveCurrentStep() -The ConvergenceTest object failed in test()
DirectIntegrationAnalysis::analyze() - the Algorithm failed at time 53.9325
OpenSees > analyze failed, returned: -3 error flag
WARNING: CTestNormDispIncr::test() - failed to converge 
after: 100 iterations  current Norm: 6.41421e-05 (max: 1e-06, Norm deltaR: 1.41975)
NewtonLineSearch::solveCurrentStep() -the ConvergenceTest object failed in test()
DirectIntegrationAnalysis::analyze() - the Algorithm failed at time 53.9325
OpenSees > analyze failed, returned: -3 error flag
WARNING: CTestNormDispIncr::test() - failed to converge 
after: 10 iterations  current Norm: 0.000579437 (max: 1e-06, Norm deltaR: 4.11152)
WARNING: CTestNormDispIncr::test() - failed to converge 
after: 10 iterations  current Norm: 0.00302593 (max: 1e-06, Norm deltaR: 3.48886)
WARNING: CTestNormDispIncr::test() - failed to converge 
after: 10 iterations  current Norm: 4.93665e-05 (max: 1e-06, Norm deltaR: 4.06743)
WARNING: CTestNormDispIncr::test() - failed to converge 
after: 10 iterations  current Norm: 0.00302593 (max: 1e-06, Norm deltaR: 3.48886)
WARNING: CTestNormDispIncr::test() - failed to converge 
after: 10 iterations  current Norm: 4.93665e-05 (max: 1e-06, Norm deltaR: 4.06743)
WARNING: CTestNormDispIncr::test() - failed to converge 
after: 10 iterations  current Norm: 0.00302593 (max: 1e-06, Norm deltaR: 3.48886)
WARNING: CTestNormDispIncr::test() - failed to converge 
after: 10 iterations  current Norm: 4.93665e-05 (max: 1e-06, Norm deltaR: 4.06743)
WARNING: CTestNormDispIncr::test() - failed to converge 
after: 10 iterations  current Norm: 0.00302593 (max: 1e-06, Norm deltaR: 3.48886)
WARNING: CTestNormDispIncr::test() - failed to converge 
after: 10 iterations  current Norm: 4.93665e-05 (max: 1e-06, Norm deltaR: 4.06743)
WARNING: CTestNormDispIncr::test() - failed to converge 
after: 10 iterations  current Norm: 0.00302593 (max: 1e-06, Norm deltaR: 3.48886)
WARNING: CTestNormDispIncr::test() - failed to converge 
after: 10 iterations  current Norm: 4.93665e-05 (max: 1e-06, Norm deltaR: 4.06743)
WARNING: CTestNormDispIncr::test() - failed to converge 
after: 10 iterations  current Norm: 0.00302593 (max: 1e-06, Norm deltaR: 3.48886)
WARNING: CTestNormDispIncr::test() - failed to converge 
after: 10 iterations  current Norm: 4.93665e-05 (max: 1e-06, Norm deltaR: 4.06743)
WARNING: CTestNormDispIncr::test() - failed to converge 
after: 10 iterations  current Norm: 0.00302593 (max: 1e-06, Norm deltaR: 3.48886)
WARNING: CTestNormDispIncr::test() - failed to converge 
after: 10 iterations  current Norm: 4.93665e-05 (max: 1e-06, Norm deltaR: 4.06743)
WARNING: CTestNormDispIncr::test() - failed to converge 
after: 10 iterations  current Norm: 0.00302593 (max: 1e-06, Norm deltaR: 3.48886)
WARNING: CTestNormDispIncr::test() - failed to converge 
after: 10 iterations  current Norm: 4.93665e-05 (max: 1e-06, Norm deltaR: 4.06743)
WARNING: CTestNormDispIncr::test() - failed to converge 
after: 10 iterations  current Norm: 0.00302593 (max: 1e-06, Norm deltaR: 3.48886)
WARNING: CTestNormDispIncr::test() - failed to converge 
after: 10 iterations  current Norm: 4.93665e-05 (max: 1e-06, Norm deltaR: 4.06743)
WARNING: CTestNormDispIncr::test() - failed to converge 
after: 10 iterations  current Norm: 0.00302593 (max: 1e-06, Norm deltaR: 3.48886)
WARNING: CTestNormDispIncr::test() - failed to converge 
after: 10 iterations  current Norm: 4.93665e-05 (max: 1e-06, Norm deltaR: 4.06743)
WARNING: CTestNormDispIncr::test() - failed to converge 
after: 10 iterations  current Norm: 0.00302593 (max: 1e-06, Norm deltaR: 3.48886)
WARNING: CTestNormDispIncr::test() - failed to converge 
after: 10 iterations  current Norm: 4.93665e-05 (max: 1e-06, Norm deltaR: 4.06743)
WARNING: CTestNormDispIncr::test() - failed to converge 
after: 10 iterations  current Norm: 0.00302593 (max: 1e-06, Norm deltaR: 3.48886)
WARNING: CTestNormDispIncr::test() - failed to converge 
after: 10 iterations  current Norm: 4.93665e-05 (max: 1e-06, Norm deltaR: 4.06743)
WARNING: CTestNormDispIncr::test() - failed to converge 
after: 10 iterations  current Norm: 0.00302593 (max: 1e-06, Norm deltaR: 3.48886)
WARNING: CTestNormDispIncr::test() - failed to converge 
after: 10 iterations  current Norm: 4.93665e-05 (max: 1e-06, Norm deltaR: 4.06743)
WARNING: CTestNormDispIncr::test() - failed to converge 
after: 10 iterations  current Norm: 0.00302593 (max: 1e-06, Norm deltaR: 3.48886)
WARNING: CTestNormDispIncr::test() - failed to converge 
after: 10 iterations  current Norm: 4.93665e-05 (max: 1e-06, Norm deltaR: 4.06743)
WARNING: CTestNormDispIncr::test() - failed to converge 
after: 10 iterations  current Norm: 0.00302593 (max: 1e-06, Norm deltaR: 3.48886)
WARNING: CTestNormDispIncr::test() - failed to converge 
after: 10 iterations  current Norm: 4.93665e-05 (max: 1e-06, Norm deltaR: 4.06743)
WARNING: CTestNormDispIncr::test() - failed to converge 
after: 10 iterations  current Norm: 0.00302593 (max: 1e-06, Norm deltaR: 3.48886)
WARNING: CTestNormDispIncr::test() - failed to converge 
after: 10 iterations  current Norm: 4.93665e-05 (max: 1e-06, Norm deltaR: 4.06743)
WARNING: CTestNormDispIncr::test() - failed to converge 
after: 10 iterations  current Norm: 0.00302593 (max: 1e-06, Norm deltaR: 3.48886)
WARNING: CTestNormDispIncr::test() - failed to converge 
after: 10 iterations  current Norm: 4.93665e-05 (max: 1e-06, Norm deltaR: 4.06743)
WARNING: CTestNormDispIncr::test() - failed to converge 
after: 10 iterations  current Norm: 0.00302593 (max: 1e-06, Norm deltaR: 3.48886)
WARNING: CTestNormDispIncr::test() - failed to converge 
after: 10 iterations  current Norm: 4.93665e-05 (max: 1e-06, Norm deltaR: 4.06743)
WARNING: CTestNormDispIncr::test() - failed to converge 
after: 10 iterations  current Norm: 0.00302593 (max: 1e-06, Norm deltaR: 3.48886)
WARNING: CTestNormDispIncr::test() - failed to converge 
after: 10 iterations  current Norm: 4.93665e-05 (max: 1e-06, Norm deltaR: 4.06743)
WARNING: CTestNormDispIncr::test() - failed to converge 
after: 10 iterations  current Norm: 0.00302593 (max: 1e-06, Norm deltaR: 3.48886)
WARNING: CTestNormDispIncr::test() - failed to converge 
after: 10 iterations  current Norm: 4.93665e-05 (max: 1e-06, Norm deltaR: 4.06743)
WARNING: CTestNormDispIncr::test() - failed to converge 
after: 10 iterations  current Norm: 0.00302593 (max: 1e-06, Norm deltaR: 3.48886)
WARNING: CTestNormDispIncr::test() - failed to converge 
after: 10 iterations  current Norm: 4.93665e-05 (max: 1e-06, Norm deltaR: 4.06743)
WARNING: CTestNormDispIncr::test() - failed to converge 
after: 10 iterations  current Norm: 0.00302593 (max: 1e-06, Norm deltaR: 3.48886)
WARNING: CTestNormDispIncr::test() - failed to converge 
after: 10 iterations  current Norm: 4.93665e-05 (max: 1e-06, Norm deltaR: 4.06743)
WARNING: CTestNormDispIncr::test() - failed to converge 
after: 10 iterations  current Norm: 0.00302593 (max: 1e-06, Norm deltaR: 3.48886)
WARNING: CTestNormDispIncr::test() - failed to converge 
after: 10 iterations  current Norm: 4.93665e-05 (max: 1e-06, Norm deltaR: 4.06743)
WARNING: CTestNormDispIncr::test() - failed to converge 
after: 10 iterations  current Norm: 0.00302593 (max: 1e-06, Norm deltaR: 3.48886)
WARNING: CTestNormDispIncr::test() - failed to converge 
after: 10 iterations  current Norm: 4.93665e-05 (max: 1e-06, Norm deltaR: 4.06743)
WARNING: CTestNormDispIncr::test() - failed to converge 
after: 10 iterations  current Norm: 0.00302593 (max: 1e-06, Norm deltaR: 3.48886)
WARNING: CTestNormDispIncr::test() - failed to converge 
after: 10 iterations  current Norm: 4.93665e-05 (max: 1e-06, Norm deltaR: 4.06743)
WARNING: CTestNormDispIncr::test() - failed to converge 
after: 10 iterations  current Norm: 0.00302593 (max: 1e-06, Norm deltaR: 3.48886)
WARNING: CTestNormDispIncr::test() - failed to converge 
after: 10 iterations  current Norm: 4.93665e-05 (max: 1e-06, Norm deltaR: 4.06743)
WARNING: CTestNormDispIncr::test() - failed to converge 
after: 10 iterations  current Norm: 0.00302593 (max: 1e-06, Norm deltaR: 3.48886)
WARNING: CTestNormDispIncr::test() - failed to converge 
after: 10 iterations  current Norm: 4.93665e-05 (max: 1e-06, Norm deltaR: 4.06743)
WARNING: CTestNormDispIncr::test() - failed to converge 
after: 10 iterations  current Norm: 0.00302593 (max: 1e-06, Norm deltaR: 3.48886)
WARNING: CTestNormDispIncr::test() - failed to converge 
after: 10 iterations  current Norm: 4.93665e-05 (max: 1e-06, Norm deltaR: 4.06743)
WARNING: CTestNormDispIncr::test() - failed to converge 
after: 10 iterations  current Norm: 0.00302593 (max: 1e-06, Norm deltaR: 3.48886)
WARNING: CTestNormDispIncr::test() - failed to converge 
after: 10 iterations  current Norm: 4.93665e-05 (max: 1e-06, Norm deltaR: 4.06743)
WARNING: CTestNormDispIncr::test() - failed to converge 
after: 10 iterations  current Norm: 0.00302593 (max: 1e-06, Norm deltaR: 3.48886)
WARNING: CTestNormDispIncr::test() - failed to converge 
after: 10 iterations  current Norm: 4.93665e-05 (max: 1e-06, Norm deltaR: 4.06743)
WARNING: CTestNormDispIncr::test() - failed to converge 
after: 10 iterations  current Norm: 0.00302593 (max: 1e-06, Norm deltaR: 3.48886)
WARNING: CTestNormDispIncr::test() - failed to converge 
after: 10 iterations  current Norm: 4.93665e-05 (max: 1e-06, Norm deltaR: 4.06743)
WARNING: CTestNormDispIncr::test() - failed to converge 
after: 10 iterations  current Norm: 0.00302593 (max: 1e-06, Norm deltaR: 3.48886)
WARNING: CTestNormDispIncr::test() - failed to converge 
after: 10 iterations  current Norm: 4.93665e-05 (max: 1e-06, Norm deltaR: 4.06743)
WARNING: CTestNormDispIncr::test() - failed to converge 
after: 10 iterations  current Norm: 0.00302593 (max: 1e-06, Norm deltaR: 3.48886)
WARNING: CTestNormDispIncr::test() - failed to converge 
after: 10 iterations  current Norm: 4.93665e-05 (max: 1e-06, Norm deltaR: 4.06743)
WARNING: CTestNormDispIncr::test() - failed to converge 
after: 10 iterations  current Norm: 0.00302593 (max: 1e-06, Norm deltaR: 3.48886)
WARNING: CTestNormDispIncr::test() - failed to converge 
after: 10 iterations  current Norm: 4.93665e-05 (max: 1e-06, Norm deltaR: 4.06743)
WARNING: CTestNormDispIncr::test() - failed to converge 
after: 10 iterations  current Norm: 0.00302593 (max: 1e-06, Norm deltaR: 3.48886)
WARNING: CTestNormDispIncr::test() - failed to converge 
after: 10 iterations  current Norm: 4.93665e-05 (max: 1e-06, Norm deltaR: 4.06743)
WARNING: CTestNormDispIncr::test() - failed to converge 
after: 10 iterations  current Norm: 0.00302593 (max: 1e-06, Norm deltaR: 3.48886)
WARNING: CTestNormDispIncr::test() - failed to converge 
after: 10 iterations  current Norm: 4.93665e-05 (max: 1e-06, Norm deltaR: 4.06743)
WARNING: CTestNormDispIncr::test() - failed to converge 
after: 10 iterations  current Norm: 0.00302593 (max: 1e-06, Norm deltaR: 3.48886)
WARNING: CTestNormDispIncr::test() - failed to converge 
after: 10 iterations  current Norm: 4.93665e-05 (max: 1e-06, Norm deltaR: 4.06743)
WARNING: CTestNormDispIncr::test() - failed to converge 
after: 10 iterations  current Norm: 0.00302593 (max: 1e-06, Norm deltaR: 3.48886)
WARNING: CTestNormDispIncr::test() - failed to converge 
after: 10 iterations  current Norm: 4.93665e-05 (max: 1e-06, Norm deltaR: 4.06743)
WARNING: CTestNormDispIncr::test() - failed to converge 
after: 10 iterations  current Norm: 0.00302593 (max: 1e-06, Norm deltaR: 3.48886)
WARNING: CTestNormDispIncr::test() - failed to converge 
after: 10 iterations  current Norm: 4.93665e-05 (max: 1e-06, Norm deltaR: 4.06743)
WARNING: CTestNormDispIncr::test() - failed to converge 
after: 10 iterations  current Norm: 0.00302593 (max: 1e-06, Norm deltaR: 3.48886)
WARNING: CTestNormDispIncr::test() - failed to converge 
after: 10 iterations  current Norm: 4.93665e-05 (max: 1e-06, Norm deltaR: 4.06743)
WARNING: CTestNormDispIncr::test() - failed to converge 
after: 10 iterations  current Norm: 0.00302593 (max: 1e-06, Norm deltaR: 3.48886)
WARNING: CTestNormDispIncr::test() - failed to converge 
after: 10 iterations  current Norm: 4.93665e-05 (max: 1e-06, Norm deltaR: 4.06743)
WARNING: CTestNormDispIncr::test() - failed to converge 
after: 10 iterations  current Norm: 0.00302593 (max: 1e-06, Norm deltaR: 3.48886)
WARNING: CTestNormDispIncr::test() - failed to converge 
after: 10 iterations  current Norm: 4.93665e-05 (max: 1e-06, Norm deltaR: 4.06743)
WARNING: CTestNormDispIncr::test() - failed to converge 
after: 10 iterations  current Norm: 0.00302593 (max: 1e-06, Norm deltaR: 3.48886)
WARNING: CTestNormDispIncr::test() - failed to converge 
after: 10 iterations  current Norm: 4.93665e-05 (max: 1e-06, Norm deltaR: 4.06743)
WARNING: CTestNormDispIncr::test() - failed to converge 
after: 10 iterations  current Norm: 0.00302593 (max: 1e-06, Norm deltaR: 3.48886)
WARNING: CTestNormDispIncr::test() - failed to converge 
after: 10 iterations  current Norm: 4.93665e-05 (max: 1e-06, Norm deltaR: 4.06743)
WARNING: CTestNormDispIncr::test() - failed to converge 
after: 10 iterations  current Norm: 0.00302593 (max: 1e-06, Norm deltaR: 3.48886)
WARNING: CTestNormDispIncr::test() - failed to converge 
after: 10 iterations  current Norm: 4.93665e-05 (max: 1e-06, Norm deltaR: 4.06743)
WARNING: CTestNormDispIncr::test() - failed to converge 
after: 10 iterations  current Norm: 0.00302593 (max: 1e-06, Norm deltaR: 3.48886)
WARNING: CTestNormDispIncr::test() - failed to converge 
after: 10 iterations  current Norm: 4.93665e-05 (max: 1e-06, Norm deltaR: 4.06743)
WARNING: CTestNormDispIncr::test() - failed to converge 
after: 10 iterations  current Norm: 0.00302593 (max: 1e-06, Norm deltaR: 3.48886)
WARNING: CTestNormDispIncr::test() - failed to converge 
after: 10 iterations  current Norm: 4.93665e-05 (max: 1e-06, Norm deltaR: 4.06743)
WARNING: CTestNormDispIncr::test() - failed to converge 
after: 10 iterations  current Norm: 0.00302593 (max: 1e-06, Norm deltaR: 3.48886)
WARNING: CTestNormDispIncr::test() - failed to converge 
after: 10 iterations  current Norm: 4.93665e-05 (max: 1e-06, Norm deltaR: 4.06743)
WARNING: CTestNormDispIncr::test() - failed to converge 
after: 10 iterations  current Norm: 0.00302593 (max: 1e-06, Norm deltaR: 3.48886)
WARNING: CTestNormDispIncr::test() - failed to converge 
after: 10 iterations  current Norm: 4.93665e-05 (max: 1e-06, Norm deltaR: 4.06743)
WARNING: CTestNormDispIncr::test() - failed to converge 
after: 10 iterations  current Norm: 0.00302593 (max: 1e-06, Norm deltaR: 3.48886)
WARNING: CTestNormDispIncr::test() - failed to converge 
after: 100 iterations  current Norm: 0.00302593 (max: 1e-06, Norm deltaR: 3.48886)
Broyden::solveCurrentStep() -the ConvergenceTest object failed in test()
DirectIntegrationAnalysis::analyze() - the Algorithm failed at time 53.9325
OpenSees > analyze failed, returned: -3 error flag
WARNING: CTestNormDispIncr::test() - failed to converge 
after: 10 iterations  current Norm: 0.604113 (max: 1e-06, Norm deltaR: 245051)
WARNING: CTestNormDispIncr::test() - failed to converge 
after: 10 iterations  current Norm: 0.0131086 (max: 1e-06, Norm deltaR: 8.68011)
WARNING: CTestNormDispIncr::test() - failed to converge 
after: 10 iterations  current Norm: 5.08112e-05 (max: 1e-06, Norm deltaR: 7.85487)
WARNING: CTestNormDispIncr::test() - failed to converge 
after: 10 iterations  current Norm: 5.08666e-05 (max: 1e-06, Norm deltaR: 7.85487)
WARNING: CTestNormDispIncr::test() - failed to converge 
after: 10 iterations  current Norm: 5.08666e-05 (max: 1e-06, Norm deltaR: 7.85487)
WARNING: CTestNormDispIncr::test() - failed to converge 
after: 10 iterations  current Norm: 5.08666e-05 (max: 1e-06, Norm deltaR: 7.85487)
WARNING: CTestNormDispIncr::test() - failed to converge 
after: 10 iterations  current Norm: 5.08666e-05 (max: 1e-06, Norm deltaR: 7.85487)
WARNING: CTestNormDispIncr::test() - failed to converge 
after: 10 iterations  current Norm: 5.08666e-05 (max: 1e-06, Norm deltaR: 7.85487)
WARNING: CTestNormDispIncr::test() - failed to converge 
after: 10 iterations  current Norm: 5.08666e-05 (max: 1e-06, Norm deltaR: 7.85487)
WARNING: CTestNormDispIncr::test() - failed to converge 
after: 10 iterations  current Norm: 5.08666e-05 (max: 1e-06, Norm deltaR: 7.85487)
WARNING: CTestNormDispIncr::test() - failed to converge 
after: 10 iterations  current Norm: 5.08666e-05 (max: 1e-06, Norm deltaR: 7.85487)
WARNING: CTestNormDispIncr::test() - failed to converge 
after: 10 iterations  current Norm: 5.08666e-05 (max: 1e-06, Norm deltaR: 7.85487)
WARNING: CTestNormDispIncr::test() - failed to converge 
after: 10 iterations  current Norm: 5.08666e-05 (max: 1e-06, Norm deltaR: 7.85487)
WARNING: CTestNormDispIncr::test() - failed to converge 
after: 10 iterations  current Norm: 5.08666e-05 (max: 1e-06, Norm deltaR: 7.85487)
WARNING: CTestNormDispIncr::test() - failed to converge 
after: 10 iterations  current Norm: 5.08666e-05 (max: 1e-06, Norm deltaR: 7.85487)
WARNING: CTestNormDispIncr::test() - failed to converge 
after: 10 iterations  current Norm: 5.08666e-05 (max: 1e-06, Norm deltaR: 7.85487)
WARNING: CTestNormDispIncr::test() - failed to converge 
after: 10 iterations  current Norm: 5.08666e-05 (max: 1e-06, Norm deltaR: 7.85487)
WARNING: CTestNormDispIncr::test() - failed to converge 
after: 10 iterations  current Norm: 5.08666e-05 (max: 1e-06, Norm deltaR: 7.85487)
WARNING: CTestNormDispIncr::test() - failed to converge 
after: 10 iterations  current Norm: 5.08666e-05 (max: 1e-06, Norm deltaR: 7.85487)
WARNING: CTestNormDispIncr::test() - failed to converge 
after: 10 iterations  current Norm: 5.08666e-05 (max: 1e-06, Norm deltaR: 7.85487)
WARNING: CTestNormDispIncr::test() - failed to converge 
after: 10 iterations  current Norm: 5.08666e-05 (max: 1e-06, Norm deltaR: 7.85487)
WARNING: CTestNormDispIncr::test() - failed to converge 
after: 10 iterations  current Norm: 5.08666e-05 (max: 1e-06, Norm deltaR: 7.85487)
WARNING: CTestNormDispIncr::test() - failed to converge 
after: 10 iterations  current Norm: 5.08666e-05 (max: 1e-06, Norm deltaR: 7.85487)
WARNING: CTestNormDispIncr::test() - failed to converge 
after: 10 iterations  current Norm: 5.08666e-05 (max: 1e-06, Norm deltaR: 7.85487)
WARNING: CTestNormDispIncr::test() - failed to converge 
after: 10 iterations  current Norm: 5.08666e-05 (max: 1e-06, Norm deltaR: 7.85487)
WARNING: CTestNormDispIncr::test() - failed to converge 
after: 10 iterations  current Norm: 5.08666e-05 (max: 1e-06, Norm deltaR: 7.85487)
WARNING: CTestNormDispIncr::test() - failed to converge 
after: 10 iterations  current Norm: 5.08666e-05 (max: 1e-06, Norm deltaR: 7.85487)
WARNING: CTestNormDispIncr::test() - failed to converge 
after: 10 iterations  current Norm: 5.08666e-05 (max: 1e-06, Norm deltaR: 7.85487)
WARNING: CTestNormDispIncr::test() - failed to converge 
after: 10 iterations  current Norm: 5.08666e-05 (max: 1e-06, Norm deltaR: 7.85487)
WARNING: CTestNormDispIncr::test() - failed to converge 
after: 10 iterations  current Norm: 5.08666e-05 (max: 1e-06, Norm deltaR: 7.85487)
WARNING: CTestNormDispIncr::test() - failed to converge 
after: 10 iterations  current Norm: 5.08666e-05 (max: 1e-06, Norm deltaR: 7.85487)
WARNING: CTestNormDispIncr::test() - failed to converge 
after: 10 iterations  current Norm: 5.08666e-05 (max: 1e-06, Norm deltaR: 7.85487)
WARNING: CTestNormDispIncr::test() - failed to converge 
after: 10 iterations  current Norm: 5.08666e-05 (max: 1e-06, Norm deltaR: 7.85487)
WARNING: CTestNormDispIncr::test() - failed to converge 
after: 10 iterations  current Norm: 5.08666e-05 (max: 1e-06, Norm deltaR: 7.85487)
WARNING: CTestNormDispIncr::test() - failed to converge 
after: 10 iterations  current Norm: 5.08666e-05 (max: 1e-06, Norm deltaR: 7.85487)
WARNING: CTestNormDispIncr::test() - failed to converge 
after: 10 iterations  current Norm: 5.08666e-05 (max: 1e-06, Norm deltaR: 7.85487)
WARNING: CTestNormDispIncr::test() - failed to converge 
after: 10 iterations  current Norm: 5.08666e-05 (max: 1e-06, Norm deltaR: 7.85487)
WARNING: CTestNormDispIncr::test() - failed to converge 
after: 10 iterations  current Norm: 5.08666e-05 (max: 1e-06, Norm deltaR: 7.85487)
WARNING: CTestNormDispIncr::test() - failed to converge 
after: 10 iterations  current Norm: 5.08666e-05 (max: 1e-06, Norm deltaR: 7.85487)
WARNING: CTestNormDispIncr::test() - failed to converge 
after: 10 iterations  current Norm: 5.08666e-05 (max: 1e-06, Norm deltaR: 7.85487)
WARNING: CTestNormDispIncr::test() - failed to converge 
after: 10 iterations  current Norm: 5.08666e-05 (max: 1e-06, Norm deltaR: 7.85487)
WARNING: CTestNormDispIncr::test() - failed to converge 
after: 10 iterations  current Norm: 5.08666e-05 (max: 1e-06, Norm deltaR: 7.85487)
WARNING: CTestNormDispIncr::test() - failed to converge 
after: 10 iterations  current Norm: 5.08666e-05 (max: 1e-06, Norm deltaR: 7.85487)
WARNING: CTestNormDispIncr::test() - failed to converge 
after: 10 iterations  current Norm: 5.08666e-05 (max: 1e-06, Norm deltaR: 7.85487)
WARNING: CTestNormDispIncr::test() - failed to converge 
after: 10 iterations  current Norm: 5.08666e-05 (max: 1e-06, Norm deltaR: 7.85487)
WARNING: CTestNormDispIncr::test() - failed to converge 
after: 10 iterations  current Norm: 5.08666e-05 (max: 1e-06, Norm deltaR: 7.85487)
WARNING: CTestNormDispIncr::test() - failed to converge 
after: 10 iterations  current Norm: 5.08666e-05 (max: 1e-06, Norm deltaR: 7.85487)
WARNING: CTestNormDispIncr::test() - failed to converge 
after: 10 iterations  current Norm: 5.08666e-05 (max: 1e-06, Norm deltaR: 7.85487)
WARNING: CTestNormDispIncr::test() - failed to converge 
after: 10 iterations  current Norm: 5.08666e-05 (max: 1e-06, Norm deltaR: 7.85487)
WARNING: CTestNormDispIncr::test() - failed to converge 
after: 10 iterations  current Norm: 5.08666e-05 (max: 1e-06, Norm deltaR: 7.85487)
WARNING: CTestNormDispIncr::test() - failed to converge 
after: 10 iterations  current Norm: 5.08666e-05 (max: 1e-06, Norm deltaR: 7.85487)
WARNING: CTestNormDispIncr::test() - failed to converge 
after: 10 iterations  current Norm: 5.08666e-05 (max: 1e-06, Norm deltaR: 7.85487)
WARNING: CTestNormDispIncr::test() - failed to converge 
after: 10 iterations  current Norm: 5.08666e-05 (max: 1e-06, Norm deltaR: 7.85487)
WARNING: CTestNormDispIncr::test() - failed to converge 
after: 10 iterations  current Norm: 5.08666e-05 (max: 1e-06, Norm deltaR: 7.85487)
WARNING: CTestNormDispIncr::test() - failed to converge 
after: 10 iterations  current Norm: 5.08666e-05 (max: 1e-06, Norm deltaR: 7.85487)
WARNING: CTestNormDispIncr::test() - failed to converge 
after: 10 iterations  current Norm: 5.08666e-05 (max: 1e-06, Norm deltaR: 7.85487)
WARNING: CTestNormDispIncr::test() - failed to converge 
after: 10 iterations  current Norm: 5.08666e-05 (max: 1e-06, Norm deltaR: 7.85487)
WARNING: CTestNormDispIncr::test() - failed to converge 
after: 10 iterations  current Norm: 5.08666e-05 (max: 1e-06, Norm deltaR: 7.85487)
WARNING: CTestNormDispIncr::test() - failed to converge 
after: 10 iterations  current Norm: 5.08666e-05 (max: 1e-06, Norm deltaR: 7.85487)
WARNING: CTestNormDispIncr::test() - failed to converge 
after: 10 iterations  current Norm: 5.08666e-05 (max: 1e-06, Norm deltaR: 7.85487)
WARNING: CTestNormDispIncr::test() - failed to converge 
after: 10 iterations  current Norm: 5.08666e-05 (max: 1e-06, Norm deltaR: 7.85487)
WARNING: CTestNormDispIncr::test() - failed to converge 
after: 10 iterations  current Norm: 5.08666e-05 (max: 1e-06, Norm deltaR: 7.85487)
WARNING: CTestNormDispIncr::test() - failed to converge 
after: 10 iterations  current Norm: 5.08666e-05 (max: 1e-06, Norm deltaR: 7.85487)
WARNING: CTestNormDispIncr::test() - failed to converge 
after: 10 iterations  current Norm: 5.08666e-05 (max: 1e-06, Norm deltaR: 7.85487)
WARNING: CTestNormDispIncr::test() - failed to converge 
after: 10 iterations  current Norm: 5.08666e-05 (max: 1e-06, Norm deltaR: 7.85487)
WARNING: CTestNormDispIncr::test() - failed to converge 
after: 10 iterations  current Norm: 5.08666e-05 (max: 1e-06, Norm deltaR: 7.85487)
WARNING: CTestNormDispIncr::test() - failed to converge 
after: 10 iterations  current Norm: 5.08666e-05 (max: 1e-06, Norm deltaR: 7.85487)
WARNING: CTestNormDispIncr::test() - failed to converge 
after: 10 iterations  current Norm: 5.08666e-05 (max: 1e-06, Norm deltaR: 7.85487)
WARNING: CTestNormDispIncr::test() - failed to converge 
after: 10 iterations  current Norm: 5.08666e-05 (max: 1e-06, Norm deltaR: 7.85487)
WARNING: CTestNormDispIncr::test() - failed to converge 
after: 10 iterations  current Norm: 5.08666e-05 (max: 1e-06, Norm deltaR: 7.85487)
WARNING: CTestNormDispIncr::test() - failed to converge 
after: 10 iterations  current Norm: 5.08666e-05 (max: 1e-06, Norm deltaR: 7.85487)
WARNING: CTestNormDispIncr::test() - failed to converge 
after: 10 iterations  current Norm: 5.08666e-05 (max: 1e-06, Norm deltaR: 7.85487)
WARNING: CTestNormDispIncr::test() - failed to converge 
after: 10 iterations  current Norm: 5.08666e-05 (max: 1e-06, Norm deltaR: 7.85487)
WARNING: CTestNormDispIncr::test() - failed to converge 
after: 10 iterations  current Norm: 5.08666e-05 (max: 1e-06, Norm deltaR: 7.85487)
WARNING: CTestNormDispIncr::test() - failed to converge 
after: 10 iterations  current Norm: 5.08666e-05 (max: 1e-06, Norm deltaR: 7.85487)
WARNING: CTestNormDispIncr::test() - failed to converge 
after: 10 iterations  current Norm: 5.08666e-05 (max: 1e-06, Norm deltaR: 7.85487)
WARNING: CTestNormDispIncr::test() - failed to converge 
after: 10 iterations  current Norm: 5.08666e-05 (max: 1e-06, Norm deltaR: 7.85487)
WARNING: CTestNormDispIncr::test() - failed to converge 
after: 10 iterations  current Norm: 5.08666e-05 (max: 1e-06, Norm deltaR: 7.85487)
WARNING: CTestNormDispIncr::test() - failed to converge 
after: 10 iterations  current Norm: 5.08666e-05 (max: 1e-06, Norm deltaR: 7.85487)
WARNING: CTestNormDispIncr::test() - failed to converge 
after: 10 iterations  current Norm: 5.08666e-05 (max: 1e-06, Norm deltaR: 7.85487)
WARNING: CTestNormDispIncr::test() - failed to converge 
after: 10 iterations  current Norm: 5.08666e-05 (max: 1e-06, Norm deltaR: 7.85487)
WARNING: CTestNormDispIncr::test() - failed to converge 
after: 10 iterations  current Norm: 5.08666e-05 (max: 1e-06, Norm deltaR: 7.85487)
WARNING: CTestNormDispIncr::test() - failed to converge 
after: 10 iterations  current Norm: 5.08666e-05 (max: 1e-06, Norm deltaR: 7.85487)
WARNING: CTestNormDispIncr::test() - failed to converge 
after: 10 iterations  current Norm: 5.08666e-05 (max: 1e-06, Norm deltaR: 7.85487)
WARNING: CTestNormDispIncr::test() - failed to converge 
after: 10 iterations  current Norm: 5.08666e-05 (max: 1e-06, Norm deltaR: 7.85487)
WARNING: CTestNormDispIncr::test() - failed to converge 
after: 10 iterations  current Norm: 5.08666e-05 (max: 1e-06, Norm deltaR: 7.85487)
WARNING: CTestNormDispIncr::test() - failed to converge 
after: 10 iterations  current Norm: 5.08666e-05 (max: 1e-06, Norm deltaR: 7.85487)
WARNING: CTestNormDispIncr::test() - failed to converge 
after: 10 iterations  current Norm: 5.08666e-05 (max: 1e-06, Norm deltaR: 7.85487)
WARNING: CTestNormDispIncr::test() - failed to converge 
after: 10 iterations  current Norm: 5.08666e-05 (max: 1e-06, Norm deltaR: 7.85487)
WARNING: CTestNormDispIncr::test() - failed to converge 
after: 10 iterations  current Norm: 5.08666e-05 (max: 1e-06, Norm deltaR: 7.85487)
WARNING: CTestNormDispIncr::test() - failed to converge 
after: 10 iterations  current Norm: 5.08666e-05 (max: 1e-06, Norm deltaR: 7.85487)
WARNING: CTestNormDispIncr::test() - failed to converge 
after: 10 iterations  current Norm: 5.08666e-05 (max: 1e-06, Norm deltaR: 7.85487)
WARNING: CTestNormDispIncr::test() - failed to converge 
after: 10 iterations  current Norm: 5.08666e-05 (max: 1e-06, Norm deltaR: 7.85487)
WARNING: CTestNormDispIncr::test() - failed to converge 
after: 10 iterations  current Norm: 5.08666e-05 (max: 1e-06, Norm deltaR: 7.85487)
WARNING: CTestNormDispIncr::test() - failed to converge 
after: 10 iterations  current Norm: 5.08666e-05 (max: 1e-06, Norm deltaR: 7.85487)
WARNING: CTestNormDispIncr::test() - failed to converge 
after: 10 iterations  current Norm: 5.08666e-05 (max: 1e-06, Norm deltaR: 7.85487)
WARNING: CTestNormDispIncr::test() - failed to converge 
after: 10 iterations  current Norm: 5.08666e-05 (max: 1e-06, Norm deltaR: 7.85487)
WARNING: CTestNormDispIncr::test() - failed to converge 
after: 10 iterations  current Norm: 5.08666e-05 (max: 1e-06, Norm deltaR: 7.85487)
WARNING: CTestNormDispIncr::test() - failed to converge 
after: 10 iterations  current Norm: 5.08666e-05 (max: 1e-06, Norm deltaR: 7.85487)
WARNING: CTestNormDispIncr::test() - failed to converge 
after: 10 iterations  current Norm: 5.08666e-05 (max: 1e-06, Norm deltaR: 7.85487)
WARNING: CTestNormDispIncr::test() - failed to converge 
after: 100 iterations  current Norm: 5.08666e-05 (max: 1e-06, Norm deltaR: 7.85487)
BFGS::solveCurrentStep() -the ConvergenceTest object failed in test()
DirectIntegrationAnalysis::analyze() - the Algorithm failed at time 53.9325
OpenSees > analyze failed, returned: -3 error flag
WARNING - ForceBeamColumn3d::update - failed to get compatible element forces & deformations for element: 2011(dW: << 0.0660202, dW0: 0.00201791)
Domain::update - domain failed in update
TRBDF2::update() - failed to update the domain
WARNING AcceleratedNewton::solveCurrentStep() -the Integrator failed in update()
DirectIntegrationAnalysis::analyze() - the Algorithm failed at time 53.93
OpenSees > analyze failed, returned: -3 error flag
WARNING: CTestNormDispIncr::test() - failed to converge 
after: 100 iterations  current Norm: 1.994e-06 (max: 1e-06, Norm deltaR: 0.269243)
NewtonLineSearch::solveCurrentStep() -the ConvergenceTest object failed in test()
DirectIntegrationAnalysis::analyze() - the Algorithm failed at time 53.93
OpenSees > analyze failed, returned: -3 error flag
WARNING: CTestNormDispIncr::test() - failed to converge 
after: 10 iterations  current Norm: 0.000382653 (max: 1e-06, Norm deltaR: 0.824477)
WARNING: CTestNormDispIncr::test() - failed to converge 
after: 10 iterations  current Norm: 0.00034304 (max: 1e-06, Norm deltaR: 0.371924)
WARNING: CTestNormDispIncr::test() - failed to converge 
after: 10 iterations  current Norm: 6.62753e-05 (max: 1e-06, Norm deltaR: 1.67014)
WARNING: CTestNormDispIncr::test() - failed to converge 
after: 10 iterations  current Norm: 2.1466e-05 (max: 1e-06, Norm deltaR: 4.20909)
WARNING: CTestNormDispIncr::test() - failed to converge 
after: 10 iterations  current Norm: 8.67266e-06 (max: 1e-06, Norm deltaR: 4.20909)
WARNING: CTestNormDispIncr::test() - failed to converge 
after: 10 iterations  current Norm: 8.67266e-06 (max: 1e-06, Norm deltaR: 4.20909)
WARNING: CTestNormDispIncr::test() - failed to converge 
after: 10 iterations  current Norm: 8.67266e-06 (max: 1e-06, Norm deltaR: 4.20909)
WARNING: CTestNormDispIncr::test() - failed to converge 
after: 10 iterations  current Norm: 8.67266e-06 (max: 1e-06, Norm deltaR: 4.20909)
WARNING: CTestNormDispIncr::test() - failed to converge 
after: 10 iterations  current Norm: 8.67266e-06 (max: 1e-06, Norm deltaR: 4.20909)
WARNING: CTestNormDispIncr::test() - failed to converge 
after: 10 iterations  current Norm: 8.67266e-06 (max: 1e-06, Norm deltaR: 4.20909)
WARNING: CTestNormDispIncr::test() - failed to converge 
after: 10 iterations  current Norm: 8.67266e-06 (max: 1e-06, Norm deltaR: 4.20909)
WARNING: CTestNormDispIncr::test() - failed to converge 
after: 10 iterations  current Norm: 8.67266e-06 (max: 1e-06, Norm deltaR: 4.20909)
WARNING: CTestNormDispIncr::test() - failed to converge 
after: 10 iterations  current Norm: 8.67266e-06 (max: 1e-06, Norm deltaR: 4.20909)
WARNING: CTestNormDispIncr::test() - failed to converge 
after: 10 iterations  current Norm: 8.67266e-06 (max: 1e-06, Norm deltaR: 4.20909)
WARNING: CTestNormDispIncr::test() - failed to converge 
after: 10 iterations  current Norm: 8.67266e-06 (max: 1e-06, Norm deltaR: 4.20909)
WARNING: CTestNormDispIncr::test() - failed to converge 
after: 10 iterations  current Norm: 8.67266e-06 (max: 1e-06, Norm deltaR: 4.20909)
WARNING: CTestNormDispIncr::test() - failed to converge 
after: 10 iterations  current Norm: 8.67266e-06 (max: 1e-06, Norm deltaR: 4.20909)
WARNING: CTestNormDispIncr::test() - failed to converge 
after: 10 iterations  current Norm: 8.67266e-06 (max: 1e-06, Norm deltaR: 4.20909)
WARNING: CTestNormDispIncr::test() - failed to converge 
after: 10 iterations  current Norm: 8.67266e-06 (max: 1e-06, Norm deltaR: 4.20909)
WARNING: CTestNormDispIncr::test() - failed to converge 
after: 10 iterations  current Norm: 8.67266e-06 (max: 1e-06, Norm deltaR: 4.20909)
WARNING: CTestNormDispIncr::test() - failed to converge 
after: 10 iterations  current Norm: 8.67266e-06 (max: 1e-06, Norm deltaR: 4.20909)
WARNING: CTestNormDispIncr::test() - failed to converge 
after: 10 iterations  current Norm: 8.67266e-06 (max: 1e-06, Norm deltaR: 4.20909)
WARNING: CTestNormDispIncr::test() - failed to converge 
after: 10 iterations  current Norm: 8.67266e-06 (max: 1e-06, Norm deltaR: 4.20909)
WARNING: CTestNormDispIncr::test() - failed to converge 
after: 10 iterations  current Norm: 8.67266e-06 (max: 1e-06, Norm deltaR: 4.20909)
WARNING: CTestNormDispIncr::test() - failed to converge 
after: 10 iterations  current Norm: 8.67266e-06 (max: 1e-06, Norm deltaR: 4.20909)
WARNING: CTestNormDispIncr::test() - failed to converge 
after: 10 iterations  current Norm: 8.67266e-06 (max: 1e-06, Norm deltaR: 4.20909)
WARNING: CTestNormDispIncr::test() - failed to converge 
after: 10 iterations  current Norm: 8.67266e-06 (max: 1e-06, Norm deltaR: 4.20909)
WARNING: CTestNormDispIncr::test() - failed to converge 
after: 10 iterations  current Norm: 8.67266e-06 (max: 1e-06, Norm deltaR: 4.20909)
WARNING: CTestNormDispIncr::test() - failed to converge 
after: 10 iterations  current Norm: 8.67266e-06 (max: 1e-06, Norm deltaR: 4.20909)
WARNING: CTestNormDispIncr::test() - failed to converge 
after: 10 iterations  current Norm: 8.67266e-06 (max: 1e-06, Norm deltaR: 4.20909)
WARNING: CTestNormDispIncr::test() - failed to converge 
after: 10 iterations  current Norm: 8.67266e-06 (max: 1e-06, Norm deltaR: 4.20909)
WARNING: CTestNormDispIncr::test() - failed to converge 
after: 10 iterations  current Norm: 8.67266e-06 (max: 1e-06, Norm deltaR: 4.20909)
WARNING: CTestNormDispIncr::test() - failed to converge 
after: 10 iterations  current Norm: 8.67266e-06 (max: 1e-06, Norm deltaR: 4.20909)
WARNING: CTestNormDispIncr::test() - failed to converge 
after: 10 iterations  current Norm: 8.67266e-06 (max: 1e-06, Norm deltaR: 4.20909)
WARNING: CTestNormDispIncr::test() - failed to converge 
after: 10 iterations  current Norm: 8.67266e-06 (max: 1e-06, Norm deltaR: 4.20909)
WARNING: CTestNormDispIncr::test() - failed to converge 
after: 10 iterations  current Norm: 8.67266e-06 (max: 1e-06, Norm deltaR: 4.20909)
WARNING: CTestNormDispIncr::test() - failed to converge 
after: 10 iterations  current Norm: 8.67266e-06 (max: 1e-06, Norm deltaR: 4.20909)
WARNING: CTestNormDispIncr::test() - failed to converge 
after: 10 iterations  current Norm: 8.67266e-06 (max: 1e-06, Norm deltaR: 4.20909)
WARNING: CTestNormDispIncr::test() - failed to converge 
after: 10 iterations  current Norm: 8.67266e-06 (max: 1e-06, Norm deltaR: 4.20909)
WARNING: CTestNormDispIncr::test() - failed to converge 
after: 10 iterations  current Norm: 8.67266e-06 (max: 1e-06, Norm deltaR: 4.20909)
WARNING: CTestNormDispIncr::test() - failed to converge 
after: 10 iterations  current Norm: 8.67266e-06 (max: 1e-06, Norm deltaR: 4.20909)
WARNING: CTestNormDispIncr::test() - failed to converge 
after: 10 iterations  current Norm: 8.67266e-06 (max: 1e-06, Norm deltaR: 4.20909)
WARNING: CTestNormDispIncr::test() - failed to converge 
after: 10 iterations  current Norm: 8.67266e-06 (max: 1e-06, Norm deltaR: 4.20909)
WARNING: CTestNormDispIncr::test() - failed to converge 
after: 10 iterations  current Norm: 8.67266e-06 (max: 1e-06, Norm deltaR: 4.20909)
WARNING: CTestNormDispIncr::test() - failed to converge 
after: 10 iterations  current Norm: 8.67266e-06 (max: 1e-06, Norm deltaR: 4.20909)
WARNING: CTestNormDispIncr::test() - failed to converge 
after: 10 iterations  current Norm: 8.67266e-06 (max: 1e-06, Norm deltaR: 4.20909)
WARNING: CTestNormDispIncr::test() - failed to converge 
after: 10 iterations  current Norm: 8.67266e-06 (max: 1e-06, Norm deltaR: 4.20909)
WARNING: CTestNormDispIncr::test() - failed to converge 
after: 10 iterations  current Norm: 8.67266e-06 (max: 1e-06, Norm deltaR: 4.20909)
WARNING: CTestNormDispIncr::test() - failed to converge 
after: 10 iterations  current Norm: 8.67266e-06 (max: 1e-06, Norm deltaR: 4.20909)
WARNING: CTestNormDispIncr::test() - failed to converge 
after: 10 iterations  current Norm: 8.67266e-06 (max: 1e-06, Norm deltaR: 4.20909)
WARNING: CTestNormDispIncr::test() - failed to converge 
after: 10 iterations  current Norm: 8.67266e-06 (max: 1e-06, Norm deltaR: 4.20909)
WARNING: CTestNormDispIncr::test() - failed to converge 
after: 10 iterations  current Norm: 8.67266e-06 (max: 1e-06, Norm deltaR: 4.20909)
WARNING: CTestNormDispIncr::test() - failed to converge 
after: 10 iterations  current Norm: 8.67266e-06 (max: 1e-06, Norm deltaR: 4.20909)
WARNING: CTestNormDispIncr::test() - failed to converge 
after: 10 iterations  current Norm: 8.67266e-06 (max: 1e-06, Norm deltaR: 4.20909)
WARNING: CTestNormDispIncr::test() - failed to converge 
after: 10 iterations  current Norm: 8.67266e-06 (max: 1e-06, Norm deltaR: 4.20909)
WARNING: CTestNormDispIncr::test() - failed to converge 
after: 10 iterations  current Norm: 8.67266e-06 (max: 1e-06, Norm deltaR: 4.20909)
WARNING: CTestNormDispIncr::test() - failed to converge 
after: 10 iterations  current Norm: 8.67266e-06 (max: 1e-06, Norm deltaR: 4.20909)
WARNING: CTestNormDispIncr::test() - failed to converge 
after: 10 iterations  current Norm: 8.67266e-06 (max: 1e-06, Norm deltaR: 4.20909)
WARNING: CTestNormDispIncr::test() - failed to converge 
after: 10 iterations  current Norm: 8.67266e-06 (max: 1e-06, Norm deltaR: 4.20909)
WARNING: CTestNormDispIncr::test() - failed to converge 
after: 10 iterations  current Norm: 8.67266e-06 (max: 1e-06, Norm deltaR: 4.20909)
WARNING: CTestNormDispIncr::test() - failed to converge 
after: 10 iterations  current Norm: 8.67266e-06 (max: 1e-06, Norm deltaR: 4.20909)
WARNING: CTestNormDispIncr::test() - failed to converge 
after: 10 iterations  current Norm: 8.67266e-06 (max: 1e-06, Norm deltaR: 4.20909)
WARNING: CTestNormDispIncr::test() - failed to converge 
after: 10 iterations  current Norm: 8.67266e-06 (max: 1e-06, Norm deltaR: 4.20909)
WARNING: CTestNormDispIncr::test() - failed to converge 
after: 10 iterations  current Norm: 8.67266e-06 (max: 1e-06, Norm deltaR: 4.20909)
WARNING: CTestNormDispIncr::test() - failed to converge 
after: 10 iterations  current Norm: 8.67266e-06 (max: 1e-06, Norm deltaR: 4.20909)
WARNING: CTestNormDispIncr::test() - failed to converge 
after: 10 iterations  current Norm: 8.67266e-06 (max: 1e-06, Norm deltaR: 4.20909)
WARNING: CTestNormDispIncr::test() - failed to converge 
after: 10 iterations  current Norm: 8.67266e-06 (max: 1e-06, Norm deltaR: 4.20909)
WARNING: CTestNormDispIncr::test() - failed to converge 
after: 10 iterations  current Norm: 8.67266e-06 (max: 1e-06, Norm deltaR: 4.20909)
WARNING: CTestNormDispIncr::test() - failed to converge 
after: 10 iterations  current Norm: 8.67266e-06 (max: 1e-06, Norm deltaR: 4.20909)
WARNING: CTestNormDispIncr::test() - failed to converge 
after: 10 iterations  current Norm: 8.67266e-06 (max: 1e-06, Norm deltaR: 4.20909)
WARNING: CTestNormDispIncr::test() - failed to converge 
after: 10 iterations  current Norm: 8.67266e-06 (max: 1e-06, Norm deltaR: 4.20909)
WARNING: CTestNormDispIncr::test() - failed to converge 
after: 10 iterations  current Norm: 8.67266e-06 (max: 1e-06, Norm deltaR: 4.20909)
WARNING: CTestNormDispIncr::test() - failed to converge 
after: 10 iterations  current Norm: 8.67266e-06 (max: 1e-06, Norm deltaR: 4.20909)
WARNING: CTestNormDispIncr::test() - failed to converge 
after: 10 iterations  current Norm: 8.67266e-06 (max: 1e-06, Norm deltaR: 4.20909)
WARNING: CTestNormDispIncr::test() - failed to converge 
after: 10 iterations  current Norm: 8.67266e-06 (max: 1e-06, Norm deltaR: 4.20909)
WARNING: CTestNormDispIncr::test() - failed to converge 
after: 10 iterations  current Norm: 8.67266e-06 (max: 1e-06, Norm deltaR: 4.20909)
WARNING: CTestNormDispIncr::test() - failed to converge 
after: 10 iterations  current Norm: 8.67266e-06 (max: 1e-06, Norm deltaR: 4.20909)
WARNING: CTestNormDispIncr::test() - failed to converge 
after: 10 iterations  current Norm: 8.67266e-06 (max: 1e-06, Norm deltaR: 4.20909)
WARNING: CTestNormDispIncr::test() - failed to converge 
after: 10 iterations  current Norm: 8.67266e-06 (max: 1e-06, Norm deltaR: 4.20909)
WARNING: CTestNormDispIncr::test() - failed to converge 
after: 10 iterations  current Norm: 8.67266e-06 (max: 1e-06, Norm deltaR: 4.20909)
WARNING: CTestNormDispIncr::test() - failed to converge 
after: 10 iterations  current Norm: 8.67266e-06 (max: 1e-06, Norm deltaR: 4.20909)
WARNING: CTestNormDispIncr::test() - failed to converge 
after: 10 iterations  current Norm: 8.67266e-06 (max: 1e-06, Norm deltaR: 4.20909)
WARNING: CTestNormDispIncr::test() - failed to converge 
after: 10 iterations  current Norm: 8.67266e-06 (max: 1e-06, Norm deltaR: 4.20909)
WARNING: CTestNormDispIncr::test() - failed to converge 
after: 10 iterations  current Norm: 8.67266e-06 (max: 1e-06, Norm deltaR: 4.20909)
WARNING: CTestNormDispIncr::test() - failed to converge 
after: 10 iterations  current Norm: 8.67266e-06 (max: 1e-06, Norm deltaR: 4.20909)
WARNING: CTestNormDispIncr::test() - failed to converge 
after: 10 iterations  current Norm: 8.67266e-06 (max: 1e-06, Norm deltaR: 4.20909)
WARNING: CTestNormDispIncr::test() - failed to converge 
after: 10 iterations  current Norm: 8.67266e-06 (max: 1e-06, Norm deltaR: 4.20909)
WARNING: CTestNormDispIncr::test() - failed to converge 
after: 10 iterations  current Norm: 8.67266e-06 (max: 1e-06, Norm deltaR: 4.20909)
WARNING: CTestNormDispIncr::test() - failed to converge 
after: 10 iterations  current Norm: 8.67266e-06 (max: 1e-06, Norm deltaR: 4.20909)
WARNING: CTestNormDispIncr::test() - failed to converge 
after: 10 iterations  current Norm: 8.67266e-06 (max: 1e-06, Norm deltaR: 4.20909)
WARNING: CTestNormDispIncr::test() - failed to converge 
after: 10 iterations  current Norm: 8.67266e-06 (max: 1e-06, Norm deltaR: 4.20909)
WARNING: CTestNormDispIncr::test() - failed to converge 
after: 10 iterations  current Norm: 8.67266e-06 (max: 1e-06, Norm deltaR: 4.20909)
WARNING: CTestNormDispIncr::test() - failed to converge 
after: 10 iterations  current Norm: 8.67266e-06 (max: 1e-06, Norm deltaR: 4.20909)
WARNING: CTestNormDispIncr::test() - failed to converge 
after: 10 iterations  current Norm: 8.67266e-06 (max: 1e-06, Norm deltaR: 4.20909)
WARNING: CTestNormDispIncr::test() - failed to converge 
after: 10 iterations  current Norm: 8.67266e-06 (max: 1e-06, Norm deltaR: 4.20909)
WARNING: CTestNormDispIncr::test() - failed to converge 
after: 10 iterations  current Norm: 8.67266e-06 (max: 1e-06, Norm deltaR: 4.20909)
WARNING: CTestNormDispIncr::test() - failed to converge 
after: 10 iterations  current Norm: 8.67266e-06 (max: 1e-06, Norm deltaR: 4.20909)
WARNING: CTestNormDispIncr::test() - failed to converge 
after: 10 iterations  current Norm: 8.67266e-06 (max: 1e-06, Norm deltaR: 4.20909)
WARNING: CTestNormDispIncr::test() - failed to converge 
after: 10 iterations  current Norm: 8.67266e-06 (max: 1e-06, Norm deltaR: 4.20909)
WARNING: CTestNormDispIncr::test() - failed to converge 
after: 10 iterations  current Norm: 8.67266e-06 (max: 1e-06, Norm deltaR: 4.20909)
WARNING: CTestNormDispIncr::test() - failed to converge 
after: 10 iterations  current Norm: 8.67266e-06 (max: 1e-06, Norm deltaR: 4.20909)
WARNING: CTestNormDispIncr::test() - failed to converge 
after: 10 iterations  current Norm: 8.67266e-06 (max: 1e-06, Norm deltaR: 4.20909)
WARNING: CTestNormDispIncr::test() - failed to converge 
after: 100 iterations  current Norm: 8.67266e-06 (max: 1e-06, Norm deltaR: 4.20909)
Broyden::solveCurrentStep() -the ConvergenceTest object failed in test()
DirectIntegrationAnalysis::analyze() - the Algorithm failed at time 53.975
OpenSees > analyze failed, returned: -3 error flag
WARNING - ForceBeamColumn3d::update - failed to get compatible element forces & deformations for element: 2101(dW: << 0.000168779, dW0: 0.00518063)
Domain::update - domain failed in update
TRBDF2::update() - failed to update the domain
WARNING AcceleratedNewton::solveCurrentStep() -the Integrator failed in update()
DirectIntegrationAnalysis::analyze() - the Algorithm failed at time 53.975
OpenSees > analyze failed, returned: -3 error flag
WARNING: CTestNormDispIncr::test() - failed to converge 
after: 100 iterations  current Norm: 3.12457e-05 (max: 1e-06, Norm deltaR: 1.19569)
NewtonLineSearch::solveCurrentStep() -the ConvergenceTest object failed in test()
DirectIntegrationAnalysis::analyze() - the Algorithm failed at time 53.975
OpenSees > analyze failed, returned: -3 error flag
WARNING: CTestNormDispIncr::test() - failed to converge 
after: 10 iterations  current Norm: 5.37667e-06 (max: 1e-06, Norm deltaR: 4.20908)
WARNING: CTestNormDispIncr::test() - failed to converge 
after: 10 iterations  current Norm: 8.67266e-06 (max: 1e-06, Norm deltaR: 4.20909)
WARNING: CTestNormDispIncr::test() - failed to converge 
after: 10 iterations  current Norm: 8.67266e-06 (max: 1e-06, Norm deltaR: 4.20909)
WARNING: CTestNormDispIncr::test() - failed to converge 
after: 10 iterations  current Norm: 8.67266e-06 (max: 1e-06, Norm deltaR: 4.20909)
WARNING: CTestNormDispIncr::test() - failed to converge 
after: 10 iterations  current Norm: 8.67266e-06 (max: 1e-06, Norm deltaR: 4.20909)
WARNING: CTestNormDispIncr::test() - failed to converge 
after: 10 iterations  current Norm: 8.67266e-06 (max: 1e-06, Norm deltaR: 4.20909)
WARNING: CTestNormDispIncr::test() - failed to converge 
after: 10 iterations  current Norm: 8.67266e-06 (max: 1e-06, Norm deltaR: 4.20909)
WARNING: CTestNormDispIncr::test() - failed to converge 
after: 10 iterations  current Norm: 8.67266e-06 (max: 1e-06, Norm deltaR: 4.20909)
WARNING: CTestNormDispIncr::test() - failed to converge 
after: 10 iterations  current Norm: 8.67266e-06 (max: 1e-06, Norm deltaR: 4.20909)
WARNING: CTestNormDispIncr::test() - failed to converge 
after: 10 iterations  current Norm: 8.67266e-06 (max: 1e-06, Norm deltaR: 4.20909)
WARNING: CTestNormDispIncr::test() - failed to converge 
after: 10 iterations  current Norm: 8.67266e-06 (max: 1e-06, Norm deltaR: 4.20909)
WARNING: CTestNormDispIncr::test() - failed to converge 
after: 10 iterations  current Norm: 8.67266e-06 (max: 1e-06, Norm deltaR: 4.20909)
WARNING: CTestNormDispIncr::test() - failed to converge 
after: 10 iterations  current Norm: 8.67266e-06 (max: 1e-06, Norm deltaR: 4.20909)
WARNING: CTestNormDispIncr::test() - failed to converge 
after: 10 iterations  current Norm: 8.67266e-06 (max: 1e-06, Norm deltaR: 4.20909)
WARNING: CTestNormDispIncr::test() - failed to converge 
after: 10 iterations  current Norm: 8.67266e-06 (max: 1e-06, Norm deltaR: 4.20909)
WARNING: CTestNormDispIncr::test() - failed to converge 
after: 10 iterations  current Norm: 8.67266e-06 (max: 1e-06, Norm deltaR: 4.20909)
WARNING: CTestNormDispIncr::test() - failed to converge 
after: 10 iterations  current Norm: 8.67266e-06 (max: 1e-06, Norm deltaR: 4.20909)
WARNING: CTestNormDispIncr::test() - failed to converge 
after: 10 iterations  current Norm: 8.67266e-06 (max: 1e-06, Norm deltaR: 4.20909)
WARNING: CTestNormDispIncr::test() - failed to converge 
after: 10 iterations  current Norm: 8.67266e-06 (max: 1e-06, Norm deltaR: 4.20909)
WARNING: CTestNormDispIncr::test() - failed to converge 
after: 10 iterations  current Norm: 8.67266e-06 (max: 1e-06, Norm deltaR: 4.20909)
WARNING: CTestNormDispIncr::test() - failed to converge 
after: 10 iterations  current Norm: 8.67266e-06 (max: 1e-06, Norm deltaR: 4.20909)
WARNING: CTestNormDispIncr::test() - failed to converge 
after: 10 iterations  current Norm: 8.67266e-06 (max: 1e-06, Norm deltaR: 4.20909)
WARNING: CTestNormDispIncr::test() - failed to converge 
after: 10 iterations  current Norm: 8.67266e-06 (max: 1e-06, Norm deltaR: 4.20909)
WARNING: CTestNormDispIncr::test() - failed to converge 
after: 10 iterations  current Norm: 8.67266e-06 (max: 1e-06, Norm deltaR: 4.20909)
WARNING: CTestNormDispIncr::test() - failed to converge 
after: 10 iterations  current Norm: 8.67266e-06 (max: 1e-06, Norm deltaR: 4.20909)
WARNING: CTestNormDispIncr::test() - failed to converge 
after: 10 iterations  current Norm: 8.67266e-06 (max: 1e-06, Norm deltaR: 4.20909)
WARNING: CTestNormDispIncr::test() - failed to converge 
after: 10 iterations  current Norm: 8.67266e-06 (max: 1e-06, Norm deltaR: 4.20909)
WARNING: CTestNormDispIncr::test() - failed to converge 
after: 10 iterations  current Norm: 8.67266e-06 (max: 1e-06, Norm deltaR: 4.20909)
WARNING: CTestNormDispIncr::test() - failed to converge 
after: 10 iterations  current Norm: 8.67266e-06 (max: 1e-06, Norm deltaR: 4.20909)
WARNING: CTestNormDispIncr::test() - failed to converge 
after: 10 iterations  current Norm: 8.67266e-06 (max: 1e-06, Norm deltaR: 4.20909)
WARNING: CTestNormDispIncr::test() - failed to converge 
after: 10 iterations  current Norm: 8.67266e-06 (max: 1e-06, Norm deltaR: 4.20909)
WARNING: CTestNormDispIncr::test() - failed to converge 
after: 10 iterations  current Norm: 8.67266e-06 (max: 1e-06, Norm deltaR: 4.20909)
WARNING: CTestNormDispIncr::test() - failed to converge 
after: 10 iterations  current Norm: 8.67266e-06 (max: 1e-06, Norm deltaR: 4.20909)
WARNING: CTestNormDispIncr::test() - failed to converge 
after: 10 iterations  current Norm: 8.67266e-06 (max: 1e-06, Norm deltaR: 4.20909)
WARNING: CTestNormDispIncr::test() - failed to converge 
after: 10 iterations  current Norm: 8.67266e-06 (max: 1e-06, Norm deltaR: 4.20909)
WARNING: CTestNormDispIncr::test() - failed to converge 
after: 10 iterations  current Norm: 8.67266e-06 (max: 1e-06, Norm deltaR: 4.20909)
WARNING: CTestNormDispIncr::test() - failed to converge 
after: 10 iterations  current Norm: 8.67266e-06 (max: 1e-06, Norm deltaR: 4.20909)
WARNING: CTestNormDispIncr::test() - failed to converge 
after: 10 iterations  current Norm: 8.67266e-06 (max: 1e-06, Norm deltaR: 4.20909)
WARNING: CTestNormDispIncr::test() - failed to converge 
after: 10 iterations  current Norm: 8.67266e-06 (max: 1e-06, Norm deltaR: 4.20909)
WARNING: CTestNormDispIncr::test() - failed to converge 
after: 10 iterations  current Norm: 8.67266e-06 (max: 1e-06, Norm deltaR: 4.20909)
WARNING: CTestNormDispIncr::test() - failed to converge 
after: 10 iterations  current Norm: 8.67266e-06 (max: 1e-06, Norm deltaR: 4.20909)
WARNING: CTestNormDispIncr::test() - failed to converge 
after: 10 iterations  current Norm: 8.67266e-06 (max: 1e-06, Norm deltaR: 4.20909)
WARNING: CTestNormDispIncr::test() - failed to converge 
after: 10 iterations  current Norm: 8.67266e-06 (max: 1e-06, Norm deltaR: 4.20909)
WARNING: CTestNormDispIncr::test() - failed to converge 
after: 10 iterations  current Norm: 8.67266e-06 (max: 1e-06, Norm deltaR: 4.20909)
WARNING: CTestNormDispIncr::test() - failed to converge 
after: 10 iterations  current Norm: 8.67266e-06 (max: 1e-06, Norm deltaR: 4.20909)
WARNING: CTestNormDispIncr::test() - failed to converge 
after: 10 iterations  current Norm: 8.67266e-06 (max: 1e-06, Norm deltaR: 4.20909)
WARNING: CTestNormDispIncr::test() - failed to converge 
after: 10 iterations  current Norm: 8.67266e-06 (max: 1e-06, Norm deltaR: 4.20909)
WARNING: CTestNormDispIncr::test() - failed to converge 
after: 10 iterations  current Norm: 8.67266e-06 (max: 1e-06, Norm deltaR: 4.20909)
WARNING: CTestNormDispIncr::test() - failed to converge 
after: 10 iterations  current Norm: 8.67266e-06 (max: 1e-06, Norm deltaR: 4.20909)
WARNING: CTestNormDispIncr::test() - failed to converge 
after: 10 iterations  current Norm: 8.67266e-06 (max: 1e-06, Norm deltaR: 4.20909)
WARNING: CTestNormDispIncr::test() - failed to converge 
after: 10 iterations  current Norm: 8.67266e-06 (max: 1e-06, Norm deltaR: 4.20909)
WARNING: CTestNormDispIncr::test() - failed to converge 
after: 10 iterations  current Norm: 8.67266e-06 (max: 1e-06, Norm deltaR: 4.20909)
WARNING: CTestNormDispIncr::test() - failed to converge 
after: 10 iterations  current Norm: 8.67266e-06 (max: 1e-06, Norm deltaR: 4.20909)
WARNING: CTestNormDispIncr::test() - failed to converge 
after: 10 iterations  current Norm: 8.67266e-06 (max: 1e-06, Norm deltaR: 4.20909)
WARNING: CTestNormDispIncr::test() - failed to converge 
after: 10 iterations  current Norm: 8.67266e-06 (max: 1e-06, Norm deltaR: 4.20909)
WARNING: CTestNormDispIncr::test() - failed to converge 
after: 10 iterations  current Norm: 8.67266e-06 (max: 1e-06, Norm deltaR: 4.20909)
WARNING: CTestNormDispIncr::test() - failed to converge 
after: 10 iterations  current Norm: 8.67266e-06 (max: 1e-06, Norm deltaR: 4.20909)
WARNING: CTestNormDispIncr::test() - failed to converge 
after: 10 iterations  current Norm: 8.67266e-06 (max: 1e-06, Norm deltaR: 4.20909)
WARNING: CTestNormDispIncr::test() - failed to converge 
after: 10 iterations  current Norm: 8.67266e-06 (max: 1e-06, Norm deltaR: 4.20909)
WARNING: CTestNormDispIncr::test() - failed to converge 
after: 10 iterations  current Norm: 8.67266e-06 (max: 1e-06, Norm deltaR: 4.20909)
WARNING: CTestNormDispIncr::test() - failed to converge 
after: 10 iterations  current Norm: 8.67266e-06 (max: 1e-06, Norm deltaR: 4.20909)
WARNING: CTestNormDispIncr::test() - failed to converge 
after: 10 iterations  current Norm: 8.67266e-06 (max: 1e-06, Norm deltaR: 4.20909)
WARNING: CTestNormDispIncr::test() - failed to converge 
after: 10 iterations  current Norm: 8.67266e-06 (max: 1e-06, Norm deltaR: 4.20909)
WARNING: CTestNormDispIncr::test() - failed to converge 
after: 10 iterations  current Norm: 8.67266e-06 (max: 1e-06, Norm deltaR: 4.20909)
WARNING: CTestNormDispIncr::test() - failed to converge 
after: 10 iterations  current Norm: 8.67266e-06 (max: 1e-06, Norm deltaR: 4.20909)
WARNING: CTestNormDispIncr::test() - failed to converge 
after: 10 iterations  current Norm: 8.67266e-06 (max: 1e-06, Norm deltaR: 4.20909)
WARNING: CTestNormDispIncr::test() - failed to converge 
after: 10 iterations  current Norm: 8.67266e-06 (max: 1e-06, Norm deltaR: 4.20909)
WARNING: CTestNormDispIncr::test() - failed to converge 
after: 10 iterations  current Norm: 8.67266e-06 (max: 1e-06, Norm deltaR: 4.20909)
WARNING: CTestNormDispIncr::test() - failed to converge 
after: 10 iterations  current Norm: 8.67266e-06 (max: 1e-06, Norm deltaR: 4.20909)
WARNING: CTestNormDispIncr::test() - failed to converge 
after: 10 iterations  current Norm: 8.67266e-06 (max: 1e-06, Norm deltaR: 4.20909)
WARNING: CTestNormDispIncr::test() - failed to converge 
after: 10 iterations  current Norm: 8.67266e-06 (max: 1e-06, Norm deltaR: 4.20909)
WARNING: CTestNormDispIncr::test() - failed to converge 
after: 10 iterations  current Norm: 8.67266e-06 (max: 1e-06, Norm deltaR: 4.20909)
WARNING: CTestNormDispIncr::test() - failed to converge 
after: 10 iterations  current Norm: 8.67266e-06 (max: 1e-06, Norm deltaR: 4.20909)
WARNING: CTestNormDispIncr::test() - failed to converge 
after: 10 iterations  current Norm: 8.67266e-06 (max: 1e-06, Norm deltaR: 4.20909)
WARNING: CTestNormDispIncr::test() - failed to converge 
after: 10 iterations  current Norm: 8.67266e-06 (max: 1e-06, Norm deltaR: 4.20909)
WARNING: CTestNormDispIncr::test() - failed to converge 
after: 10 iterations  current Norm: 8.67266e-06 (max: 1e-06, Norm deltaR: 4.20909)
WARNING: CTestNormDispIncr::test() - failed to converge 
after: 10 iterations  current Norm: 8.67266e-06 (max: 1e-06, Norm deltaR: 4.20909)
WARNING: CTestNormDispIncr::test() - failed to converge 
after: 10 iterations  current Norm: 8.67266e-06 (max: 1e-06, Norm deltaR: 4.20909)
WARNING: CTestNormDispIncr::test() - failed to converge 
after: 10 iterations  current Norm: 8.67266e-06 (max: 1e-06, Norm deltaR: 4.20909)
WARNING: CTestNormDispIncr::test() - failed to converge 
after: 10 iterations  current Norm: 8.67266e-06 (max: 1e-06, Norm deltaR: 4.20909)
WARNING: CTestNormDispIncr::test() - failed to converge 
after: 10 iterations  current Norm: 8.67266e-06 (max: 1e-06, Norm deltaR: 4.20909)
WARNING: CTestNormDispIncr::test() - failed to converge 
after: 10 iterations  current Norm: 8.67266e-06 (max: 1e-06, Norm deltaR: 4.20909)
WARNING: CTestNormDispIncr::test() - failed to converge 
after: 10 iterations  current Norm: 8.67266e-06 (max: 1e-06, Norm deltaR: 4.20909)
WARNING: CTestNormDispIncr::test() - failed to converge 
after: 10 iterations  current Norm: 8.67266e-06 (max: 1e-06, Norm deltaR: 4.20909)
WARNING: CTestNormDispIncr::test() - failed to converge 
after: 10 iterations  current Norm: 8.67266e-06 (max: 1e-06, Norm deltaR: 4.20909)
WARNING: CTestNormDispIncr::test() - failed to converge 
after: 10 iterations  current Norm: 8.67266e-06 (max: 1e-06, Norm deltaR: 4.20909)
WARNING: CTestNormDispIncr::test() - failed to converge 
after: 10 iterations  current Norm: 8.67266e-06 (max: 1e-06, Norm deltaR: 4.20909)
WARNING: CTestNormDispIncr::test() - failed to converge 
after: 10 iterations  current Norm: 8.67266e-06 (max: 1e-06, Norm deltaR: 4.20909)
WARNING: CTestNormDispIncr::test() - failed to converge 
after: 10 iterations  current Norm: 8.67266e-06 (max: 1e-06, Norm deltaR: 4.20909)
WARNING: CTestNormDispIncr::test() - failed to converge 
after: 10 iterations  current Norm: 8.67266e-06 (max: 1e-06, Norm deltaR: 4.20909)
WARNING: CTestNormDispIncr::test() - failed to converge 
after: 10 iterations  current Norm: 8.67266e-06 (max: 1e-06, Norm deltaR: 4.20909)
WARNING: CTestNormDispIncr::test() - failed to converge 
after: 10 iterations  current Norm: 8.67266e-06 (max: 1e-06, Norm deltaR: 4.20909)
WARNING: CTestNormDispIncr::test() - failed to converge 
after: 10 iterations  current Norm: 8.67266e-06 (max: 1e-06, Norm deltaR: 4.20909)
WARNING: CTestNormDispIncr::test() - failed to converge 
after: 10 iterations  current Norm: 8.67266e-06 (max: 1e-06, Norm deltaR: 4.20909)
WARNING: CTestNormDispIncr::test() - failed to converge 
after: 10 iterations  current Norm: 8.67266e-06 (max: 1e-06, Norm deltaR: 4.20909)
WARNING: CTestNormDispIncr::test() - failed to converge 
after: 10 iterations  current Norm: 8.67266e-06 (max: 1e-06, Norm deltaR: 4.20909)
WARNING: CTestNormDispIncr::test() - failed to converge 
after: 10 iterations  current Norm: 8.67266e-06 (max: 1e-06, Norm deltaR: 4.20909)
WARNING: CTestNormDispIncr::test() - failed to converge 
after: 10 iterations  current Norm: 8.67266e-06 (max: 1e-06, Norm deltaR: 4.20909)
WARNING: CTestNormDispIncr::test() - failed to converge 
after: 10 iterations  current Norm: 8.67266e-06 (max: 1e-06, Norm deltaR: 4.20909)
WARNING: CTestNormDispIncr::test() - failed to converge 
after: 10 iterations  current Norm: 8.67266e-06 (max: 1e-06, Norm deltaR: 4.20909)
WARNING: CTestNormDispIncr::test() - failed to converge 
after: 100 iterations  current Norm: 8.67266e-06 (max: 1e-06, Norm deltaR: 4.20909)
Broyden::solveCurrentStep() -the ConvergenceTest object failed in test()
DirectIntegrationAnalysis::analyze() - the Algorithm failed at time 53.975
OpenSees > analyze failed, returned: -3 error flag
WARNING: CTestNormDispIncr::test() - failed to converge 
after: 10 iterations  current Norm: 3.68414 (max: 1e-06, Norm deltaR: 553937)
WARNING: CTestNormDispIncr::test() - failed to converge 
after: 10 iterations  current Norm: 0.0385033 (max: 1e-06, Norm deltaR: 47.6202)
WARNING - ForceBeamColumn3d::update - failed to get compatible element forces & deformations for element: 2101(dW: << 0.000168777, dW0: 0.0051488)
Domain::update - domain failed in update
TRBDF2::update() - failed to update the domain
WARNING BFGS::solveCurrentStep() -the Integrator failed in update()
DirectIntegrationAnalysis::analyze() - the Algorithm failed at time 53.975
OpenSees > analyze failed, returned: -3 error flag
WARNING: CTestNormDispIncr::test() - failed to converge 
after: 100 iterations  current Norm: 3.68685e-05 (max: 1e-06, Norm deltaR: 1.76329)
AcceleratedNewton::solveCurrentStep() -The ConvergenceTest object failed in test()
DirectIntegrationAnalysis::analyze() - the Algorithm failed at time 53.9725
OpenSees > analyze failed, returned: -3 error flag
WARNING: CTestNormDispIncr::test() - failed to converge 
after: 100 iterations  current Norm: 1.70366e-06 (max: 1e-06, Norm deltaR: 0.741605)
NewtonLineSearch::solveCurrentStep() -the ConvergenceTest object failed in test()
DirectIntegrationAnalysis::analyze() - the Algorithm failed at time 53.9725
OpenSees > analyze failed, returned: -3 error flag
WARNING: CTestNormDispIncr::test() - failed to converge 
after: 10 iterations  current Norm: 5.03071e-05 (max: 1e-06, Norm deltaR: 2.14241)
WARNING - ForceBeamColumn3d::update - failed to get compatible element forces & deformations for element: 2101(dW: << 0.000168779, dW0: 0.00524279)
Domain::update - domain failed in update
TRBDF2::update() - failed to update the domain
WARNING Broyden::solveCurrentStep() -the Integrator failed in update()
DirectIntegrationAnalysis::analyze() - the Algorithm failed at time 53.9725
OpenSees > analyze failed, returned: -3 error flag
WARNING: CTestNormDispIncr::test() - failed to converge 
after: 10 iterations  current Norm: 8.9951 (max: 1e-06, Norm deltaR: 1.48717e+06)
WARNING: CTestNormDispIncr::test() - failed to converge 
after: 10 iterations  current Norm: 0.00111192 (max: 1e-06, Norm deltaR: 1.56417)
WARNING - ForceBeamColumn3d::update - failed to get compatible element forces & deformations for element: 2101(dW: << 0.000168779, dW0: 0.00525616)
Domain::update - domain failed in update
TRBDF2::update() - failed to update the domain
WARNING BFGS::solveCurrentStep() -the Integrator failed in update()
DirectIntegrationAnalysis::analyze() - the Algorithm failed at time 53.9775
OpenSees > analyze failed, returned: -3 error flag
WARNING - ForceBeamColumn3d::update - failed to get compatible element forces & deformations for element: 2211(dW: << 0.00133824, dW0: 0.0466829)
Domain::update - domain failed in update
TRBDF2::update() - failed to update the domain
WARNING AcceleratedNewton::solveCurrentStep() -the Integrator failed in update()
DirectIntegrationAnalysis::analyze() - the Algorithm failed at time 53.9925
OpenSees > analyze failed, returned: -3 error flag
WARNING: CTestNormDispIncr::test() - failed to converge 
after: 100 iterations  current Norm: 4.10633e-05 (max: 1e-06, Norm deltaR: 1.2361)
AcceleratedNewton::solveCurrentStep() -The ConvergenceTest object failed in test()
DirectIntegrationAnalysis::analyze() - the Algorithm failed at time 53.9925
OpenSees > analyze failed, returned: -3 error flag
WARNING: CTestNormDispIncr::test() - failed to converge 
after: 100 iterations  current Norm: 0.000479932 (max: 1e-06, Norm deltaR: 5.64264)
NewtonLineSearch::solveCurrentStep() -the ConvergenceTest object failed in test()
DirectIntegrationAnalysis::analyze() - the Algorithm failed at time 53.9925
OpenSees > analyze failed, returned: -3 error flag
WARNING - ForceBeamColumn3d::update - failed to get compatible element forces & deformations for element: 2211(dW: << 0.00133824, dW0: 0.0462614)
Domain::update - domain failed in update
TRBDF2::update() - failed to update the domain
WARNING Broyden::solveCurrentStep() -the Integrator failed in update()
DirectIntegrationAnalysis::analyze() - the Algorithm failed at time 53.9925
OpenSees > analyze failed, returned: -3 error flag
WARNING: CTestNormDispIncr::test() - failed to converge 
after: 10 iterations  current Norm: 0.231081 (max: 1e-06, Norm deltaR: 31822.7)
WARNING: CTestNormDispIncr::test() - failed to converge 
after: 10 iterations  current Norm: 0.000385109 (max: 1e-06, Norm deltaR: 8.18935)
WARNING - ForceBeamColumn3d::update - failed to get compatible element forces & deformations for element: 2211(dW: << 0.00133824, dW0: 0.0465072)
Domain::update - domain failed in update
TRBDF2::update() - failed to update the domain
WARNING BFGS::solveCurrentStep() -the Integrator failed in update()
DirectIntegrationAnalysis::analyze() - the Algorithm failed at time 53.9925
OpenSees > analyze failed, returned: -3 error flag
WARNING: CTestNormDispIncr::test() - failed to converge 
after: 100 iterations  current Norm: 0.000326555 (max: 1e-06, Norm deltaR: 3.67524)
AcceleratedNewton::solveCurrentStep() -The ConvergenceTest object failed in test()
DirectIntegrationAnalysis::analyze() - the Algorithm failed at time 53.995
OpenSees > analyze failed, returned: -3 error flag
WARNING - ForceBeamColumn3d::update - failed to get compatible element forces & deformations for element: 2211(dW: << 0.00133824, dW0: 0.046629)
Domain::update - domain failed in update
TRBDF2::update() - failed to update the domain
WARNING AcceleratedNewton::solveCurrentStep() -the Integrator failed in update()
DirectIntegrationAnalysis::analyze() - the Algorithm failed at time 53.995
OpenSees > analyze failed, returned: -3 error flag
WARNING: CTestNormDispIncr::test() - failed to converge 
after: 100 iterations  current Norm: 2.85347e-05 (max: 1e-06, Norm deltaR: 3.77315)
NewtonLineSearch::solveCurrentStep() -the ConvergenceTest object failed in test()
DirectIntegrationAnalysis::analyze() - the Algorithm failed at time 53.995
OpenSees > analyze failed, returned: -3 error flag
WARNING: CTestNormDispIncr::test() - failed to converge 
after: 10 iterations  current Norm: 0.000499386 (max: 1e-06, Norm deltaR: 4.49245)
WARNING: CTestNormDispIncr::test() - failed to converge 
after: 10 iterations  current Norm: 2.85014e-05 (max: 1e-06, Norm deltaR: 11.5702)
WARNING: CTestNormDispIncr::test() - failed to converge 
after: 10 iterations  current Norm: 0.000233271 (max: 1e-06, Norm deltaR: 4.48053)
WARNING: CTestNormDispIncr::test() - failed to converge 
after: 10 iterations  current Norm: 0.000607619 (max: 1e-06, Norm deltaR: 4.48053)
WARNING: CTestNormDispIncr::test() - failed to converge 
after: 10 iterations  current Norm: 0.000607619 (max: 1e-06, Norm deltaR: 4.48053)
WARNING: CTestNormDispIncr::test() - failed to converge 
after: 10 iterations  current Norm: 0.000607619 (max: 1e-06, Norm deltaR: 4.48053)
WARNING: CTestNormDispIncr::test() - failed to converge 
after: 10 iterations  current Norm: 0.000607619 (max: 1e-06, Norm deltaR: 4.48053)
WARNING: CTestNormDispIncr::test() - failed to converge 
after: 10 iterations  current Norm: 0.000607619 (max: 1e-06, Norm deltaR: 4.48053)
WARNING: CTestNormDispIncr::test() - failed to converge 
after: 10 iterations  current Norm: 0.000607619 (max: 1e-06, Norm deltaR: 4.48053)
WARNING: CTestNormDispIncr::test() - failed to converge 
after: 10 iterations  current Norm: 0.000607619 (max: 1e-06, Norm deltaR: 4.48053)
WARNING: CTestNormDispIncr::test() - failed to converge 
after: 10 iterations  current Norm: 0.000607619 (max: 1e-06, Norm deltaR: 4.48053)
WARNING: CTestNormDispIncr::test() - failed to converge 
after: 10 iterations  current Norm: 0.000607619 (max: 1e-06, Norm deltaR: 4.48053)
WARNING: CTestNormDispIncr::test() - failed to converge 
after: 10 iterations  current Norm: 0.000607619 (max: 1e-06, Norm deltaR: 4.48053)
WARNING: CTestNormDispIncr::test() - failed to converge 
after: 10 iterations  current Norm: 0.000607619 (max: 1e-06, Norm deltaR: 4.48053)
WARNING: CTestNormDispIncr::test() - failed to converge 
after: 10 iterations  current Norm: 0.000607619 (max: 1e-06, Norm deltaR: 4.48053)
WARNING: CTestNormDispIncr::test() - failed to converge 
after: 10 iterations  current Norm: 0.000607619 (max: 1e-06, Norm deltaR: 4.48053)
WARNING: CTestNormDispIncr::test() - failed to converge 
after: 10 iterations  current Norm: 0.000607619 (max: 1e-06, Norm deltaR: 4.48053)
WARNING: CTestNormDispIncr::test() - failed to converge 
after: 10 iterations  current Norm: 0.000607619 (max: 1e-06, Norm deltaR: 4.48053)
WARNING: CTestNormDispIncr::test() - failed to converge 
after: 10 iterations  current Norm: 0.000607619 (max: 1e-06, Norm deltaR: 4.48053)
WARNING: CTestNormDispIncr::test() - failed to converge 
after: 10 iterations  current Norm: 0.000607619 (max: 1e-06, Norm deltaR: 4.48053)
WARNING: CTestNormDispIncr::test() - failed to converge 
after: 10 iterations  current Norm: 0.000607619 (max: 1e-06, Norm deltaR: 4.48053)
WARNING: CTestNormDispIncr::test() - failed to converge 
after: 10 iterations  current Norm: 0.000607619 (max: 1e-06, Norm deltaR: 4.48053)
WARNING: CTestNormDispIncr::test() - failed to converge 
after: 10 iterations  current Norm: 0.000607619 (max: 1e-06, Norm deltaR: 4.48053)
WARNING: CTestNormDispIncr::test() - failed to converge 
after: 10 iterations  current Norm: 0.000607619 (max: 1e-06, Norm deltaR: 4.48053)
WARNING: CTestNormDispIncr::test() - failed to converge 
after: 10 iterations  current Norm: 0.000607619 (max: 1e-06, Norm deltaR: 4.48053)
WARNING: CTestNormDispIncr::test() - failed to converge 
after: 10 iterations  current Norm: 0.000607619 (max: 1e-06, Norm deltaR: 4.48053)
WARNING: CTestNormDispIncr::test() - failed to converge 
after: 10 iterations  current Norm: 0.000607619 (max: 1e-06, Norm deltaR: 4.48053)
WARNING: CTestNormDispIncr::test() - failed to converge 
after: 10 iterations  current Norm: 0.000607619 (max: 1e-06, Norm deltaR: 4.48053)
WARNING: CTestNormDispIncr::test() - failed to converge 
after: 10 iterations  current Norm: 0.000607619 (max: 1e-06, Norm deltaR: 4.48053)
WARNING: CTestNormDispIncr::test() - failed to converge 
after: 10 iterations  current Norm: 0.000607619 (max: 1e-06, Norm deltaR: 4.48053)
WARNING: CTestNormDispIncr::test() - failed to converge 
after: 10 iterations  current Norm: 0.000607619 (max: 1e-06, Norm deltaR: 4.48053)
WARNING: CTestNormDispIncr::test() - failed to converge 
after: 10 iterations  current Norm: 0.000607619 (max: 1e-06, Norm deltaR: 4.48053)
WARNING: CTestNormDispIncr::test() - failed to converge 
after: 10 iterations  current Norm: 0.000607619 (max: 1e-06, Norm deltaR: 4.48053)
WARNING: CTestNormDispIncr::test() - failed to converge 
after: 10 iterations  current Norm: 0.000607619 (max: 1e-06, Norm deltaR: 4.48053)
WARNING: CTestNormDispIncr::test() - failed to converge 
after: 10 iterations  current Norm: 0.000607619 (max: 1e-06, Norm deltaR: 4.48053)
WARNING: CTestNormDispIncr::test() - failed to converge 
after: 10 iterations  current Norm: 0.000607619 (max: 1e-06, Norm deltaR: 4.48053)
WARNING: CTestNormDispIncr::test() - failed to converge 
after: 10 iterations  current Norm: 0.000607619 (max: 1e-06, Norm deltaR: 4.48053)
WARNING: CTestNormDispIncr::test() - failed to converge 
after: 10 iterations  current Norm: 0.000607619 (max: 1e-06, Norm deltaR: 4.48053)
WARNING: CTestNormDispIncr::test() - failed to converge 
after: 10 iterations  current Norm: 0.000607619 (max: 1e-06, Norm deltaR: 4.48053)
WARNING: CTestNormDispIncr::test() - failed to converge 
after: 10 iterations  current Norm: 0.000607619 (max: 1e-06, Norm deltaR: 4.48053)
WARNING: CTestNormDispIncr::test() - failed to converge 
after: 10 iterations  current Norm: 0.000607619 (max: 1e-06, Norm deltaR: 4.48053)
WARNING: CTestNormDispIncr::test() - failed to converge 
after: 10 iterations  current Norm: 0.000607619 (max: 1e-06, Norm deltaR: 4.48053)
WARNING: CTestNormDispIncr::test() - failed to converge 
after: 10 iterations  current Norm: 0.000607619 (max: 1e-06, Norm deltaR: 4.48053)
WARNING: CTestNormDispIncr::test() - failed to converge 
after: 10 iterations  current Norm: 0.000607619 (max: 1e-06, Norm deltaR: 4.48053)
WARNING: CTestNormDispIncr::test() - failed to converge 
after: 10 iterations  current Norm: 0.000607619 (max: 1e-06, Norm deltaR: 4.48053)
WARNING: CTestNormDispIncr::test() - failed to converge 
after: 10 iterations  current Norm: 0.000607619 (max: 1e-06, Norm deltaR: 4.48053)
WARNING: CTestNormDispIncr::test() - failed to converge 
after: 10 iterations  current Norm: 0.000607619 (max: 1e-06, Norm deltaR: 4.48053)
WARNING: CTestNormDispIncr::test() - failed to converge 
after: 10 iterations  current Norm: 0.000607619 (max: 1e-06, Norm deltaR: 4.48053)
WARNING: CTestNormDispIncr::test() - failed to converge 
after: 10 iterations  current Norm: 0.000607619 (max: 1e-06, Norm deltaR: 4.48053)
WARNING: CTestNormDispIncr::test() - failed to converge 
after: 10 iterations  current Norm: 0.000607619 (max: 1e-06, Norm deltaR: 4.48053)
WARNING: CTestNormDispIncr::test() - failed to converge 
after: 10 iterations  current Norm: 0.000607619 (max: 1e-06, Norm deltaR: 4.48053)
WARNING: CTestNormDispIncr::test() - failed to converge 
after: 10 iterations  current Norm: 0.000607619 (max: 1e-06, Norm deltaR: 4.48053)
WARNING: CTestNormDispIncr::test() - failed to converge 
after: 10 iterations  current Norm: 0.000607619 (max: 1e-06, Norm deltaR: 4.48053)
WARNING: CTestNormDispIncr::test() - failed to converge 
after: 10 iterations  current Norm: 0.000607619 (max: 1e-06, Norm deltaR: 4.48053)
WARNING: CTestNormDispIncr::test() - failed to converge 
after: 10 iterations  current Norm: 0.000607619 (max: 1e-06, Norm deltaR: 4.48053)
WARNING: CTestNormDispIncr::test() - failed to converge 
after: 10 iterations  current Norm: 0.000607619 (max: 1e-06, Norm deltaR: 4.48053)
WARNING: CTestNormDispIncr::test() - failed to converge 
after: 10 iterations  current Norm: 0.000607619 (max: 1e-06, Norm deltaR: 4.48053)
WARNING: CTestNormDispIncr::test() - failed to converge 
after: 10 iterations  current Norm: 0.000607619 (max: 1e-06, Norm deltaR: 4.48053)
WARNING: CTestNormDispIncr::test() - failed to converge 
after: 10 iterations  current Norm: 0.000607619 (max: 1e-06, Norm deltaR: 4.48053)
WARNING: CTestNormDispIncr::test() - failed to converge 
after: 10 iterations  current Norm: 0.000607619 (max: 1e-06, Norm deltaR: 4.48053)
WARNING: CTestNormDispIncr::test() - failed to converge 
after: 10 iterations  current Norm: 0.000607619 (max: 1e-06, Norm deltaR: 4.48053)
WARNING: CTestNormDispIncr::test() - failed to converge 
after: 10 iterations  current Norm: 0.000607619 (max: 1e-06, Norm deltaR: 4.48053)
WARNING: CTestNormDispIncr::test() - failed to converge 
after: 10 iterations  current Norm: 0.000607619 (max: 1e-06, Norm deltaR: 4.48053)
WARNING: CTestNormDispIncr::test() - failed to converge 
after: 10 iterations  current Norm: 0.000607619 (max: 1e-06, Norm deltaR: 4.48053)
WARNING: CTestNormDispIncr::test() - failed to converge 
after: 10 iterations  current Norm: 0.000607619 (max: 1e-06, Norm deltaR: 4.48053)
WARNING: CTestNormDispIncr::test() - failed to converge 
after: 10 iterations  current Norm: 0.000607619 (max: 1e-06, Norm deltaR: 4.48053)
WARNING: CTestNormDispIncr::test() - failed to converge 
after: 10 iterations  current Norm: 0.000607619 (max: 1e-06, Norm deltaR: 4.48053)
WARNING: CTestNormDispIncr::test() - failed to converge 
after: 10 iterations  current Norm: 0.000607619 (max: 1e-06, Norm deltaR: 4.48053)
WARNING: CTestNormDispIncr::test() - failed to converge 
after: 10 iterations  current Norm: 0.000607619 (max: 1e-06, Norm deltaR: 4.48053)
WARNING: CTestNormDispIncr::test() - failed to converge 
after: 10 iterations  current Norm: 0.000607619 (max: 1e-06, Norm deltaR: 4.48053)
WARNING: CTestNormDispIncr::test() - failed to converge 
after: 10 iterations  current Norm: 0.000607619 (max: 1e-06, Norm deltaR: 4.48053)
WARNING: CTestNormDispIncr::test() - failed to converge 
after: 10 iterations  current Norm: 0.000607619 (max: 1e-06, Norm deltaR: 4.48053)
WARNING: CTestNormDispIncr::test() - failed to converge 
after: 10 iterations  current Norm: 0.000607619 (max: 1e-06, Norm deltaR: 4.48053)
WARNING: CTestNormDispIncr::test() - failed to converge 
after: 10 iterations  current Norm: 0.000607619 (max: 1e-06, Norm deltaR: 4.48053)
WARNING: CTestNormDispIncr::test() - failed to converge 
after: 10 iterations  current Norm: 0.000607619 (max: 1e-06, Norm deltaR: 4.48053)
WARNING: CTestNormDispIncr::test() - failed to converge 
after: 10 iterations  current Norm: 0.000607619 (max: 1e-06, Norm deltaR: 4.48053)
WARNING: CTestNormDispIncr::test() - failed to converge 
after: 10 iterations  current Norm: 0.000607619 (max: 1e-06, Norm deltaR: 4.48053)
WARNING: CTestNormDispIncr::test() - failed to converge 
after: 10 iterations  current Norm: 0.000607619 (max: 1e-06, Norm deltaR: 4.48053)
WARNING: CTestNormDispIncr::test() - failed to converge 
after: 10 iterations  current Norm: 0.000607619 (max: 1e-06, Norm deltaR: 4.48053)
WARNING: CTestNormDispIncr::test() - failed to converge 
after: 10 iterations  current Norm: 0.000607619 (max: 1e-06, Norm deltaR: 4.48053)
WARNING: CTestNormDispIncr::test() - failed to converge 
after: 10 iterations  current Norm: 0.000607619 (max: 1e-06, Norm deltaR: 4.48053)
WARNING: CTestNormDispIncr::test() - failed to converge 
after: 10 iterations  current Norm: 0.000607619 (max: 1e-06, Norm deltaR: 4.48053)
WARNING: CTestNormDispIncr::test() - failed to converge 
after: 10 iterations  current Norm: 0.000607619 (max: 1e-06, Norm deltaR: 4.48053)
WARNING: CTestNormDispIncr::test() - failed to converge 
after: 10 iterations  current Norm: 0.000607619 (max: 1e-06, Norm deltaR: 4.48053)
WARNING: CTestNormDispIncr::test() - failed to converge 
after: 10 iterations  current Norm: 0.000607619 (max: 1e-06, Norm deltaR: 4.48053)
WARNING: CTestNormDispIncr::test() - failed to converge 
after: 10 iterations  current Norm: 0.000607619 (max: 1e-06, Norm deltaR: 4.48053)
WARNING: CTestNormDispIncr::test() - failed to converge 
after: 10 iterations  current Norm: 0.000607619 (max: 1e-06, Norm deltaR: 4.48053)
WARNING: CTestNormDispIncr::test() - failed to converge 
after: 10 iterations  current Norm: 0.000607619 (max: 1e-06, Norm deltaR: 4.48053)
WARNING: CTestNormDispIncr::test() - failed to converge 
after: 10 iterations  current Norm: 0.000607619 (max: 1e-06, Norm deltaR: 4.48053)
WARNING: CTestNormDispIncr::test() - failed to converge 
after: 10 iterations  current Norm: 0.000607619 (max: 1e-06, Norm deltaR: 4.48053)
WARNING: CTestNormDispIncr::test() - failed to converge 
after: 10 iterations  current Norm: 0.000607619 (max: 1e-06, Norm deltaR: 4.48053)
WARNING: CTestNormDispIncr::test() - failed to converge 
after: 10 iterations  current Norm: 0.000607619 (max: 1e-06, Norm deltaR: 4.48053)
WARNING: CTestNormDispIncr::test() - failed to converge 
after: 10 iterations  current Norm: 0.000607619 (max: 1e-06, Norm deltaR: 4.48053)
WARNING: CTestNormDispIncr::test() - failed to converge 
after: 10 iterations  current Norm: 0.000607619 (max: 1e-06, Norm deltaR: 4.48053)
WARNING: CTestNormDispIncr::test() - failed to converge 
after: 10 iterations  current Norm: 0.000607619 (max: 1e-06, Norm deltaR: 4.48053)
WARNING: CTestNormDispIncr::test() - failed to converge 
after: 10 iterations  current Norm: 0.000607619 (max: 1e-06, Norm deltaR: 4.48053)
WARNING: CTestNormDispIncr::test() - failed to converge 
after: 10 iterations  current Norm: 0.000607619 (max: 1e-06, Norm deltaR: 4.48053)
WARNING: CTestNormDispIncr::test() - failed to converge 
after: 10 iterations  current Norm: 0.000607619 (max: 1e-06, Norm deltaR: 4.48053)
WARNING: CTestNormDispIncr::test() - failed to converge 
after: 10 iterations  current Norm: 0.000607619 (max: 1e-06, Norm deltaR: 4.48053)
WARNING: CTestNormDispIncr::test() - failed to converge 
after: 10 iterations  current Norm: 0.000607619 (max: 1e-06, Norm deltaR: 4.48053)
WARNING: CTestNormDispIncr::test() - failed to converge 
after: 100 iterations  current Norm: 0.000607619 (max: 1e-06, Norm deltaR: 4.48053)
Broyden::solveCurrentStep() -the ConvergenceTest object failed in test()
DirectIntegrationAnalysis::analyze() - the Algorithm failed at time 53.995
OpenSees > analyze failed, returned: -3 error flag
WARNING: CTestNormDispIncr::test() - failed to converge 
after: 10 iterations  current Norm: 0.337992 (max: 1e-06, Norm deltaR: 140985)
WARNING: CTestNormDispIncr::test() - failed to converge 
after: 10 iterations  current Norm: 0.00576081 (max: 1e-06, Norm deltaR: 38.7566)
WARNING: CTestNormDispIncr::test() - failed to converge 
after: 10 iterations  current Norm: 0.000756038 (max: 1e-06, Norm deltaR: 3.61791)
WARNING: CTestNormDispIncr::test() - failed to converge 
after: 10 iterations  current Norm: 0.000605017 (max: 1e-06, Norm deltaR: 4.48053)
WARNING: CTestNormDispIncr::test() - failed to converge 
after: 10 iterations  current Norm: 0.000607619 (max: 1e-06, Norm deltaR: 4.48053)
WARNING: CTestNormDispIncr::test() - failed to converge 
after: 10 iterations  current Norm: 0.000607619 (max: 1e-06, Norm deltaR: 4.48053)
WARNING: CTestNormDispIncr::test() - failed to converge 
after: 10 iterations  current Norm: 0.000607619 (max: 1e-06, Norm deltaR: 4.48053)
WARNING: CTestNormDispIncr::test() - failed to converge 
after: 10 iterations  current Norm: 0.000607619 (max: 1e-06, Norm deltaR: 4.48053)
WARNING: CTestNormDispIncr::test() - failed to converge 
after: 10 iterations  current Norm: 0.000607619 (max: 1e-06, Norm deltaR: 4.48053)
WARNING: CTestNormDispIncr::test() - failed to converge 
after: 10 iterations  current Norm: 0.000607619 (max: 1e-06, Norm deltaR: 4.48053)
WARNING: CTestNormDispIncr::test() - failed to converge 
after: 10 iterations  current Norm: 0.000607619 (max: 1e-06, Norm deltaR: 4.48053)
WARNING: CTestNormDispIncr::test() - failed to converge 
after: 10 iterations  current Norm: 0.000607619 (max: 1e-06, Norm deltaR: 4.48053)
WARNING: CTestNormDispIncr::test() - failed to converge 
after: 10 iterations  current Norm: 0.000607619 (max: 1e-06, Norm deltaR: 4.48053)
WARNING: CTestNormDispIncr::test() - failed to converge 
after: 10 iterations  current Norm: 0.000607619 (max: 1e-06, Norm deltaR: 4.48053)
WARNING: CTestNormDispIncr::test() - failed to converge 
after: 10 iterations  current Norm: 0.000607619 (max: 1e-06, Norm deltaR: 4.48053)
WARNING: CTestNormDispIncr::test() - failed to converge 
after: 10 iterations  current Norm: 0.000607619 (max: 1e-06, Norm deltaR: 4.48053)
WARNING: CTestNormDispIncr::test() - failed to converge 
after: 10 iterations  current Norm: 0.000607619 (max: 1e-06, Norm deltaR: 4.48053)
WARNING: CTestNormDispIncr::test() - failed to converge 
after: 10 iterations  current Norm: 0.000607619 (max: 1e-06, Norm deltaR: 4.48053)
WARNING: CTestNormDispIncr::test() - failed to converge 
after: 10 iterations  current Norm: 0.000607619 (max: 1e-06, Norm deltaR: 4.48053)
WARNING: CTestNormDispIncr::test() - failed to converge 
after: 10 iterations  current Norm: 0.000607619 (max: 1e-06, Norm deltaR: 4.48053)
WARNING: CTestNormDispIncr::test() - failed to converge 
after: 10 iterations  current Norm: 0.000607619 (max: 1e-06, Norm deltaR: 4.48053)
WARNING: CTestNormDispIncr::test() - failed to converge 
after: 10 iterations  current Norm: 0.000607619 (max: 1e-06, Norm deltaR: 4.48053)
WARNING: CTestNormDispIncr::test() - failed to converge 
after: 10 iterations  current Norm: 0.000607619 (max: 1e-06, Norm deltaR: 4.48053)
WARNING: CTestNormDispIncr::test() - failed to converge 
after: 10 iterations  current Norm: 0.000607619 (max: 1e-06, Norm deltaR: 4.48053)
WARNING: CTestNormDispIncr::test() - failed to converge 
after: 10 iterations  current Norm: 0.000607619 (max: 1e-06, Norm deltaR: 4.48053)
WARNING: CTestNormDispIncr::test() - failed to converge 
after: 10 iterations  current Norm: 0.000607619 (max: 1e-06, Norm deltaR: 4.48053)
WARNING: CTestNormDispIncr::test() - failed to converge 
after: 10 iterations  current Norm: 0.000607619 (max: 1e-06, Norm deltaR: 4.48053)
WARNING: CTestNormDispIncr::test() - failed to converge 
after: 10 iterations  current Norm: 0.000607619 (max: 1e-06, Norm deltaR: 4.48053)
WARNING: CTestNormDispIncr::test() - failed to converge 
after: 10 iterations  current Norm: 0.000607619 (max: 1e-06, Norm deltaR: 4.48053)
WARNING: CTestNormDispIncr::test() - failed to converge 
after: 10 iterations  current Norm: 0.000607619 (max: 1e-06, Norm deltaR: 4.48053)
WARNING: CTestNormDispIncr::test() - failed to converge 
after: 10 iterations  current Norm: 0.000607619 (max: 1e-06, Norm deltaR: 4.48053)
WARNING: CTestNormDispIncr::test() - failed to converge 
after: 10 iterations  current Norm: 0.000607619 (max: 1e-06, Norm deltaR: 4.48053)
WARNING: CTestNormDispIncr::test() - failed to converge 
after: 10 iterations  current Norm: 0.000607619 (max: 1e-06, Norm deltaR: 4.48053)
WARNING: CTestNormDispIncr::test() - failed to converge 
after: 10 iterations  current Norm: 0.000607619 (max: 1e-06, Norm deltaR: 4.48053)
WARNING: CTestNormDispIncr::test() - failed to converge 
after: 10 iterations  current Norm: 0.000607619 (max: 1e-06, Norm deltaR: 4.48053)
WARNING: CTestNormDispIncr::test() - failed to converge 
after: 10 iterations  current Norm: 0.000607619 (max: 1e-06, Norm deltaR: 4.48053)
WARNING: CTestNormDispIncr::test() - failed to converge 
after: 10 iterations  current Norm: 0.000607619 (max: 1e-06, Norm deltaR: 4.48053)
WARNING: CTestNormDispIncr::test() - failed to converge 
after: 10 iterations  current Norm: 0.000607619 (max: 1e-06, Norm deltaR: 4.48053)
WARNING: CTestNormDispIncr::test() - failed to converge 
after: 10 iterations  current Norm: 0.000607619 (max: 1e-06, Norm deltaR: 4.48053)
WARNING: CTestNormDispIncr::test() - failed to converge 
after: 10 iterations  current Norm: 0.000607619 (max: 1e-06, Norm deltaR: 4.48053)
WARNING: CTestNormDispIncr::test() - failed to converge 
after: 10 iterations  current Norm: 0.000607619 (max: 1e-06, Norm deltaR: 4.48053)
WARNING: CTestNormDispIncr::test() - failed to converge 
after: 10 iterations  current Norm: 0.000607619 (max: 1e-06, Norm deltaR: 4.48053)
WARNING: CTestNormDispIncr::test() - failed to converge 
after: 10 iterations  current Norm: 0.000607619 (max: 1e-06, Norm deltaR: 4.48053)
WARNING: CTestNormDispIncr::test() - failed to converge 
after: 10 iterations  current Norm: 0.000607619 (max: 1e-06, Norm deltaR: 4.48053)
WARNING: CTestNormDispIncr::test() - failed to converge 
after: 10 iterations  current Norm: 0.000607619 (max: 1e-06, Norm deltaR: 4.48053)
WARNING: CTestNormDispIncr::test() - failed to converge 
after: 10 iterations  current Norm: 0.000607619 (max: 1e-06, Norm deltaR: 4.48053)
WARNING: CTestNormDispIncr::test() - failed to converge 
after: 10 iterations  current Norm: 0.000607619 (max: 1e-06, Norm deltaR: 4.48053)
WARNING: CTestNormDispIncr::test() - failed to converge 
after: 10 iterations  current Norm: 0.000607619 (max: 1e-06, Norm deltaR: 4.48053)
WARNING: CTestNormDispIncr::test() - failed to converge 
after: 10 iterations  current Norm: 0.000607619 (max: 1e-06, Norm deltaR: 4.48053)
WARNING: CTestNormDispIncr::test() - failed to converge 
after: 10 iterations  current Norm: 0.000607619 (max: 1e-06, Norm deltaR: 4.48053)
WARNING: CTestNormDispIncr::test() - failed to converge 
after: 10 iterations  current Norm: 0.000607619 (max: 1e-06, Norm deltaR: 4.48053)
WARNING: CTestNormDispIncr::test() - failed to converge 
after: 10 iterations  current Norm: 0.000607619 (max: 1e-06, Norm deltaR: 4.48053)
WARNING: CTestNormDispIncr::test() - failed to converge 
after: 10 iterations  current Norm: 0.000607619 (max: 1e-06, Norm deltaR: 4.48053)
WARNING: CTestNormDispIncr::test() - failed to converge 
after: 10 iterations  current Norm: 0.000607619 (max: 1e-06, Norm deltaR: 4.48053)
WARNING: CTestNormDispIncr::test() - failed to converge 
after: 10 iterations  current Norm: 0.000607619 (max: 1e-06, Norm deltaR: 4.48053)
WARNING: CTestNormDispIncr::test() - failed to converge 
after: 10 iterations  current Norm: 0.000607619 (max: 1e-06, Norm deltaR: 4.48053)
WARNING: CTestNormDispIncr::test() - failed to converge 
after: 10 iterations  current Norm: 0.000607619 (max: 1e-06, Norm deltaR: 4.48053)
WARNING: CTestNormDispIncr::test() - failed to converge 
after: 10 iterations  current Norm: 0.000607619 (max: 1e-06, Norm deltaR: 4.48053)
WARNING: CTestNormDispIncr::test() - failed to converge 
after: 10 iterations  current Norm: 0.000607619 (max: 1e-06, Norm deltaR: 4.48053)
WARNING: CTestNormDispIncr::test() - failed to converge 
after: 10 iterations  current Norm: 0.000607619 (max: 1e-06, Norm deltaR: 4.48053)
WARNING: CTestNormDispIncr::test() - failed to converge 
after: 10 iterations  current Norm: 0.000607619 (max: 1e-06, Norm deltaR: 4.48053)
WARNING: CTestNormDispIncr::test() - failed to converge 
after: 10 iterations  current Norm: 0.000607619 (max: 1e-06, Norm deltaR: 4.48053)
WARNING: CTestNormDispIncr::test() - failed to converge 
after: 10 iterations  current Norm: 0.000607619 (max: 1e-06, Norm deltaR: 4.48053)
WARNING: CTestNormDispIncr::test() - failed to converge 
after: 10 iterations  current Norm: 0.000607619 (max: 1e-06, Norm deltaR: 4.48053)
WARNING: CTestNormDispIncr::test() - failed to converge 
after: 10 iterations  current Norm: 0.000607619 (max: 1e-06, Norm deltaR: 4.48053)
WARNING: CTestNormDispIncr::test() - failed to converge 
after: 10 iterations  current Norm: 0.000607619 (max: 1e-06, Norm deltaR: 4.48053)
WARNING: CTestNormDispIncr::test() - failed to converge 
after: 10 iterations  current Norm: 0.000607619 (max: 1e-06, Norm deltaR: 4.48053)
WARNING: CTestNormDispIncr::test() - failed to converge 
after: 10 iterations  current Norm: 0.000607619 (max: 1e-06, Norm deltaR: 4.48053)
WARNING: CTestNormDispIncr::test() - failed to converge 
after: 10 iterations  current Norm: 0.000607619 (max: 1e-06, Norm deltaR: 4.48053)
WARNING: CTestNormDispIncr::test() - failed to converge 
after: 10 iterations  current Norm: 0.000607619 (max: 1e-06, Norm deltaR: 4.48053)
WARNING: CTestNormDispIncr::test() - failed to converge 
after: 10 iterations  current Norm: 0.000607619 (max: 1e-06, Norm deltaR: 4.48053)
WARNING: CTestNormDispIncr::test() - failed to converge 
after: 10 iterations  current Norm: 0.000607619 (max: 1e-06, Norm deltaR: 4.48053)
WARNING: CTestNormDispIncr::test() - failed to converge 
after: 10 iterations  current Norm: 0.000607619 (max: 1e-06, Norm deltaR: 4.48053)
WARNING: CTestNormDispIncr::test() - failed to converge 
after: 10 iterations  current Norm: 0.000607619 (max: 1e-06, Norm deltaR: 4.48053)
WARNING: CTestNormDispIncr::test() - failed to converge 
after: 10 iterations  current Norm: 0.000607619 (max: 1e-06, Norm deltaR: 4.48053)
WARNING: CTestNormDispIncr::test() - failed to converge 
after: 10 iterations  current Norm: 0.000607619 (max: 1e-06, Norm deltaR: 4.48053)
WARNING: CTestNormDispIncr::test() - failed to converge 
after: 10 iterations  current Norm: 0.000607619 (max: 1e-06, Norm deltaR: 4.48053)
WARNING: CTestNormDispIncr::test() - failed to converge 
after: 10 iterations  current Norm: 0.000607619 (max: 1e-06, Norm deltaR: 4.48053)
WARNING: CTestNormDispIncr::test() - failed to converge 
after: 10 iterations  current Norm: 0.000607619 (max: 1e-06, Norm deltaR: 4.48053)
WARNING: CTestNormDispIncr::test() - failed to converge 
after: 10 iterations  current Norm: 0.000607619 (max: 1e-06, Norm deltaR: 4.48053)
WARNING: CTestNormDispIncr::test() - failed to converge 
after: 10 iterations  current Norm: 0.000607619 (max: 1e-06, Norm deltaR: 4.48053)
WARNING: CTestNormDispIncr::test() - failed to converge 
after: 10 iterations  current Norm: 0.000607619 (max: 1e-06, Norm deltaR: 4.48053)
WARNING: CTestNormDispIncr::test() - failed to converge 
after: 10 iterations  current Norm: 0.000607619 (max: 1e-06, Norm deltaR: 4.48053)
WARNING: CTestNormDispIncr::test() - failed to converge 
after: 10 iterations  current Norm: 0.000607619 (max: 1e-06, Norm deltaR: 4.48053)
WARNING: CTestNormDispIncr::test() - failed to converge 
after: 10 iterations  current Norm: 0.000607619 (max: 1e-06, Norm deltaR: 4.48053)
WARNING: CTestNormDispIncr::test() - failed to converge 
after: 10 iterations  current Norm: 0.000607619 (max: 1e-06, Norm deltaR: 4.48053)
WARNING: CTestNormDispIncr::test() - failed to converge 
after: 10 iterations  current Norm: 0.000607619 (max: 1e-06, Norm deltaR: 4.48053)
WARNING: CTestNormDispIncr::test() - failed to converge 
after: 10 iterations  current Norm: 0.000607619 (max: 1e-06, Norm deltaR: 4.48053)
WARNING: CTestNormDispIncr::test() - failed to converge 
after: 10 iterations  current Norm: 0.000607619 (max: 1e-06, Norm deltaR: 4.48053)
WARNING: CTestNormDispIncr::test() - failed to converge 
after: 10 iterations  current Norm: 0.000607619 (max: 1e-06, Norm deltaR: 4.48053)
WARNING: CTestNormDispIncr::test() - failed to converge 
after: 10 iterations  current Norm: 0.000607619 (max: 1e-06, Norm deltaR: 4.48053)
WARNING: CTestNormDispIncr::test() - failed to converge 
after: 10 iterations  current Norm: 0.000607619 (max: 1e-06, Norm deltaR: 4.48053)
WARNING: CTestNormDispIncr::test() - failed to converge 
after: 10 iterations  current Norm: 0.000607619 (max: 1e-06, Norm deltaR: 4.48053)
WARNING: CTestNormDispIncr::test() - failed to converge 
after: 10 iterations  current Norm: 0.000607619 (max: 1e-06, Norm deltaR: 4.48053)
WARNING: CTestNormDispIncr::test() - failed to converge 
after: 10 iterations  current Norm: 0.000607619 (max: 1e-06, Norm deltaR: 4.48053)
WARNING: CTestNormDispIncr::test() - failed to converge 
after: 10 iterations  current Norm: 0.000607619 (max: 1e-06, Norm deltaR: 4.48053)
WARNING: CTestNormDispIncr::test() - failed to converge 
after: 10 iterations  current Norm: 0.000607619 (max: 1e-06, Norm deltaR: 4.48053)
WARNING: CTestNormDispIncr::test() - failed to converge 
after: 10 iterations  current Norm: 0.000607619 (max: 1e-06, Norm deltaR: 4.48053)
WARNING: CTestNormDispIncr::test() - failed to converge 
after: 10 iterations  current Norm: 0.000607619 (max: 1e-06, Norm deltaR: 4.48053)
WARNING: CTestNormDispIncr::test() - failed to converge 
after: 10 iterations  current Norm: 0.000607619 (max: 1e-06, Norm deltaR: 4.48053)
WARNING: CTestNormDispIncr::test() - failed to converge 
after: 100 iterations  current Norm: 0.000607619 (max: 1e-06, Norm deltaR: 4.48053)
BFGS::solveCurrentStep() -the ConvergenceTest object failed in test()
DirectIntegrationAnalysis::analyze() - the Algorithm failed at time 53.995
OpenSees > analyze failed, returned: -3 error flag
WARNING: CTestNormDispIncr::test() - failed to converge 
after: 100 iterations  current Norm: 0.00014837 (max: 1e-06, Norm deltaR: 4.98875)
AcceleratedNewton::solveCurrentStep() -The ConvergenceTest object failed in test()
DirectIntegrationAnalysis::analyze() - the Algorithm failed at time 53.9925
OpenSees > analyze failed, returned: -3 error flag
WARNING: CTestNormDispIncr::test() - failed to converge 
after: 100 iterations  current Norm: 4.22022e-06 (max: 1e-06, Norm deltaR: 1.45764)
NewtonLineSearch::solveCurrentStep() -the ConvergenceTest object failed in test()
DirectIntegrationAnalysis::analyze() - the Algorithm failed at time 53.9925
OpenSees > analyze failed, returned: -3 error flag
WARNING: CTestNormDispIncr::test() - failed to converge 
after: 10 iterations  current Norm: 3.29836e-06 (max: 1e-06, Norm deltaR: 11.0487)
WARNING: CTestNormDispIncr::test() - failed to converge 
after: 10 iterations  current Norm: 1.56804e-05 (max: 1e-06, Norm deltaR: 11.0487)
WARNING: CTestNormDispIncr::test() - failed to converge 
after: 10 iterations  current Norm: 1.56804e-05 (max: 1e-06, Norm deltaR: 11.0487)
WARNING: CTestNormDispIncr::test() - failed to converge 
after: 10 iterations  current Norm: 1.56804e-05 (max: 1e-06, Norm deltaR: 11.0487)
WARNING: CTestNormDispIncr::test() - failed to converge 
after: 10 iterations  current Norm: 1.56804e-05 (max: 1e-06, Norm deltaR: 11.0487)
WARNING: CTestNormDispIncr::test() - failed to converge 
after: 10 iterations  current Norm: 1.56804e-05 (max: 1e-06, Norm deltaR: 11.0487)
WARNING: CTestNormDispIncr::test() - failed to converge 
after: 10 iterations  current Norm: 1.56804e-05 (max: 1e-06, Norm deltaR: 11.0487)
WARNING: CTestNormDispIncr::test() - failed to converge 
after: 10 iterations  current Norm: 1.56804e-05 (max: 1e-06, Norm deltaR: 11.0487)
WARNING: CTestNormDispIncr::test() - failed to converge 
after: 10 iterations  current Norm: 1.56804e-05 (max: 1e-06, Norm deltaR: 11.0487)
WARNING: CTestNormDispIncr::test() - failed to converge 
after: 10 iterations  current Norm: 1.56804e-05 (max: 1e-06, Norm deltaR: 11.0487)
WARNING: CTestNormDispIncr::test() - failed to converge 
after: 10 iterations  current Norm: 1.56804e-05 (max: 1e-06, Norm deltaR: 11.0487)
WARNING: CTestNormDispIncr::test() - failed to converge 
after: 10 iterations  current Norm: 1.56804e-05 (max: 1e-06, Norm deltaR: 11.0487)
WARNING: CTestNormDispIncr::test() - failed to converge 
after: 10 iterations  current Norm: 1.56804e-05 (max: 1e-06, Norm deltaR: 11.0487)
WARNING: CTestNormDispIncr::test() - failed to converge 
after: 10 iterations  current Norm: 1.56804e-05 (max: 1e-06, Norm deltaR: 11.0487)
WARNING: CTestNormDispIncr::test() - failed to converge 
after: 10 iterations  current Norm: 1.56804e-05 (max: 1e-06, Norm deltaR: 11.0487)
WARNING: CTestNormDispIncr::test() - failed to converge 
after: 10 iterations  current Norm: 1.56804e-05 (max: 1e-06, Norm deltaR: 11.0487)
WARNING: CTestNormDispIncr::test() - failed to converge 
after: 10 iterations  current Norm: 1.56804e-05 (max: 1e-06, Norm deltaR: 11.0487)
WARNING: CTestNormDispIncr::test() - failed to converge 
after: 10 iterations  current Norm: 1.56804e-05 (max: 1e-06, Norm deltaR: 11.0487)
WARNING: CTestNormDispIncr::test() - failed to converge 
after: 10 iterations  current Norm: 1.56804e-05 (max: 1e-06, Norm deltaR: 11.0487)
WARNING: CTestNormDispIncr::test() - failed to converge 
after: 10 iterations  current Norm: 1.56804e-05 (max: 1e-06, Norm deltaR: 11.0487)
WARNING: CTestNormDispIncr::test() - failed to converge 
after: 10 iterations  current Norm: 1.56804e-05 (max: 1e-06, Norm deltaR: 11.0487)
WARNING: CTestNormDispIncr::test() - failed to converge 
after: 10 iterations  current Norm: 1.56804e-05 (max: 1e-06, Norm deltaR: 11.0487)
WARNING: CTestNormDispIncr::test() - failed to converge 
after: 10 iterations  current Norm: 1.56804e-05 (max: 1e-06, Norm deltaR: 11.0487)
WARNING: CTestNormDispIncr::test() - failed to converge 
after: 10 iterations  current Norm: 1.56804e-05 (max: 1e-06, Norm deltaR: 11.0487)
WARNING: CTestNormDispIncr::test() - failed to converge 
after: 10 iterations  current Norm: 1.56804e-05 (max: 1e-06, Norm deltaR: 11.0487)
WARNING: CTestNormDispIncr::test() - failed to converge 
after: 10 iterations  current Norm: 1.56804e-05 (max: 1e-06, Norm deltaR: 11.0487)
WARNING: CTestNormDispIncr::test() - failed to converge 
after: 10 iterations  current Norm: 1.56804e-05 (max: 1e-06, Norm deltaR: 11.0487)
WARNING: CTestNormDispIncr::test() - failed to converge 
after: 10 iterations  current Norm: 1.56804e-05 (max: 1e-06, Norm deltaR: 11.0487)
WARNING: CTestNormDispIncr::test() - failed to converge 
after: 10 iterations  current Norm: 1.56804e-05 (max: 1e-06, Norm deltaR: 11.0487)
WARNING: CTestNormDispIncr::test() - failed to converge 
after: 10 iterations  current Norm: 1.56804e-05 (max: 1e-06, Norm deltaR: 11.0487)
WARNING: CTestNormDispIncr::test() - failed to converge 
after: 10 iterations  current Norm: 1.56804e-05 (max: 1e-06, Norm deltaR: 11.0487)
WARNING: CTestNormDispIncr::test() - failed to converge 
after: 10 iterations  current Norm: 1.56804e-05 (max: 1e-06, Norm deltaR: 11.0487)
WARNING: CTestNormDispIncr::test() - failed to converge 
after: 10 iterations  current Norm: 1.56804e-05 (max: 1e-06, Norm deltaR: 11.0487)
WARNING: CTestNormDispIncr::test() - failed to converge 
after: 10 iterations  current Norm: 1.56804e-05 (max: 1e-06, Norm deltaR: 11.0487)
WARNING: CTestNormDispIncr::test() - failed to converge 
after: 10 iterations  current Norm: 1.56804e-05 (max: 1e-06, Norm deltaR: 11.0487)
WARNING: CTestNormDispIncr::test() - failed to converge 
after: 10 iterations  current Norm: 1.56804e-05 (max: 1e-06, Norm deltaR: 11.0487)
WARNING: CTestNormDispIncr::test() - failed to converge 
after: 10 iterations  current Norm: 1.56804e-05 (max: 1e-06, Norm deltaR: 11.0487)
WARNING: CTestNormDispIncr::test() - failed to converge 
after: 10 iterations  current Norm: 1.56804e-05 (max: 1e-06, Norm deltaR: 11.0487)
WARNING: CTestNormDispIncr::test() - failed to converge 
after: 10 iterations  current Norm: 1.56804e-05 (max: 1e-06, Norm deltaR: 11.0487)
WARNING: CTestNormDispIncr::test() - failed to converge 
after: 10 iterations  current Norm: 1.56804e-05 (max: 1e-06, Norm deltaR: 11.0487)
WARNING: CTestNormDispIncr::test() - failed to converge 
after: 10 iterations  current Norm: 1.56804e-05 (max: 1e-06, Norm deltaR: 11.0487)
WARNING: CTestNormDispIncr::test() - failed to converge 
after: 10 iterations  current Norm: 1.56804e-05 (max: 1e-06, Norm deltaR: 11.0487)
WARNING: CTestNormDispIncr::test() - failed to converge 
after: 10 iterations  current Norm: 1.56804e-05 (max: 1e-06, Norm deltaR: 11.0487)
WARNING: CTestNormDispIncr::test() - failed to converge 
after: 10 iterations  current Norm: 1.56804e-05 (max: 1e-06, Norm deltaR: 11.0487)
WARNING: CTestNormDispIncr::test() - failed to converge 
after: 10 iterations  current Norm: 1.56804e-05 (max: 1e-06, Norm deltaR: 11.0487)
WARNING: CTestNormDispIncr::test() - failed to converge 
after: 10 iterations  current Norm: 1.56804e-05 (max: 1e-06, Norm deltaR: 11.0487)
WARNING: CTestNormDispIncr::test() - failed to converge 
after: 10 iterations  current Norm: 1.56804e-05 (max: 1e-06, Norm deltaR: 11.0487)
WARNING: CTestNormDispIncr::test() - failed to converge 
after: 10 iterations  current Norm: 1.56804e-05 (max: 1e-06, Norm deltaR: 11.0487)
WARNING: CTestNormDispIncr::test() - failed to converge 
after: 10 iterations  current Norm: 1.56804e-05 (max: 1e-06, Norm deltaR: 11.0487)
WARNING: CTestNormDispIncr::test() - failed to converge 
after: 10 iterations  current Norm: 1.56804e-05 (max: 1e-06, Norm deltaR: 11.0487)
WARNING: CTestNormDispIncr::test() - failed to converge 
after: 10 iterations  current Norm: 1.56804e-05 (max: 1e-06, Norm deltaR: 11.0487)
WARNING: CTestNormDispIncr::test() - failed to converge 
after: 10 iterations  current Norm: 1.56804e-05 (max: 1e-06, Norm deltaR: 11.0487)
WARNING: CTestNormDispIncr::test() - failed to converge 
after: 10 iterations  current Norm: 1.56804e-05 (max: 1e-06, Norm deltaR: 11.0487)
WARNING: CTestNormDispIncr::test() - failed to converge 
after: 10 iterations  current Norm: 1.56804e-05 (max: 1e-06, Norm deltaR: 11.0487)
WARNING: CTestNormDispIncr::test() - failed to converge 
after: 10 iterations  current Norm: 1.56804e-05 (max: 1e-06, Norm deltaR: 11.0487)
WARNING: CTestNormDispIncr::test() - failed to converge 
after: 10 iterations  current Norm: 1.56804e-05 (max: 1e-06, Norm deltaR: 11.0487)
WARNING: CTestNormDispIncr::test() - failed to converge 
after: 10 iterations  current Norm: 1.56804e-05 (max: 1e-06, Norm deltaR: 11.0487)
WARNING: CTestNormDispIncr::test() - failed to converge 
after: 10 iterations  current Norm: 1.56804e-05 (max: 1e-06, Norm deltaR: 11.0487)
WARNING: CTestNormDispIncr::test() - failed to converge 
after: 10 iterations  current Norm: 1.56804e-05 (max: 1e-06, Norm deltaR: 11.0487)
WARNING: CTestNormDispIncr::test() - failed to converge 
after: 10 iterations  current Norm: 1.56804e-05 (max: 1e-06, Norm deltaR: 11.0487)
WARNING: CTestNormDispIncr::test() - failed to converge 
after: 10 iterations  current Norm: 1.56804e-05 (max: 1e-06, Norm deltaR: 11.0487)
WARNING: CTestNormDispIncr::test() - failed to converge 
after: 10 iterations  current Norm: 1.56804e-05 (max: 1e-06, Norm deltaR: 11.0487)
WARNING: CTestNormDispIncr::test() - failed to converge 
after: 10 iterations  current Norm: 1.56804e-05 (max: 1e-06, Norm deltaR: 11.0487)
WARNING: CTestNormDispIncr::test() - failed to converge 
after: 10 iterations  current Norm: 1.56804e-05 (max: 1e-06, Norm deltaR: 11.0487)
WARNING: CTestNormDispIncr::test() - failed to converge 
after: 10 iterations  current Norm: 1.56804e-05 (max: 1e-06, Norm deltaR: 11.0487)
WARNING: CTestNormDispIncr::test() - failed to converge 
after: 10 iterations  current Norm: 1.56804e-05 (max: 1e-06, Norm deltaR: 11.0487)
WARNING: CTestNormDispIncr::test() - failed to converge 
after: 10 iterations  current Norm: 1.56804e-05 (max: 1e-06, Norm deltaR: 11.0487)
WARNING: CTestNormDispIncr::test() - failed to converge 
after: 10 iterations  current Norm: 1.56804e-05 (max: 1e-06, Norm deltaR: 11.0487)
WARNING: CTestNormDispIncr::test() - failed to converge 
after: 10 iterations  current Norm: 1.56804e-05 (max: 1e-06, Norm deltaR: 11.0487)
WARNING: CTestNormDispIncr::test() - failed to converge 
after: 10 iterations  current Norm: 1.56804e-05 (max: 1e-06, Norm deltaR: 11.0487)
WARNING: CTestNormDispIncr::test() - failed to converge 
after: 10 iterations  current Norm: 1.56804e-05 (max: 1e-06, Norm deltaR: 11.0487)
WARNING: CTestNormDispIncr::test() - failed to converge 
after: 10 iterations  current Norm: 1.56804e-05 (max: 1e-06, Norm deltaR: 11.0487)
WARNING: CTestNormDispIncr::test() - failed to converge 
after: 10 iterations  current Norm: 1.56804e-05 (max: 1e-06, Norm deltaR: 11.0487)
WARNING: CTestNormDispIncr::test() - failed to converge 
after: 10 iterations  current Norm: 1.56804e-05 (max: 1e-06, Norm deltaR: 11.0487)
WARNING: CTestNormDispIncr::test() - failed to converge 
after: 10 iterations  current Norm: 1.56804e-05 (max: 1e-06, Norm deltaR: 11.0487)
WARNING: CTestNormDispIncr::test() - failed to converge 
after: 10 iterations  current Norm: 1.56804e-05 (max: 1e-06, Norm deltaR: 11.0487)
WARNING: CTestNormDispIncr::test() - failed to converge 
after: 10 iterations  current Norm: 1.56804e-05 (max: 1e-06, Norm deltaR: 11.0487)
WARNING: CTestNormDispIncr::test() - failed to converge 
after: 10 iterations  current Norm: 1.56804e-05 (max: 1e-06, Norm deltaR: 11.0487)
WARNING: CTestNormDispIncr::test() - failed to converge 
after: 10 iterations  current Norm: 1.56804e-05 (max: 1e-06, Norm deltaR: 11.0487)
WARNING: CTestNormDispIncr::test() - failed to converge 
after: 10 iterations  current Norm: 1.56804e-05 (max: 1e-06, Norm deltaR: 11.0487)
WARNING: CTestNormDispIncr::test() - failed to converge 
after: 10 iterations  current Norm: 1.56804e-05 (max: 1e-06, Norm deltaR: 11.0487)
WARNING: CTestNormDispIncr::test() - failed to converge 
after: 10 iterations  current Norm: 1.56804e-05 (max: 1e-06, Norm deltaR: 11.0487)
WARNING: CTestNormDispIncr::test() - failed to converge 
after: 10 iterations  current Norm: 1.56804e-05 (max: 1e-06, Norm deltaR: 11.0487)
WARNING: CTestNormDispIncr::test() - failed to converge 
after: 10 iterations  current Norm: 1.56804e-05 (max: 1e-06, Norm deltaR: 11.0487)
WARNING: CTestNormDispIncr::test() - failed to converge 
after: 10 iterations  current Norm: 1.56804e-05 (max: 1e-06, Norm deltaR: 11.0487)
WARNING: CTestNormDispIncr::test() - failed to converge 
after: 10 iterations  current Norm: 1.56804e-05 (max: 1e-06, Norm deltaR: 11.0487)
WARNING: CTestNormDispIncr::test() - failed to converge 
after: 10 iterations  current Norm: 1.56804e-05 (max: 1e-06, Norm deltaR: 11.0487)
WARNING: CTestNormDispIncr::test() - failed to converge 
after: 10 iterations  current Norm: 1.56804e-05 (max: 1e-06, Norm deltaR: 11.0487)
WARNING: CTestNormDispIncr::test() - failed to converge 
after: 10 iterations  current Norm: 1.56804e-05 (max: 1e-06, Norm deltaR: 11.0487)
WARNING: CTestNormDispIncr::test() - failed to converge 
after: 10 iterations  current Norm: 1.56804e-05 (max: 1e-06, Norm deltaR: 11.0487)
WARNING: CTestNormDispIncr::test() - failed to converge 
after: 10 iterations  current Norm: 1.56804e-05 (max: 1e-06, Norm deltaR: 11.0487)
WARNING: CTestNormDispIncr::test() - failed to converge 
after: 10 iterations  current Norm: 1.56804e-05 (max: 1e-06, Norm deltaR: 11.0487)
WARNING: CTestNormDispIncr::test() - failed to converge 
after: 10 iterations  current Norm: 1.56804e-05 (max: 1e-06, Norm deltaR: 11.0487)
WARNING: CTestNormDispIncr::test() - failed to converge 
after: 10 iterations  current Norm: 1.56804e-05 (max: 1e-06, Norm deltaR: 11.0487)
WARNING: CTestNormDispIncr::test() - failed to converge 
after: 10 iterations  current Norm: 1.56804e-05 (max: 1e-06, Norm deltaR: 11.0487)
WARNING: CTestNormDispIncr::test() - failed to converge 
after: 10 iterations  current Norm: 1.56804e-05 (max: 1e-06, Norm deltaR: 11.0487)
WARNING: CTestNormDispIncr::test() - failed to converge 
after: 10 iterations  current Norm: 1.56804e-05 (max: 1e-06, Norm deltaR: 11.0487)
WARNING: CTestNormDispIncr::test() - failed to converge 
after: 10 iterations  current Norm: 1.56804e-05 (max: 1e-06, Norm deltaR: 11.0487)
WARNING: CTestNormDispIncr::test() - failed to converge 
after: 10 iterations  current Norm: 1.56804e-05 (max: 1e-06, Norm deltaR: 11.0487)
WARNING: CTestNormDispIncr::test() - failed to converge 
after: 10 iterations  current Norm: 1.56804e-05 (max: 1e-06, Norm deltaR: 11.0487)
WARNING: CTestNormDispIncr::test() - failed to converge 
after: 100 iterations  current Norm: 1.56804e-05 (max: 1e-06, Norm deltaR: 11.0487)
Broyden::solveCurrentStep() -the ConvergenceTest object failed in test()
DirectIntegrationAnalysis::analyze() - the Algorithm failed at time 53.9925
OpenSees > analyze failed, returned: -3 error flag
WARNING: CTestNormDispIncr::test() - failed to converge 
after: 10 iterations  current Norm: 0.0918421 (max: 1e-06, Norm deltaR: 6337.56)
WARNING: CTestNormDispIncr::test() - failed to converge 
after: 10 iterations  current Norm: 0.000433508 (max: 1e-06, Norm deltaR: 1.72243)
WARNING: CTestNormDispIncr::test() - failed to converge 
after: 10 iterations  current Norm: 0.000418498 (max: 1e-06, Norm deltaR: 4.35748)
WARNING: CTestNormDispIncr::test() - failed to converge 
after: 10 iterations  current Norm: 1.94512e-05 (max: 1e-06, Norm deltaR: 5.6934)
WARNING: CTestNormDispIncr::test() - failed to converge 
after: 10 iterations  current Norm: 0.000506778 (max: 1e-06, Norm deltaR: 2.45903)
WARNING: CTestNormDispIncr::test() - failed to converge 
after: 10 iterations  current Norm: 0.000260572 (max: 1e-06, Norm deltaR: 2.45194)
WARNING: CTestNormDispIncr::test() - failed to converge 
after: 10 iterations  current Norm: 0.000260552 (max: 1e-06, Norm deltaR: 2.45169)
WARNING: CTestNormDispIncr::test() - failed to converge 
after: 10 iterations  current Norm: 0.000260552 (max: 1e-06, Norm deltaR: 2.45168)
WARNING: CTestNormDispIncr::test() - failed to converge 
after: 10 iterations  current Norm: 0.000260552 (max: 1e-06, Norm deltaR: 2.45168)
WARNING: CTestNormDispIncr::test() - failed to converge 
after: 10 iterations  current Norm: 0.000260552 (max: 1e-06, Norm deltaR: 2.45168)
WARNING: CTestNormDispIncr::test() - failed to converge 
after: 10 iterations  current Norm: 0.000260552 (max: 1e-06, Norm deltaR: 2.45168)
WARNING: CTestNormDispIncr::test() - failed to converge 
after: 10 iterations  current Norm: 0.000260552 (max: 1e-06, Norm deltaR: 2.45168)
WARNING: CTestNormDispIncr::test() - failed to converge 
after: 10 iterations  current Norm: 0.000260552 (max: 1e-06, Norm deltaR: 2.45168)
WARNING: CTestNormDispIncr::test() - failed to converge 
after: 10 iterations  current Norm: 0.000260552 (max: 1e-06, Norm deltaR: 2.45168)
WARNING: CTestNormDispIncr::test() - failed to converge 
after: 10 iterations  current Norm: 0.000260552 (max: 1e-06, Norm deltaR: 2.45168)
WARNING: CTestNormDispIncr::test() - failed to converge 
after: 10 iterations  current Norm: 0.000260552 (max: 1e-06, Norm deltaR: 2.45168)
WARNING: CTestNormDispIncr::test() - failed to converge 
after: 10 iterations  current Norm: 0.000260552 (max: 1e-06, Norm deltaR: 2.45168)
WARNING: CTestNormDispIncr::test() - failed to converge 
after: 10 iterations  current Norm: 0.000260552 (max: 1e-06, Norm deltaR: 2.45168)
WARNING: CTestNormDispIncr::test() - failed to converge 
after: 10 iterations  current Norm: 0.000260552 (max: 1e-06, Norm deltaR: 2.45168)
WARNING: CTestNormDispIncr::test() - failed to converge 
after: 10 iterations  current Norm: 0.000260552 (max: 1e-06, Norm deltaR: 2.45168)
WARNING: CTestNormDispIncr::test() - failed to converge 
after: 10 iterations  current Norm: 0.000260552 (max: 1e-06, Norm deltaR: 2.45168)
WARNING: CTestNormDispIncr::test() - failed to converge 
after: 10 iterations  current Norm: 0.000260552 (max: 1e-06, Norm deltaR: 2.45168)
WARNING: CTestNormDispIncr::test() - failed to converge 
after: 10 iterations  current Norm: 0.000260552 (max: 1e-06, Norm deltaR: 2.45168)
WARNING: CTestNormDispIncr::test() - failed to converge 
after: 10 iterations  current Norm: 0.000260552 (max: 1e-06, Norm deltaR: 2.45168)
WARNING: CTestNormDispIncr::test() - failed to converge 
after: 10 iterations  current Norm: 0.000260552 (max: 1e-06, Norm deltaR: 2.45168)
WARNING: CTestNormDispIncr::test() - failed to converge 
after: 10 iterations  current Norm: 0.000260552 (max: 1e-06, Norm deltaR: 2.45168)
WARNING: CTestNormDispIncr::test() - failed to converge 
after: 10 iterations  current Norm: 0.000260552 (max: 1e-06, Norm deltaR: 2.45168)
WARNING: CTestNormDispIncr::test() - failed to converge 
after: 10 iterations  current Norm: 0.000260552 (max: 1e-06, Norm deltaR: 2.45168)
WARNING: CTestNormDispIncr::test() - failed to converge 
after: 10 iterations  current Norm: 0.000260552 (max: 1e-06, Norm deltaR: 2.45168)
WARNING: CTestNormDispIncr::test() - failed to converge 
after: 10 iterations  current Norm: 0.000260552 (max: 1e-06, Norm deltaR: 2.45168)
WARNING: CTestNormDispIncr::test() - failed to converge 
after: 10 iterations  current Norm: 0.000260552 (max: 1e-06, Norm deltaR: 2.45168)
WARNING: CTestNormDispIncr::test() - failed to converge 
after: 10 iterations  current Norm: 0.000260552 (max: 1e-06, Norm deltaR: 2.45168)
WARNING: CTestNormDispIncr::test() - failed to converge 
after: 10 iterations  current Norm: 0.000260552 (max: 1e-06, Norm deltaR: 2.45168)
WARNING: CTestNormDispIncr::test() - failed to converge 
after: 10 iterations  current Norm: 0.000260552 (max: 1e-06, Norm deltaR: 2.45168)
WARNING: CTestNormDispIncr::test() - failed to converge 
after: 10 iterations  current Norm: 0.000260552 (max: 1e-06, Norm deltaR: 2.45168)
WARNING: CTestNormDispIncr::test() - failed to converge 
after: 10 iterations  current Norm: 0.000260552 (max: 1e-06, Norm deltaR: 2.45168)
WARNING: CTestNormDispIncr::test() - failed to converge 
after: 10 iterations  current Norm: 0.000260552 (max: 1e-06, Norm deltaR: 2.45168)
WARNING: CTestNormDispIncr::test() - failed to converge 
after: 10 iterations  current Norm: 0.000260552 (max: 1e-06, Norm deltaR: 2.45168)
WARNING: CTestNormDispIncr::test() - failed to converge 
after: 10 iterations  current Norm: 0.000260552 (max: 1e-06, Norm deltaR: 2.45168)
WARNING: CTestNormDispIncr::test() - failed to converge 
after: 10 iterations  current Norm: 0.000260552 (max: 1e-06, Norm deltaR: 2.45168)
WARNING: CTestNormDispIncr::test() - failed to converge 
after: 10 iterations  current Norm: 0.000260552 (max: 1e-06, Norm deltaR: 2.45168)
WARNING: CTestNormDispIncr::test() - failed to converge 
after: 10 iterations  current Norm: 0.000260552 (max: 1e-06, Norm deltaR: 2.45168)
WARNING: CTestNormDispIncr::test() - failed to converge 
after: 10 iterations  current Norm: 0.000260552 (max: 1e-06, Norm deltaR: 2.45168)
WARNING: CTestNormDispIncr::test() - failed to converge 
after: 10 iterations  current Norm: 0.000260552 (max: 1e-06, Norm deltaR: 2.45168)
WARNING: CTestNormDispIncr::test() - failed to converge 
after: 10 iterations  current Norm: 0.000260552 (max: 1e-06, Norm deltaR: 2.45168)
WARNING: CTestNormDispIncr::test() - failed to converge 
after: 10 iterations  current Norm: 0.000260552 (max: 1e-06, Norm deltaR: 2.45168)
WARNING: CTestNormDispIncr::test() - failed to converge 
after: 10 iterations  current Norm: 0.000260552 (max: 1e-06, Norm deltaR: 2.45168)
WARNING: CTestNormDispIncr::test() - failed to converge 
after: 10 iterations  current Norm: 0.000260552 (max: 1e-06, Norm deltaR: 2.45168)
WARNING: CTestNormDispIncr::test() - failed to converge 
after: 10 iterations  current Norm: 0.000260552 (max: 1e-06, Norm deltaR: 2.45168)
WARNING: CTestNormDispIncr::test() - failed to converge 
after: 10 iterations  current Norm: 0.000260552 (max: 1e-06, Norm deltaR: 2.45168)
WARNING: CTestNormDispIncr::test() - failed to converge 
after: 10 iterations  current Norm: 0.000260552 (max: 1e-06, Norm deltaR: 2.45168)
WARNING: CTestNormDispIncr::test() - failed to converge 
after: 10 iterations  current Norm: 0.000260552 (max: 1e-06, Norm deltaR: 2.45168)
WARNING: CTestNormDispIncr::test() - failed to converge 
after: 10 iterations  current Norm: 0.000260552 (max: 1e-06, Norm deltaR: 2.45168)
WARNING: CTestNormDispIncr::test() - failed to converge 
after: 10 iterations  current Norm: 0.000260552 (max: 1e-06, Norm deltaR: 2.45168)
WARNING: CTestNormDispIncr::test() - failed to converge 
after: 10 iterations  current Norm: 0.000260552 (max: 1e-06, Norm deltaR: 2.45168)
WARNING: CTestNormDispIncr::test() - failed to converge 
after: 10 iterations  current Norm: 0.000260552 (max: 1e-06, Norm deltaR: 2.45168)
WARNING: CTestNormDispIncr::test() - failed to converge 
after: 10 iterations  current Norm: 0.000260552 (max: 1e-06, Norm deltaR: 2.45168)
WARNING: CTestNormDispIncr::test() - failed to converge 
after: 10 iterations  current Norm: 0.000260552 (max: 1e-06, Norm deltaR: 2.45168)
WARNING: CTestNormDispIncr::test() - failed to converge 
after: 10 iterations  current Norm: 0.000260552 (max: 1e-06, Norm deltaR: 2.45168)
WARNING: CTestNormDispIncr::test() - failed to converge 
after: 10 iterations  current Norm: 0.000260552 (max: 1e-06, Norm deltaR: 2.45168)
WARNING: CTestNormDispIncr::test() - failed to converge 
after: 10 iterations  current Norm: 0.000260552 (max: 1e-06, Norm deltaR: 2.45168)
WARNING: CTestNormDispIncr::test() - failed to converge 
after: 10 iterations  current Norm: 0.000260552 (max: 1e-06, Norm deltaR: 2.45168)
WARNING: CTestNormDispIncr::test() - failed to converge 
after: 10 iterations  current Norm: 0.000260552 (max: 1e-06, Norm deltaR: 2.45168)
WARNING: CTestNormDispIncr::test() - failed to converge 
after: 10 iterations  current Norm: 0.000260552 (max: 1e-06, Norm deltaR: 2.45168)
WARNING: CTestNormDispIncr::test() - failed to converge 
after: 10 iterations  current Norm: 0.000260552 (max: 1e-06, Norm deltaR: 2.45168)
WARNING: CTestNormDispIncr::test() - failed to converge 
after: 10 iterations  current Norm: 0.000260552 (max: 1e-06, Norm deltaR: 2.45168)
WARNING: CTestNormDispIncr::test() - failed to converge 
after: 10 iterations  current Norm: 0.000260552 (max: 1e-06, Norm deltaR: 2.45168)
WARNING: CTestNormDispIncr::test() - failed to converge 
after: 10 iterations  current Norm: 0.000260552 (max: 1e-06, Norm deltaR: 2.45168)
WARNING: CTestNormDispIncr::test() - failed to converge 
after: 10 iterations  current Norm: 0.000260552 (max: 1e-06, Norm deltaR: 2.45168)
WARNING: CTestNormDispIncr::test() - failed to converge 
after: 10 iterations  current Norm: 0.000260552 (max: 1e-06, Norm deltaR: 2.45168)
WARNING: CTestNormDispIncr::test() - failed to converge 
after: 10 iterations  current Norm: 0.000260552 (max: 1e-06, Norm deltaR: 2.45168)
WARNING: CTestNormDispIncr::test() - failed to converge 
after: 10 iterations  current Norm: 0.000260552 (max: 1e-06, Norm deltaR: 2.45168)
WARNING: CTestNormDispIncr::test() - failed to converge 
after: 10 iterations  current Norm: 0.000260552 (max: 1e-06, Norm deltaR: 2.45168)
WARNING: CTestNormDispIncr::test() - failed to converge 
after: 10 iterations  current Norm: 0.000260552 (max: 1e-06, Norm deltaR: 2.45168)
WARNING: CTestNormDispIncr::test() - failed to converge 
after: 10 iterations  current Norm: 0.000260552 (max: 1e-06, Norm deltaR: 2.45168)
WARNING: CTestNormDispIncr::test() - failed to converge 
after: 10 iterations  current Norm: 0.000260552 (max: 1e-06, Norm deltaR: 2.45168)
WARNING: CTestNormDispIncr::test() - failed to converge 
after: 10 iterations  current Norm: 0.000260552 (max: 1e-06, Norm deltaR: 2.45168)
WARNING: CTestNormDispIncr::test() - failed to converge 
after: 10 iterations  current Norm: 0.000260552 (max: 1e-06, Norm deltaR: 2.45168)
WARNING: CTestNormDispIncr::test() - failed to converge 
after: 10 iterations  current Norm: 0.000260552 (max: 1e-06, Norm deltaR: 2.45168)
WARNING: CTestNormDispIncr::test() - failed to converge 
after: 10 iterations  current Norm: 0.000260552 (max: 1e-06, Norm deltaR: 2.45168)
WARNING: CTestNormDispIncr::test() - failed to converge 
after: 10 iterations  current Norm: 0.000260552 (max: 1e-06, Norm deltaR: 2.45168)
WARNING: CTestNormDispIncr::test() - failed to converge 
after: 10 iterations  current Norm: 0.000260552 (max: 1e-06, Norm deltaR: 2.45168)
WARNING: CTestNormDispIncr::test() - failed to converge 
after: 10 iterations  current Norm: 0.000260552 (max: 1e-06, Norm deltaR: 2.45168)
WARNING: CTestNormDispIncr::test() - failed to converge 
after: 10 iterations  current Norm: 0.000260552 (max: 1e-06, Norm deltaR: 2.45168)
WARNING: CTestNormDispIncr::test() - failed to converge 
after: 10 iterations  current Norm: 0.000260552 (max: 1e-06, Norm deltaR: 2.45168)
WARNING: CTestNormDispIncr::test() - failed to converge 
after: 10 iterations  current Norm: 0.000260552 (max: 1e-06, Norm deltaR: 2.45168)
WARNING: CTestNormDispIncr::test() - failed to converge 
after: 10 iterations  current Norm: 0.000260552 (max: 1e-06, Norm deltaR: 2.45168)
WARNING: CTestNormDispIncr::test() - failed to converge 
after: 10 iterations  current Norm: 0.000260552 (max: 1e-06, Norm deltaR: 2.45168)
WARNING: CTestNormDispIncr::test() - failed to converge 
after: 10 iterations  current Norm: 0.000260552 (max: 1e-06, Norm deltaR: 2.45168)
WARNING: CTestNormDispIncr::test() - failed to converge 
after: 10 iterations  current Norm: 0.000260552 (max: 1e-06, Norm deltaR: 2.45168)
WARNING: CTestNormDispIncr::test() - failed to converge 
after: 10 iterations  current Norm: 0.000260552 (max: 1e-06, Norm deltaR: 2.45168)
WARNING: CTestNormDispIncr::test() - failed to converge 
after: 10 iterations  current Norm: 0.000260552 (max: 1e-06, Norm deltaR: 2.45168)
WARNING: CTestNormDispIncr::test() - failed to converge 
after: 10 iterations  current Norm: 0.000260552 (max: 1e-06, Norm deltaR: 2.45168)
WARNING: CTestNormDispIncr::test() - failed to converge 
after: 10 iterations  current Norm: 0.000260552 (max: 1e-06, Norm deltaR: 2.45168)
WARNING: CTestNormDispIncr::test() - failed to converge 
after: 10 iterations  current Norm: 0.000260552 (max: 1e-06, Norm deltaR: 2.45168)
WARNING: CTestNormDispIncr::test() - failed to converge 
after: 10 iterations  current Norm: 0.000260552 (max: 1e-06, Norm deltaR: 2.45168)
WARNING: CTestNormDispIncr::test() - failed to converge 
after: 10 iterations  current Norm: 0.000260552 (max: 1e-06, Norm deltaR: 2.45168)
WARNING: CTestNormDispIncr::test() - failed to converge 
after: 10 iterations  current Norm: 0.000260552 (max: 1e-06, Norm deltaR: 2.45168)
WARNING: CTestNormDispIncr::test() - failed to converge 
after: 10 iterations  current Norm: 0.000260552 (max: 1e-06, Norm deltaR: 2.45168)
WARNING: CTestNormDispIncr::test() - failed to converge 
after: 10 iterations  current Norm: 0.000260552 (max: 1e-06, Norm deltaR: 2.45168)
WARNING: CTestNormDispIncr::test() - failed to converge 
after: 100 iterations  current Norm: 0.000260552 (max: 1e-06, Norm deltaR: 2.45168)
BFGS::solveCurrentStep() -the ConvergenceTest object failed in test()
DirectIntegrationAnalysis::analyze() - the Algorithm failed at time 53.9925
OpenSees > analyze failed, returned: -3 error flag
WARNING - ForceBeamColumn3d::update - failed to get compatible element forces & deformations for element: 2211(dW: << 0.00133823, dW0: 0.0460995)
Domain::update - domain failed in update
TRBDF2::update() - failed to update the domain
WARNING AcceleratedNewton::solveCurrentStep() -the Integrator failed in update()
DirectIntegrationAnalysis::analyze() - the Algorithm failed at time 53.9913
OpenSees > analyze failed, returned: -3 error flag
WARNING - ForceBeamColumn3d::update - failed to get compatible element forces & deformations for element: 2211(dW: << 0.00133824, dW0: 0.0461857)
Domain::update - domain failed in update
TRBDF2::update() - failed to update the domain
WARNInG InitialInterpolatedLineSearch::search() -the Integrator failed in update()
WARNING - ForceBeamColumn3d::update - failed to get compatible element forces & deformations for element: 2211(dW: << 0.00133823, dW0: 0.0459444)
Domain::update - domain failed in update
TRBDF2::update() - failed to update the domain
WARNInG InitialInterpolatedLineSearch::search() -the Integrator failed in update()
WARNING - ForceBeamColumn3d::update - failed to get compatible element forces & deformations for element: 2211(dW: << 0.00133824, dW0: 0.046258)
Domain::update - domain failed in update
TRBDF2::update() - failed to update the domain
WARNInG InitialInterpolatedLineSearch::search() -the Integrator failed in update()
WARNING - ForceBeamColumn3d::update - failed to get compatible element forces & deformations for element: 2211(dW: << 0.00133823, dW0: 0.0459658)
Domain::update - domain failed in update
TRBDF2::update() - failed to update the domain
WARNInG InitialInterpolatedLineSearch::search() -the Integrator failed in update()
WARNING - ForceBeamColumn3d::update - failed to get compatible element forces & deformations for element: 2211(dW: << 0.00133823, dW0: 0.0462586)
Domain::update - domain failed in update
TRBDF2::update() - failed to update the domain
WARNInG InitialInterpolatedLineSearch::search() -the Integrator failed in update()
WARNING - ForceBeamColumn3d::update - failed to get compatible element forces & deformations for element: 2211(dW: << 0.00133824, dW0: 0.045966)
Domain::update - domain failed in update
TRBDF2::update() - failed to update the domain
WARNInG InitialInterpolatedLineSearch::search() -the Integrator failed in update()
WARNING - ForceBeamColumn3d::update - failed to get compatible element forces & deformations for element: 2211(dW: << 0.00133823, dW0: 0.0462586)
Domain::update - domain failed in update
TRBDF2::update() - failed to update the domain
WARNInG InitialInterpolatedLineSearch::search() -the Integrator failed in update()
WARNING - ForceBeamColumn3d::update - failed to get compatible element forces & deformations for element: 2211(dW: << 0.00133824, dW0: 0.045966)
Domain::update - domain failed in update
TRBDF2::update() - failed to update the domain
WARNInG InitialInterpolatedLineSearch::search() -the Integrator failed in update()
WARNING - ForceBeamColumn3d::update - failed to get compatible element forces & deformations for element: 2211(dW: << 0.00133823, dW0: 0.0462586)
Domain::update - domain failed in update
TRBDF2::update() - failed to update the domain
WARNInG InitialInterpolatedLineSearch::search() -the Integrator failed in update()
WARNING - ForceBeamColumn3d::update - failed to get compatible element forces & deformations for element: 2211(dW: << 0.00133824, dW0: 0.045966)
Domain::update - domain failed in update
TRBDF2::update() - failed to update the domain
WARNInG InitialInterpolatedLineSearch::search() -the Integrator failed in update()
WARNING - ForceBeamColumn3d::update - failed to get compatible element forces & deformations for element: 2211(dW: << 0.00133823, dW0: 0.0462586)
Domain::update - domain failed in update
TRBDF2::update() - failed to update the domain
WARNInG InitialInterpolatedLineSearch::search() -the Integrator failed in update()
WARNING - ForceBeamColumn3d::update - failed to get compatible element forces & deformations for element: 2211(dW: << 0.00133824, dW0: 0.045966)
Domain::update - domain failed in update
TRBDF2::update() - failed to update the domain
WARNInG InitialInterpolatedLineSearch::search() -the Integrator failed in update()
WARNING - ForceBeamColumn3d::update - failed to get compatible element forces & deformations for element: 2211(dW: << 0.00133823, dW0: 0.0462586)
Domain::update - domain failed in update
TRBDF2::update() - failed to update the domain
WARNInG InitialInterpolatedLineSearch::search() -the Integrator failed in update()
WARNING - ForceBeamColumn3d::update - failed to get compatible element forces & deformations for element: 2211(dW: << 0.00133824, dW0: 0.045966)
Domain::update - domain failed in update
TRBDF2::update() - failed to update the domain
WARNInG InitialInterpolatedLineSearch::search() -the Integrator failed in update()
WARNING - ForceBeamColumn3d::update - failed to get compatible element forces & deformations for element: 2211(dW: << 0.00133823, dW0: 0.0462586)
Domain::update - domain failed in update
TRBDF2::update() - failed to update the domain
WARNInG InitialInterpolatedLineSearch::search() -the Integrator failed in update()
WARNING - ForceBeamColumn3d::update - failed to get compatible element forces & deformations for element: 2211(dW: << 0.00133824, dW0: 0.045966)
Domain::update - domain failed in update
TRBDF2::update() - failed to update the domain
WARNInG InitialInterpolatedLineSearch::search() -the Integrator failed in update()
WARNING - ForceBeamColumn3d::update - failed to get compatible element forces & deformations for element: 2211(dW: << 0.00133823, dW0: 0.0462586)
Domain::update - domain failed in update
TRBDF2::update() - failed to update the domain
WARNInG InitialInterpolatedLineSearch::search() -the Integrator failed in update()
WARNING - ForceBeamColumn3d::update - failed to get compatible element forces & deformations for element: 2211(dW: << 0.00133824, dW0: 0.045966)
Domain::update - domain failed in update
TRBDF2::update() - failed to update the domain
WARNInG InitialInterpolatedLineSearch::search() -the Integrator failed in update()
WARNING: CTestNormDispIncr::test() - failed to converge 
after: 100 iterations  current Norm: 7.41481e-05 (max: 1e-06, Norm deltaR: 3.27147)
NewtonLineSearch::solveCurrentStep() -the ConvergenceTest object failed in test()
DirectIntegrationAnalysis::analyze() - the Algorithm failed at time 53.9963
OpenSees > analyze failed, returned: -3 error flag
WARNING - ForceBeamColumn3d::update - failed to get compatible element forces & deformations for element: 2211(dW: << 0.00133824, dW0: 0.0465109)
Domain::update - domain failed in update
TRBDF2::update() - failed to update the domain
WARNING AcceleratedNewton::solveCurrentStep() -the Integrator failed in update()
DirectIntegrationAnalysis::analyze() - the Algorithm failed at time 53.9963
OpenSees > analyze failed, returned: -3 error flag
WARNING - ForceBeamColumn3d::update - failed to get compatible element forces & deformations for element: 2211(dW: << 0.00133823, dW0: 0.046196)
Domain::update - domain failed in update
TRBDF2::update() - failed to update the domain
WARNInG InitialInterpolatedLineSearch::search() -the Integrator failed in update()
WARNING - ForceBeamColumn3d::update - failed to get compatible element forces & deformations for element: 2211(dW: << 0.00133822, dW0: 0.0459502)
Domain::update - domain failed in update
TRBDF2::update() - failed to update the domain
WARNInG InitialInterpolatedLineSearch::search() -the Integrator failed in update()
WARNING - ForceBeamColumn3d::update - failed to get compatible element forces & deformations for element: 2211(dW: << 0.00133823, dW0: 0.0462581)
Domain::update - domain failed in update
TRBDF2::update() - failed to update the domain
WARNInG InitialInterpolatedLineSearch::search() -the Integrator failed in update()
WARNING - ForceBeamColumn3d::update - failed to get compatible element forces & deformations for element: 2211(dW: << 0.00133824, dW0: 0.0459659)
Domain::update - domain failed in update
TRBDF2::update() - failed to update the domain
WARNInG InitialInterpolatedLineSearch::search() -the Integrator failed in update()
WARNING - ForceBeamColumn3d::update - failed to get compatible element forces & deformations for element: 2211(dW: << 0.00133823, dW0: 0.0462586)
Domain::update - domain failed in update
TRBDF2::update() - failed to update the domain
WARNInG InitialInterpolatedLineSearch::search() -the Integrator failed in update()
WARNING - ForceBeamColumn3d::update - failed to get compatible element forces & deformations for element: 2211(dW: << 0.00133824, dW0: 0.045966)
Domain::update - domain failed in update
TRBDF2::update() - failed to update the domain
WARNInG InitialInterpolatedLineSearch::search() -the Integrator failed in update()
WARNING - ForceBeamColumn3d::update - failed to get compatible element forces & deformations for element: 2211(dW: << 0.00133823, dW0: 0.0462586)
Domain::update - domain failed in update
TRBDF2::update() - failed to update the domain
WARNInG InitialInterpolatedLineSearch::search() -the Integrator failed in update()
WARNING - ForceBeamColumn3d::update - failed to get compatible element forces & deformations for element: 2211(dW: << 0.00133824, dW0: 0.045966)
Domain::update - domain failed in update
TRBDF2::update() - failed to update the domain
WARNInG InitialInterpolatedLineSearch::search() -the Integrator failed in update()
WARNING - ForceBeamColumn3d::update - failed to get compatible element forces & deformations for element: 2211(dW: << 0.00133823, dW0: 0.0462586)
Domain::update - domain failed in update
TRBDF2::update() - failed to update the domain
WARNInG InitialInterpolatedLineSearch::search() -the Integrator failed in update()
WARNING - ForceBeamColumn3d::update - failed to get compatible element forces & deformations for element: 2211(dW: << 0.00133824, dW0: 0.045966)
Domain::update - domain failed in update
TRBDF2::update() - failed to update the domain
WARNInG InitialInterpolatedLineSearch::search() -the Integrator failed in update()
WARNING - ForceBeamColumn3d::update - failed to get compatible element forces & deformations for element: 2211(dW: << 0.00133823, dW0: 0.0462586)
Domain::update - domain failed in update
TRBDF2::update() - failed to update the domain
WARNInG InitialInterpolatedLineSearch::search() -the Integrator failed in update()
WARNING - ForceBeamColumn3d::update - failed to get compatible element forces & deformations for element: 2211(dW: << 0.00133824, dW0: 0.045966)
Domain::update - domain failed in update
TRBDF2::update() - failed to update the domain
WARNInG InitialInterpolatedLineSearch::search() -the Integrator failed in update()
WARNING - ForceBeamColumn3d::update - failed to get compatible element forces & deformations for element: 2211(dW: << 0.00133823, dW0: 0.0462586)
Domain::update - domain failed in update
TRBDF2::update() - failed to update the domain
WARNInG InitialInterpolatedLineSearch::search() -the Integrator failed in update()
WARNING - ForceBeamColumn3d::update - failed to get compatible element forces & deformations for element: 2211(dW: << 0.00133824, dW0: 0.045966)
Domain::update - domain failed in update
TRBDF2::update() - failed to update the domain
WARNInG InitialInterpolatedLineSearch::search() -the Integrator failed in update()
WARNING - ForceBeamColumn3d::update - failed to get compatible element forces & deformations for element: 2211(dW: << 0.00133823, dW0: 0.0462586)
Domain::update - domain failed in update
TRBDF2::update() - failed to update the domain
WARNInG InitialInterpolatedLineSearch::search() -the Integrator failed in update()
WARNING - ForceBeamColumn3d::update - failed to get compatible element forces & deformations for element: 2211(dW: << 0.00133824, dW0: 0.045966)
Domain::update - domain failed in update
TRBDF2::update() - failed to update the domain
WARNInG InitialInterpolatedLineSearch::search() -the Integrator failed in update()
WARNING - ForceBeamColumn3d::update - failed to get compatible element forces & deformations for element: 2211(dW: << 0.00133823, dW0: 0.0462586)
Domain::update - domain failed in update
TRBDF2::update() - failed to update the domain
WARNInG InitialInterpolatedLineSearch::search() -the Integrator failed in update()
WARNING - ForceBeamColumn3d::update - failed to get compatible element forces & deformations for element: 2211(dW: << 0.00133824, dW0: 0.045966)
Domain::update - domain failed in update
TRBDF2::update() - failed to update the domain
WARNInG InitialInterpolatedLineSearch::search() -the Integrator failed in update()
WARNING - ForceBeamColumn3d::update - failed to get compatible element forces & deformations for element: 2211(dW: << 0.00133823, dW0: 0.0462586)
Domain::update - domain failed in update
TRBDF2::update() - failed to update the domain
WARNInG InitialInterpolatedLineSearch::search() -the Integrator failed in update()
WARNING - ForceBeamColumn3d::update - failed to get compatible element forces & deformations for element: 2211(dW: << 0.00133824, dW0: 0.045966)
Domain::update - domain failed in update
TRBDF2::update() - failed to update the domain
WARNInG InitialInterpolatedLineSearch::search() -the Integrator failed in update()
WARNING: CTestNormDispIncr::test() - failed to converge 
after: 100 iterations  current Norm: 9.82812e-05 (max: 1e-06, Norm deltaR: 2.9626)
NewtonLineSearch::solveCurrentStep() -the ConvergenceTest object failed in test()
DirectIntegrationAnalysis::analyze() - the Algorithm failed at time 53.9963
OpenSees > analyze failed, returned: -3 error flag
WARNING: CTestNormDispIncr::test() - failed to converge 
after: 10 iterations  current Norm: 0.000464975 (max: 1e-06, Norm deltaR: 4.08871)
WARNING - ForceBeamColumn3d::update - failed to get compatible element forces & deformations for element: 2211(dW: << 0.00133824, dW0: 0.0465356)
Domain::update - domain failed in update
TRBDF2::update() - failed to update the domain
WARNING Broyden::solveCurrentStep() -the Integrator failed in update()
DirectIntegrationAnalysis::analyze() - the Algorithm failed at time 53.9963
OpenSees > analyze failed, returned: -3 error flag
WARNING: CTestNormDispIncr::test() - failed to converge 
after: 10 iterations  current Norm: 1.81933 (max: 1e-06, Norm deltaR: 801179)
WARNING: CTestNormDispIncr::test() - failed to converge 
after: 10 iterations  current Norm: 0.0169504 (max: 1e-06, Norm deltaR: 15.2258)
WARNING: CTestNormDispIncr::test() - failed to converge 
after: 10 iterations  current Norm: 0.000120226 (max: 1e-06, Norm deltaR: 11.6944)
WARNING: CTestNormDispIncr::test() - failed to converge 
after: 10 iterations  current Norm: 2.62635e-05 (max: 1e-06, Norm deltaR: 10.5584)
WARNING: CTestNormDispIncr::test() - failed to converge 
after: 10 iterations  current Norm: 2.62428e-05 (max: 1e-06, Norm deltaR: 10.5584)
WARNING: CTestNormDispIncr::test() - failed to converge 
after: 10 iterations  current Norm: 2.62428e-05 (max: 1e-06, Norm deltaR: 10.5584)
WARNING: CTestNormDispIncr::test() - failed to converge 
after: 10 iterations  current Norm: 2.62428e-05 (max: 1e-06, Norm deltaR: 10.5584)
WARNING: CTestNormDispIncr::test() - failed to converge 
after: 10 iterations  current Norm: 2.62428e-05 (max: 1e-06, Norm deltaR: 10.5584)
WARNING: CTestNormDispIncr::test() - failed to converge 
after: 10 iterations  current Norm: 2.62428e-05 (max: 1e-06, Norm deltaR: 10.5584)
WARNING: CTestNormDispIncr::test() - failed to converge 
after: 10 iterations  current Norm: 2.62428e-05 (max: 1e-06, Norm deltaR: 10.5584)
WARNING: CTestNormDispIncr::test() - failed to converge 
after: 10 iterations  current Norm: 2.62428e-05 (max: 1e-06, Norm deltaR: 10.5584)
WARNING: CTestNormDispIncr::test() - failed to converge 
after: 10 iterations  current Norm: 2.62428e-05 (max: 1e-06, Norm deltaR: 10.5584)
WARNING: CTestNormDispIncr::test() - failed to converge 
after: 10 iterations  current Norm: 2.62428e-05 (max: 1e-06, Norm deltaR: 10.5584)
WARNING: CTestNormDispIncr::test() - failed to converge 
after: 10 iterations  current Norm: 2.62428e-05 (max: 1e-06, Norm deltaR: 10.5584)
WARNING: CTestNormDispIncr::test() - failed to converge 
after: 10 iterations  current Norm: 2.62428e-05 (max: 1e-06, Norm deltaR: 10.5584)
WARNING: CTestNormDispIncr::test() - failed to converge 
after: 10 iterations  current Norm: 2.62428e-05 (max: 1e-06, Norm deltaR: 10.5584)
WARNING: CTestNormDispIncr::test() - failed to converge 
after: 10 iterations  current Norm: 2.62428e-05 (max: 1e-06, Norm deltaR: 10.5584)
WARNING: CTestNormDispIncr::test() - failed to converge 
after: 10 iterations  current Norm: 2.62428e-05 (max: 1e-06, Norm deltaR: 10.5584)
WARNING: CTestNormDispIncr::test() - failed to converge 
after: 10 iterations  current Norm: 2.62428e-05 (max: 1e-06, Norm deltaR: 10.5584)
WARNING: CTestNormDispIncr::test() - failed to converge 
after: 10 iterations  current Norm: 2.62428e-05 (max: 1e-06, Norm deltaR: 10.5584)
WARNING: CTestNormDispIncr::test() - failed to converge 
after: 10 iterations  current Norm: 2.62428e-05 (max: 1e-06, Norm deltaR: 10.5584)
WARNING: CTestNormDispIncr::test() - failed to converge 
after: 10 iterations  current Norm: 2.62428e-05 (max: 1e-06, Norm deltaR: 10.5584)
WARNING: CTestNormDispIncr::test() - failed to converge 
after: 10 iterations  current Norm: 2.62428e-05 (max: 1e-06, Norm deltaR: 10.5584)
WARNING: CTestNormDispIncr::test() - failed to converge 
after: 10 iterations  current Norm: 2.62428e-05 (max: 1e-06, Norm deltaR: 10.5584)
WARNING: CTestNormDispIncr::test() - failed to converge 
after: 10 iterations  current Norm: 2.62428e-05 (max: 1e-06, Norm deltaR: 10.5584)
WARNING: CTestNormDispIncr::test() - failed to converge 
after: 10 iterations  current Norm: 2.62428e-05 (max: 1e-06, Norm deltaR: 10.5584)
WARNING: CTestNormDispIncr::test() - failed to converge 
after: 10 iterations  current Norm: 2.62428e-05 (max: 1e-06, Norm deltaR: 10.5584)
WARNING: CTestNormDispIncr::test() - failed to converge 
after: 10 iterations  current Norm: 2.62428e-05 (max: 1e-06, Norm deltaR: 10.5584)
WARNING: CTestNormDispIncr::test() - failed to converge 
after: 10 iterations  current Norm: 2.62428e-05 (max: 1e-06, Norm deltaR: 10.5584)
WARNING: CTestNormDispIncr::test() - failed to converge 
after: 10 iterations  current Norm: 2.62428e-05 (max: 1e-06, Norm deltaR: 10.5584)
WARNING: CTestNormDispIncr::test() - failed to converge 
after: 10 iterations  current Norm: 2.62428e-05 (max: 1e-06, Norm deltaR: 10.5584)
WARNING: CTestNormDispIncr::test() - failed to converge 
after: 10 iterations  current Norm: 2.62428e-05 (max: 1e-06, Norm deltaR: 10.5584)
WARNING: CTestNormDispIncr::test() - failed to converge 
after: 10 iterations  current Norm: 2.62428e-05 (max: 1e-06, Norm deltaR: 10.5584)
WARNING: CTestNormDispIncr::test() - failed to converge 
after: 10 iterations  current Norm: 2.62428e-05 (max: 1e-06, Norm deltaR: 10.5584)
WARNING: CTestNormDispIncr::test() - failed to converge 
after: 10 iterations  current Norm: 2.62428e-05 (max: 1e-06, Norm deltaR: 10.5584)
WARNING: CTestNormDispIncr::test() - failed to converge 
after: 10 iterations  current Norm: 2.62428e-05 (max: 1e-06, Norm deltaR: 10.5584)
WARNING: CTestNormDispIncr::test() - failed to converge 
after: 10 iterations  current Norm: 2.62428e-05 (max: 1e-06, Norm deltaR: 10.5584)
WARNING: CTestNormDispIncr::test() - failed to converge 
after: 10 iterations  current Norm: 2.62428e-05 (max: 1e-06, Norm deltaR: 10.5584)
WARNING: CTestNormDispIncr::test() - failed to converge 
after: 10 iterations  current Norm: 2.62428e-05 (max: 1e-06, Norm deltaR: 10.5584)
WARNING: CTestNormDispIncr::test() - failed to converge 
after: 10 iterations  current Norm: 2.62428e-05 (max: 1e-06, Norm deltaR: 10.5584)
WARNING: CTestNormDispIncr::test() - failed to converge 
after: 10 iterations  current Norm: 2.62428e-05 (max: 1e-06, Norm deltaR: 10.5584)
WARNING: CTestNormDispIncr::test() - failed to converge 
after: 10 iterations  current Norm: 2.62428e-05 (max: 1e-06, Norm deltaR: 10.5584)
WARNING: CTestNormDispIncr::test() - failed to converge 
after: 10 iterations  current Norm: 2.62428e-05 (max: 1e-06, Norm deltaR: 10.5584)
WARNING: CTestNormDispIncr::test() - failed to converge 
after: 10 iterations  current Norm: 2.62428e-05 (max: 1e-06, Norm deltaR: 10.5584)
WARNING: CTestNormDispIncr::test() - failed to converge 
after: 10 iterations  current Norm: 2.62428e-05 (max: 1e-06, Norm deltaR: 10.5584)
WARNING: CTestNormDispIncr::test() - failed to converge 
after: 10 iterations  current Norm: 2.62428e-05 (max: 1e-06, Norm deltaR: 10.5584)
WARNING: CTestNormDispIncr::test() - failed to converge 
after: 10 iterations  current Norm: 2.62428e-05 (max: 1e-06, Norm deltaR: 10.5584)
WARNING: CTestNormDispIncr::test() - failed to converge 
after: 10 iterations  current Norm: 2.62428e-05 (max: 1e-06, Norm deltaR: 10.5584)
WARNING: CTestNormDispIncr::test() - failed to converge 
after: 10 iterations  current Norm: 2.62428e-05 (max: 1e-06, Norm deltaR: 10.5584)
WARNING: CTestNormDispIncr::test() - failed to converge 
after: 10 iterations  current Norm: 2.62428e-05 (max: 1e-06, Norm deltaR: 10.5584)
WARNING: CTestNormDispIncr::test() - failed to converge 
after: 10 iterations  current Norm: 2.62428e-05 (max: 1e-06, Norm deltaR: 10.5584)
WARNING: CTestNormDispIncr::test() - failed to converge 
after: 10 iterations  current Norm: 2.62428e-05 (max: 1e-06, Norm deltaR: 10.5584)
WARNING: CTestNormDispIncr::test() - failed to converge 
after: 10 iterations  current Norm: 2.62428e-05 (max: 1e-06, Norm deltaR: 10.5584)
WARNING: CTestNormDispIncr::test() - failed to converge 
after: 10 iterations  current Norm: 2.62428e-05 (max: 1e-06, Norm deltaR: 10.5584)
WARNING: CTestNormDispIncr::test() - failed to converge 
after: 10 iterations  current Norm: 2.62428e-05 (max: 1e-06, Norm deltaR: 10.5584)
WARNING: CTestNormDispIncr::test() - failed to converge 
after: 10 iterations  current Norm: 2.62428e-05 (max: 1e-06, Norm deltaR: 10.5584)
WARNING: CTestNormDispIncr::test() - failed to converge 
after: 10 iterations  current Norm: 2.62428e-05 (max: 1e-06, Norm deltaR: 10.5584)
WARNING: CTestNormDispIncr::test() - failed to converge 
after: 10 iterations  current Norm: 2.62428e-05 (max: 1e-06, Norm deltaR: 10.5584)
WARNING: CTestNormDispIncr::test() - failed to converge 
after: 10 iterations  current Norm: 2.62428e-05 (max: 1e-06, Norm deltaR: 10.5584)
WARNING: CTestNormDispIncr::test() - failed to converge 
after: 10 iterations  current Norm: 2.62428e-05 (max: 1e-06, Norm deltaR: 10.5584)
WARNING: CTestNormDispIncr::test() - failed to converge 
after: 10 iterations  current Norm: 2.62428e-05 (max: 1e-06, Norm deltaR: 10.5584)
WARNING: CTestNormDispIncr::test() - failed to converge 
after: 10 iterations  current Norm: 2.62428e-05 (max: 1e-06, Norm deltaR: 10.5584)
WARNING: CTestNormDispIncr::test() - failed to converge 
after: 10 iterations  current Norm: 2.62428e-05 (max: 1e-06, Norm deltaR: 10.5584)
WARNING: CTestNormDispIncr::test() - failed to converge 
after: 10 iterations  current Norm: 2.62428e-05 (max: 1e-06, Norm deltaR: 10.5584)
WARNING: CTestNormDispIncr::test() - failed to converge 
after: 10 iterations  current Norm: 2.62428e-05 (max: 1e-06, Norm deltaR: 10.5584)
WARNING: CTestNormDispIncr::test() - failed to converge 
after: 10 iterations  current Norm: 2.62428e-05 (max: 1e-06, Norm deltaR: 10.5584)
WARNING: CTestNormDispIncr::test() - failed to converge 
after: 10 iterations  current Norm: 2.62428e-05 (max: 1e-06, Norm deltaR: 10.5584)
WARNING: CTestNormDispIncr::test() - failed to converge 
after: 10 iterations  current Norm: 2.62428e-05 (max: 1e-06, Norm deltaR: 10.5584)
WARNING: CTestNormDispIncr::test() - failed to converge 
after: 10 iterations  current Norm: 2.62428e-05 (max: 1e-06, Norm deltaR: 10.5584)
WARNING: CTestNormDispIncr::test() - failed to converge 
after: 10 iterations  current Norm: 2.62428e-05 (max: 1e-06, Norm deltaR: 10.5584)
WARNING: CTestNormDispIncr::test() - failed to converge 
after: 10 iterations  current Norm: 2.62428e-05 (max: 1e-06, Norm deltaR: 10.5584)
WARNING: CTestNormDispIncr::test() - failed to converge 
after: 10 iterations  current Norm: 2.62428e-05 (max: 1e-06, Norm deltaR: 10.5584)
WARNING: CTestNormDispIncr::test() - failed to converge 
after: 10 iterations  current Norm: 2.62428e-05 (max: 1e-06, Norm deltaR: 10.5584)
WARNING: CTestNormDispIncr::test() - failed to converge 
after: 10 iterations  current Norm: 2.62428e-05 (max: 1e-06, Norm deltaR: 10.5584)
WARNING: CTestNormDispIncr::test() - failed to converge 
after: 10 iterations  current Norm: 2.62428e-05 (max: 1e-06, Norm deltaR: 10.5584)
WARNING: CTestNormDispIncr::test() - failed to converge 
after: 10 iterations  current Norm: 2.62428e-05 (max: 1e-06, Norm deltaR: 10.5584)
WARNING: CTestNormDispIncr::test() - failed to converge 
after: 10 iterations  current Norm: 2.62428e-05 (max: 1e-06, Norm deltaR: 10.5584)
WARNING: CTestNormDispIncr::test() - failed to converge 
after: 10 iterations  current Norm: 2.62428e-05 (max: 1e-06, Norm deltaR: 10.5584)
WARNING: CTestNormDispIncr::test() - failed to converge 
after: 10 iterations  current Norm: 2.62428e-05 (max: 1e-06, Norm deltaR: 10.5584)
WARNING: CTestNormDispIncr::test() - failed to converge 
after: 10 iterations  current Norm: 2.62428e-05 (max: 1e-06, Norm deltaR: 10.5584)
WARNING: CTestNormDispIncr::test() - failed to converge 
after: 10 iterations  current Norm: 2.62428e-05 (max: 1e-06, Norm deltaR: 10.5584)
WARNING: CTestNormDispIncr::test() - failed to converge 
after: 10 iterations  current Norm: 2.62428e-05 (max: 1e-06, Norm deltaR: 10.5584)
WARNING: CTestNormDispIncr::test() - failed to converge 
after: 10 iterations  current Norm: 2.62428e-05 (max: 1e-06, Norm deltaR: 10.5584)
WARNING: CTestNormDispIncr::test() - failed to converge 
after: 10 iterations  current Norm: 2.62428e-05 (max: 1e-06, Norm deltaR: 10.5584)
WARNING: CTestNormDispIncr::test() - failed to converge 
after: 10 iterations  current Norm: 2.62428e-05 (max: 1e-06, Norm deltaR: 10.5584)
WARNING: CTestNormDispIncr::test() - failed to converge 
after: 10 iterations  current Norm: 2.62428e-05 (max: 1e-06, Norm deltaR: 10.5584)
WARNING: CTestNormDispIncr::test() - failed to converge 
after: 10 iterations  current Norm: 2.62428e-05 (max: 1e-06, Norm deltaR: 10.5584)
WARNING: CTestNormDispIncr::test() - failed to converge 
after: 10 iterations  current Norm: 2.62428e-05 (max: 1e-06, Norm deltaR: 10.5584)
WARNING: CTestNormDispIncr::test() - failed to converge 
after: 10 iterations  current Norm: 2.62428e-05 (max: 1e-06, Norm deltaR: 10.5584)
WARNING: CTestNormDispIncr::test() - failed to converge 
after: 10 iterations  current Norm: 2.62428e-05 (max: 1e-06, Norm deltaR: 10.5584)
WARNING: CTestNormDispIncr::test() - failed to converge 
after: 10 iterations  current Norm: 2.62428e-05 (max: 1e-06, Norm deltaR: 10.5584)
WARNING: CTestNormDispIncr::test() - failed to converge 
after: 10 iterations  current Norm: 2.62428e-05 (max: 1e-06, Norm deltaR: 10.5584)
WARNING: CTestNormDispIncr::test() - failed to converge 
after: 10 iterations  current Norm: 2.62428e-05 (max: 1e-06, Norm deltaR: 10.5584)
WARNING: CTestNormDispIncr::test() - failed to converge 
after: 10 iterations  current Norm: 2.62428e-05 (max: 1e-06, Norm deltaR: 10.5584)
WARNING: CTestNormDispIncr::test() - failed to converge 
after: 10 iterations  current Norm: 2.62428e-05 (max: 1e-06, Norm deltaR: 10.5584)
WARNING: CTestNormDispIncr::test() - failed to converge 
after: 10 iterations  current Norm: 2.62428e-05 (max: 1e-06, Norm deltaR: 10.5584)
WARNING: CTestNormDispIncr::test() - failed to converge 
after: 10 iterations  current Norm: 2.62428e-05 (max: 1e-06, Norm deltaR: 10.5584)
WARNING: CTestNormDispIncr::test() - failed to converge 
after: 10 iterations  current Norm: 2.62428e-05 (max: 1e-06, Norm deltaR: 10.5584)
WARNING: CTestNormDispIncr::test() - failed to converge 
after: 10 iterations  current Norm: 2.62428e-05 (max: 1e-06, Norm deltaR: 10.5584)
WARNING: CTestNormDispIncr::test() - failed to converge 
after: 10 iterations  current Norm: 2.62428e-05 (max: 1e-06, Norm deltaR: 10.5584)
WARNING: CTestNormDispIncr::test() - failed to converge 
after: 100 iterations  current Norm: 2.62428e-05 (max: 1e-06, Norm deltaR: 10.5584)
BFGS::solveCurrentStep() -the ConvergenceTest object failed in test()
DirectIntegrationAnalysis::analyze() - the Algorithm failed at time 53.9963
OpenSees > analyze failed, returned: -3 error flag
WARNING: CTestNormDispIncr::test() - failed to converge 
after: 100 iterations  current Norm: 0.000108253 (max: 1e-06, Norm deltaR: 4.21143)
AcceleratedNewton::solveCurrentStep() -The ConvergenceTest object failed in test()
DirectIntegrationAnalysis::analyze() - the Algorithm failed at time 53.9938
OpenSees > analyze failed, returned: -3 error flag
WARNING: CTestNormDispIncr::test() - failed to converge 
after: 100 iterations  current Norm: 6.28806e-06 (max: 1e-06, Norm deltaR: 4.1604)
NewtonLineSearch::solveCurrentStep() -the ConvergenceTest object failed in test()
DirectIntegrationAnalysis::analyze() - the Algorithm failed at time 53.9938
OpenSees > analyze failed, returned: -3 error flag
WARNING: CTestNormDispIncr::test() - failed to converge 
after: 10 iterations  current Norm: 0.000729424 (max: 1e-06, Norm deltaR: 4.48487)
WARNING: CTestNormDispIncr::test() - failed to converge 
after: 10 iterations  current Norm: 6.6295e-06 (max: 1e-06, Norm deltaR: 10.2456)
WARNING: CTestNormDispIncr::test() - failed to converge 
after: 10 iterations  current Norm: 0.000249049 (max: 1e-06, Norm deltaR: 2.36323)
WARNING: CTestNormDispIncr::test() - failed to converge 
after: 10 iterations  current Norm: 0.00015057 (max: 1e-06, Norm deltaR: 5.27957)
WARNING: CTestNormDispIncr::test() - failed to converge 
after: 10 iterations  current Norm: 1.28094e-05 (max: 1e-06, Norm deltaR: 10.2456)
WARNING: CTestNormDispIncr::test() - failed to converge 
after: 10 iterations  current Norm: 0.000249049 (max: 1e-06, Norm deltaR: 2.36323)
WARNING: CTestNormDispIncr::test() - failed to converge 
after: 10 iterations  current Norm: 0.00015057 (max: 1e-06, Norm deltaR: 5.27957)
WARNING: CTestNormDispIncr::test() - failed to converge 
after: 10 iterations  current Norm: 1.28094e-05 (max: 1e-06, Norm deltaR: 10.2456)
WARNING: CTestNormDispIncr::test() - failed to converge 
after: 10 iterations  current Norm: 0.000249049 (max: 1e-06, Norm deltaR: 2.36323)
WARNING: CTestNormDispIncr::test() - failed to converge 
after: 10 iterations  current Norm: 0.00015057 (max: 1e-06, Norm deltaR: 5.27957)
WARNING: CTestNormDispIncr::test() - failed to converge 
after: 10 iterations  current Norm: 1.28094e-05 (max: 1e-06, Norm deltaR: 10.2456)
WARNING: CTestNormDispIncr::test() - failed to converge 
after: 10 iterations  current Norm: 0.000249049 (max: 1e-06, Norm deltaR: 2.36323)
WARNING: CTestNormDispIncr::test() - failed to converge 
after: 10 iterations  current Norm: 0.00015057 (max: 1e-06, Norm deltaR: 5.27957)
WARNING: CTestNormDispIncr::test() - failed to converge 
after: 10 iterations  current Norm: 1.28094e-05 (max: 1e-06, Norm deltaR: 10.2456)
WARNING: CTestNormDispIncr::test() - failed to converge 
after: 10 iterations  current Norm: 0.000249049 (max: 1e-06, Norm deltaR: 2.36323)
WARNING: CTestNormDispIncr::test() - failed to converge 
after: 10 iterations  current Norm: 0.00015057 (max: 1e-06, Norm deltaR: 5.27957)
WARNING: CTestNormDispIncr::test() - failed to converge 
after: 10 iterations  current Norm: 1.28094e-05 (max: 1e-06, Norm deltaR: 10.2456)
WARNING: CTestNormDispIncr::test() - failed to converge 
after: 10 iterations  current Norm: 0.000249049 (max: 1e-06, Norm deltaR: 2.36323)
WARNING: CTestNormDispIncr::test() - failed to converge 
after: 10 iterations  current Norm: 0.00015057 (max: 1e-06, Norm deltaR: 5.27957)
WARNING: CTestNormDispIncr::test() - failed to converge 
after: 10 iterations  current Norm: 1.28094e-05 (max: 1e-06, Norm deltaR: 10.2456)
WARNING: CTestNormDispIncr::test() - failed to converge 
after: 10 iterations  current Norm: 0.000249049 (max: 1e-06, Norm deltaR: 2.36323)
WARNING: CTestNormDispIncr::test() - failed to converge 
after: 10 iterations  current Norm: 0.00015057 (max: 1e-06, Norm deltaR: 5.27957)
WARNING: CTestNormDispIncr::test() - failed to converge 
after: 10 iterations  current Norm: 1.28094e-05 (max: 1e-06, Norm deltaR: 10.2456)
WARNING: CTestNormDispIncr::test() - failed to converge 
after: 10 iterations  current Norm: 0.000249049 (max: 1e-06, Norm deltaR: 2.36323)
WARNING: CTestNormDispIncr::test() - failed to converge 
after: 10 iterations  current Norm: 0.00015057 (max: 1e-06, Norm deltaR: 5.27957)
WARNING: CTestNormDispIncr::test() - failed to converge 
after: 10 iterations  current Norm: 1.28094e-05 (max: 1e-06, Norm deltaR: 10.2456)
WARNING: CTestNormDispIncr::test() - failed to converge 
after: 10 iterations  current Norm: 0.000249049 (max: 1e-06, Norm deltaR: 2.36323)
WARNING: CTestNormDispIncr::test() - failed to converge 
after: 10 iterations  current Norm: 0.00015057 (max: 1e-06, Norm deltaR: 5.27957)
WARNING: CTestNormDispIncr::test() - failed to converge 
after: 10 iterations  current Norm: 1.28094e-05 (max: 1e-06, Norm deltaR: 10.2456)
WARNING: CTestNormDispIncr::test() - failed to converge 
after: 10 iterations  current Norm: 0.000249049 (max: 1e-06, Norm deltaR: 2.36323)
WARNING: CTestNormDispIncr::test() - failed to converge 
after: 10 iterations  current Norm: 0.00015057 (max: 1e-06, Norm deltaR: 5.27957)
WARNING: CTestNormDispIncr::test() - failed to converge 
after: 10 iterations  current Norm: 1.28094e-05 (max: 1e-06, Norm deltaR: 10.2456)
WARNING: CTestNormDispIncr::test() - failed to converge 
after: 10 iterations  current Norm: 0.000249049 (max: 1e-06, Norm deltaR: 2.36323)
WARNING: CTestNormDispIncr::test() - failed to converge 
after: 10 iterations  current Norm: 0.00015057 (max: 1e-06, Norm deltaR: 5.27957)
WARNING: CTestNormDispIncr::test() - failed to converge 
after: 10 iterations  current Norm: 1.28094e-05 (max: 1e-06, Norm deltaR: 10.2456)
WARNING: CTestNormDispIncr::test() - failed to converge 
after: 10 iterations  current Norm: 0.000249049 (max: 1e-06, Norm deltaR: 2.36323)
WARNING: CTestNormDispIncr::test() - failed to converge 
after: 10 iterations  current Norm: 0.00015057 (max: 1e-06, Norm deltaR: 5.27957)
WARNING: CTestNormDispIncr::test() - failed to converge 
after: 10 iterations  current Norm: 1.28094e-05 (max: 1e-06, Norm deltaR: 10.2456)
WARNING: CTestNormDispIncr::test() - failed to converge 
after: 10 iterations  current Norm: 0.000249049 (max: 1e-06, Norm deltaR: 2.36323)
WARNING: CTestNormDispIncr::test() - failed to converge 
after: 10 iterations  current Norm: 0.00015057 (max: 1e-06, Norm deltaR: 5.27957)
WARNING: CTestNormDispIncr::test() - failed to converge 
after: 10 iterations  current Norm: 1.28094e-05 (max: 1e-06, Norm deltaR: 10.2456)
WARNING: CTestNormDispIncr::test() - failed to converge 
after: 10 iterations  current Norm: 0.000249049 (max: 1e-06, Norm deltaR: 2.36323)
WARNING: CTestNormDispIncr::test() - failed to converge 
after: 10 iterations  current Norm: 0.00015057 (max: 1e-06, Norm deltaR: 5.27957)
WARNING: CTestNormDispIncr::test() - failed to converge 
after: 10 iterations  current Norm: 1.28094e-05 (max: 1e-06, Norm deltaR: 10.2456)
WARNING: CTestNormDispIncr::test() - failed to converge 
after: 10 iterations  current Norm: 0.000249049 (max: 1e-06, Norm deltaR: 2.36323)
WARNING: CTestNormDispIncr::test() - failed to converge 
after: 10 iterations  current Norm: 0.00015057 (max: 1e-06, Norm deltaR: 5.27957)
WARNING: CTestNormDispIncr::test() - failed to converge 
after: 10 iterations  current Norm: 1.28094e-05 (max: 1e-06, Norm deltaR: 10.2456)
WARNING: CTestNormDispIncr::test() - failed to converge 
after: 10 iterations  current Norm: 0.000249049 (max: 1e-06, Norm deltaR: 2.36323)
WARNING: CTestNormDispIncr::test() - failed to converge 
after: 10 iterations  current Norm: 0.00015057 (max: 1e-06, Norm deltaR: 5.27957)
WARNING: CTestNormDispIncr::test() - failed to converge 
after: 10 iterations  current Norm: 1.28094e-05 (max: 1e-06, Norm deltaR: 10.2456)
WARNING: CTestNormDispIncr::test() - failed to converge 
after: 10 iterations  current Norm: 0.000249049 (max: 1e-06, Norm deltaR: 2.36323)
WARNING: CTestNormDispIncr::test() - failed to converge 
after: 10 iterations  current Norm: 0.00015057 (max: 1e-06, Norm deltaR: 5.27957)
WARNING: CTestNormDispIncr::test() - failed to converge 
after: 10 iterations  current Norm: 1.28094e-05 (max: 1e-06, Norm deltaR: 10.2456)
WARNING: CTestNormDispIncr::test() - failed to converge 
after: 10 iterations  current Norm: 0.000249049 (max: 1e-06, Norm deltaR: 2.36323)
WARNING: CTestNormDispIncr::test() - failed to converge 
after: 10 iterations  current Norm: 0.00015057 (max: 1e-06, Norm deltaR: 5.27957)
WARNING: CTestNormDispIncr::test() - failed to converge 
after: 10 iterations  current Norm: 1.28094e-05 (max: 1e-06, Norm deltaR: 10.2456)
WARNING: CTestNormDispIncr::test() - failed to converge 
after: 10 iterations  current Norm: 0.000249049 (max: 1e-06, Norm deltaR: 2.36323)
WARNING: CTestNormDispIncr::test() - failed to converge 
after: 10 iterations  current Norm: 0.00015057 (max: 1e-06, Norm deltaR: 5.27957)
WARNING: CTestNormDispIncr::test() - failed to converge 
after: 10 iterations  current Norm: 1.28094e-05 (max: 1e-06, Norm deltaR: 10.2456)
WARNING: CTestNormDispIncr::test() - failed to converge 
after: 10 iterations  current Norm: 0.000249049 (max: 1e-06, Norm deltaR: 2.36323)
WARNING: CTestNormDispIncr::test() - failed to converge 
after: 10 iterations  current Norm: 0.00015057 (max: 1e-06, Norm deltaR: 5.27957)
WARNING: CTestNormDispIncr::test() - failed to converge 
after: 10 iterations  current Norm: 1.28094e-05 (max: 1e-06, Norm deltaR: 10.2456)
WARNING: CTestNormDispIncr::test() - failed to converge 
after: 10 iterations  current Norm: 0.000249049 (max: 1e-06, Norm deltaR: 2.36323)
WARNING: CTestNormDispIncr::test() - failed to converge 
after: 10 iterations  current Norm: 0.00015057 (max: 1e-06, Norm deltaR: 5.27957)
WARNING: CTestNormDispIncr::test() - failed to converge 
after: 10 iterations  current Norm: 1.28094e-05 (max: 1e-06, Norm deltaR: 10.2456)
WARNING: CTestNormDispIncr::test() - failed to converge 
after: 10 iterations  current Norm: 0.000249049 (max: 1e-06, Norm deltaR: 2.36323)
WARNING: CTestNormDispIncr::test() - failed to converge 
after: 10 iterations  current Norm: 0.00015057 (max: 1e-06, Norm deltaR: 5.27957)
WARNING: CTestNormDispIncr::test() - failed to converge 
after: 10 iterations  current Norm: 1.28094e-05 (max: 1e-06, Norm deltaR: 10.2456)
WARNING: CTestNormDispIncr::test() - failed to converge 
after: 10 iterations  current Norm: 0.000249049 (max: 1e-06, Norm deltaR: 2.36323)
WARNING: CTestNormDispIncr::test() - failed to converge 
after: 10 iterations  current Norm: 0.00015057 (max: 1e-06, Norm deltaR: 5.27957)
WARNING: CTestNormDispIncr::test() - failed to converge 
after: 10 iterations  current Norm: 1.28094e-05 (max: 1e-06, Norm deltaR: 10.2456)
WARNING: CTestNormDispIncr::test() - failed to converge 
after: 10 iterations  current Norm: 0.000249049 (max: 1e-06, Norm deltaR: 2.36323)
WARNING: CTestNormDispIncr::test() - failed to converge 
after: 10 iterations  current Norm: 0.00015057 (max: 1e-06, Norm deltaR: 5.27957)
WARNING: CTestNormDispIncr::test() - failed to converge 
after: 10 iterations  current Norm: 1.28094e-05 (max: 1e-06, Norm deltaR: 10.2456)
WARNING: CTestNormDispIncr::test() - failed to converge 
after: 10 iterations  current Norm: 0.000249049 (max: 1e-06, Norm deltaR: 2.36323)
WARNING: CTestNormDispIncr::test() - failed to converge 
after: 10 iterations  current Norm: 0.00015057 (max: 1e-06, Norm deltaR: 5.27957)
WARNING: CTestNormDispIncr::test() - failed to converge 
after: 10 iterations  current Norm: 1.28094e-05 (max: 1e-06, Norm deltaR: 10.2456)
WARNING: CTestNormDispIncr::test() - failed to converge 
after: 10 iterations  current Norm: 0.000249049 (max: 1e-06, Norm deltaR: 2.36323)
WARNING: CTestNormDispIncr::test() - failed to converge 
after: 10 iterations  current Norm: 0.00015057 (max: 1e-06, Norm deltaR: 5.27957)
WARNING: CTestNormDispIncr::test() - failed to converge 
after: 10 iterations  current Norm: 1.28094e-05 (max: 1e-06, Norm deltaR: 10.2456)
WARNING: CTestNormDispIncr::test() - failed to converge 
after: 10 iterations  current Norm: 0.000249049 (max: 1e-06, Norm deltaR: 2.36323)
WARNING: CTestNormDispIncr::test() - failed to converge 
after: 10 iterations  current Norm: 0.00015057 (max: 1e-06, Norm deltaR: 5.27957)
WARNING: CTestNormDispIncr::test() - failed to converge 
after: 10 iterations  current Norm: 1.28094e-05 (max: 1e-06, Norm deltaR: 10.2456)
WARNING: CTestNormDispIncr::test() - failed to converge 
after: 10 iterations  current Norm: 0.000249049 (max: 1e-06, Norm deltaR: 2.36323)
WARNING: CTestNormDispIncr::test() - failed to converge 
after: 10 iterations  current Norm: 0.00015057 (max: 1e-06, Norm deltaR: 5.27957)
WARNING: CTestNormDispIncr::test() - failed to converge 
after: 10 iterations  current Norm: 1.28094e-05 (max: 1e-06, Norm deltaR: 10.2456)
WARNING: CTestNormDispIncr::test() - failed to converge 
after: 10 iterations  current Norm: 0.000249049 (max: 1e-06, Norm deltaR: 2.36323)
WARNING: CTestNormDispIncr::test() - failed to converge 
after: 10 iterations  current Norm: 0.00015057 (max: 1e-06, Norm deltaR: 5.27957)
WARNING: CTestNormDispIncr::test() - failed to converge 
after: 10 iterations  current Norm: 1.28094e-05 (max: 1e-06, Norm deltaR: 10.2456)
WARNING: CTestNormDispIncr::test() - failed to converge 
after: 10 iterations  current Norm: 0.000249049 (max: 1e-06, Norm deltaR: 2.36323)
WARNING: CTestNormDispIncr::test() - failed to converge 
after: 10 iterations  current Norm: 0.00015057 (max: 1e-06, Norm deltaR: 5.27957)
WARNING: CTestNormDispIncr::test() - failed to converge 
after: 10 iterations  current Norm: 1.28094e-05 (max: 1e-06, Norm deltaR: 10.2456)
WARNING: CTestNormDispIncr::test() - failed to converge 
after: 10 iterations  current Norm: 0.000249049 (max: 1e-06, Norm deltaR: 2.36323)
WARNING: CTestNormDispIncr::test() - failed to converge 
after: 10 iterations  current Norm: 0.00015057 (max: 1e-06, Norm deltaR: 5.27957)
WARNING: CTestNormDispIncr::test() - failed to converge 
after: 10 iterations  current Norm: 1.28094e-05 (max: 1e-06, Norm deltaR: 10.2456)
WARNING: CTestNormDispIncr::test() - failed to converge 
after: 10 iterations  current Norm: 0.000249049 (max: 1e-06, Norm deltaR: 2.36323)
WARNING: CTestNormDispIncr::test() - failed to converge 
after: 10 iterations  current Norm: 0.00015057 (max: 1e-06, Norm deltaR: 5.27957)
WARNING: CTestNormDispIncr::test() - failed to converge 
after: 10 iterations  current Norm: 1.28094e-05 (max: 1e-06, Norm deltaR: 10.2456)
WARNING: CTestNormDispIncr::test() - failed to converge 
after: 10 iterations  current Norm: 0.000249049 (max: 1e-06, Norm deltaR: 2.36323)
WARNING: CTestNormDispIncr::test() - failed to converge 
after: 10 iterations  current Norm: 0.00015057 (max: 1e-06, Norm deltaR: 5.27957)
WARNING: CTestNormDispIncr::test() - failed to converge 
after: 100 iterations  current Norm: 0.00015057 (max: 1e-06, Norm deltaR: 5.27957)
Broyden::solveCurrentStep() -the ConvergenceTest object failed in test()
DirectIntegrationAnalysis::analyze() - the Algorithm failed at time 53.9938
OpenSees > analyze failed, returned: -3 error flag
WARNING: CTestNormDispIncr::test() - failed to converge 
after: 10 iterations  current Norm: 0.0807648 (max: 1e-06, Norm deltaR: 32575.4)
WARNING - ForceBeamColumn3d::update - failed to get compatible element forces & deformations for element: 2211(dW: << 0.00133824, dW0: 0.0465083)
Domain::update - domain failed in update
TRBDF2::update() - failed to update the domain
WARNING BFGS::solveCurrentStep() -the Integrator failed in update()
DirectIntegrationAnalysis::analyze() - the Algorithm failed at time 53.9938
OpenSees > analyze failed, returned: -3 error flag
WARNING: CTestNormDispIncr::test() - failed to converge 
after: 100 iterations  current Norm: 8.18061e-05 (max: 1e-06, Norm deltaR: 2.87928)
AcceleratedNewton::solveCurrentStep() -The ConvergenceTest object failed in test()
DirectIntegrationAnalysis::analyze() - the Algorithm failed at time 53.9925
OpenSees > analyze failed, returned: -3 error flag
WARNING: CTestNormDispIncr::test() - failed to converge 
after: 100 iterations  current Norm: 2.93071e-06 (max: 1e-06, Norm deltaR: 4.93546)
NewtonLineSearch::solveCurrentStep() -the ConvergenceTest object failed in test()
DirectIntegrationAnalysis::analyze() - the Algorithm failed at time 53.9925
OpenSees > analyze failed, returned: -3 error flag
WARNING: CTestNormDispIncr::test() - failed to converge 
after: 10 iterations  current Norm: 2.21897e-05 (max: 1e-06, Norm deltaR: 8.93414)
WARNING - ForceBeamColumn3d::update - failed to get compatible element forces & deformations for element: 2211(dW: << 0.00133824, dW0: 0.0464766)
Domain::update - domain failed in update
TRBDF2::update() - failed to update the domain
WARNING Broyden::solveCurrentStep() -the Integrator failed in update()
DirectIntegrationAnalysis::analyze() - the Algorithm failed at time 53.9925
OpenSees > analyze failed, returned: -3 error flag
WARNING: CTestNormDispIncr::test() - failed to converge 
after: 10 iterations  current Norm: 25.7607 (max: 1e-06, Norm deltaR: 4.4423e+07)
WARNING: CTestNormDispIncr::test() - failed to converge 
after: 10 iterations  current Norm: 2.73403e-05 (max: 1e-06, Norm deltaR: 9.02488)
WARNING - ForceBeamColumn3d::update - failed to get compatible element forces & deformations for element: 2211(dW: << 0.00133824, dW0: 0.0464803)
Domain::update - domain failed in update
TRBDF2::update() - failed to update the domain
WARNING BFGS::solveCurrentStep() -the Integrator failed in update()
DirectIntegrationAnalysis::analyze() - the Algorithm failed at time 53.9925
OpenSees > analyze failed, returned: -3 error flag
WARNING: CTestNormDispIncr::test() - failed to converge 
after: 100 iterations  current Norm: 8.02361e-05 (max: 1e-05, Norm deltaR: 2.28421)
AcceleratedNewton::solveCurrentStep() -The ConvergenceTest object failed in test()
DirectIntegrationAnalysis::analyze() - the Algorithm failed at time 53.9925
OpenSees > analyze failed, returned: -3 error flag
WARNING: CTestNormDispIncr::test() - failed to converge 
after: 100 iterations  current Norm: 6.94895e-05 (max: 1e-05, Norm deltaR: 1.13885)
NewtonLineSearch::solveCurrentStep() -the ConvergenceTest object failed in test()
DirectIntegrationAnalysis::analyze() - the Algorithm failed at time 54.0225
OpenSees > analyze failed, returned: -3 error flag
WARNING - ForceBeamColumn3d::update - failed to get compatible element forces & deformations for element: 2311(dW: << 0.00112353, dW0: 0.0371075)
Domain::update - domain failed in update
TRBDF2::update() - failed to update the domain
WARNING AcceleratedNewton::solveCurrentStep() -the Integrator failed in update()
DirectIntegrationAnalysis::analyze() - the Algorithm failed at time 54.0225
OpenSees > analyze failed, returned: -3 error flag
WARNING: CTestNormDispIncr::test() - failed to converge 
after: 100 iterations  current Norm: 9.84356e-06 (max: 1e-06, Norm deltaR: 2.63829)
NewtonLineSearch::solveCurrentStep() -the ConvergenceTest object failed in test()
DirectIntegrationAnalysis::analyze() - the Algorithm failed at time 54.0225
OpenSees > analyze failed, returned: -3 error flag
WARNING: CTestNormDispIncr::test() - failed to converge 
after: 10 iterations  current Norm: 0.00113997 (max: 1e-06, Norm deltaR: 2.62308)
WARNING: CTestNormDispIncr::test() - failed to converge 
after: 10 iterations  current Norm: 0.00275504 (max: 1e-06, Norm deltaR: 2.66732)
WARNING: CTestNormDispIncr::test() - failed to converge 
after: 10 iterations  current Norm: 0.00051118 (max: 1e-06, Norm deltaR: 1.40867)
WARNING: CTestNormDispIncr::test() - failed to converge 
after: 10 iterations  current Norm: 0.000376183 (max: 1e-06, Norm deltaR: 2.68849)
WARNING: CTestNormDispIncr::test() - failed to converge 
after: 10 iterations  current Norm: 0.00275585 (max: 1e-06, Norm deltaR: 2.66223)
WARNING: CTestNormDispIncr::test() - failed to converge 
after: 10 iterations  current Norm: 0.000511157 (max: 1e-06, Norm deltaR: 1.4086)
WARNING: CTestNormDispIncr::test() - failed to converge 
after: 10 iterations  current Norm: 0.000376182 (max: 1e-06, Norm deltaR: 2.68849)
WARNING: CTestNormDispIncr::test() - failed to converge 
after: 10 iterations  current Norm: 0.00275585 (max: 1e-06, Norm deltaR: 2.66223)
WARNING: CTestNormDispIncr::test() - failed to converge 
after: 10 iterations  current Norm: 0.000511157 (max: 1e-06, Norm deltaR: 1.4086)
WARNING: CTestNormDispIncr::test() - failed to converge 
after: 10 iterations  current Norm: 0.000376182 (max: 1e-06, Norm deltaR: 2.68849)
WARNING: CTestNormDispIncr::test() - failed to converge 
after: 10 iterations  current Norm: 0.00275585 (max: 1e-06, Norm deltaR: 2.66223)
WARNING: CTestNormDispIncr::test() - failed to converge 
after: 10 iterations  current Norm: 0.000511157 (max: 1e-06, Norm deltaR: 1.4086)
WARNING: CTestNormDispIncr::test() - failed to converge 
after: 10 iterations  current Norm: 0.000376182 (max: 1e-06, Norm deltaR: 2.68849)
WARNING: CTestNormDispIncr::test() - failed to converge 
after: 10 iterations  current Norm: 0.00275585 (max: 1e-06, Norm deltaR: 2.66223)
WARNING: CTestNormDispIncr::test() - failed to converge 
after: 10 iterations  current Norm: 0.000511157 (max: 1e-06, Norm deltaR: 1.4086)
WARNING: CTestNormDispIncr::test() - failed to converge 
after: 10 iterations  current Norm: 0.000376182 (max: 1e-06, Norm deltaR: 2.68849)
WARNING: CTestNormDispIncr::test() - failed to converge 
after: 10 iterations  current Norm: 0.00275585 (max: 1e-06, Norm deltaR: 2.66223)
WARNING: CTestNormDispIncr::test() - failed to converge 
after: 10 iterations  current Norm: 0.000511157 (max: 1e-06, Norm deltaR: 1.4086)
WARNING: CTestNormDispIncr::test() - failed to converge 
after: 10 iterations  current Norm: 0.000376182 (max: 1e-06, Norm deltaR: 2.68849)
WARNING: CTestNormDispIncr::test() - failed to converge 
after: 10 iterations  current Norm: 0.00275585 (max: 1e-06, Norm deltaR: 2.66223)
WARNING: CTestNormDispIncr::test() - failed to converge 
after: 10 iterations  current Norm: 0.000511157 (max: 1e-06, Norm deltaR: 1.4086)
WARNING: CTestNormDispIncr::test() - failed to converge 
after: 10 iterations  current Norm: 0.000376182 (max: 1e-06, Norm deltaR: 2.68849)
WARNING: CTestNormDispIncr::test() - failed to converge 
after: 10 iterations  current Norm: 0.00275585 (max: 1e-06, Norm deltaR: 2.66223)
WARNING: CTestNormDispIncr::test() - failed to converge 
after: 10 iterations  current Norm: 0.000511157 (max: 1e-06, Norm deltaR: 1.4086)
WARNING: CTestNormDispIncr::test() - failed to converge 
after: 10 iterations  current Norm: 0.000376182 (max: 1e-06, Norm deltaR: 2.68849)
WARNING: CTestNormDispIncr::test() - failed to converge 
after: 10 iterations  current Norm: 0.00275585 (max: 1e-06, Norm deltaR: 2.66223)
WARNING: CTestNormDispIncr::test() - failed to converge 
after: 10 iterations  current Norm: 0.000511157 (max: 1e-06, Norm deltaR: 1.4086)
WARNING: CTestNormDispIncr::test() - failed to converge 
after: 10 iterations  current Norm: 0.000376182 (max: 1e-06, Norm deltaR: 2.68849)
WARNING: CTestNormDispIncr::test() - failed to converge 
after: 10 iterations  current Norm: 0.00275585 (max: 1e-06, Norm deltaR: 2.66223)
WARNING: CTestNormDispIncr::test() - failed to converge 
after: 10 iterations  current Norm: 0.000511157 (max: 1e-06, Norm deltaR: 1.4086)
WARNING: CTestNormDispIncr::test() - failed to converge 
after: 10 iterations  current Norm: 0.000376182 (max: 1e-06, Norm deltaR: 2.68849)
WARNING: CTestNormDispIncr::test() - failed to converge 
after: 10 iterations  current Norm: 0.00275585 (max: 1e-06, Norm deltaR: 2.66223)
WARNING: CTestNormDispIncr::test() - failed to converge 
after: 10 iterations  current Norm: 0.000511157 (max: 1e-06, Norm deltaR: 1.4086)
WARNING: CTestNormDispIncr::test() - failed to converge 
after: 10 iterations  current Norm: 0.000376182 (max: 1e-06, Norm deltaR: 2.68849)
WARNING: CTestNormDispIncr::test() - failed to converge 
after: 10 iterations  current Norm: 0.00275585 (max: 1e-06, Norm deltaR: 2.66223)
WARNING: CTestNormDispIncr::test() - failed to converge 
after: 10 iterations  current Norm: 0.000511157 (max: 1e-06, Norm deltaR: 1.4086)
WARNING: CTestNormDispIncr::test() - failed to converge 
after: 10 iterations  current Norm: 0.000376182 (max: 1e-06, Norm deltaR: 2.68849)
WARNING: CTestNormDispIncr::test() - failed to converge 
after: 10 iterations  current Norm: 0.00275585 (max: 1e-06, Norm deltaR: 2.66223)
WARNING: CTestNormDispIncr::test() - failed to converge 
after: 10 iterations  current Norm: 0.000511157 (max: 1e-06, Norm deltaR: 1.4086)
WARNING: CTestNormDispIncr::test() - failed to converge 
after: 10 iterations  current Norm: 0.000376182 (max: 1e-06, Norm deltaR: 2.68849)
WARNING: CTestNormDispIncr::test() - failed to converge 
after: 10 iterations  current Norm: 0.00275585 (max: 1e-06, Norm deltaR: 2.66223)
WARNING: CTestNormDispIncr::test() - failed to converge 
after: 10 iterations  current Norm: 0.000511157 (max: 1e-06, Norm deltaR: 1.4086)
WARNING: CTestNormDispIncr::test() - failed to converge 
after: 10 iterations  current Norm: 0.000376182 (max: 1e-06, Norm deltaR: 2.68849)
WARNING: CTestNormDispIncr::test() - failed to converge 
after: 10 iterations  current Norm: 0.00275585 (max: 1e-06, Norm deltaR: 2.66223)
WARNING: CTestNormDispIncr::test() - failed to converge 
after: 10 iterations  current Norm: 0.000511157 (max: 1e-06, Norm deltaR: 1.4086)
WARNING: CTestNormDispIncr::test() - failed to converge 
after: 10 iterations  current Norm: 0.000376182 (max: 1e-06, Norm deltaR: 2.68849)
WARNING: CTestNormDispIncr::test() - failed to converge 
after: 10 iterations  current Norm: 0.00275585 (max: 1e-06, Norm deltaR: 2.66223)
WARNING: CTestNormDispIncr::test() - failed to converge 
after: 10 iterations  current Norm: 0.000511157 (max: 1e-06, Norm deltaR: 1.4086)
WARNING: CTestNormDispIncr::test() - failed to converge 
after: 10 iterations  current Norm: 0.000376182 (max: 1e-06, Norm deltaR: 2.68849)
WARNING: CTestNormDispIncr::test() - failed to converge 
after: 10 iterations  current Norm: 0.00275585 (max: 1e-06, Norm deltaR: 2.66223)
WARNING: CTestNormDispIncr::test() - failed to converge 
after: 10 iterations  current Norm: 0.000511157 (max: 1e-06, Norm deltaR: 1.4086)
WARNING: CTestNormDispIncr::test() - failed to converge 
after: 10 iterations  current Norm: 0.000376182 (max: 1e-06, Norm deltaR: 2.68849)
WARNING: CTestNormDispIncr::test() - failed to converge 
after: 10 iterations  current Norm: 0.00275585 (max: 1e-06, Norm deltaR: 2.66223)
WARNING: CTestNormDispIncr::test() - failed to converge 
after: 10 iterations  current Norm: 0.000511157 (max: 1e-06, Norm deltaR: 1.4086)
WARNING: CTestNormDispIncr::test() - failed to converge 
after: 10 iterations  current Norm: 0.000376182 (max: 1e-06, Norm deltaR: 2.68849)
WARNING: CTestNormDispIncr::test() - failed to converge 
after: 10 iterations  current Norm: 0.00275585 (max: 1e-06, Norm deltaR: 2.66223)
WARNING: CTestNormDispIncr::test() - failed to converge 
after: 10 iterations  current Norm: 0.000511157 (max: 1e-06, Norm deltaR: 1.4086)
WARNING: CTestNormDispIncr::test() - failed to converge 
after: 10 iterations  current Norm: 0.000376182 (max: 1e-06, Norm deltaR: 2.68849)
WARNING: CTestNormDispIncr::test() - failed to converge 
after: 10 iterations  current Norm: 0.00275585 (max: 1e-06, Norm deltaR: 2.66223)
WARNING: CTestNormDispIncr::test() - failed to converge 
after: 10 iterations  current Norm: 0.000511157 (max: 1e-06, Norm deltaR: 1.4086)
WARNING: CTestNormDispIncr::test() - failed to converge 
after: 10 iterations  current Norm: 0.000376182 (max: 1e-06, Norm deltaR: 2.68849)
WARNING: CTestNormDispIncr::test() - failed to converge 
after: 10 iterations  current Norm: 0.00275585 (max: 1e-06, Norm deltaR: 2.66223)
WARNING: CTestNormDispIncr::test() - failed to converge 
after: 10 iterations  current Norm: 0.000511157 (max: 1e-06, Norm deltaR: 1.4086)
WARNING: CTestNormDispIncr::test() - failed to converge 
after: 10 iterations  current Norm: 0.000376182 (max: 1e-06, Norm deltaR: 2.68849)
WARNING: CTestNormDispIncr::test() - failed to converge 
after: 10 iterations  current Norm: 0.00275585 (max: 1e-06, Norm deltaR: 2.66223)
WARNING: CTestNormDispIncr::test() - failed to converge 
after: 10 iterations  current Norm: 0.000511157 (max: 1e-06, Norm deltaR: 1.4086)
WARNING: CTestNormDispIncr::test() - failed to converge 
after: 10 iterations  current Norm: 0.000376182 (max: 1e-06, Norm deltaR: 2.68849)
WARNING: CTestNormDispIncr::test() - failed to converge 
after: 10 iterations  current Norm: 0.00275585 (max: 1e-06, Norm deltaR: 2.66223)
WARNING: CTestNormDispIncr::test() - failed to converge 
after: 10 iterations  current Norm: 0.000511157 (max: 1e-06, Norm deltaR: 1.4086)
WARNING: CTestNormDispIncr::test() - failed to converge 
after: 10 iterations  current Norm: 0.000376182 (max: 1e-06, Norm deltaR: 2.68849)
WARNING: CTestNormDispIncr::test() - failed to converge 
after: 10 iterations  current Norm: 0.00275585 (max: 1e-06, Norm deltaR: 2.66223)
WARNING: CTestNormDispIncr::test() - failed to converge 
after: 10 iterations  current Norm: 0.000511157 (max: 1e-06, Norm deltaR: 1.4086)
WARNING: CTestNormDispIncr::test() - failed to converge 
after: 10 iterations  current Norm: 0.000376182 (max: 1e-06, Norm deltaR: 2.68849)
WARNING: CTestNormDispIncr::test() - failed to converge 
after: 10 iterations  current Norm: 0.00275585 (max: 1e-06, Norm deltaR: 2.66223)
WARNING: CTestNormDispIncr::test() - failed to converge 
after: 10 iterations  current Norm: 0.000511157 (max: 1e-06, Norm deltaR: 1.4086)
WARNING: CTestNormDispIncr::test() - failed to converge 
after: 10 iterations  current Norm: 0.000376182 (max: 1e-06, Norm deltaR: 2.68849)
WARNING: CTestNormDispIncr::test() - failed to converge 
after: 10 iterations  current Norm: 0.00275585 (max: 1e-06, Norm deltaR: 2.66223)
WARNING: CTestNormDispIncr::test() - failed to converge 
after: 10 iterations  current Norm: 0.000511157 (max: 1e-06, Norm deltaR: 1.4086)
WARNING: CTestNormDispIncr::test() - failed to converge 
after: 10 iterations  current Norm: 0.000376182 (max: 1e-06, Norm deltaR: 2.68849)
WARNING: CTestNormDispIncr::test() - failed to converge 
after: 10 iterations  current Norm: 0.00275585 (max: 1e-06, Norm deltaR: 2.66223)
WARNING: CTestNormDispIncr::test() - failed to converge 
after: 10 iterations  current Norm: 0.000511157 (max: 1e-06, Norm deltaR: 1.4086)
WARNING: CTestNormDispIncr::test() - failed to converge 
after: 10 iterations  current Norm: 0.000376182 (max: 1e-06, Norm deltaR: 2.68849)
WARNING: CTestNormDispIncr::test() - failed to converge 
after: 10 iterations  current Norm: 0.00275585 (max: 1e-06, Norm deltaR: 2.66223)
WARNING: CTestNormDispIncr::test() - failed to converge 
after: 10 iterations  current Norm: 0.000511157 (max: 1e-06, Norm deltaR: 1.4086)
WARNING: CTestNormDispIncr::test() - failed to converge 
after: 10 iterations  current Norm: 0.000376182 (max: 1e-06, Norm deltaR: 2.68849)
WARNING: CTestNormDispIncr::test() - failed to converge 
after: 10 iterations  current Norm: 0.00275585 (max: 1e-06, Norm deltaR: 2.66223)
WARNING: CTestNormDispIncr::test() - failed to converge 
after: 10 iterations  current Norm: 0.000511157 (max: 1e-06, Norm deltaR: 1.4086)
WARNING: CTestNormDispIncr::test() - failed to converge 
after: 10 iterations  current Norm: 0.000376182 (max: 1e-06, Norm deltaR: 2.68849)
WARNING: CTestNormDispIncr::test() - failed to converge 
after: 10 iterations  current Norm: 0.00275585 (max: 1e-06, Norm deltaR: 2.66223)
WARNING: CTestNormDispIncr::test() - failed to converge 
after: 10 iterations  current Norm: 0.000511157 (max: 1e-06, Norm deltaR: 1.4086)
WARNING: CTestNormDispIncr::test() - failed to converge 
after: 10 iterations  current Norm: 0.000376182 (max: 1e-06, Norm deltaR: 2.68849)
WARNING: CTestNormDispIncr::test() - failed to converge 
after: 10 iterations  current Norm: 0.00275585 (max: 1e-06, Norm deltaR: 2.66223)
WARNING: CTestNormDispIncr::test() - failed to converge 
after: 10 iterations  current Norm: 0.000511157 (max: 1e-06, Norm deltaR: 1.4086)
WARNING: CTestNormDispIncr::test() - failed to converge 
after: 10 iterations  current Norm: 0.000376182 (max: 1e-06, Norm deltaR: 2.68849)
WARNING: CTestNormDispIncr::test() - failed to converge 
after: 10 iterations  current Norm: 0.00275585 (max: 1e-06, Norm deltaR: 2.66223)
WARNING: CTestNormDispIncr::test() - failed to converge 
after: 10 iterations  current Norm: 0.000511157 (max: 1e-06, Norm deltaR: 1.4086)
WARNING: CTestNormDispIncr::test() - failed to converge 
after: 10 iterations  current Norm: 0.000376182 (max: 1e-06, Norm deltaR: 2.68849)
WARNING: CTestNormDispIncr::test() - failed to converge 
after: 10 iterations  current Norm: 0.00275585 (max: 1e-06, Norm deltaR: 2.66223)
WARNING: CTestNormDispIncr::test() - failed to converge 
after: 10 iterations  current Norm: 0.000511157 (max: 1e-06, Norm deltaR: 1.4086)
WARNING: CTestNormDispIncr::test() - failed to converge 
after: 10 iterations  current Norm: 0.000376182 (max: 1e-06, Norm deltaR: 2.68849)
WARNING: CTestNormDispIncr::test() - failed to converge 
after: 100 iterations  current Norm: 0.000376182 (max: 1e-06, Norm deltaR: 2.68849)
Broyden::solveCurrentStep() -the ConvergenceTest object failed in test()
DirectIntegrationAnalysis::analyze() - the Algorithm failed at time 54.0225
OpenSees > analyze failed, returned: -3 error flag
WARNING: CTestNormDispIncr::test() - failed to converge 
after: 10 iterations  current Norm: 29.7655 (max: 1e-06, Norm deltaR: 9.25206e+07)
WARNING: CTestNormDispIncr::test() - failed to converge 
after: 10 iterations  current Norm: 0.0128025 (max: 1e-06, Norm deltaR: 10.1768)
WARNING - ForceBeamColumn3d::update - failed to get compatible element forces & deformations for element: 2311(dW: << 0.00112353, dW0: 0.0371594)
Domain::update - domain failed in update
TRBDF2::update() - failed to update the domain
WARNING BFGS::solveCurrentStep() -the Integrator failed in update()
DirectIntegrationAnalysis::analyze() - the Algorithm failed at time 54.0225
OpenSees > analyze failed, returned: -3 error flag
WARNING - ForceBeamColumn3d::update - failed to get compatible element forces & deformations for element: 2311(dW: << 0.00112354, dW0: 0.037402)
Domain::update - domain failed in update
TRBDF2::update() - failed to update the domain
WARNING AcceleratedNewton::solveCurrentStep() -the Integrator failed in update()
DirectIntegrationAnalysis::analyze() - the Algorithm failed at time 54.02
OpenSees > analyze failed, returned: -3 error flag
WARNING: CTestNormDispIncr::test() - failed to converge 
after: 100 iterations  current Norm: 3.71482e-06 (max: 1e-06, Norm deltaR: 0.467442)
NewtonLineSearch::solveCurrentStep() -the ConvergenceTest object failed in test()
DirectIntegrationAnalysis::analyze() - the Algorithm failed at time 54.02
OpenSees > analyze failed, returned: -3 error flag
WARNING: CTestNormDispIncr::test() - failed to converge 
after: 10 iterations  current Norm: 0.000275787 (max: 1e-06, Norm deltaR: 80.0992)
WARNING: CTestNormDispIncr::test() - failed to converge 
after: 10 iterations  current Norm: 1.0495e-05 (max: 1e-06, Norm deltaR: 3.47591)
WARNING: CTestNormDispIncr::test() - failed to converge 
after: 10 iterations  current Norm: 0.000580597 (max: 1e-06, Norm deltaR: 0.463817)
WARNING - ForceBeamColumn3d::update - failed to get compatible element forces & deformations for element: 2311(dW: << 0.00112353, dW0: 0.03707)
Domain::update - domain failed in update
TRBDF2::update() - failed to update the domain
WARNING Broyden::solveCurrentStep() -the Integrator failed in update()
DirectIntegrationAnalysis::analyze() - the Algorithm failed at time 54.02
OpenSees > analyze failed, returned: -3 error flag
WARNING: CTestNormDispIncr::test() - failed to converge 
after: 10 iterations  current Norm: 60.738 (max: 1e-06, Norm deltaR: 4.92677e+07)
WARNING: CTestNormDispIncr::test() - failed to converge 
after: 10 iterations  current Norm: 0.000772352 (max: 1e-06, Norm deltaR: 2.50999)
WARNING - ForceBeamColumn3d::update - failed to get compatible element forces & deformations for element: 2311(dW: << 0.00112353, dW0: 0.0371151)
Domain::update - domain failed in update
TRBDF2::update() - failed to update the domain
WARNING BFGS::solveCurrentStep() -the Integrator failed in update()
DirectIntegrationAnalysis::analyze() - the Algorithm failed at time 54.02
OpenSees > analyze failed, returned: -3 error flag
WARNING - ForceBeamColumn3d::update - failed to get compatible element forces & deformations for element: 2311(dW: << 0.00112354, dW0: 0.0368758)
Domain::update - domain failed in update
TRBDF2::update() - failed to update the domain
WARNING AcceleratedNewton::solveCurrentStep() -the Integrator failed in update()
DirectIntegrationAnalysis::analyze() - the Algorithm failed at time 54.0238
OpenSees > analyze failed, returned: -3 error flag
WARNING - ForceBeamColumn3d::update - failed to get compatible element forces & deformations for element: 2311(dW: << 0.00112353, dW0: 0.0373103)
Domain::update - domain failed in update
TRBDF2::update() - failed to update the domain
WARNING AcceleratedNewton::solveCurrentStep() -the Integrator failed in update()
DirectIntegrationAnalysis::analyze() - the Algorithm failed at time 54.0238
OpenSees > analyze failed, returned: -3 error flag
WARNING: CTestNormDispIncr::test() - failed to converge 
after: 100 iterations  current Norm: 0.000181226 (max: 1e-06, Norm deltaR: 2.00443)
NewtonLineSearch::solveCurrentStep() -the ConvergenceTest object failed in test()
DirectIntegrationAnalysis::analyze() - the Algorithm failed at time 54.0238
OpenSees > analyze failed, returned: -3 error flag
WARNING: CTestNormDispIncr::test() - failed to converge 
after: 10 iterations  current Norm: 0.00049499 (max: 1e-06, Norm deltaR: 11.2306)
WARNING: CTestNormDispIncr::test() - failed to converge 
after: 10 iterations  current Norm: 0.00119821 (max: 1e-06, Norm deltaR: 2.72705)
WARNING: CTestNormDispIncr::test() - failed to converge 
after: 10 iterations  current Norm: 0.00120311 (max: 1e-06, Norm deltaR: 2.72705)
WARNING: CTestNormDispIncr::test() - failed to converge 
after: 10 iterations  current Norm: 0.00120311 (max: 1e-06, Norm deltaR: 2.72705)
WARNING: CTestNormDispIncr::test() - failed to converge 
after: 10 iterations  current Norm: 0.00120311 (max: 1e-06, Norm deltaR: 2.72705)
WARNING: CTestNormDispIncr::test() - failed to converge 
after: 10 iterations  current Norm: 0.00120311 (max: 1e-06, Norm deltaR: 2.72705)
WARNING: CTestNormDispIncr::test() - failed to converge 
after: 10 iterations  current Norm: 0.00120311 (max: 1e-06, Norm deltaR: 2.72705)
WARNING: CTestNormDispIncr::test() - failed to converge 
after: 10 iterations  current Norm: 0.00120311 (max: 1e-06, Norm deltaR: 2.72705)
WARNING: CTestNormDispIncr::test() - failed to converge 
after: 10 iterations  current Norm: 0.00120311 (max: 1e-06, Norm deltaR: 2.72705)
WARNING: CTestNormDispIncr::test() - failed to converge 
after: 10 iterations  current Norm: 0.00120311 (max: 1e-06, Norm deltaR: 2.72705)
WARNING: CTestNormDispIncr::test() - failed to converge 
after: 10 iterations  current Norm: 0.00120311 (max: 1e-06, Norm deltaR: 2.72705)
WARNING: CTestNormDispIncr::test() - failed to converge 
after: 10 iterations  current Norm: 0.00120311 (max: 1e-06, Norm deltaR: 2.72705)
WARNING: CTestNormDispIncr::test() - failed to converge 
after: 10 iterations  current Norm: 0.00120311 (max: 1e-06, Norm deltaR: 2.72705)
WARNING: CTestNormDispIncr::test() - failed to converge 
after: 10 iterations  current Norm: 0.00120311 (max: 1e-06, Norm deltaR: 2.72705)
WARNING: CTestNormDispIncr::test() - failed to converge 
after: 10 iterations  current Norm: 0.00120311 (max: 1e-06, Norm deltaR: 2.72705)
WARNING: CTestNormDispIncr::test() - failed to converge 
after: 10 iterations  current Norm: 0.00120311 (max: 1e-06, Norm deltaR: 2.72705)
WARNING: CTestNormDispIncr::test() - failed to converge 
after: 10 iterations  current Norm: 0.00120311 (max: 1e-06, Norm deltaR: 2.72705)
WARNING: CTestNormDispIncr::test() - failed to converge 
after: 10 iterations  current Norm: 0.00120311 (max: 1e-06, Norm deltaR: 2.72705)
WARNING: CTestNormDispIncr::test() - failed to converge 
after: 10 iterations  current Norm: 0.00120311 (max: 1e-06, Norm deltaR: 2.72705)
WARNING: CTestNormDispIncr::test() - failed to converge 
after: 10 iterations  current Norm: 0.00120311 (max: 1e-06, Norm deltaR: 2.72705)
WARNING: CTestNormDispIncr::test() - failed to converge 
after: 10 iterations  current Norm: 0.00120311 (max: 1e-06, Norm deltaR: 2.72705)
WARNING: CTestNormDispIncr::test() - failed to converge 
after: 10 iterations  current Norm: 0.00120311 (max: 1e-06, Norm deltaR: 2.72705)
WARNING: CTestNormDispIncr::test() - failed to converge 
after: 10 iterations  current Norm: 0.00120311 (max: 1e-06, Norm deltaR: 2.72705)
WARNING: CTestNormDispIncr::test() - failed to converge 
after: 10 iterations  current Norm: 0.00120311 (max: 1e-06, Norm deltaR: 2.72705)
WARNING: CTestNormDispIncr::test() - failed to converge 
after: 10 iterations  current Norm: 0.00120311 (max: 1e-06, Norm deltaR: 2.72705)
WARNING: CTestNormDispIncr::test() - failed to converge 
after: 10 iterations  current Norm: 0.00120311 (max: 1e-06, Norm deltaR: 2.72705)
WARNING: CTestNormDispIncr::test() - failed to converge 
after: 10 iterations  current Norm: 0.00120311 (max: 1e-06, Norm deltaR: 2.72705)
WARNING: CTestNormDispIncr::test() - failed to converge 
after: 10 iterations  current Norm: 0.00120311 (max: 1e-06, Norm deltaR: 2.72705)
WARNING: CTestNormDispIncr::test() - failed to converge 
after: 10 iterations  current Norm: 0.00120311 (max: 1e-06, Norm deltaR: 2.72705)
WARNING: CTestNormDispIncr::test() - failed to converge 
after: 10 iterations  current Norm: 0.00120311 (max: 1e-06, Norm deltaR: 2.72705)
WARNING: CTestNormDispIncr::test() - failed to converge 
after: 10 iterations  current Norm: 0.00120311 (max: 1e-06, Norm deltaR: 2.72705)
WARNING: CTestNormDispIncr::test() - failed to converge 
after: 10 iterations  current Norm: 0.00120311 (max: 1e-06, Norm deltaR: 2.72705)
WARNING: CTestNormDispIncr::test() - failed to converge 
after: 10 iterations  current Norm: 0.00120311 (max: 1e-06, Norm deltaR: 2.72705)
WARNING: CTestNormDispIncr::test() - failed to converge 
after: 10 iterations  current Norm: 0.00120311 (max: 1e-06, Norm deltaR: 2.72705)
WARNING: CTestNormDispIncr::test() - failed to converge 
after: 10 iterations  current Norm: 0.00120311 (max: 1e-06, Norm deltaR: 2.72705)
WARNING: CTestNormDispIncr::test() - failed to converge 
after: 10 iterations  current Norm: 0.00120311 (max: 1e-06, Norm deltaR: 2.72705)
WARNING: CTestNormDispIncr::test() - failed to converge 
after: 10 iterations  current Norm: 0.00120311 (max: 1e-06, Norm deltaR: 2.72705)
WARNING: CTestNormDispIncr::test() - failed to converge 
after: 10 iterations  current Norm: 0.00120311 (max: 1e-06, Norm deltaR: 2.72705)
WARNING: CTestNormDispIncr::test() - failed to converge 
after: 10 iterations  current Norm: 0.00120311 (max: 1e-06, Norm deltaR: 2.72705)
WARNING: CTestNormDispIncr::test() - failed to converge 
after: 10 iterations  current Norm: 0.00120311 (max: 1e-06, Norm deltaR: 2.72705)
WARNING: CTestNormDispIncr::test() - failed to converge 
after: 10 iterations  current Norm: 0.00120311 (max: 1e-06, Norm deltaR: 2.72705)
WARNING: CTestNormDispIncr::test() - failed to converge 
after: 10 iterations  current Norm: 0.00120311 (max: 1e-06, Norm deltaR: 2.72705)
WARNING: CTestNormDispIncr::test() - failed to converge 
after: 10 iterations  current Norm: 0.00120311 (max: 1e-06, Norm deltaR: 2.72705)
WARNING: CTestNormDispIncr::test() - failed to converge 
after: 10 iterations  current Norm: 0.00120311 (max: 1e-06, Norm deltaR: 2.72705)
WARNING: CTestNormDispIncr::test() - failed to converge 
after: 10 iterations  current Norm: 0.00120311 (max: 1e-06, Norm deltaR: 2.72705)
WARNING: CTestNormDispIncr::test() - failed to converge 
after: 10 iterations  current Norm: 0.00120311 (max: 1e-06, Norm deltaR: 2.72705)
WARNING: CTestNormDispIncr::test() - failed to converge 
after: 10 iterations  current Norm: 0.00120311 (max: 1e-06, Norm deltaR: 2.72705)
WARNING: CTestNormDispIncr::test() - failed to converge 
after: 10 iterations  current Norm: 0.00120311 (max: 1e-06, Norm deltaR: 2.72705)
WARNING: CTestNormDispIncr::test() - failed to converge 
after: 10 iterations  current Norm: 0.00120311 (max: 1e-06, Norm deltaR: 2.72705)
WARNING: CTestNormDispIncr::test() - failed to converge 
after: 10 iterations  current Norm: 0.00120311 (max: 1e-06, Norm deltaR: 2.72705)
WARNING: CTestNormDispIncr::test() - failed to converge 
after: 10 iterations  current Norm: 0.00120311 (max: 1e-06, Norm deltaR: 2.72705)
WARNING: CTestNormDispIncr::test() - failed to converge 
after: 10 iterations  current Norm: 0.00120311 (max: 1e-06, Norm deltaR: 2.72705)
WARNING: CTestNormDispIncr::test() - failed to converge 
after: 10 iterations  current Norm: 0.00120311 (max: 1e-06, Norm deltaR: 2.72705)
WARNING: CTestNormDispIncr::test() - failed to converge 
after: 10 iterations  current Norm: 0.00120311 (max: 1e-06, Norm deltaR: 2.72705)
WARNING: CTestNormDispIncr::test() - failed to converge 
after: 10 iterations  current Norm: 0.00120311 (max: 1e-06, Norm deltaR: 2.72705)
WARNING: CTestNormDispIncr::test() - failed to converge 
after: 10 iterations  current Norm: 0.00120311 (max: 1e-06, Norm deltaR: 2.72705)
WARNING: CTestNormDispIncr::test() - failed to converge 
after: 10 iterations  current Norm: 0.00120311 (max: 1e-06, Norm deltaR: 2.72705)
WARNING: CTestNormDispIncr::test() - failed to converge 
after: 10 iterations  current Norm: 0.00120311 (max: 1e-06, Norm deltaR: 2.72705)
WARNING: CTestNormDispIncr::test() - failed to converge 
after: 10 iterations  current Norm: 0.00120311 (max: 1e-06, Norm deltaR: 2.72705)
WARNING: CTestNormDispIncr::test() - failed to converge 
after: 10 iterations  current Norm: 0.00120311 (max: 1e-06, Norm deltaR: 2.72705)
WARNING: CTestNormDispIncr::test() - failed to converge 
after: 10 iterations  current Norm: 0.00120311 (max: 1e-06, Norm deltaR: 2.72705)
WARNING: CTestNormDispIncr::test() - failed to converge 
after: 10 iterations  current Norm: 0.00120311 (max: 1e-06, Norm deltaR: 2.72705)
WARNING: CTestNormDispIncr::test() - failed to converge 
after: 10 iterations  current Norm: 0.00120311 (max: 1e-06, Norm deltaR: 2.72705)
WARNING: CTestNormDispIncr::test() - failed to converge 
after: 10 iterations  current Norm: 0.00120311 (max: 1e-06, Norm deltaR: 2.72705)
WARNING: CTestNormDispIncr::test() - failed to converge 
after: 10 iterations  current Norm: 0.00120311 (max: 1e-06, Norm deltaR: 2.72705)
WARNING: CTestNormDispIncr::test() - failed to converge 
after: 10 iterations  current Norm: 0.00120311 (max: 1e-06, Norm deltaR: 2.72705)
WARNING: CTestNormDispIncr::test() - failed to converge 
after: 10 iterations  current Norm: 0.00120311 (max: 1e-06, Norm deltaR: 2.72705)
WARNING: CTestNormDispIncr::test() - failed to converge 
after: 10 iterations  current Norm: 0.00120311 (max: 1e-06, Norm deltaR: 2.72705)
WARNING: CTestNormDispIncr::test() - failed to converge 
after: 10 iterations  current Norm: 0.00120311 (max: 1e-06, Norm deltaR: 2.72705)
WARNING: CTestNormDispIncr::test() - failed to converge 
after: 10 iterations  current Norm: 0.00120311 (max: 1e-06, Norm deltaR: 2.72705)
WARNING: CTestNormDispIncr::test() - failed to converge 
after: 10 iterations  current Norm: 0.00120311 (max: 1e-06, Norm deltaR: 2.72705)
WARNING: CTestNormDispIncr::test() - failed to converge 
after: 10 iterations  current Norm: 0.00120311 (max: 1e-06, Norm deltaR: 2.72705)
WARNING: CTestNormDispIncr::test() - failed to converge 
after: 10 iterations  current Norm: 0.00120311 (max: 1e-06, Norm deltaR: 2.72705)
WARNING: CTestNormDispIncr::test() - failed to converge 
after: 10 iterations  current Norm: 0.00120311 (max: 1e-06, Norm deltaR: 2.72705)
WARNING: CTestNormDispIncr::test() - failed to converge 
after: 10 iterations  current Norm: 0.00120311 (max: 1e-06, Norm deltaR: 2.72705)
WARNING: CTestNormDispIncr::test() - failed to converge 
after: 10 iterations  current Norm: 0.00120311 (max: 1e-06, Norm deltaR: 2.72705)
WARNING: CTestNormDispIncr::test() - failed to converge 
after: 10 iterations  current Norm: 0.00120311 (max: 1e-06, Norm deltaR: 2.72705)
WARNING: CTestNormDispIncr::test() - failed to converge 
after: 10 iterations  current Norm: 0.00120311 (max: 1e-06, Norm deltaR: 2.72705)
WARNING: CTestNormDispIncr::test() - failed to converge 
after: 10 iterations  current Norm: 0.00120311 (max: 1e-06, Norm deltaR: 2.72705)
WARNING: CTestNormDispIncr::test() - failed to converge 
after: 10 iterations  current Norm: 0.00120311 (max: 1e-06, Norm deltaR: 2.72705)
WARNING: CTestNormDispIncr::test() - failed to converge 
after: 10 iterations  current Norm: 0.00120311 (max: 1e-06, Norm deltaR: 2.72705)
WARNING: CTestNormDispIncr::test() - failed to converge 
after: 10 iterations  current Norm: 0.00120311 (max: 1e-06, Norm deltaR: 2.72705)
WARNING: CTestNormDispIncr::test() - failed to converge 
after: 10 iterations  current Norm: 0.00120311 (max: 1e-06, Norm deltaR: 2.72705)
WARNING: CTestNormDispIncr::test() - failed to converge 
after: 10 iterations  current Norm: 0.00120311 (max: 1e-06, Norm deltaR: 2.72705)
WARNING: CTestNormDispIncr::test() - failed to converge 
after: 10 iterations  current Norm: 0.00120311 (max: 1e-06, Norm deltaR: 2.72705)
WARNING: CTestNormDispIncr::test() - failed to converge 
after: 10 iterations  current Norm: 0.00120311 (max: 1e-06, Norm deltaR: 2.72705)
WARNING: CTestNormDispIncr::test() - failed to converge 
after: 10 iterations  current Norm: 0.00120311 (max: 1e-06, Norm deltaR: 2.72705)
WARNING: CTestNormDispIncr::test() - failed to converge 
after: 10 iterations  current Norm: 0.00120311 (max: 1e-06, Norm deltaR: 2.72705)
WARNING: CTestNormDispIncr::test() - failed to converge 
after: 10 iterations  current Norm: 0.00120311 (max: 1e-06, Norm deltaR: 2.72705)
WARNING: CTestNormDispIncr::test() - failed to converge 
after: 10 iterations  current Norm: 0.00120311 (max: 1e-06, Norm deltaR: 2.72705)
WARNING: CTestNormDispIncr::test() - failed to converge 
after: 10 iterations  current Norm: 0.00120311 (max: 1e-06, Norm deltaR: 2.72705)
WARNING: CTestNormDispIncr::test() - failed to converge 
after: 10 iterations  current Norm: 0.00120311 (max: 1e-06, Norm deltaR: 2.72705)
WARNING: CTestNormDispIncr::test() - failed to converge 
after: 10 iterations  current Norm: 0.00120311 (max: 1e-06, Norm deltaR: 2.72705)
WARNING: CTestNormDispIncr::test() - failed to converge 
after: 10 iterations  current Norm: 0.00120311 (max: 1e-06, Norm deltaR: 2.72705)
WARNING: CTestNormDispIncr::test() - failed to converge 
after: 10 iterations  current Norm: 0.00120311 (max: 1e-06, Norm deltaR: 2.72705)
WARNING: CTestNormDispIncr::test() - failed to converge 
after: 10 iterations  current Norm: 0.00120311 (max: 1e-06, Norm deltaR: 2.72705)
WARNING: CTestNormDispIncr::test() - failed to converge 
after: 10 iterations  current Norm: 0.00120311 (max: 1e-06, Norm deltaR: 2.72705)
WARNING: CTestNormDispIncr::test() - failed to converge 
after: 10 iterations  current Norm: 0.00120311 (max: 1e-06, Norm deltaR: 2.72705)
WARNING: CTestNormDispIncr::test() - failed to converge 
after: 10 iterations  current Norm: 0.00120311 (max: 1e-06, Norm deltaR: 2.72705)
WARNING: CTestNormDispIncr::test() - failed to converge 
after: 10 iterations  current Norm: 0.00120311 (max: 1e-06, Norm deltaR: 2.72705)
WARNING: CTestNormDispIncr::test() - failed to converge 
after: 100 iterations  current Norm: 0.00120311 (max: 1e-06, Norm deltaR: 2.72705)
Broyden::solveCurrentStep() -the ConvergenceTest object failed in test()
DirectIntegrationAnalysis::analyze() - the Algorithm failed at time 54.0238
OpenSees > analyze failed, returned: -3 error flag
WARNING: CTestNormDispIncr::test() - failed to converge 
after: 10 iterations  current Norm: 10.3564 (max: 1e-06, Norm deltaR: 2.3448e+07)
WARNING: CTestNormDispIncr::test() - failed to converge 
after: 10 iterations  current Norm: 0.0829173 (max: 1e-06, Norm deltaR: 65.7711)
WARNING: CTestNormDispIncr::test() - failed to converge 
after: 10 iterations  current Norm: 0.00248501 (max: 1e-06, Norm deltaR: 2.59706)
WARNING: CTestNormDispIncr::test() - failed to converge 
after: 10 iterations  current Norm: 4.48921e-05 (max: 1e-06, Norm deltaR: 7.56443)
WARNING - ForceBeamColumn3d::update - failed to get compatible element forces & deformations for element: 2311(dW: << 0.00112354, dW0: 0.0374144)
Domain::update - domain failed in update
TRBDF2::update() - failed to update the domain
WARNING BFGS::solveCurrentStep() -the Integrator failed in update()
DirectIntegrationAnalysis::analyze() - the Algorithm failed at time 54.0238
OpenSees > analyze failed, returned: -3 error flag
WARNING - ForceBeamColumn3d::update - failed to get compatible element forces & deformations for element: 2311(dW: << 0.00112353, dW0: 0.0373136)
Domain::update - domain failed in update
TRBDF2::update() - failed to update the domain
WARNING AcceleratedNewton::solveCurrentStep() -the Integrator failed in update()
DirectIntegrationAnalysis::analyze() - the Algorithm failed at time 54.0213
OpenSees > analyze failed, returned: -3 error flag
WARNING: CTestNormDispIncr::test() - failed to converge 
after: 100 iterations  current Norm: 6.58596e-06 (max: 1e-06, Norm deltaR: 2.80791)
NewtonLineSearch::solveCurrentStep() -the ConvergenceTest object failed in test()
DirectIntegrationAnalysis::analyze() - the Algorithm failed at time 54.0213
OpenSees > analyze failed, returned: -3 error flag
WARNING - ForceBeamColumn3d::update - failed to get compatible element forces & deformations for element: 2311(dW: << 0.00112353, dW0: 0.0368897)
Domain::update - domain failed in update
TRBDF2::update() - failed to update the domain
WARNING Broyden::solveCurrentStep() -the Integrator failed in update()
DirectIntegrationAnalysis::analyze() - the Algorithm failed at time 54.0213
OpenSees > analyze failed, returned: -3 error flag
WARNING: CTestNormDispIncr::test() - failed to converge 
after: 10 iterations  current Norm: 1.27005 (max: 1e-06, Norm deltaR: 1.74264e+06)
WARNING: CTestNormDispIncr::test() - failed to converge 
after: 10 iterations  current Norm: 0.00180908 (max: 1e-06, Norm deltaR: 17.7468)
WARNING - ForceBeamColumn3d::update - failed to get compatible element forces & deformations for element: 2311(dW: << 0.00112354, dW0: 0.037403)
Domain::update - domain failed in update
TRBDF2::update() - failed to update the domain
WARNING BFGS::solveCurrentStep() -the Integrator failed in update()
DirectIntegrationAnalysis::analyze() - the Algorithm failed at time 54.0213
OpenSees > analyze failed, returned: -3 error flag
WARNING: CTestNormDispIncr::test() - failed to converge 
after: 100 iterations  current Norm: 0.000174008 (max: 1e-06, Norm deltaR: 3.11137)
AcceleratedNewton::solveCurrentStep() -The ConvergenceTest object failed in test()
DirectIntegrationAnalysis::analyze() - the Algorithm failed at time 54.02
OpenSees > analyze failed, returned: -3 error flag
WARNING: CTestNormDispIncr::test() - failed to converge 
after: 100 iterations  current Norm: 3.50475e-06 (max: 1e-06, Norm deltaR: 0.625298)
NewtonLineSearch::solveCurrentStep() -the ConvergenceTest object failed in test()
DirectIntegrationAnalysis::analyze() - the Algorithm failed at time 54.02
OpenSees > analyze failed, returned: -3 error flag
WARNING: CTestNormDispIncr::test() - failed to converge 
after: 10 iterations  current Norm: 0.000195025 (max: 1e-06, Norm deltaR: 0.635772)
WARNING: CTestNormDispIncr::test() - failed to converge 
after: 10 iterations  current Norm: 7.07307e-06 (max: 1e-06, Norm deltaR: 3.46596)
WARNING: CTestNormDispIncr::test() - failed to converge 
after: 10 iterations  current Norm: 2.63183e-05 (max: 1e-06, Norm deltaR: 5.38838)
WARNING - ForceBeamColumn3d::update - failed to get compatible element forces & deformations for element: 2311(dW: << 0.00112352, dW0: 0.0368877)
Domain::update - domain failed in update
TRBDF2::update() - failed to update the domain
WARNING Broyden::solveCurrentStep() -the Integrator failed in update()
DirectIntegrationAnalysis::analyze() - the Algorithm failed at time 54.02
OpenSees > analyze failed, returned: -3 error flag
WARNING: CTestNormDispIncr::test() - failed to converge 
after: 10 iterations  current Norm: 60.5874 (max: 1e-06, Norm deltaR: 9.15576e+07)
WARNING: CTestNormDispIncr::test() - failed to converge 
after: 10 iterations  current Norm: 7.40206e-05 (max: 1e-06, Norm deltaR: 3.50394)
WARNING: CTestNormDispIncr::test() - failed to converge 
after: 10 iterations  current Norm: 2.62374e-05 (max: 1e-06, Norm deltaR: 5.38838)
WARNING - ForceBeamColumn3d::update - failed to get compatible element forces & deformations for element: 2311(dW: << 0.00112352, dW0: 0.0368877)
Domain::update - domain failed in update
TRBDF2::update() - failed to update the domain
WARNING BFGS::solveCurrentStep() -the Integrator failed in update()
DirectIntegrationAnalysis::analyze() - the Algorithm failed at time 54.02
OpenSees > analyze failed, returned: -3 error flag
WARNING: CTestNormDispIncr::test() - failed to converge 
after: 100 iterations  current Norm: 0.000123314 (max: 1e-05, Norm deltaR: 1.55934)
AcceleratedNewton::solveCurrentStep() -The ConvergenceTest object failed in test()
DirectIntegrationAnalysis::analyze() - the Algorithm failed at time 54.02
OpenSees > analyze failed, returned: -3 error flag
WARNING: CTestNormDispIncr::test() - failed to converge 
after: 100 iterations  current Norm: 1.38829e-05 (max: 1e-05, Norm deltaR: 1.38195)
NewtonLineSearch::solveCurrentStep() -the ConvergenceTest object failed in test()
DirectIntegrationAnalysis::analyze() - the Algorithm failed at time 54.025
OpenSees > analyze failed, returned: -3 error flag
WARNING: CTestNormDispIncr::test() - failed to converge 
after: 100 iterations  current Norm: 0.0004874 (max: 1e-06, Norm deltaR: 1.74494)
AcceleratedNewton::solveCurrentStep() -The ConvergenceTest object failed in test()
DirectIntegrationAnalysis::analyze() - the Algorithm failed at time 54.025
OpenSees > analyze failed, returned: -3 error flag
WARNING: CTestNormDispIncr::test() - failed to converge 
after: 100 iterations  current Norm: 1.71393e-05 (max: 1e-06, Norm deltaR: 1.70611)
NewtonLineSearch::solveCurrentStep() -the ConvergenceTest object failed in test()
DirectIntegrationAnalysis::analyze() - the Algorithm failed at time 54.025
OpenSees > analyze failed, returned: -3 error flag
WARNING: CTestNormDispIncr::test() - failed to converge 
after: 10 iterations  current Norm: 0.000507441 (max: 1e-06, Norm deltaR: 12.5622)
WARNING: CTestNormDispIncr::test() - failed to converge 
after: 10 iterations  current Norm: 0.000379958 (max: 1e-06, Norm deltaR: 2.46159)
WARNING: CTestNormDispIncr::test() - failed to converge 
after: 10 iterations  current Norm: 2.70017e-05 (max: 1e-06, Norm deltaR: 7.76298)
WARNING: CTestNormDispIncr::test() - failed to converge 
after: 10 iterations  current Norm: 0.00048748 (max: 1e-06, Norm deltaR: 2.3134)
WARNING: CTestNormDispIncr::test() - failed to converge 
after: 10 iterations  current Norm: 0.00104992 (max: 1e-06, Norm deltaR: 2.46417)
WARNING: CTestNormDispIncr::test() - failed to converge 
after: 10 iterations  current Norm: 2.69977e-05 (max: 1e-06, Norm deltaR: 7.76298)
WARNING: CTestNormDispIncr::test() - failed to converge 
after: 10 iterations  current Norm: 0.00048748 (max: 1e-06, Norm deltaR: 2.3134)
WARNING: CTestNormDispIncr::test() - failed to converge 
after: 10 iterations  current Norm: 0.00104992 (max: 1e-06, Norm deltaR: 2.46417)
WARNING: CTestNormDispIncr::test() - failed to converge 
after: 10 iterations  current Norm: 2.69977e-05 (max: 1e-06, Norm deltaR: 7.76298)
WARNING: CTestNormDispIncr::test() - failed to converge 
after: 10 iterations  current Norm: 0.00048748 (max: 1e-06, Norm deltaR: 2.3134)
WARNING: CTestNormDispIncr::test() - failed to converge 
after: 10 iterations  current Norm: 0.00104992 (max: 1e-06, Norm deltaR: 2.46417)
WARNING: CTestNormDispIncr::test() - failed to converge 
after: 10 iterations  current Norm: 2.69977e-05 (max: 1e-06, Norm deltaR: 7.76298)
WARNING: CTestNormDispIncr::test() - failed to converge 
after: 10 iterations  current Norm: 0.00048748 (max: 1e-06, Norm deltaR: 2.3134)
WARNING: CTestNormDispIncr::test() - failed to converge 
after: 10 iterations  current Norm: 0.00104992 (max: 1e-06, Norm deltaR: 2.46417)
WARNING: CTestNormDispIncr::test() - failed to converge 
after: 10 iterations  current Norm: 2.69977e-05 (max: 1e-06, Norm deltaR: 7.76298)
WARNING: CTestNormDispIncr::test() - failed to converge 
after: 10 iterations  current Norm: 0.00048748 (max: 1e-06, Norm deltaR: 2.3134)
WARNING: CTestNormDispIncr::test() - failed to converge 
after: 10 iterations  current Norm: 0.00104992 (max: 1e-06, Norm deltaR: 2.46417)
WARNING: CTestNormDispIncr::test() - failed to converge 
after: 10 iterations  current Norm: 2.69977e-05 (max: 1e-06, Norm deltaR: 7.76298)
WARNING: CTestNormDispIncr::test() - failed to converge 
after: 10 iterations  current Norm: 0.00048748 (max: 1e-06, Norm deltaR: 2.3134)
WARNING: CTestNormDispIncr::test() - failed to converge 
after: 10 iterations  current Norm: 0.00104992 (max: 1e-06, Norm deltaR: 2.46417)
WARNING: CTestNormDispIncr::test() - failed to converge 
after: 10 iterations  current Norm: 2.69977e-05 (max: 1e-06, Norm deltaR: 7.76298)
WARNING: CTestNormDispIncr::test() - failed to converge 
after: 10 iterations  current Norm: 0.00048748 (max: 1e-06, Norm deltaR: 2.3134)
WARNING: CTestNormDispIncr::test() - failed to converge 
after: 10 iterations  current Norm: 0.00104992 (max: 1e-06, Norm deltaR: 2.46417)
WARNING: CTestNormDispIncr::test() - failed to converge 
after: 10 iterations  current Norm: 2.69977e-05 (max: 1e-06, Norm deltaR: 7.76298)
WARNING: CTestNormDispIncr::test() - failed to converge 
after: 10 iterations  current Norm: 0.00048748 (max: 1e-06, Norm deltaR: 2.3134)
WARNING: CTestNormDispIncr::test() - failed to converge 
after: 10 iterations  current Norm: 0.00104992 (max: 1e-06, Norm deltaR: 2.46417)
WARNING: CTestNormDispIncr::test() - failed to converge 
after: 10 iterations  current Norm: 2.69977e-05 (max: 1e-06, Norm deltaR: 7.76298)
WARNING: CTestNormDispIncr::test() - failed to converge 
after: 10 iterations  current Norm: 0.00048748 (max: 1e-06, Norm deltaR: 2.3134)
WARNING: CTestNormDispIncr::test() - failed to converge 
after: 10 iterations  current Norm: 0.00104992 (max: 1e-06, Norm deltaR: 2.46417)
WARNING: CTestNormDispIncr::test() - failed to converge 
after: 10 iterations  current Norm: 2.69977e-05 (max: 1e-06, Norm deltaR: 7.76298)
WARNING: CTestNormDispIncr::test() - failed to converge 
after: 10 iterations  current Norm: 0.00048748 (max: 1e-06, Norm deltaR: 2.3134)
WARNING: CTestNormDispIncr::test() - failed to converge 
after: 10 iterations  current Norm: 0.00104992 (max: 1e-06, Norm deltaR: 2.46417)
WARNING: CTestNormDispIncr::test() - failed to converge 
after: 10 iterations  current Norm: 2.69977e-05 (max: 1e-06, Norm deltaR: 7.76298)
WARNING: CTestNormDispIncr::test() - failed to converge 
after: 10 iterations  current Norm: 0.00048748 (max: 1e-06, Norm deltaR: 2.3134)
WARNING: CTestNormDispIncr::test() - failed to converge 
after: 10 iterations  current Norm: 0.00104992 (max: 1e-06, Norm deltaR: 2.46417)
WARNING: CTestNormDispIncr::test() - failed to converge 
after: 10 iterations  current Norm: 2.69977e-05 (max: 1e-06, Norm deltaR: 7.76298)
WARNING: CTestNormDispIncr::test() - failed to converge 
after: 10 iterations  current Norm: 0.00048748 (max: 1e-06, Norm deltaR: 2.3134)
WARNING: CTestNormDispIncr::test() - failed to converge 
after: 10 iterations  current Norm: 0.00104992 (max: 1e-06, Norm deltaR: 2.46417)
WARNING: CTestNormDispIncr::test() - failed to converge 
after: 10 iterations  current Norm: 2.69977e-05 (max: 1e-06, Norm deltaR: 7.76298)
WARNING: CTestNormDispIncr::test() - failed to converge 
after: 10 iterations  current Norm: 0.00048748 (max: 1e-06, Norm deltaR: 2.3134)
WARNING: CTestNormDispIncr::test() - failed to converge 
after: 10 iterations  current Norm: 0.00104992 (max: 1e-06, Norm deltaR: 2.46417)
WARNING: CTestNormDispIncr::test() - failed to converge 
after: 10 iterations  current Norm: 2.69977e-05 (max: 1e-06, Norm deltaR: 7.76298)
WARNING: CTestNormDispIncr::test() - failed to converge 
after: 10 iterations  current Norm: 0.00048748 (max: 1e-06, Norm deltaR: 2.3134)
WARNING: CTestNormDispIncr::test() - failed to converge 
after: 10 iterations  current Norm: 0.00104992 (max: 1e-06, Norm deltaR: 2.46417)
WARNING: CTestNormDispIncr::test() - failed to converge 
after: 10 iterations  current Norm: 2.69977e-05 (max: 1e-06, Norm deltaR: 7.76298)
WARNING: CTestNormDispIncr::test() - failed to converge 
after: 10 iterations  current Norm: 0.00048748 (max: 1e-06, Norm deltaR: 2.3134)
WARNING: CTestNormDispIncr::test() - failed to converge 
after: 10 iterations  current Norm: 0.00104992 (max: 1e-06, Norm deltaR: 2.46417)
WARNING: CTestNormDispIncr::test() - failed to converge 
after: 10 iterations  current Norm: 2.69977e-05 (max: 1e-06, Norm deltaR: 7.76298)
WARNING: CTestNormDispIncr::test() - failed to converge 
after: 10 iterations  current Norm: 0.00048748 (max: 1e-06, Norm deltaR: 2.3134)
WARNING: CTestNormDispIncr::test() - failed to converge 
after: 10 iterations  current Norm: 0.00104992 (max: 1e-06, Norm deltaR: 2.46417)
WARNING: CTestNormDispIncr::test() - failed to converge 
after: 10 iterations  current Norm: 2.69977e-05 (max: 1e-06, Norm deltaR: 7.76298)
WARNING: CTestNormDispIncr::test() - failed to converge 
after: 10 iterations  current Norm: 0.00048748 (max: 1e-06, Norm deltaR: 2.3134)
WARNING: CTestNormDispIncr::test() - failed to converge 
after: 10 iterations  current Norm: 0.00104992 (max: 1e-06, Norm deltaR: 2.46417)
WARNING: CTestNormDispIncr::test() - failed to converge 
after: 10 iterations  current Norm: 2.69977e-05 (max: 1e-06, Norm deltaR: 7.76298)
WARNING: CTestNormDispIncr::test() - failed to converge 
after: 10 iterations  current Norm: 0.00048748 (max: 1e-06, Norm deltaR: 2.3134)
WARNING: CTestNormDispIncr::test() - failed to converge 
after: 10 iterations  current Norm: 0.00104992 (max: 1e-06, Norm deltaR: 2.46417)
WARNING: CTestNormDispIncr::test() - failed to converge 
after: 10 iterations  current Norm: 2.69977e-05 (max: 1e-06, Norm deltaR: 7.76298)
WARNING: CTestNormDispIncr::test() - failed to converge 
after: 10 iterations  current Norm: 0.00048748 (max: 1e-06, Norm deltaR: 2.3134)
WARNING: CTestNormDispIncr::test() - failed to converge 
after: 10 iterations  current Norm: 0.00104992 (max: 1e-06, Norm deltaR: 2.46417)
WARNING: CTestNormDispIncr::test() - failed to converge 
after: 10 iterations  current Norm: 2.69977e-05 (max: 1e-06, Norm deltaR: 7.76298)
WARNING: CTestNormDispIncr::test() - failed to converge 
after: 10 iterations  current Norm: 0.00048748 (max: 1e-06, Norm deltaR: 2.3134)
WARNING: CTestNormDispIncr::test() - failed to converge 
after: 10 iterations  current Norm: 0.00104992 (max: 1e-06, Norm deltaR: 2.46417)
WARNING: CTestNormDispIncr::test() - failed to converge 
after: 10 iterations  current Norm: 2.69977e-05 (max: 1e-06, Norm deltaR: 7.76298)
WARNING: CTestNormDispIncr::test() - failed to converge 
after: 10 iterations  current Norm: 0.00048748 (max: 1e-06, Norm deltaR: 2.3134)
WARNING: CTestNormDispIncr::test() - failed to converge 
after: 10 iterations  current Norm: 0.00104992 (max: 1e-06, Norm deltaR: 2.46417)
WARNING: CTestNormDispIncr::test() - failed to converge 
after: 10 iterations  current Norm: 2.69977e-05 (max: 1e-06, Norm deltaR: 7.76298)
WARNING: CTestNormDispIncr::test() - failed to converge 
after: 10 iterations  current Norm: 0.00048748 (max: 1e-06, Norm deltaR: 2.3134)
WARNING: CTestNormDispIncr::test() - failed to converge 
after: 10 iterations  current Norm: 0.00104992 (max: 1e-06, Norm deltaR: 2.46417)
WARNING: CTestNormDispIncr::test() - failed to converge 
after: 10 iterations  current Norm: 2.69977e-05 (max: 1e-06, Norm deltaR: 7.76298)
WARNING: CTestNormDispIncr::test() - failed to converge 
after: 10 iterations  current Norm: 0.00048748 (max: 1e-06, Norm deltaR: 2.3134)
WARNING: CTestNormDispIncr::test() - failed to converge 
after: 10 iterations  current Norm: 0.00104992 (max: 1e-06, Norm deltaR: 2.46417)
WARNING: CTestNormDispIncr::test() - failed to converge 
after: 10 iterations  current Norm: 2.69977e-05 (max: 1e-06, Norm deltaR: 7.76298)
WARNING: CTestNormDispIncr::test() - failed to converge 
after: 10 iterations  current Norm: 0.00048748 (max: 1e-06, Norm deltaR: 2.3134)
WARNING: CTestNormDispIncr::test() - failed to converge 
after: 10 iterations  current Norm: 0.00104992 (max: 1e-06, Norm deltaR: 2.46417)
WARNING: CTestNormDispIncr::test() - failed to converge 
after: 10 iterations  current Norm: 2.69977e-05 (max: 1e-06, Norm deltaR: 7.76298)
WARNING: CTestNormDispIncr::test() - failed to converge 
after: 10 iterations  current Norm: 0.00048748 (max: 1e-06, Norm deltaR: 2.3134)
WARNING: CTestNormDispIncr::test() - failed to converge 
after: 10 iterations  current Norm: 0.00104992 (max: 1e-06, Norm deltaR: 2.46417)
WARNING: CTestNormDispIncr::test() - failed to converge 
after: 10 iterations  current Norm: 2.69977e-05 (max: 1e-06, Norm deltaR: 7.76298)
WARNING: CTestNormDispIncr::test() - failed to converge 
after: 10 iterations  current Norm: 0.00048748 (max: 1e-06, Norm deltaR: 2.3134)
WARNING: CTestNormDispIncr::test() - failed to converge 
after: 10 iterations  current Norm: 0.00104992 (max: 1e-06, Norm deltaR: 2.46417)
WARNING: CTestNormDispIncr::test() - failed to converge 
after: 10 iterations  current Norm: 2.69977e-05 (max: 1e-06, Norm deltaR: 7.76298)
WARNING: CTestNormDispIncr::test() - failed to converge 
after: 10 iterations  current Norm: 0.00048748 (max: 1e-06, Norm deltaR: 2.3134)
WARNING: CTestNormDispIncr::test() - failed to converge 
after: 10 iterations  current Norm: 0.00104992 (max: 1e-06, Norm deltaR: 2.46417)
WARNING: CTestNormDispIncr::test() - failed to converge 
after: 10 iterations  current Norm: 2.69977e-05 (max: 1e-06, Norm deltaR: 7.76298)
WARNING: CTestNormDispIncr::test() - failed to converge 
after: 10 iterations  current Norm: 0.00048748 (max: 1e-06, Norm deltaR: 2.3134)
WARNING: CTestNormDispIncr::test() - failed to converge 
after: 10 iterations  current Norm: 0.00104992 (max: 1e-06, Norm deltaR: 2.46417)
WARNING: CTestNormDispIncr::test() - failed to converge 
after: 10 iterations  current Norm: 2.69977e-05 (max: 1e-06, Norm deltaR: 7.76298)
WARNING: CTestNormDispIncr::test() - failed to converge 
after: 10 iterations  current Norm: 0.00048748 (max: 1e-06, Norm deltaR: 2.3134)
WARNING: CTestNormDispIncr::test() - failed to converge 
after: 10 iterations  current Norm: 0.00104992 (max: 1e-06, Norm deltaR: 2.46417)
WARNING: CTestNormDispIncr::test() - failed to converge 
after: 10 iterations  current Norm: 2.69977e-05 (max: 1e-06, Norm deltaR: 7.76298)
WARNING: CTestNormDispIncr::test() - failed to converge 
after: 10 iterations  current Norm: 0.00048748 (max: 1e-06, Norm deltaR: 2.3134)
WARNING: CTestNormDispIncr::test() - failed to converge 
after: 10 iterations  current Norm: 0.00104992 (max: 1e-06, Norm deltaR: 2.46417)
WARNING: CTestNormDispIncr::test() - failed to converge 
after: 10 iterations  current Norm: 2.69977e-05 (max: 1e-06, Norm deltaR: 7.76298)
WARNING: CTestNormDispIncr::test() - failed to converge 
after: 10 iterations  current Norm: 0.00048748 (max: 1e-06, Norm deltaR: 2.3134)
WARNING: CTestNormDispIncr::test() - failed to converge 
after: 10 iterations  current Norm: 0.00104992 (max: 1e-06, Norm deltaR: 2.46417)
WARNING: CTestNormDispIncr::test() - failed to converge 
after: 10 iterations  current Norm: 2.69977e-05 (max: 1e-06, Norm deltaR: 7.76298)
WARNING: CTestNormDispIncr::test() - failed to converge 
after: 10 iterations  current Norm: 0.00048748 (max: 1e-06, Norm deltaR: 2.3134)
WARNING: CTestNormDispIncr::test() - failed to converge 
after: 10 iterations  current Norm: 0.00104992 (max: 1e-06, Norm deltaR: 2.46417)
WARNING: CTestNormDispIncr::test() - failed to converge 
after: 10 iterations  current Norm: 2.69977e-05 (max: 1e-06, Norm deltaR: 7.76298)
WARNING: CTestNormDispIncr::test() - failed to converge 
after: 10 iterations  current Norm: 0.00048748 (max: 1e-06, Norm deltaR: 2.3134)
WARNING: CTestNormDispIncr::test() - failed to converge 
after: 100 iterations  current Norm: 0.00048748 (max: 1e-06, Norm deltaR: 2.3134)
Broyden::solveCurrentStep() -the ConvergenceTest object failed in test()
DirectIntegrationAnalysis::analyze() - the Algorithm failed at time 54.025
OpenSees > analyze failed, returned: -3 error flag
WARNING: CTestNormDispIncr::test() - failed to converge 
after: 10 iterations  current Norm: 22.8732 (max: 1e-06, Norm deltaR: 4.104e+07)
WARNING: CTestNormDispIncr::test() - failed to converge 
after: 10 iterations  current Norm: 0.414063 (max: 1e-06, Norm deltaR: 330.965)
WARNING: CTestNormDispIncr::test() - failed to converge 
after: 10 iterations  current Norm: 0.00179059 (max: 1e-06, Norm deltaR: 2.11962)
WARNING: CTestNormDispIncr::test() - failed to converge 
after: 10 iterations  current Norm: 0.000380403 (max: 1e-06, Norm deltaR: 2.46081)
WARNING: CTestNormDispIncr::test() - failed to converge 
after: 10 iterations  current Norm: 2.7003e-05 (max: 1e-06, Norm deltaR: 7.76298)
WARNING: CTestNormDispIncr::test() - failed to converge 
after: 10 iterations  current Norm: 0.00048748 (max: 1e-06, Norm deltaR: 2.3134)
WARNING: CTestNormDispIncr::test() - failed to converge 
after: 10 iterations  current Norm: 0.00104992 (max: 1e-06, Norm deltaR: 2.46417)
WARNING: CTestNormDispIncr::test() - failed to converge 
after: 10 iterations  current Norm: 2.69977e-05 (max: 1e-06, Norm deltaR: 7.76298)
WARNING: CTestNormDispIncr::test() - failed to converge 
after: 10 iterations  current Norm: 0.00048748 (max: 1e-06, Norm deltaR: 2.3134)
WARNING: CTestNormDispIncr::test() - failed to converge 
after: 10 iterations  current Norm: 0.00104992 (max: 1e-06, Norm deltaR: 2.46417)
WARNING: CTestNormDispIncr::test() - failed to converge 
after: 10 iterations  current Norm: 2.69977e-05 (max: 1e-06, Norm deltaR: 7.76298)
WARNING: CTestNormDispIncr::test() - failed to converge 
after: 10 iterations  current Norm: 0.00048748 (max: 1e-06, Norm deltaR: 2.3134)
WARNING: CTestNormDispIncr::test() - failed to converge 
after: 10 iterations  current Norm: 0.00104992 (max: 1e-06, Norm deltaR: 2.46417)
WARNING: CTestNormDispIncr::test() - failed to converge 
after: 10 iterations  current Norm: 2.69977e-05 (max: 1e-06, Norm deltaR: 7.76298)
WARNING: CTestNormDispIncr::test() - failed to converge 
after: 10 iterations  current Norm: 0.00048748 (max: 1e-06, Norm deltaR: 2.3134)
WARNING: CTestNormDispIncr::test() - failed to converge 
after: 10 iterations  current Norm: 0.00104992 (max: 1e-06, Norm deltaR: 2.46417)
WARNING: CTestNormDispIncr::test() - failed to converge 
after: 10 iterations  current Norm: 2.69977e-05 (max: 1e-06, Norm deltaR: 7.76298)
WARNING: CTestNormDispIncr::test() - failed to converge 
after: 10 iterations  current Norm: 0.00048748 (max: 1e-06, Norm deltaR: 2.3134)
WARNING: CTestNormDispIncr::test() - failed to converge 
after: 10 iterations  current Norm: 0.00104992 (max: 1e-06, Norm deltaR: 2.46417)
WARNING: CTestNormDispIncr::test() - failed to converge 
after: 10 iterations  current Norm: 2.69977e-05 (max: 1e-06, Norm deltaR: 7.76298)
WARNING: CTestNormDispIncr::test() - failed to converge 
after: 10 iterations  current Norm: 0.00048748 (max: 1e-06, Norm deltaR: 2.3134)
WARNING: CTestNormDispIncr::test() - failed to converge 
after: 10 iterations  current Norm: 0.00104992 (max: 1e-06, Norm deltaR: 2.46417)
WARNING: CTestNormDispIncr::test() - failed to converge 
after: 10 iterations  current Norm: 2.69977e-05 (max: 1e-06, Norm deltaR: 7.76298)
WARNING: CTestNormDispIncr::test() - failed to converge 
after: 10 iterations  current Norm: 0.00048748 (max: 1e-06, Norm deltaR: 2.3134)
WARNING: CTestNormDispIncr::test() - failed to converge 
after: 10 iterations  current Norm: 0.00104992 (max: 1e-06, Norm deltaR: 2.46417)
WARNING: CTestNormDispIncr::test() - failed to converge 
after: 10 iterations  current Norm: 2.69977e-05 (max: 1e-06, Norm deltaR: 7.76298)
WARNING: CTestNormDispIncr::test() - failed to converge 
after: 10 iterations  current Norm: 0.00048748 (max: 1e-06, Norm deltaR: 2.3134)
WARNING: CTestNormDispIncr::test() - failed to converge 
after: 10 iterations  current Norm: 0.00104992 (max: 1e-06, Norm deltaR: 2.46417)
WARNING: CTestNormDispIncr::test() - failed to converge 
after: 10 iterations  current Norm: 2.69977e-05 (max: 1e-06, Norm deltaR: 7.76298)
WARNING: CTestNormDispIncr::test() - failed to converge 
after: 10 iterations  current Norm: 0.00048748 (max: 1e-06, Norm deltaR: 2.3134)
WARNING: CTestNormDispIncr::test() - failed to converge 
after: 10 iterations  current Norm: 0.00104992 (max: 1e-06, Norm deltaR: 2.46417)
WARNING: CTestNormDispIncr::test() - failed to converge 
after: 10 iterations  current Norm: 2.69977e-05 (max: 1e-06, Norm deltaR: 7.76298)
WARNING: CTestNormDispIncr::test() - failed to converge 
after: 10 iterations  current Norm: 0.00048748 (max: 1e-06, Norm deltaR: 2.3134)
WARNING: CTestNormDispIncr::test() - failed to converge 
after: 10 iterations  current Norm: 0.00104992 (max: 1e-06, Norm deltaR: 2.46417)
WARNING: CTestNormDispIncr::test() - failed to converge 
after: 10 iterations  current Norm: 2.69977e-05 (max: 1e-06, Norm deltaR: 7.76298)
WARNING: CTestNormDispIncr::test() - failed to converge 
after: 10 iterations  current Norm: 0.00048748 (max: 1e-06, Norm deltaR: 2.3134)
WARNING: CTestNormDispIncr::test() - failed to converge 
after: 10 iterations  current Norm: 0.00104992 (max: 1e-06, Norm deltaR: 2.46417)
WARNING: CTestNormDispIncr::test() - failed to converge 
after: 10 iterations  current Norm: 2.69977e-05 (max: 1e-06, Norm deltaR: 7.76298)
WARNING: CTestNormDispIncr::test() - failed to converge 
after: 10 iterations  current Norm: 0.00048748 (max: 1e-06, Norm deltaR: 2.3134)
WARNING: CTestNormDispIncr::test() - failed to converge 
after: 10 iterations  current Norm: 0.00104992 (max: 1e-06, Norm deltaR: 2.46417)
WARNING: CTestNormDispIncr::test() - failed to converge 
after: 10 iterations  current Norm: 2.69977e-05 (max: 1e-06, Norm deltaR: 7.76298)
WARNING: CTestNormDispIncr::test() - failed to converge 
after: 10 iterations  current Norm: 0.00048748 (max: 1e-06, Norm deltaR: 2.3134)
WARNING: CTestNormDispIncr::test() - failed to converge 
after: 10 iterations  current Norm: 0.00104992 (max: 1e-06, Norm deltaR: 2.46417)
WARNING: CTestNormDispIncr::test() - failed to converge 
after: 10 iterations  current Norm: 2.69977e-05 (max: 1e-06, Norm deltaR: 7.76298)
WARNING: CTestNormDispIncr::test() - failed to converge 
after: 10 iterations  current Norm: 0.00048748 (max: 1e-06, Norm deltaR: 2.3134)
WARNING: CTestNormDispIncr::test() - failed to converge 
after: 10 iterations  current Norm: 0.00104992 (max: 1e-06, Norm deltaR: 2.46417)
WARNING: CTestNormDispIncr::test() - failed to converge 
after: 10 iterations  current Norm: 2.69977e-05 (max: 1e-06, Norm deltaR: 7.76298)
WARNING: CTestNormDispIncr::test() - failed to converge 
after: 10 iterations  current Norm: 0.00048748 (max: 1e-06, Norm deltaR: 2.3134)
WARNING: CTestNormDispIncr::test() - failed to converge 
after: 10 iterations  current Norm: 0.00104992 (max: 1e-06, Norm deltaR: 2.46417)
WARNING: CTestNormDispIncr::test() - failed to converge 
after: 10 iterations  current Norm: 2.69977e-05 (max: 1e-06, Norm deltaR: 7.76298)
WARNING: CTestNormDispIncr::test() - failed to converge 
after: 10 iterations  current Norm: 0.00048748 (max: 1e-06, Norm deltaR: 2.3134)
WARNING: CTestNormDispIncr::test() - failed to converge 
after: 10 iterations  current Norm: 0.00104992 (max: 1e-06, Norm deltaR: 2.46417)
WARNING: CTestNormDispIncr::test() - failed to converge 
after: 10 iterations  current Norm: 2.69977e-05 (max: 1e-06, Norm deltaR: 7.76298)
WARNING: CTestNormDispIncr::test() - failed to converge 
after: 10 iterations  current Norm: 0.00048748 (max: 1e-06, Norm deltaR: 2.3134)
WARNING: CTestNormDispIncr::test() - failed to converge 
after: 10 iterations  current Norm: 0.00104992 (max: 1e-06, Norm deltaR: 2.46417)
WARNING: CTestNormDispIncr::test() - failed to converge 
after: 10 iterations  current Norm: 2.69977e-05 (max: 1e-06, Norm deltaR: 7.76298)
WARNING: CTestNormDispIncr::test() - failed to converge 
after: 10 iterations  current Norm: 0.00048748 (max: 1e-06, Norm deltaR: 2.3134)
WARNING: CTestNormDispIncr::test() - failed to converge 
after: 10 iterations  current Norm: 0.00104992 (max: 1e-06, Norm deltaR: 2.46417)
WARNING: CTestNormDispIncr::test() - failed to converge 
after: 10 iterations  current Norm: 2.69977e-05 (max: 1e-06, Norm deltaR: 7.76298)
WARNING: CTestNormDispIncr::test() - failed to converge 
after: 10 iterations  current Norm: 0.00048748 (max: 1e-06, Norm deltaR: 2.3134)
WARNING: CTestNormDispIncr::test() - failed to converge 
after: 10 iterations  current Norm: 0.00104992 (max: 1e-06, Norm deltaR: 2.46417)
WARNING: CTestNormDispIncr::test() - failed to converge 
after: 10 iterations  current Norm: 2.69977e-05 (max: 1e-06, Norm deltaR: 7.76298)
WARNING: CTestNormDispIncr::test() - failed to converge 
after: 10 iterations  current Norm: 0.00048748 (max: 1e-06, Norm deltaR: 2.3134)
WARNING: CTestNormDispIncr::test() - failed to converge 
after: 10 iterations  current Norm: 0.00104992 (max: 1e-06, Norm deltaR: 2.46417)
WARNING: CTestNormDispIncr::test() - failed to converge 
after: 10 iterations  current Norm: 2.69977e-05 (max: 1e-06, Norm deltaR: 7.76298)
WARNING: CTestNormDispIncr::test() - failed to converge 
after: 10 iterations  current Norm: 0.00048748 (max: 1e-06, Norm deltaR: 2.3134)
WARNING: CTestNormDispIncr::test() - failed to converge 
after: 10 iterations  current Norm: 0.00104992 (max: 1e-06, Norm deltaR: 2.46417)
WARNING: CTestNormDispIncr::test() - failed to converge 
after: 10 iterations  current Norm: 2.69977e-05 (max: 1e-06, Norm deltaR: 7.76298)
WARNING: CTestNormDispIncr::test() - failed to converge 
after: 10 iterations  current Norm: 0.00048748 (max: 1e-06, Norm deltaR: 2.3134)
WARNING: CTestNormDispIncr::test() - failed to converge 
after: 10 iterations  current Norm: 0.00104992 (max: 1e-06, Norm deltaR: 2.46417)
WARNING: CTestNormDispIncr::test() - failed to converge 
after: 10 iterations  current Norm: 2.69977e-05 (max: 1e-06, Norm deltaR: 7.76298)
WARNING: CTestNormDispIncr::test() - failed to converge 
after: 10 iterations  current Norm: 0.00048748 (max: 1e-06, Norm deltaR: 2.3134)
WARNING: CTestNormDispIncr::test() - failed to converge 
after: 10 iterations  current Norm: 0.00104992 (max: 1e-06, Norm deltaR: 2.46417)
WARNING: CTestNormDispIncr::test() - failed to converge 
after: 10 iterations  current Norm: 2.69977e-05 (max: 1e-06, Norm deltaR: 7.76298)
WARNING: CTestNormDispIncr::test() - failed to converge 
after: 10 iterations  current Norm: 0.00048748 (max: 1e-06, Norm deltaR: 2.3134)
WARNING: CTestNormDispIncr::test() - failed to converge 
after: 10 iterations  current Norm: 0.00104992 (max: 1e-06, Norm deltaR: 2.46417)
WARNING: CTestNormDispIncr::test() - failed to converge 
after: 10 iterations  current Norm: 2.69977e-05 (max: 1e-06, Norm deltaR: 7.76298)
WARNING: CTestNormDispIncr::test() - failed to converge 
after: 10 iterations  current Norm: 0.00048748 (max: 1e-06, Norm deltaR: 2.3134)
WARNING: CTestNormDispIncr::test() - failed to converge 
after: 10 iterations  current Norm: 0.00104992 (max: 1e-06, Norm deltaR: 2.46417)
WARNING: CTestNormDispIncr::test() - failed to converge 
after: 10 iterations  current Norm: 2.69977e-05 (max: 1e-06, Norm deltaR: 7.76298)
WARNING: CTestNormDispIncr::test() - failed to converge 
after: 10 iterations  current Norm: 0.00048748 (max: 1e-06, Norm deltaR: 2.3134)
WARNING: CTestNormDispIncr::test() - failed to converge 
after: 10 iterations  current Norm: 0.00104992 (max: 1e-06, Norm deltaR: 2.46417)
WARNING: CTestNormDispIncr::test() - failed to converge 
after: 10 iterations  current Norm: 2.69977e-05 (max: 1e-06, Norm deltaR: 7.76298)
WARNING: CTestNormDispIncr::test() - failed to converge 
after: 10 iterations  current Norm: 0.00048748 (max: 1e-06, Norm deltaR: 2.3134)
WARNING: CTestNormDispIncr::test() - failed to converge 
after: 10 iterations  current Norm: 0.00104992 (max: 1e-06, Norm deltaR: 2.46417)
WARNING: CTestNormDispIncr::test() - failed to converge 
after: 10 iterations  current Norm: 2.69977e-05 (max: 1e-06, Norm deltaR: 7.76298)
WARNING: CTestNormDispIncr::test() - failed to converge 
after: 10 iterations  current Norm: 0.00048748 (max: 1e-06, Norm deltaR: 2.3134)
WARNING: CTestNormDispIncr::test() - failed to converge 
after: 10 iterations  current Norm: 0.00104992 (max: 1e-06, Norm deltaR: 2.46417)
WARNING: CTestNormDispIncr::test() - failed to converge 
after: 10 iterations  current Norm: 2.69977e-05 (max: 1e-06, Norm deltaR: 7.76298)
WARNING: CTestNormDispIncr::test() - failed to converge 
after: 10 iterations  current Norm: 0.00048748 (max: 1e-06, Norm deltaR: 2.3134)
WARNING: CTestNormDispIncr::test() - failed to converge 
after: 10 iterations  current Norm: 0.00104992 (max: 1e-06, Norm deltaR: 2.46417)
WARNING: CTestNormDispIncr::test() - failed to converge 
after: 10 iterations  current Norm: 2.69977e-05 (max: 1e-06, Norm deltaR: 7.76298)
WARNING: CTestNormDispIncr::test() - failed to converge 
after: 10 iterations  current Norm: 0.00048748 (max: 1e-06, Norm deltaR: 2.3134)
WARNING: CTestNormDispIncr::test() - failed to converge 
after: 10 iterations  current Norm: 0.00104992 (max: 1e-06, Norm deltaR: 2.46417)
WARNING: CTestNormDispIncr::test() - failed to converge 
after: 10 iterations  current Norm: 2.69977e-05 (max: 1e-06, Norm deltaR: 7.76298)
WARNING: CTestNormDispIncr::test() - failed to converge 
after: 10 iterations  current Norm: 0.00048748 (max: 1e-06, Norm deltaR: 2.3134)
WARNING: CTestNormDispIncr::test() - failed to converge 
after: 10 iterations  current Norm: 0.00104992 (max: 1e-06, Norm deltaR: 2.46417)
WARNING: CTestNormDispIncr::test() - failed to converge 
after: 10 iterations  current Norm: 2.69977e-05 (max: 1e-06, Norm deltaR: 7.76298)
WARNING: CTestNormDispIncr::test() - failed to converge 
after: 10 iterations  current Norm: 0.00048748 (max: 1e-06, Norm deltaR: 2.3134)
WARNING: CTestNormDispIncr::test() - failed to converge 
after: 10 iterations  current Norm: 0.00104992 (max: 1e-06, Norm deltaR: 2.46417)
WARNING: CTestNormDispIncr::test() - failed to converge 
after: 100 iterations  current Norm: 0.00104992 (max: 1e-06, Norm deltaR: 2.46417)
BFGS::solveCurrentStep() -the ConvergenceTest object failed in test()
DirectIntegrationAnalysis::analyze() - the Algorithm failed at time 54.025
OpenSees > analyze failed, returned: -3 error flag
WARNING: CTestNormDispIncr::test() - failed to converge 
after: 100 iterations  current Norm: 0.000249301 (max: 1e-06, Norm deltaR: 1.6112)
AcceleratedNewton::solveCurrentStep() -The ConvergenceTest object failed in test()
DirectIntegrationAnalysis::analyze() - the Algorithm failed at time 54.0225
OpenSees > analyze failed, returned: -3 error flag
WARNING: CTestNormDispIncr::test() - failed to converge 
after: 100 iterations  current Norm: 0.000473092 (max: 1e-06, Norm deltaR: 3.26843)
NewtonLineSearch::solveCurrentStep() -the ConvergenceTest object failed in test()
DirectIntegrationAnalysis::analyze() - the Algorithm failed at time 54.0225
OpenSees > analyze failed, returned: -3 error flag
WARNING: CTestNormDispIncr::test() - failed to converge 
after: 10 iterations  current Norm: 4.52361e-05 (max: 1e-06, Norm deltaR: 6.67495)
WARNING: CTestNormDispIncr::test() - failed to converge 
after: 10 iterations  current Norm: 0.000838658 (max: 1e-06, Norm deltaR: 1.42469)
WARNING - ForceBeamColumn3d::update - failed to get compatible element forces & deformations for element: 2311(dW: << 0.00112353, dW0: 0.0369152)
Domain::update - domain failed in update
TRBDF2::update() - failed to update the domain
WARNING Broyden::solveCurrentStep() -the Integrator failed in update()
DirectIntegrationAnalysis::analyze() - the Algorithm failed at time 54.0225
OpenSees > analyze failed, returned: -3 error flag
WARNING: CTestNormDispIncr::test() - failed to converge 
after: 10 iterations  current Norm: 24.6166 (max: 1e-06, Norm deltaR: 2.73124e+08)
WARNING: CTestNormDispIncr::test() - failed to converge 
after: 10 iterations  current Norm: 0.000853634 (max: 1e-06, Norm deltaR: 3.24083)
WARNING: CTestNormDispIncr::test() - failed to converge 
after: 10 iterations  current Norm: 0.00084075 (max: 1e-06, Norm deltaR: 1.42928)
WARNING - ForceBeamColumn3d::update - failed to get compatible element forces & deformations for element: 2311(dW: << 0.00112353, dW0: 0.0369286)
Domain::update - domain failed in update
TRBDF2::update() - failed to update the domain
WARNING BFGS::solveCurrentStep() -the Integrator failed in update()
DirectIntegrationAnalysis::analyze() - the Algorithm failed at time 54.0225
OpenSees > analyze failed, returned: -3 error flag
WARNING - ForceBeamColumn3d::update - failed to get compatible element forces & deformations for element: 2311(dW: << 0.00112354, dW0: 0.037415)
Domain::update - domain failed in update
TRBDF2::update() - failed to update the domain
WARNING AcceleratedNewton::solveCurrentStep() -the Integrator failed in update()
DirectIntegrationAnalysis::analyze() - the Algorithm failed at time 54.0213
OpenSees > analyze failed, returned: -3 error flag
WARNING: CTestNormDispIncr::test() - failed to converge 
after: 100 iterations  current Norm: 2.84711e-06 (max: 1e-06, Norm deltaR: 0.507965)
NewtonLineSearch::solveCurrentStep() -the ConvergenceTest object failed in test()
DirectIntegrationAnalysis::analyze() - the Algorithm failed at time 54.0213
OpenSees > analyze failed, returned: -3 error flag
WARNING - ForceBeamColumn3d::update - failed to get compatible element forces & deformations for element: 2311(dW: << 0.00112352, dW0: 0.0368593)
Domain::update - domain failed in update
TRBDF2::update() - failed to update the domain
WARNING Broyden::solveCurrentStep() -the Integrator failed in update()
DirectIntegrationAnalysis::analyze() - the Algorithm failed at time 54.0213
OpenSees > analyze failed, returned: -3 error flag
WARNING: CTestNormDispIncr::test() - failed to converge 
after: 10 iterations  current Norm: 29.048 (max: 1e-06, Norm deltaR: 9.04829e+07)
WARNING - ForceBeamColumn3d::update - failed to get compatible element forces & deformations for element: 2311(dW: << 0.00112353, dW0: 0.0372797)
Domain::update - domain failed in update
TRBDF2::update() - failed to update the domain
WARNING BFGS::solveCurrentStep() -the Integrator failed in update()
DirectIntegrationAnalysis::analyze() - the Algorithm failed at time 54.0213
OpenSees > analyze failed, returned: -3 error flag
WARNING - ForceBeamColumn3d::update - failed to get compatible element forces & deformations for element: 2311(dW: << 0.00112354, dW0: 0.0373947)
Domain::update - domain failed in update
TRBDF2::update() - failed to update the domain
WARNING AcceleratedNewton::solveCurrentStep() -the Integrator failed in update()
DirectIntegrationAnalysis::analyze() - the Algorithm failed at time 54.0213
OpenSees > analyze failed, returned: -3 error flag
WARNING: CTestNormDispIncr::test() - failed to converge 
after: 100 iterations  current Norm: 0.000185619 (max: 1e-05, Norm deltaR: 2.42958)
NewtonLineSearch::solveCurrentStep() -the ConvergenceTest object failed in test()
DirectIntegrationAnalysis::analyze() - the Algorithm failed at time 54.0263
OpenSees > analyze failed, returned: -3 error flag
WARNING: CTestNormDispIncr::test() - failed to converge 
after: 100 iterations  current Norm: 0.000164797 (max: 1e-06, Norm deltaR: 1.75904)
AcceleratedNewton::solveCurrentStep() -The ConvergenceTest object failed in test()
DirectIntegrationAnalysis::analyze() - the Algorithm failed at time 54.0263
OpenSees > analyze failed, returned: -3 error flag
WARNING: CTestNormDispIncr::test() - failed to converge 
after: 100 iterations  current Norm: 4.47858e-05 (max: 1e-06, Norm deltaR: 2.28113)
NewtonLineSearch::solveCurrentStep() -the ConvergenceTest object failed in test()
DirectIntegrationAnalysis::analyze() - the Algorithm failed at time 54.0263
OpenSees > analyze failed, returned: -3 error flag
WARNING: CTestNormDispIncr::test() - failed to converge 
after: 10 iterations  current Norm: 0.000784428 (max: 1e-06, Norm deltaR: 5.51864)
WARNING: CTestNormDispIncr::test() - failed to converge 
after: 10 iterations  current Norm: 4.00233e-05 (max: 1e-06, Norm deltaR: 6.73928)
WARNING: CTestNormDispIncr::test() - failed to converge 
after: 10 iterations  current Norm: 4.03932e-05 (max: 1e-06, Norm deltaR: 6.73928)
WARNING: CTestNormDispIncr::test() - failed to converge 
after: 10 iterations  current Norm: 4.03932e-05 (max: 1e-06, Norm deltaR: 6.73928)
WARNING: CTestNormDispIncr::test() - failed to converge 
after: 10 iterations  current Norm: 4.03932e-05 (max: 1e-06, Norm deltaR: 6.73928)
WARNING: CTestNormDispIncr::test() - failed to converge 
after: 10 iterations  current Norm: 4.03932e-05 (max: 1e-06, Norm deltaR: 6.73928)
WARNING: CTestNormDispIncr::test() - failed to converge 
after: 10 iterations  current Norm: 4.03932e-05 (max: 1e-06, Norm deltaR: 6.73928)
WARNING: CTestNormDispIncr::test() - failed to converge 
after: 10 iterations  current Norm: 4.03932e-05 (max: 1e-06, Norm deltaR: 6.73928)
WARNING: CTestNormDispIncr::test() - failed to converge 
after: 10 iterations  current Norm: 4.03932e-05 (max: 1e-06, Norm deltaR: 6.73928)
WARNING: CTestNormDispIncr::test() - failed to converge 
after: 10 iterations  current Norm: 4.03932e-05 (max: 1e-06, Norm deltaR: 6.73928)
WARNING: CTestNormDispIncr::test() - failed to converge 
after: 10 iterations  current Norm: 4.03932e-05 (max: 1e-06, Norm deltaR: 6.73928)
WARNING: CTestNormDispIncr::test() - failed to converge 
after: 10 iterations  current Norm: 4.03932e-05 (max: 1e-06, Norm deltaR: 6.73928)
WARNING: CTestNormDispIncr::test() - failed to converge 
after: 10 iterations  current Norm: 4.03932e-05 (max: 1e-06, Norm deltaR: 6.73928)
WARNING: CTestNormDispIncr::test() - failed to converge 
after: 10 iterations  current Norm: 4.03932e-05 (max: 1e-06, Norm deltaR: 6.73928)
WARNING: CTestNormDispIncr::test() - failed to converge 
after: 10 iterations  current Norm: 4.03932e-05 (max: 1e-06, Norm deltaR: 6.73928)
WARNING: CTestNormDispIncr::test() - failed to converge 
after: 10 iterations  current Norm: 4.03932e-05 (max: 1e-06, Norm deltaR: 6.73928)
WARNING: CTestNormDispIncr::test() - failed to converge 
after: 10 iterations  current Norm: 4.03932e-05 (max: 1e-06, Norm deltaR: 6.73928)
WARNING: CTestNormDispIncr::test() - failed to converge 
after: 10 iterations  current Norm: 4.03932e-05 (max: 1e-06, Norm deltaR: 6.73928)
WARNING: CTestNormDispIncr::test() - failed to converge 
after: 10 iterations  current Norm: 4.03932e-05 (max: 1e-06, Norm deltaR: 6.73928)
WARNING: CTestNormDispIncr::test() - failed to converge 
after: 10 iterations  current Norm: 4.03932e-05 (max: 1e-06, Norm deltaR: 6.73928)
WARNING: CTestNormDispIncr::test() - failed to converge 
after: 10 iterations  current Norm: 4.03932e-05 (max: 1e-06, Norm deltaR: 6.73928)
WARNING: CTestNormDispIncr::test() - failed to converge 
after: 10 iterations  current Norm: 4.03932e-05 (max: 1e-06, Norm deltaR: 6.73928)
WARNING: CTestNormDispIncr::test() - failed to converge 
after: 10 iterations  current Norm: 4.03932e-05 (max: 1e-06, Norm deltaR: 6.73928)
WARNING: CTestNormDispIncr::test() - failed to converge 
after: 10 iterations  current Norm: 4.03932e-05 (max: 1e-06, Norm deltaR: 6.73928)
WARNING: CTestNormDispIncr::test() - failed to converge 
after: 10 iterations  current Norm: 4.03932e-05 (max: 1e-06, Norm deltaR: 6.73928)
WARNING: CTestNormDispIncr::test() - failed to converge 
after: 10 iterations  current Norm: 4.03932e-05 (max: 1e-06, Norm deltaR: 6.73928)
WARNING: CTestNormDispIncr::test() - failed to converge 
after: 10 iterations  current Norm: 4.03932e-05 (max: 1e-06, Norm deltaR: 6.73928)
WARNING: CTestNormDispIncr::test() - failed to converge 
after: 10 iterations  current Norm: 4.03932e-05 (max: 1e-06, Norm deltaR: 6.73928)
WARNING: CTestNormDispIncr::test() - failed to converge 
after: 10 iterations  current Norm: 4.03932e-05 (max: 1e-06, Norm deltaR: 6.73928)
WARNING: CTestNormDispIncr::test() - failed to converge 
after: 10 iterations  current Norm: 4.03932e-05 (max: 1e-06, Norm deltaR: 6.73928)
WARNING: CTestNormDispIncr::test() - failed to converge 
after: 10 iterations  current Norm: 4.03932e-05 (max: 1e-06, Norm deltaR: 6.73928)
WARNING: CTestNormDispIncr::test() - failed to converge 
after: 10 iterations  current Norm: 4.03932e-05 (max: 1e-06, Norm deltaR: 6.73928)
WARNING: CTestNormDispIncr::test() - failed to converge 
after: 10 iterations  current Norm: 4.03932e-05 (max: 1e-06, Norm deltaR: 6.73928)
WARNING: CTestNormDispIncr::test() - failed to converge 
after: 10 iterations  current Norm: 4.03932e-05 (max: 1e-06, Norm deltaR: 6.73928)
WARNING: CTestNormDispIncr::test() - failed to converge 
after: 10 iterations  current Norm: 4.03932e-05 (max: 1e-06, Norm deltaR: 6.73928)
WARNING: CTestNormDispIncr::test() - failed to converge 
after: 10 iterations  current Norm: 4.03932e-05 (max: 1e-06, Norm deltaR: 6.73928)
WARNING: CTestNormDispIncr::test() - failed to converge 
after: 10 iterations  current Norm: 4.03932e-05 (max: 1e-06, Norm deltaR: 6.73928)
WARNING: CTestNormDispIncr::test() - failed to converge 
after: 10 iterations  current Norm: 4.03932e-05 (max: 1e-06, Norm deltaR: 6.73928)
WARNING: CTestNormDispIncr::test() - failed to converge 
after: 10 iterations  current Norm: 4.03932e-05 (max: 1e-06, Norm deltaR: 6.73928)
WARNING: CTestNormDispIncr::test() - failed to converge 
after: 10 iterations  current Norm: 4.03932e-05 (max: 1e-06, Norm deltaR: 6.73928)
WARNING: CTestNormDispIncr::test() - failed to converge 
after: 10 iterations  current Norm: 4.03932e-05 (max: 1e-06, Norm deltaR: 6.73928)
WARNING: CTestNormDispIncr::test() - failed to converge 
after: 10 iterations  current Norm: 4.03932e-05 (max: 1e-06, Norm deltaR: 6.73928)
WARNING: CTestNormDispIncr::test() - failed to converge 
after: 10 iterations  current Norm: 4.03932e-05 (max: 1e-06, Norm deltaR: 6.73928)
WARNING: CTestNormDispIncr::test() - failed to converge 
after: 10 iterations  current Norm: 4.03932e-05 (max: 1e-06, Norm deltaR: 6.73928)
WARNING: CTestNormDispIncr::test() - failed to converge 
after: 10 iterations  current Norm: 4.03932e-05 (max: 1e-06, Norm deltaR: 6.73928)
WARNING: CTestNormDispIncr::test() - failed to converge 
after: 10 iterations  current Norm: 4.03932e-05 (max: 1e-06, Norm deltaR: 6.73928)
WARNING: CTestNormDispIncr::test() - failed to converge 
after: 10 iterations  current Norm: 4.03932e-05 (max: 1e-06, Norm deltaR: 6.73928)
WARNING: CTestNormDispIncr::test() - failed to converge 
after: 10 iterations  current Norm: 4.03932e-05 (max: 1e-06, Norm deltaR: 6.73928)
WARNING: CTestNormDispIncr::test() - failed to converge 
after: 10 iterations  current Norm: 4.03932e-05 (max: 1e-06, Norm deltaR: 6.73928)
WARNING: CTestNormDispIncr::test() - failed to converge 
after: 10 iterations  current Norm: 4.03932e-05 (max: 1e-06, Norm deltaR: 6.73928)
WARNING: CTestNormDispIncr::test() - failed to converge 
after: 10 iterations  current Norm: 4.03932e-05 (max: 1e-06, Norm deltaR: 6.73928)
WARNING: CTestNormDispIncr::test() - failed to converge 
after: 10 iterations  current Norm: 4.03932e-05 (max: 1e-06, Norm deltaR: 6.73928)
WARNING: CTestNormDispIncr::test() - failed to converge 
after: 10 iterations  current Norm: 4.03932e-05 (max: 1e-06, Norm deltaR: 6.73928)
WARNING: CTestNormDispIncr::test() - failed to converge 
after: 10 iterations  current Norm: 4.03932e-05 (max: 1e-06, Norm deltaR: 6.73928)
WARNING: CTestNormDispIncr::test() - failed to converge 
after: 10 iterations  current Norm: 4.03932e-05 (max: 1e-06, Norm deltaR: 6.73928)
WARNING: CTestNormDispIncr::test() - failed to converge 
after: 10 iterations  current Norm: 4.03932e-05 (max: 1e-06, Norm deltaR: 6.73928)
WARNING: CTestNormDispIncr::test() - failed to converge 
after: 10 iterations  current Norm: 4.03932e-05 (max: 1e-06, Norm deltaR: 6.73928)
WARNING: CTestNormDispIncr::test() - failed to converge 
after: 10 iterations  current Norm: 4.03932e-05 (max: 1e-06, Norm deltaR: 6.73928)
WARNING: CTestNormDispIncr::test() - failed to converge 
after: 10 iterations  current Norm: 4.03932e-05 (max: 1e-06, Norm deltaR: 6.73928)
WARNING: CTestNormDispIncr::test() - failed to converge 
after: 10 iterations  current Norm: 4.03932e-05 (max: 1e-06, Norm deltaR: 6.73928)
WARNING: CTestNormDispIncr::test() - failed to converge 
after: 10 iterations  current Norm: 4.03932e-05 (max: 1e-06, Norm deltaR: 6.73928)
WARNING: CTestNormDispIncr::test() - failed to converge 
after: 10 iterations  current Norm: 4.03932e-05 (max: 1e-06, Norm deltaR: 6.73928)
WARNING: CTestNormDispIncr::test() - failed to converge 
after: 10 iterations  current Norm: 4.03932e-05 (max: 1e-06, Norm deltaR: 6.73928)
WARNING: CTestNormDispIncr::test() - failed to converge 
after: 10 iterations  current Norm: 4.03932e-05 (max: 1e-06, Norm deltaR: 6.73928)
WARNING: CTestNormDispIncr::test() - failed to converge 
after: 10 iterations  current Norm: 4.03932e-05 (max: 1e-06, Norm deltaR: 6.73928)
WARNING: CTestNormDispIncr::test() - failed to converge 
after: 10 iterations  current Norm: 4.03932e-05 (max: 1e-06, Norm deltaR: 6.73928)
WARNING: CTestNormDispIncr::test() - failed to converge 
after: 10 iterations  current Norm: 4.03932e-05 (max: 1e-06, Norm deltaR: 6.73928)
WARNING: CTestNormDispIncr::test() - failed to converge 
after: 10 iterations  current Norm: 4.03932e-05 (max: 1e-06, Norm deltaR: 6.73928)
WARNING: CTestNormDispIncr::test() - failed to converge 
after: 10 iterations  current Norm: 4.03932e-05 (max: 1e-06, Norm deltaR: 6.73928)
WARNING: CTestNormDispIncr::test() - failed to converge 
after: 10 iterations  current Norm: 4.03932e-05 (max: 1e-06, Norm deltaR: 6.73928)
WARNING: CTestNormDispIncr::test() - failed to converge 
after: 10 iterations  current Norm: 4.03932e-05 (max: 1e-06, Norm deltaR: 6.73928)
WARNING: CTestNormDispIncr::test() - failed to converge 
after: 10 iterations  current Norm: 4.03932e-05 (max: 1e-06, Norm deltaR: 6.73928)
WARNING: CTestNormDispIncr::test() - failed to converge 
after: 10 iterations  current Norm: 4.03932e-05 (max: 1e-06, Norm deltaR: 6.73928)
WARNING: CTestNormDispIncr::test() - failed to converge 
after: 10 iterations  current Norm: 4.03932e-05 (max: 1e-06, Norm deltaR: 6.73928)
WARNING: CTestNormDispIncr::test() - failed to converge 
after: 10 iterations  current Norm: 4.03932e-05 (max: 1e-06, Norm deltaR: 6.73928)
WARNING: CTestNormDispIncr::test() - failed to converge 
after: 10 iterations  current Norm: 4.03932e-05 (max: 1e-06, Norm deltaR: 6.73928)
WARNING: CTestNormDispIncr::test() - failed to converge 
after: 10 iterations  current Norm: 4.03932e-05 (max: 1e-06, Norm deltaR: 6.73928)
WARNING: CTestNormDispIncr::test() - failed to converge 
after: 10 iterations  current Norm: 4.03932e-05 (max: 1e-06, Norm deltaR: 6.73928)
WARNING: CTestNormDispIncr::test() - failed to converge 
after: 10 iterations  current Norm: 4.03932e-05 (max: 1e-06, Norm deltaR: 6.73928)
WARNING: CTestNormDispIncr::test() - failed to converge 
after: 10 iterations  current Norm: 4.03932e-05 (max: 1e-06, Norm deltaR: 6.73928)
WARNING: CTestNormDispIncr::test() - failed to converge 
after: 10 iterations  current Norm: 4.03932e-05 (max: 1e-06, Norm deltaR: 6.73928)
WARNING: CTestNormDispIncr::test() - failed to converge 
after: 10 iterations  current Norm: 4.03932e-05 (max: 1e-06, Norm deltaR: 6.73928)
WARNING: CTestNormDispIncr::test() - failed to converge 
after: 10 iterations  current Norm: 4.03932e-05 (max: 1e-06, Norm deltaR: 6.73928)
WARNING: CTestNormDispIncr::test() - failed to converge 
after: 10 iterations  current Norm: 4.03932e-05 (max: 1e-06, Norm deltaR: 6.73928)
WARNING: CTestNormDispIncr::test() - failed to converge 
after: 10 iterations  current Norm: 4.03932e-05 (max: 1e-06, Norm deltaR: 6.73928)
WARNING: CTestNormDispIncr::test() - failed to converge 
after: 10 iterations  current Norm: 4.03932e-05 (max: 1e-06, Norm deltaR: 6.73928)
WARNING: CTestNormDispIncr::test() - failed to converge 
after: 10 iterations  current Norm: 4.03932e-05 (max: 1e-06, Norm deltaR: 6.73928)
WARNING: CTestNormDispIncr::test() - failed to converge 
after: 10 iterations  current Norm: 4.03932e-05 (max: 1e-06, Norm deltaR: 6.73928)
WARNING: CTestNormDispIncr::test() - failed to converge 
after: 10 iterations  current Norm: 4.03932e-05 (max: 1e-06, Norm deltaR: 6.73928)
WARNING: CTestNormDispIncr::test() - failed to converge 
after: 10 iterations  current Norm: 4.03932e-05 (max: 1e-06, Norm deltaR: 6.73928)
WARNING: CTestNormDispIncr::test() - failed to converge 
after: 10 iterations  current Norm: 4.03932e-05 (max: 1e-06, Norm deltaR: 6.73928)
WARNING: CTestNormDispIncr::test() - failed to converge 
after: 10 iterations  current Norm: 4.03932e-05 (max: 1e-06, Norm deltaR: 6.73928)
WARNING: CTestNormDispIncr::test() - failed to converge 
after: 10 iterations  current Norm: 4.03932e-05 (max: 1e-06, Norm deltaR: 6.73928)
WARNING: CTestNormDispIncr::test() - failed to converge 
after: 10 iterations  current Norm: 4.03932e-05 (max: 1e-06, Norm deltaR: 6.73928)
WARNING: CTestNormDispIncr::test() - failed to converge 
after: 10 iterations  current Norm: 4.03932e-05 (max: 1e-06, Norm deltaR: 6.73928)
WARNING: CTestNormDispIncr::test() - failed to converge 
after: 10 iterations  current Norm: 4.03932e-05 (max: 1e-06, Norm deltaR: 6.73928)
WARNING: CTestNormDispIncr::test() - failed to converge 
after: 10 iterations  current Norm: 4.03932e-05 (max: 1e-06, Norm deltaR: 6.73928)
WARNING: CTestNormDispIncr::test() - failed to converge 
after: 10 iterations  current Norm: 4.03932e-05 (max: 1e-06, Norm deltaR: 6.73928)
WARNING: CTestNormDispIncr::test() - failed to converge 
after: 10 iterations  current Norm: 4.03932e-05 (max: 1e-06, Norm deltaR: 6.73928)
WARNING: CTestNormDispIncr::test() - failed to converge 
after: 10 iterations  current Norm: 4.03932e-05 (max: 1e-06, Norm deltaR: 6.73928)
WARNING: CTestNormDispIncr::test() - failed to converge 
after: 100 iterations  current Norm: 4.03932e-05 (max: 1e-06, Norm deltaR: 6.73928)
Broyden::solveCurrentStep() -the ConvergenceTest object failed in test()
DirectIntegrationAnalysis::analyze() - the Algorithm failed at time 54.0263
OpenSees > analyze failed, returned: -3 error flag
WARNING: CTestNormDispIncr::test() - failed to converge 
after: 10 iterations  current Norm: 5.58137 (max: 1e-06, Norm deltaR: 8.76277e+08)
WARNING: CTestNormDispIncr::test() - failed to converge 
after: 10 iterations  current Norm: 0.0551287 (max: 1e-06, Norm deltaR: 38.6071)
WARNING: CTestNormDispIncr::test() - failed to converge 
after: 10 iterations  current Norm: 0.000791552 (max: 1e-06, Norm deltaR: 6.86075)
WARNING: CTestNormDispIncr::test() - failed to converge 
after: 10 iterations  current Norm: 0.000112462 (max: 1e-06, Norm deltaR: 6.7377)
WARNING: CTestNormDispIncr::test() - failed to converge 
after: 10 iterations  current Norm: 4.03931e-05 (max: 1e-06, Norm deltaR: 6.73928)
WARNING: CTestNormDispIncr::test() - failed to converge 
after: 10 iterations  current Norm: 4.03932e-05 (max: 1e-06, Norm deltaR: 6.73928)
WARNING: CTestNormDispIncr::test() - failed to converge 
after: 10 iterations  current Norm: 4.03932e-05 (max: 1e-06, Norm deltaR: 6.73928)
WARNING: CTestNormDispIncr::test() - failed to converge 
after: 10 iterations  current Norm: 4.03932e-05 (max: 1e-06, Norm deltaR: 6.73928)
WARNING: CTestNormDispIncr::test() - failed to converge 
after: 10 iterations  current Norm: 4.03932e-05 (max: 1e-06, Norm deltaR: 6.73928)
WARNING: CTestNormDispIncr::test() - failed to converge 
after: 10 iterations  current Norm: 4.03932e-05 (max: 1e-06, Norm deltaR: 6.73928)
WARNING: CTestNormDispIncr::test() - failed to converge 
after: 10 iterations  current Norm: 4.03932e-05 (max: 1e-06, Norm deltaR: 6.73928)
WARNING: CTestNormDispIncr::test() - failed to converge 
after: 10 iterations  current Norm: 4.03932e-05 (max: 1e-06, Norm deltaR: 6.73928)
WARNING: CTestNormDispIncr::test() - failed to converge 
after: 10 iterations  current Norm: 4.03932e-05 (max: 1e-06, Norm deltaR: 6.73928)
WARNING: CTestNormDispIncr::test() - failed to converge 
after: 10 iterations  current Norm: 4.03932e-05 (max: 1e-06, Norm deltaR: 6.73928)
WARNING: CTestNormDispIncr::test() - failed to converge 
after: 10 iterations  current Norm: 4.03932e-05 (max: 1e-06, Norm deltaR: 6.73928)
WARNING: CTestNormDispIncr::test() - failed to converge 
after: 10 iterations  current Norm: 4.03932e-05 (max: 1e-06, Norm deltaR: 6.73928)
WARNING: CTestNormDispIncr::test() - failed to converge 
after: 10 iterations  current Norm: 4.03932e-05 (max: 1e-06, Norm deltaR: 6.73928)
WARNING: CTestNormDispIncr::test() - failed to converge 
after: 10 iterations  current Norm: 4.03932e-05 (max: 1e-06, Norm deltaR: 6.73928)
WARNING: CTestNormDispIncr::test() - failed to converge 
after: 10 iterations  current Norm: 4.03932e-05 (max: 1e-06, Norm deltaR: 6.73928)
WARNING: CTestNormDispIncr::test() - failed to converge 
after: 10 iterations  current Norm: 4.03932e-05 (max: 1e-06, Norm deltaR: 6.73928)
WARNING: CTestNormDispIncr::test() - failed to converge 
after: 10 iterations  current Norm: 4.03932e-05 (max: 1e-06, Norm deltaR: 6.73928)
WARNING: CTestNormDispIncr::test() - failed to converge 
after: 10 iterations  current Norm: 4.03932e-05 (max: 1e-06, Norm deltaR: 6.73928)
WARNING: CTestNormDispIncr::test() - failed to converge 
after: 10 iterations  current Norm: 4.03932e-05 (max: 1e-06, Norm deltaR: 6.73928)
WARNING: CTestNormDispIncr::test() - failed to converge 
after: 10 iterations  current Norm: 4.03932e-05 (max: 1e-06, Norm deltaR: 6.73928)
WARNING: CTestNormDispIncr::test() - failed to converge 
after: 10 iterations  current Norm: 4.03932e-05 (max: 1e-06, Norm deltaR: 6.73928)
WARNING: CTestNormDispIncr::test() - failed to converge 
after: 10 iterations  current Norm: 4.03932e-05 (max: 1e-06, Norm deltaR: 6.73928)
WARNING: CTestNormDispIncr::test() - failed to converge 
after: 10 iterations  current Norm: 4.03932e-05 (max: 1e-06, Norm deltaR: 6.73928)
WARNING: CTestNormDispIncr::test() - failed to converge 
after: 10 iterations  current Norm: 4.03932e-05 (max: 1e-06, Norm deltaR: 6.73928)
WARNING: CTestNormDispIncr::test() - failed to converge 
after: 10 iterations  current Norm: 4.03932e-05 (max: 1e-06, Norm deltaR: 6.73928)
WARNING: CTestNormDispIncr::test() - failed to converge 
after: 10 iterations  current Norm: 4.03932e-05 (max: 1e-06, Norm deltaR: 6.73928)
WARNING: CTestNormDispIncr::test() - failed to converge 
after: 10 iterations  current Norm: 4.03932e-05 (max: 1e-06, Norm deltaR: 6.73928)
WARNING: CTestNormDispIncr::test() - failed to converge 
after: 10 iterations  current Norm: 4.03932e-05 (max: 1e-06, Norm deltaR: 6.73928)
WARNING: CTestNormDispIncr::test() - failed to converge 
after: 10 iterations  current Norm: 4.03932e-05 (max: 1e-06, Norm deltaR: 6.73928)
WARNING: CTestNormDispIncr::test() - failed to converge 
after: 10 iterations  current Norm: 4.03932e-05 (max: 1e-06, Norm deltaR: 6.73928)
WARNING: CTestNormDispIncr::test() - failed to converge 
after: 10 iterations  current Norm: 4.03932e-05 (max: 1e-06, Norm deltaR: 6.73928)
WARNING: CTestNormDispIncr::test() - failed to converge 
after: 10 iterations  current Norm: 4.03932e-05 (max: 1e-06, Norm deltaR: 6.73928)
WARNING: CTestNormDispIncr::test() - failed to converge 
after: 10 iterations  current Norm: 4.03932e-05 (max: 1e-06, Norm deltaR: 6.73928)
WARNING: CTestNormDispIncr::test() - failed to converge 
after: 10 iterations  current Norm: 4.03932e-05 (max: 1e-06, Norm deltaR: 6.73928)
WARNING: CTestNormDispIncr::test() - failed to converge 
after: 10 iterations  current Norm: 4.03932e-05 (max: 1e-06, Norm deltaR: 6.73928)
WARNING: CTestNormDispIncr::test() - failed to converge 
after: 10 iterations  current Norm: 4.03932e-05 (max: 1e-06, Norm deltaR: 6.73928)
WARNING: CTestNormDispIncr::test() - failed to converge 
after: 10 iterations  current Norm: 4.03932e-05 (max: 1e-06, Norm deltaR: 6.73928)
WARNING: CTestNormDispIncr::test() - failed to converge 
after: 10 iterations  current Norm: 4.03932e-05 (max: 1e-06, Norm deltaR: 6.73928)
WARNING: CTestNormDispIncr::test() - failed to converge 
after: 10 iterations  current Norm: 4.03932e-05 (max: 1e-06, Norm deltaR: 6.73928)
WARNING: CTestNormDispIncr::test() - failed to converge 
after: 10 iterations  current Norm: 4.03932e-05 (max: 1e-06, Norm deltaR: 6.73928)
WARNING: CTestNormDispIncr::test() - failed to converge 
after: 10 iterations  current Norm: 4.03932e-05 (max: 1e-06, Norm deltaR: 6.73928)
WARNING: CTestNormDispIncr::test() - failed to converge 
after: 10 iterations  current Norm: 4.03932e-05 (max: 1e-06, Norm deltaR: 6.73928)
WARNING: CTestNormDispIncr::test() - failed to converge 
after: 10 iterations  current Norm: 4.03932e-05 (max: 1e-06, Norm deltaR: 6.73928)
WARNING: CTestNormDispIncr::test() - failed to converge 
after: 10 iterations  current Norm: 4.03932e-05 (max: 1e-06, Norm deltaR: 6.73928)
WARNING: CTestNormDispIncr::test() - failed to converge 
after: 10 iterations  current Norm: 4.03932e-05 (max: 1e-06, Norm deltaR: 6.73928)
WARNING: CTestNormDispIncr::test() - failed to converge 
after: 10 iterations  current Norm: 4.03932e-05 (max: 1e-06, Norm deltaR: 6.73928)
WARNING: CTestNormDispIncr::test() - failed to converge 
after: 10 iterations  current Norm: 4.03932e-05 (max: 1e-06, Norm deltaR: 6.73928)
WARNING: CTestNormDispIncr::test() - failed to converge 
after: 10 iterations  current Norm: 4.03932e-05 (max: 1e-06, Norm deltaR: 6.73928)
WARNING: CTestNormDispIncr::test() - failed to converge 
after: 10 iterations  current Norm: 4.03932e-05 (max: 1e-06, Norm deltaR: 6.73928)
WARNING: CTestNormDispIncr::test() - failed to converge 
after: 10 iterations  current Norm: 4.03932e-05 (max: 1e-06, Norm deltaR: 6.73928)
WARNING: CTestNormDispIncr::test() - failed to converge 
after: 10 iterations  current Norm: 4.03932e-05 (max: 1e-06, Norm deltaR: 6.73928)
WARNING: CTestNormDispIncr::test() - failed to converge 
after: 10 iterations  current Norm: 4.03932e-05 (max: 1e-06, Norm deltaR: 6.73928)
WARNING: CTestNormDispIncr::test() - failed to converge 
after: 10 iterations  current Norm: 4.03932e-05 (max: 1e-06, Norm deltaR: 6.73928)
WARNING: CTestNormDispIncr::test() - failed to converge 
after: 10 iterations  current Norm: 4.03932e-05 (max: 1e-06, Norm deltaR: 6.73928)
WARNING: CTestNormDispIncr::test() - failed to converge 
after: 10 iterations  current Norm: 4.03932e-05 (max: 1e-06, Norm deltaR: 6.73928)
WARNING: CTestNormDispIncr::test() - failed to converge 
after: 10 iterations  current Norm: 4.03932e-05 (max: 1e-06, Norm deltaR: 6.73928)
WARNING: CTestNormDispIncr::test() - failed to converge 
after: 10 iterations  current Norm: 4.03932e-05 (max: 1e-06, Norm deltaR: 6.73928)
WARNING: CTestNormDispIncr::test() - failed to converge 
after: 10 iterations  current Norm: 4.03932e-05 (max: 1e-06, Norm deltaR: 6.73928)
WARNING: CTestNormDispIncr::test() - failed to converge 
after: 10 iterations  current Norm: 4.03932e-05 (max: 1e-06, Norm deltaR: 6.73928)
WARNING: CTestNormDispIncr::test() - failed to converge 
after: 10 iterations  current Norm: 4.03932e-05 (max: 1e-06, Norm deltaR: 6.73928)
WARNING: CTestNormDispIncr::test() - failed to converge 
after: 10 iterations  current Norm: 4.03932e-05 (max: 1e-06, Norm deltaR: 6.73928)
WARNING: CTestNormDispIncr::test() - failed to converge 
after: 10 iterations  current Norm: 4.03932e-05 (max: 1e-06, Norm deltaR: 6.73928)
WARNING: CTestNormDispIncr::test() - failed to converge 
after: 10 iterations  current Norm: 4.03932e-05 (max: 1e-06, Norm deltaR: 6.73928)
WARNING: CTestNormDispIncr::test() - failed to converge 
after: 10 iterations  current Norm: 4.03932e-05 (max: 1e-06, Norm deltaR: 6.73928)
WARNING: CTestNormDispIncr::test() - failed to converge 
after: 10 iterations  current Norm: 4.03932e-05 (max: 1e-06, Norm deltaR: 6.73928)
WARNING: CTestNormDispIncr::test() - failed to converge 
after: 10 iterations  current Norm: 4.03932e-05 (max: 1e-06, Norm deltaR: 6.73928)
WARNING: CTestNormDispIncr::test() - failed to converge 
after: 10 iterations  current Norm: 4.03932e-05 (max: 1e-06, Norm deltaR: 6.73928)
WARNING: CTestNormDispIncr::test() - failed to converge 
after: 10 iterations  current Norm: 4.03932e-05 (max: 1e-06, Norm deltaR: 6.73928)
WARNING: CTestNormDispIncr::test() - failed to converge 
after: 10 iterations  current Norm: 4.03932e-05 (max: 1e-06, Norm deltaR: 6.73928)
WARNING: CTestNormDispIncr::test() - failed to converge 
after: 10 iterations  current Norm: 4.03932e-05 (max: 1e-06, Norm deltaR: 6.73928)
WARNING: CTestNormDispIncr::test() - failed to converge 
after: 10 iterations  current Norm: 4.03932e-05 (max: 1e-06, Norm deltaR: 6.73928)
WARNING: CTestNormDispIncr::test() - failed to converge 
after: 10 iterations  current Norm: 4.03932e-05 (max: 1e-06, Norm deltaR: 6.73928)
WARNING: CTestNormDispIncr::test() - failed to converge 
after: 10 iterations  current Norm: 4.03932e-05 (max: 1e-06, Norm deltaR: 6.73928)
WARNING: CTestNormDispIncr::test() - failed to converge 
after: 10 iterations  current Norm: 4.03932e-05 (max: 1e-06, Norm deltaR: 6.73928)
WARNING: CTestNormDispIncr::test() - failed to converge 
after: 10 iterations  current Norm: 4.03932e-05 (max: 1e-06, Norm deltaR: 6.73928)
WARNING: CTestNormDispIncr::test() - failed to converge 
after: 10 iterations  current Norm: 4.03932e-05 (max: 1e-06, Norm deltaR: 6.73928)
WARNING: CTestNormDispIncr::test() - failed to converge 
after: 10 iterations  current Norm: 4.03932e-05 (max: 1e-06, Norm deltaR: 6.73928)
WARNING: CTestNormDispIncr::test() - failed to converge 
after: 10 iterations  current Norm: 4.03932e-05 (max: 1e-06, Norm deltaR: 6.73928)
WARNING: CTestNormDispIncr::test() - failed to converge 
after: 10 iterations  current Norm: 4.03932e-05 (max: 1e-06, Norm deltaR: 6.73928)
WARNING: CTestNormDispIncr::test() - failed to converge 
after: 10 iterations  current Norm: 4.03932e-05 (max: 1e-06, Norm deltaR: 6.73928)
WARNING: CTestNormDispIncr::test() - failed to converge 
after: 10 iterations  current Norm: 4.03932e-05 (max: 1e-06, Norm deltaR: 6.73928)
WARNING: CTestNormDispIncr::test() - failed to converge 
after: 10 iterations  current Norm: 4.03932e-05 (max: 1e-06, Norm deltaR: 6.73928)
WARNING: CTestNormDispIncr::test() - failed to converge 
after: 10 iterations  current Norm: 4.03932e-05 (max: 1e-06, Norm deltaR: 6.73928)
WARNING: CTestNormDispIncr::test() - failed to converge 
after: 10 iterations  current Norm: 4.03932e-05 (max: 1e-06, Norm deltaR: 6.73928)
WARNING: CTestNormDispIncr::test() - failed to converge 
after: 10 iterations  current Norm: 4.03932e-05 (max: 1e-06, Norm deltaR: 6.73928)
WARNING: CTestNormDispIncr::test() - failed to converge 
after: 10 iterations  current Norm: 4.03932e-05 (max: 1e-06, Norm deltaR: 6.73928)
WARNING: CTestNormDispIncr::test() - failed to converge 
after: 10 iterations  current Norm: 4.03932e-05 (max: 1e-06, Norm deltaR: 6.73928)
WARNING: CTestNormDispIncr::test() - failed to converge 
after: 10 iterations  current Norm: 4.03932e-05 (max: 1e-06, Norm deltaR: 6.73928)
WARNING: CTestNormDispIncr::test() - failed to converge 
after: 10 iterations  current Norm: 4.03932e-05 (max: 1e-06, Norm deltaR: 6.73928)
WARNING: CTestNormDispIncr::test() - failed to converge 
after: 10 iterations  current Norm: 4.03932e-05 (max: 1e-06, Norm deltaR: 6.73928)
WARNING: CTestNormDispIncr::test() - failed to converge 
after: 10 iterations  current Norm: 4.03932e-05 (max: 1e-06, Norm deltaR: 6.73928)
WARNING: CTestNormDispIncr::test() - failed to converge 
after: 10 iterations  current Norm: 4.03932e-05 (max: 1e-06, Norm deltaR: 6.73928)
WARNING: CTestNormDispIncr::test() - failed to converge 
after: 10 iterations  current Norm: 4.03932e-05 (max: 1e-06, Norm deltaR: 6.73928)
WARNING: CTestNormDispIncr::test() - failed to converge 
after: 10 iterations  current Norm: 4.03932e-05 (max: 1e-06, Norm deltaR: 6.73928)
WARNING: CTestNormDispIncr::test() - failed to converge 
after: 10 iterations  current Norm: 4.03932e-05 (max: 1e-06, Norm deltaR: 6.73928)
WARNING: CTestNormDispIncr::test() - failed to converge 
after: 10 iterations  current Norm: 4.03932e-05 (max: 1e-06, Norm deltaR: 6.73928)
WARNING: CTestNormDispIncr::test() - failed to converge 
after: 100 iterations  current Norm: 4.03932e-05 (max: 1e-06, Norm deltaR: 6.73928)
BFGS::solveCurrentStep() -the ConvergenceTest object failed in test()
DirectIntegrationAnalysis::analyze() - the Algorithm failed at time 54.0263
OpenSees > analyze failed, returned: -3 error flag
WARNING - ForceBeamColumn3d::update - failed to get compatible element forces & deformations for element: 2311(dW: << 0.00112353, dW0: 0.0369275)
Domain::update - domain failed in update
TRBDF2::update() - failed to update the domain
WARNING AcceleratedNewton::solveCurrentStep() -the Integrator failed in update()
DirectIntegrationAnalysis::analyze() - the Algorithm failed at time 54.0238
OpenSees > analyze failed, returned: -3 error flag
WARNING: CTestNormDispIncr::test() - failed to converge 
after: 100 iterations  current Norm: 1.01588e-05 (max: 1e-06, Norm deltaR: 2.34811)
NewtonLineSearch::solveCurrentStep() -the ConvergenceTest object failed in test()
DirectIntegrationAnalysis::analyze() - the Algorithm failed at time 54.0238
OpenSees > analyze failed, returned: -3 error flag
WARNING: CTestNormDispIncr::test() - failed to converge 
after: 10 iterations  current Norm: 0.00121957 (max: 1e-06, Norm deltaR: 2.56084)
WARNING: CTestNormDispIncr::test() - failed to converge 
after: 10 iterations  current Norm: 0.000245894 (max: 1e-06, Norm deltaR: 2.97976)
WARNING: CTestNormDispIncr::test() - failed to converge 
after: 10 iterations  current Norm: 0.000487461 (max: 1e-06, Norm deltaR: 2.97976)
WARNING: CTestNormDispIncr::test() - failed to converge 
after: 10 iterations  current Norm: 0.000487461 (max: 1e-06, Norm deltaR: 2.97976)
WARNING: CTestNormDispIncr::test() - failed to converge 
after: 10 iterations  current Norm: 0.000487461 (max: 1e-06, Norm deltaR: 2.97976)
WARNING: CTestNormDispIncr::test() - failed to converge 
after: 10 iterations  current Norm: 0.000487461 (max: 1e-06, Norm deltaR: 2.97976)
WARNING: CTestNormDispIncr::test() - failed to converge 
after: 10 iterations  current Norm: 0.000487461 (max: 1e-06, Norm deltaR: 2.97976)
WARNING: CTestNormDispIncr::test() - failed to converge 
after: 10 iterations  current Norm: 0.000487461 (max: 1e-06, Norm deltaR: 2.97976)
WARNING: CTestNormDispIncr::test() - failed to converge 
after: 10 iterations  current Norm: 0.000487461 (max: 1e-06, Norm deltaR: 2.97976)
WARNING: CTestNormDispIncr::test() - failed to converge 
after: 10 iterations  current Norm: 0.000487461 (max: 1e-06, Norm deltaR: 2.97976)
WARNING: CTestNormDispIncr::test() - failed to converge 
after: 10 iterations  current Norm: 0.000487461 (max: 1e-06, Norm deltaR: 2.97976)
WARNING: CTestNormDispIncr::test() - failed to converge 
after: 10 iterations  current Norm: 0.000487461 (max: 1e-06, Norm deltaR: 2.97976)
WARNING: CTestNormDispIncr::test() - failed to converge 
after: 10 iterations  current Norm: 0.000487461 (max: 1e-06, Norm deltaR: 2.97976)
WARNING: CTestNormDispIncr::test() - failed to converge 
after: 10 iterations  current Norm: 0.000487461 (max: 1e-06, Norm deltaR: 2.97976)
WARNING: CTestNormDispIncr::test() - failed to converge 
after: 10 iterations  current Norm: 0.000487461 (max: 1e-06, Norm deltaR: 2.97976)
WARNING: CTestNormDispIncr::test() - failed to converge 
after: 10 iterations  current Norm: 0.000487461 (max: 1e-06, Norm deltaR: 2.97976)
WARNING: CTestNormDispIncr::test() - failed to converge 
after: 10 iterations  current Norm: 0.000487461 (max: 1e-06, Norm deltaR: 2.97976)
WARNING: CTestNormDispIncr::test() - failed to converge 
after: 10 iterations  current Norm: 0.000487461 (max: 1e-06, Norm deltaR: 2.97976)
WARNING: CTestNormDispIncr::test() - failed to converge 
after: 10 iterations  current Norm: 0.000487461 (max: 1e-06, Norm deltaR: 2.97976)
WARNING: CTestNormDispIncr::test() - failed to converge 
after: 10 iterations  current Norm: 0.000487461 (max: 1e-06, Norm deltaR: 2.97976)
WARNING: CTestNormDispIncr::test() - failed to converge 
after: 10 iterations  current Norm: 0.000487461 (max: 1e-06, Norm deltaR: 2.97976)
WARNING: CTestNormDispIncr::test() - failed to converge 
after: 10 iterations  current Norm: 0.000487461 (max: 1e-06, Norm deltaR: 2.97976)
WARNING: CTestNormDispIncr::test() - failed to converge 
after: 10 iterations  current Norm: 0.000487461 (max: 1e-06, Norm deltaR: 2.97976)
WARNING: CTestNormDispIncr::test() - failed to converge 
after: 10 iterations  current Norm: 0.000487461 (max: 1e-06, Norm deltaR: 2.97976)
WARNING: CTestNormDispIncr::test() - failed to converge 
after: 10 iterations  current Norm: 0.000487461 (max: 1e-06, Norm deltaR: 2.97976)
WARNING: CTestNormDispIncr::test() - failed to converge 
after: 10 iterations  current Norm: 0.000487461 (max: 1e-06, Norm deltaR: 2.97976)
WARNING: CTestNormDispIncr::test() - failed to converge 
after: 10 iterations  current Norm: 0.000487461 (max: 1e-06, Norm deltaR: 2.97976)
WARNING: CTestNormDispIncr::test() - failed to converge 
after: 10 iterations  current Norm: 0.000487461 (max: 1e-06, Norm deltaR: 2.97976)
WARNING: CTestNormDispIncr::test() - failed to converge 
after: 10 iterations  current Norm: 0.000487461 (max: 1e-06, Norm deltaR: 2.97976)
WARNING: CTestNormDispIncr::test() - failed to converge 
after: 10 iterations  current Norm: 0.000487461 (max: 1e-06, Norm deltaR: 2.97976)
WARNING: CTestNormDispIncr::test() - failed to converge 
after: 10 iterations  current Norm: 0.000487461 (max: 1e-06, Norm deltaR: 2.97976)
WARNING: CTestNormDispIncr::test() - failed to converge 
after: 10 iterations  current Norm: 0.000487461 (max: 1e-06, Norm deltaR: 2.97976)
WARNING: CTestNormDispIncr::test() - failed to converge 
after: 10 iterations  current Norm: 0.000487461 (max: 1e-06, Norm deltaR: 2.97976)
WARNING: CTestNormDispIncr::test() - failed to converge 
after: 10 iterations  current Norm: 0.000487461 (max: 1e-06, Norm deltaR: 2.97976)
WARNING: CTestNormDispIncr::test() - failed to converge 
after: 10 iterations  current Norm: 0.000487461 (max: 1e-06, Norm deltaR: 2.97976)
WARNING: CTestNormDispIncr::test() - failed to converge 
after: 10 iterations  current Norm: 0.000487461 (max: 1e-06, Norm deltaR: 2.97976)
WARNING: CTestNormDispIncr::test() - failed to converge 
after: 10 iterations  current Norm: 0.000487461 (max: 1e-06, Norm deltaR: 2.97976)
WARNING: CTestNormDispIncr::test() - failed to converge 
after: 10 iterations  current Norm: 0.000487461 (max: 1e-06, Norm deltaR: 2.97976)
WARNING: CTestNormDispIncr::test() - failed to converge 
after: 10 iterations  current Norm: 0.000487461 (max: 1e-06, Norm deltaR: 2.97976)
WARNING: CTestNormDispIncr::test() - failed to converge 
after: 10 iterations  current Norm: 0.000487461 (max: 1e-06, Norm deltaR: 2.97976)
WARNING: CTestNormDispIncr::test() - failed to converge 
after: 10 iterations  current Norm: 0.000487461 (max: 1e-06, Norm deltaR: 2.97976)
WARNING: CTestNormDispIncr::test() - failed to converge 
after: 10 iterations  current Norm: 0.000487461 (max: 1e-06, Norm deltaR: 2.97976)
WARNING: CTestNormDispIncr::test() - failed to converge 
after: 10 iterations  current Norm: 0.000487461 (max: 1e-06, Norm deltaR: 2.97976)
WARNING: CTestNormDispIncr::test() - failed to converge 
after: 10 iterations  current Norm: 0.000487461 (max: 1e-06, Norm deltaR: 2.97976)
WARNING: CTestNormDispIncr::test() - failed to converge 
after: 10 iterations  current Norm: 0.000487461 (max: 1e-06, Norm deltaR: 2.97976)
WARNING: CTestNormDispIncr::test() - failed to converge 
after: 10 iterations  current Norm: 0.000487461 (max: 1e-06, Norm deltaR: 2.97976)
WARNING: CTestNormDispIncr::test() - failed to converge 
after: 10 iterations  current Norm: 0.000487461 (max: 1e-06, Norm deltaR: 2.97976)
WARNING: CTestNormDispIncr::test() - failed to converge 
after: 10 iterations  current Norm: 0.000487461 (max: 1e-06, Norm deltaR: 2.97976)
WARNING: CTestNormDispIncr::test() - failed to converge 
after: 10 iterations  current Norm: 0.000487461 (max: 1e-06, Norm deltaR: 2.97976)
WARNING: CTestNormDispIncr::test() - failed to converge 
after: 10 iterations  current Norm: 0.000487461 (max: 1e-06, Norm deltaR: 2.97976)
WARNING: CTestNormDispIncr::test() - failed to converge 
after: 10 iterations  current Norm: 0.000487461 (max: 1e-06, Norm deltaR: 2.97976)
WARNING: CTestNormDispIncr::test() - failed to converge 
after: 10 iterations  current Norm: 0.000487461 (max: 1e-06, Norm deltaR: 2.97976)
WARNING: CTestNormDispIncr::test() - failed to converge 
after: 10 iterations  current Norm: 0.000487461 (max: 1e-06, Norm deltaR: 2.97976)
WARNING: CTestNormDispIncr::test() - failed to converge 
after: 10 iterations  current Norm: 0.000487461 (max: 1e-06, Norm deltaR: 2.97976)
WARNING: CTestNormDispIncr::test() - failed to converge 
after: 10 iterations  current Norm: 0.000487461 (max: 1e-06, Norm deltaR: 2.97976)
WARNING: CTestNormDispIncr::test() - failed to converge 
after: 10 iterations  current Norm: 0.000487461 (max: 1e-06, Norm deltaR: 2.97976)
WARNING: CTestNormDispIncr::test() - failed to converge 
after: 10 iterations  current Norm: 0.000487461 (max: 1e-06, Norm deltaR: 2.97976)
WARNING: CTestNormDispIncr::test() - failed to converge 
after: 10 iterations  current Norm: 0.000487461 (max: 1e-06, Norm deltaR: 2.97976)
WARNING: CTestNormDispIncr::test() - failed to converge 
after: 10 iterations  current Norm: 0.000487461 (max: 1e-06, Norm deltaR: 2.97976)
WARNING: CTestNormDispIncr::test() - failed to converge 
after: 10 iterations  current Norm: 0.000487461 (max: 1e-06, Norm deltaR: 2.97976)
WARNING: CTestNormDispIncr::test() - failed to converge 
after: 10 iterations  current Norm: 0.000487461 (max: 1e-06, Norm deltaR: 2.97976)
WARNING: CTestNormDispIncr::test() - failed to converge 
after: 10 iterations  current Norm: 0.000487461 (max: 1e-06, Norm deltaR: 2.97976)
WARNING: CTestNormDispIncr::test() - failed to converge 
after: 10 iterations  current Norm: 0.000487461 (max: 1e-06, Norm deltaR: 2.97976)
WARNING: CTestNormDispIncr::test() - failed to converge 
after: 10 iterations  current Norm: 0.000487461 (max: 1e-06, Norm deltaR: 2.97976)
WARNING: CTestNormDispIncr::test() - failed to converge 
after: 10 iterations  current Norm: 0.000487461 (max: 1e-06, Norm deltaR: 2.97976)
WARNING: CTestNormDispIncr::test() - failed to converge 
after: 10 iterations  current Norm: 0.000487461 (max: 1e-06, Norm deltaR: 2.97976)
WARNING: CTestNormDispIncr::test() - failed to converge 
after: 10 iterations  current Norm: 0.000487461 (max: 1e-06, Norm deltaR: 2.97976)
WARNING: CTestNormDispIncr::test() - failed to converge 
after: 10 iterations  current Norm: 0.000487461 (max: 1e-06, Norm deltaR: 2.97976)
WARNING: CTestNormDispIncr::test() - failed to converge 
after: 10 iterations  current Norm: 0.000487461 (max: 1e-06, Norm deltaR: 2.97976)
WARNING: CTestNormDispIncr::test() - failed to converge 
after: 10 iterations  current Norm: 0.000487461 (max: 1e-06, Norm deltaR: 2.97976)
WARNING: CTestNormDispIncr::test() - failed to converge 
after: 10 iterations  current Norm: 0.000487461 (max: 1e-06, Norm deltaR: 2.97976)
WARNING: CTestNormDispIncr::test() - failed to converge 
after: 10 iterations  current Norm: 0.000487461 (max: 1e-06, Norm deltaR: 2.97976)
WARNING: CTestNormDispIncr::test() - failed to converge 
after: 10 iterations  current Norm: 0.000487461 (max: 1e-06, Norm deltaR: 2.97976)
WARNING: CTestNormDispIncr::test() - failed to converge 
after: 10 iterations  current Norm: 0.000487461 (max: 1e-06, Norm deltaR: 2.97976)
WARNING: CTestNormDispIncr::test() - failed to converge 
after: 10 iterations  current Norm: 0.000487461 (max: 1e-06, Norm deltaR: 2.97976)
WARNING: CTestNormDispIncr::test() - failed to converge 
after: 10 iterations  current Norm: 0.000487461 (max: 1e-06, Norm deltaR: 2.97976)
WARNING: CTestNormDispIncr::test() - failed to converge 
after: 10 iterations  current Norm: 0.000487461 (max: 1e-06, Norm deltaR: 2.97976)
WARNING: CTestNormDispIncr::test() - failed to converge 
after: 10 iterations  current Norm: 0.000487461 (max: 1e-06, Norm deltaR: 2.97976)
WARNING: CTestNormDispIncr::test() - failed to converge 
after: 10 iterations  current Norm: 0.000487461 (max: 1e-06, Norm deltaR: 2.97976)
WARNING: CTestNormDispIncr::test() - failed to converge 
after: 10 iterations  current Norm: 0.000487461 (max: 1e-06, Norm deltaR: 2.97976)
WARNING: CTestNormDispIncr::test() - failed to converge 
after: 10 iterations  current Norm: 0.000487461 (max: 1e-06, Norm deltaR: 2.97976)
WARNING: CTestNormDispIncr::test() - failed to converge 
after: 10 iterations  current Norm: 0.000487461 (max: 1e-06, Norm deltaR: 2.97976)
WARNING: CTestNormDispIncr::test() - failed to converge 
after: 10 iterations  current Norm: 0.000487461 (max: 1e-06, Norm deltaR: 2.97976)
WARNING: CTestNormDispIncr::test() - failed to converge 
after: 10 iterations  current Norm: 0.000487461 (max: 1e-06, Norm deltaR: 2.97976)
WARNING: CTestNormDispIncr::test() - failed to converge 
after: 10 iterations  current Norm: 0.000487461 (max: 1e-06, Norm deltaR: 2.97976)
WARNING: CTestNormDispIncr::test() - failed to converge 
after: 10 iterations  current Norm: 0.000487461 (max: 1e-06, Norm deltaR: 2.97976)
WARNING: CTestNormDispIncr::test() - failed to converge 
after: 10 iterations  current Norm: 0.000487461 (max: 1e-06, Norm deltaR: 2.97976)
WARNING: CTestNormDispIncr::test() - failed to converge 
after: 10 iterations  current Norm: 0.000487461 (max: 1e-06, Norm deltaR: 2.97976)
WARNING: CTestNormDispIncr::test() - failed to converge 
after: 10 iterations  current Norm: 0.000487461 (max: 1e-06, Norm deltaR: 2.97976)
WARNING: CTestNormDispIncr::test() - failed to converge 
after: 10 iterations  current Norm: 0.000487461 (max: 1e-06, Norm deltaR: 2.97976)
WARNING: CTestNormDispIncr::test() - failed to converge 
after: 10 iterations  current Norm: 0.000487461 (max: 1e-06, Norm deltaR: 2.97976)
WARNING: CTestNormDispIncr::test() - failed to converge 
after: 10 iterations  current Norm: 0.000487461 (max: 1e-06, Norm deltaR: 2.97976)
WARNING: CTestNormDispIncr::test() - failed to converge 
after: 10 iterations  current Norm: 0.000487461 (max: 1e-06, Norm deltaR: 2.97976)
WARNING: CTestNormDispIncr::test() - failed to converge 
after: 10 iterations  current Norm: 0.000487461 (max: 1e-06, Norm deltaR: 2.97976)
WARNING: CTestNormDispIncr::test() - failed to converge 
after: 10 iterations  current Norm: 0.000487461 (max: 1e-06, Norm deltaR: 2.97976)
WARNING: CTestNormDispIncr::test() - failed to converge 
after: 10 iterations  current Norm: 0.000487461 (max: 1e-06, Norm deltaR: 2.97976)
WARNING: CTestNormDispIncr::test() - failed to converge 
after: 10 iterations  current Norm: 0.000487461 (max: 1e-06, Norm deltaR: 2.97976)
WARNING: CTestNormDispIncr::test() - failed to converge 
after: 10 iterations  current Norm: 0.000487461 (max: 1e-06, Norm deltaR: 2.97976)
WARNING: CTestNormDispIncr::test() - failed to converge 
after: 10 iterations  current Norm: 0.000487461 (max: 1e-06, Norm deltaR: 2.97976)
WARNING: CTestNormDispIncr::test() - failed to converge 
after: 10 iterations  current Norm: 0.000487461 (max: 1e-06, Norm deltaR: 2.97976)
WARNING: CTestNormDispIncr::test() - failed to converge 
after: 100 iterations  current Norm: 0.000487461 (max: 1e-06, Norm deltaR: 2.97976)
Broyden::solveCurrentStep() -the ConvergenceTest object failed in test()
DirectIntegrationAnalysis::analyze() - the Algorithm failed at time 54.0238
OpenSees > analyze failed, returned: -3 error flag
WARNING: CTestNormDispIncr::test() - failed to converge 
after: 10 iterations  current Norm: 23.1662 (max: 1e-06, Norm deltaR: 9.34994e+08)
WARNING - ForceBeamColumn3d::update - failed to get compatible element forces & deformations for element: 2201(dW: << 0.000967541, dW0: 0.0339533)
Domain::update - domain failed in update
TRBDF2::update() - failed to update the domain
WARNING BFGS::solveCurrentStep() -the Integrator failed in update()
DirectIntegrationAnalysis::analyze() - the Algorithm failed at time 54.0238
OpenSees > analyze failed, returned: -3 error flag
WARNING: CTestNormDispIncr::test() - failed to converge 
after: 100 iterations  current Norm: 5.43122e-05 (max: 1e-06, Norm deltaR: 1.06462)
AcceleratedNewton::solveCurrentStep() -The ConvergenceTest object failed in test()
DirectIntegrationAnalysis::analyze() - the Algorithm failed at time 54.0225
OpenSees > analyze failed, returned: -3 error flag
WARNING: CTestNormDispIncr::test() - failed to converge 
after: 100 iterations  current Norm: 0.000206674 (max: 1e-06, Norm deltaR: 5.13562)
NewtonLineSearch::solveCurrentStep() -the ConvergenceTest object failed in test()
DirectIntegrationAnalysis::analyze() - the Algorithm failed at time 54.0225
OpenSees > analyze failed, returned: -3 error flag
WARNING - ForceBeamColumn3d::update - failed to get compatible element forces & deformations for element: 2311(dW: << 0.00112353, dW0: 0.0368379)
Domain::update - domain failed in update
TRBDF2::update() - failed to update the domain
WARNING Broyden::solveCurrentStep() -the Integrator failed in update()
DirectIntegrationAnalysis::analyze() - the Algorithm failed at time 54.0225
OpenSees > analyze failed, returned: -3 error flag
WARNING: CTestNormDispIncr::test() - failed to converge 
after: 10 iterations  current Norm: 24.9138 (max: 1e-06, Norm deltaR: 2.73813e+08)
WARNING - ForceBeamColumn3d::update - failed to get compatible element forces & deformations for element: 2201(dW: << 0.000967543, dW0: 0.0340919)
Domain::update - domain failed in update
TRBDF2::update() - failed to update the domain
WARNING BFGS::solveCurrentStep() -the Integrator failed in update()
DirectIntegrationAnalysis::analyze() - the Algorithm failed at time 54.0225
OpenSees > analyze failed, returned: -3 error flag
WARNING - ForceBeamColumn3d::update - failed to get compatible element forces & deformations for element: 2311(dW: << 0.00112354, dW0: 0.0373444)
Domain::update - domain failed in update
TRBDF2::update() - failed to update the domain
WARNING AcceleratedNewton::solveCurrentStep() -the Integrator failed in update()
DirectIntegrationAnalysis::analyze() - the Algorithm failed at time 54.0225
OpenSees > analyze failed, returned: -3 error flag
WARNING: CTestNormDispIncr::test() - failed to converge 
after: 100 iterations  current Norm: 0.000140752 (max: 1e-05, Norm deltaR: 2.31841)
NewtonLineSearch::solveCurrentStep() -the ConvergenceTest object failed in test()
DirectIntegrationAnalysis::analyze() - the Algorithm failed at time 54.0275
OpenSees > analyze failed, returned: -3 error flag
WARNING: CTestNormDispIncr::test() - failed to converge 
after: 100 iterations  current Norm: 0.000514143 (max: 1e-06, Norm deltaR: 3.1835)
AcceleratedNewton::solveCurrentStep() -The ConvergenceTest object failed in test()
DirectIntegrationAnalysis::analyze() - the Algorithm failed at time 54.0275
OpenSees > analyze failed, returned: -3 error flag
WARNING: CTestNormDispIncr::test() - failed to converge 
after: 100 iterations  current Norm: 0.000201433 (max: 1e-06, Norm deltaR: 4.15324)
NewtonLineSearch::solveCurrentStep() -the ConvergenceTest object failed in test()
DirectIntegrationAnalysis::analyze() - the Algorithm failed at time 54.0275
OpenSees > analyze failed, returned: -3 error flag
WARNING: CTestNormDispIncr::test() - failed to converge 
after: 10 iterations  current Norm: 0.000232068 (max: 1e-06, Norm deltaR: 6302.09)
WARNING - ForceBeamColumn3d::update - failed to get compatible element forces & deformations for element: 2201(dW: << 0.000967544, dW0: 0.034129)
Domain::update - domain failed in update
TRBDF2::update() - failed to update the domain
WARNING Broyden::solveCurrentStep() -the Integrator failed in update()
DirectIntegrationAnalysis::analyze() - the Algorithm failed at time 54.0275
OpenSees > analyze failed, returned: -3 error flag
WARNING: CTestNormDispIncr::test() - failed to converge 
after: 10 iterations  current Norm: 4.57916 (max: 1e-06, Norm deltaR: 1.96735e+09)
WARNING: CTestNormDispIncr::test() - failed to converge 
after: 10 iterations  current Norm: 0.0322486 (max: 1e-06, Norm deltaR: 24.234)
WARNING - ForceBeamColumn3d::update - failed to get compatible element forces & deformations for element: 2311(dW: << 0.00112352, dW0: 0.0368516)
Domain::update - domain failed in update
TRBDF2::update() - failed to update the domain
WARNING BFGS::solveCurrentStep() -the Integrator failed in update()
DirectIntegrationAnalysis::analyze() - the Algorithm failed at time 54.0275
OpenSees > analyze failed, returned: -3 error flag
WARNING - ForceBeamColumn3d::update - failed to get compatible element forces & deformations for element: 2311(dW: << 0.00112353, dW0: 0.0373046)
Domain::update - domain failed in update
TRBDF2::update() - failed to update the domain
WARNING AcceleratedNewton::solveCurrentStep() -the Integrator failed in update()
DirectIntegrationAnalysis::analyze() - the Algorithm failed at time 54.025
OpenSees > analyze failed, returned: -3 error flag
WARNING: CTestNormDispIncr::test() - failed to converge 
after: 100 iterations  current Norm: 3.27863e-05 (max: 1e-06, Norm deltaR: 1.80266)
NewtonLineSearch::solveCurrentStep() -the ConvergenceTest object failed in test()
DirectIntegrationAnalysis::analyze() - the Algorithm failed at time 54.025
OpenSees > analyze failed, returned: -3 error flag
WARNING: CTestNormDispIncr::test() - failed to converge 
after: 10 iterations  current Norm: 0.000388204 (max: 1e-06, Norm deltaR: 37.2681)
WARNING: CTestNormDispIncr::test() - failed to converge 
after: 10 iterations  current Norm: 0.000476884 (max: 1e-06, Norm deltaR: 2.92934)
WARNING: CTestNormDispIncr::test() - failed to converge 
after: 10 iterations  current Norm: 0.000479213 (max: 1e-06, Norm deltaR: 2.92934)
WARNING: CTestNormDispIncr::test() - failed to converge 
after: 10 iterations  current Norm: 0.000479213 (max: 1e-06, Norm deltaR: 2.92934)
WARNING: CTestNormDispIncr::test() - failed to converge 
after: 10 iterations  current Norm: 0.000479213 (max: 1e-06, Norm deltaR: 2.92934)
WARNING: CTestNormDispIncr::test() - failed to converge 
after: 10 iterations  current Norm: 0.000479213 (max: 1e-06, Norm deltaR: 2.92934)
WARNING: CTestNormDispIncr::test() - failed to converge 
after: 10 iterations  current Norm: 0.000479213 (max: 1e-06, Norm deltaR: 2.92934)
WARNING: CTestNormDispIncr::test() - failed to converge 
after: 10 iterations  current Norm: 0.000479213 (max: 1e-06, Norm deltaR: 2.92934)
WARNING: CTestNormDispIncr::test() - failed to converge 
after: 10 iterations  current Norm: 0.000479213 (max: 1e-06, Norm deltaR: 2.92934)
WARNING: CTestNormDispIncr::test() - failed to converge 
after: 10 iterations  current Norm: 0.000479213 (max: 1e-06, Norm deltaR: 2.92934)
WARNING: CTestNormDispIncr::test() - failed to converge 
after: 10 iterations  current Norm: 0.000479213 (max: 1e-06, Norm deltaR: 2.92934)
WARNING: CTestNormDispIncr::test() - failed to converge 
after: 10 iterations  current Norm: 0.000479213 (max: 1e-06, Norm deltaR: 2.92934)
WARNING: CTestNormDispIncr::test() - failed to converge 
after: 10 iterations  current Norm: 0.000479213 (max: 1e-06, Norm deltaR: 2.92934)
WARNING: CTestNormDispIncr::test() - failed to converge 
after: 10 iterations  current Norm: 0.000479213 (max: 1e-06, Norm deltaR: 2.92934)
WARNING: CTestNormDispIncr::test() - failed to converge 
after: 10 iterations  current Norm: 0.000479213 (max: 1e-06, Norm deltaR: 2.92934)
WARNING: CTestNormDispIncr::test() - failed to converge 
after: 10 iterations  current Norm: 0.000479213 (max: 1e-06, Norm deltaR: 2.92934)
WARNING: CTestNormDispIncr::test() - failed to converge 
after: 10 iterations  current Norm: 0.000479213 (max: 1e-06, Norm deltaR: 2.92934)
WARNING: CTestNormDispIncr::test() - failed to converge 
after: 10 iterations  current Norm: 0.000479213 (max: 1e-06, Norm deltaR: 2.92934)
WARNING: CTestNormDispIncr::test() - failed to converge 
after: 10 iterations  current Norm: 0.000479213 (max: 1e-06, Norm deltaR: 2.92934)
WARNING: CTestNormDispIncr::test() - failed to converge 
after: 10 iterations  current Norm: 0.000479213 (max: 1e-06, Norm deltaR: 2.92934)
WARNING: CTestNormDispIncr::test() - failed to converge 
after: 10 iterations  current Norm: 0.000479213 (max: 1e-06, Norm deltaR: 2.92934)
WARNING: CTestNormDispIncr::test() - failed to converge 
after: 10 iterations  current Norm: 0.000479213 (max: 1e-06, Norm deltaR: 2.92934)
WARNING: CTestNormDispIncr::test() - failed to converge 
after: 10 iterations  current Norm: 0.000479213 (max: 1e-06, Norm deltaR: 2.92934)
WARNING: CTestNormDispIncr::test() - failed to converge 
after: 10 iterations  current Norm: 0.000479213 (max: 1e-06, Norm deltaR: 2.92934)
WARNING: CTestNormDispIncr::test() - failed to converge 
after: 10 iterations  current Norm: 0.000479213 (max: 1e-06, Norm deltaR: 2.92934)
WARNING: CTestNormDispIncr::test() - failed to converge 
after: 10 iterations  current Norm: 0.000479213 (max: 1e-06, Norm deltaR: 2.92934)
WARNING: CTestNormDispIncr::test() - failed to converge 
after: 10 iterations  current Norm: 0.000479213 (max: 1e-06, Norm deltaR: 2.92934)
WARNING: CTestNormDispIncr::test() - failed to converge 
after: 10 iterations  current Norm: 0.000479213 (max: 1e-06, Norm deltaR: 2.92934)
WARNING: CTestNormDispIncr::test() - failed to converge 
after: 10 iterations  current Norm: 0.000479213 (max: 1e-06, Norm deltaR: 2.92934)
WARNING: CTestNormDispIncr::test() - failed to converge 
after: 10 iterations  current Norm: 0.000479213 (max: 1e-06, Norm deltaR: 2.92934)
WARNING: CTestNormDispIncr::test() - failed to converge 
after: 10 iterations  current Norm: 0.000479213 (max: 1e-06, Norm deltaR: 2.92934)
WARNING: CTestNormDispIncr::test() - failed to converge 
after: 10 iterations  current Norm: 0.000479213 (max: 1e-06, Norm deltaR: 2.92934)
WARNING: CTestNormDispIncr::test() - failed to converge 
after: 10 iterations  current Norm: 0.000479213 (max: 1e-06, Norm deltaR: 2.92934)
WARNING: CTestNormDispIncr::test() - failed to converge 
after: 10 iterations  current Norm: 0.000479213 (max: 1e-06, Norm deltaR: 2.92934)
WARNING: CTestNormDispIncr::test() - failed to converge 
after: 10 iterations  current Norm: 0.000479213 (max: 1e-06, Norm deltaR: 2.92934)
WARNING: CTestNormDispIncr::test() - failed to converge 
after: 10 iterations  current Norm: 0.000479213 (max: 1e-06, Norm deltaR: 2.92934)
WARNING: CTestNormDispIncr::test() - failed to converge 
after: 10 iterations  current Norm: 0.000479213 (max: 1e-06, Norm deltaR: 2.92934)
WARNING: CTestNormDispIncr::test() - failed to converge 
after: 10 iterations  current Norm: 0.000479213 (max: 1e-06, Norm deltaR: 2.92934)
WARNING: CTestNormDispIncr::test() - failed to converge 
after: 10 iterations  current Norm: 0.000479213 (max: 1e-06, Norm deltaR: 2.92934)
WARNING: CTestNormDispIncr::test() - failed to converge 
after: 10 iterations  current Norm: 0.000479213 (max: 1e-06, Norm deltaR: 2.92934)
WARNING: CTestNormDispIncr::test() - failed to converge 
after: 10 iterations  current Norm: 0.000479213 (max: 1e-06, Norm deltaR: 2.92934)
WARNING: CTestNormDispIncr::test() - failed to converge 
after: 10 iterations  current Norm: 0.000479213 (max: 1e-06, Norm deltaR: 2.92934)
WARNING: CTestNormDispIncr::test() - failed to converge 
after: 10 iterations  current Norm: 0.000479213 (max: 1e-06, Norm deltaR: 2.92934)
WARNING: CTestNormDispIncr::test() - failed to converge 
after: 10 iterations  current Norm: 0.000479213 (max: 1e-06, Norm deltaR: 2.92934)
WARNING: CTestNormDispIncr::test() - failed to converge 
after: 10 iterations  current Norm: 0.000479213 (max: 1e-06, Norm deltaR: 2.92934)
WARNING: CTestNormDispIncr::test() - failed to converge 
after: 10 iterations  current Norm: 0.000479213 (max: 1e-06, Norm deltaR: 2.92934)
WARNING: CTestNormDispIncr::test() - failed to converge 
after: 10 iterations  current Norm: 0.000479213 (max: 1e-06, Norm deltaR: 2.92934)
WARNING: CTestNormDispIncr::test() - failed to converge 
after: 10 iterations  current Norm: 0.000479213 (max: 1e-06, Norm deltaR: 2.92934)
WARNING: CTestNormDispIncr::test() - failed to converge 
after: 10 iterations  current Norm: 0.000479213 (max: 1e-06, Norm deltaR: 2.92934)
WARNING: CTestNormDispIncr::test() - failed to converge 
after: 10 iterations  current Norm: 0.000479213 (max: 1e-06, Norm deltaR: 2.92934)
WARNING: CTestNormDispIncr::test() - failed to converge 
after: 10 iterations  current Norm: 0.000479213 (max: 1e-06, Norm deltaR: 2.92934)
WARNING: CTestNormDispIncr::test() - failed to converge 
after: 10 iterations  current Norm: 0.000479213 (max: 1e-06, Norm deltaR: 2.92934)
WARNING: CTestNormDispIncr::test() - failed to converge 
after: 10 iterations  current Norm: 0.000479213 (max: 1e-06, Norm deltaR: 2.92934)
WARNING: CTestNormDispIncr::test() - failed to converge 
after: 10 iterations  current Norm: 0.000479213 (max: 1e-06, Norm deltaR: 2.92934)
WARNING: CTestNormDispIncr::test() - failed to converge 
after: 10 iterations  current Norm: 0.000479213 (max: 1e-06, Norm deltaR: 2.92934)
WARNING: CTestNormDispIncr::test() - failed to converge 
after: 10 iterations  current Norm: 0.000479213 (max: 1e-06, Norm deltaR: 2.92934)
WARNING: CTestNormDispIncr::test() - failed to converge 
after: 10 iterations  current Norm: 0.000479213 (max: 1e-06, Norm deltaR: 2.92934)
WARNING: CTestNormDispIncr::test() - failed to converge 
after: 10 iterations  current Norm: 0.000479213 (max: 1e-06, Norm deltaR: 2.92934)
WARNING: CTestNormDispIncr::test() - failed to converge 
after: 10 iterations  current Norm: 0.000479213 (max: 1e-06, Norm deltaR: 2.92934)
WARNING: CTestNormDispIncr::test() - failed to converge 
after: 10 iterations  current Norm: 0.000479213 (max: 1e-06, Norm deltaR: 2.92934)
WARNING: CTestNormDispIncr::test() - failed to converge 
after: 10 iterations  current Norm: 0.000479213 (max: 1e-06, Norm deltaR: 2.92934)
WARNING: CTestNormDispIncr::test() - failed to converge 
after: 10 iterations  current Norm: 0.000479213 (max: 1e-06, Norm deltaR: 2.92934)
WARNING: CTestNormDispIncr::test() - failed to converge 
after: 10 iterations  current Norm: 0.000479213 (max: 1e-06, Norm deltaR: 2.92934)
WARNING: CTestNormDispIncr::test() - failed to converge 
after: 10 iterations  current Norm: 0.000479213 (max: 1e-06, Norm deltaR: 2.92934)
WARNING: CTestNormDispIncr::test() - failed to converge 
after: 10 iterations  current Norm: 0.000479213 (max: 1e-06, Norm deltaR: 2.92934)
WARNING: CTestNormDispIncr::test() - failed to converge 
after: 10 iterations  current Norm: 0.000479213 (max: 1e-06, Norm deltaR: 2.92934)
WARNING: CTestNormDispIncr::test() - failed to converge 
after: 10 iterations  current Norm: 0.000479213 (max: 1e-06, Norm deltaR: 2.92934)
WARNING: CTestNormDispIncr::test() - failed to converge 
after: 10 iterations  current Norm: 0.000479213 (max: 1e-06, Norm deltaR: 2.92934)
WARNING: CTestNormDispIncr::test() - failed to converge 
after: 10 iterations  current Norm: 0.000479213 (max: 1e-06, Norm deltaR: 2.92934)
WARNING: CTestNormDispIncr::test() - failed to converge 
after: 10 iterations  current Norm: 0.000479213 (max: 1e-06, Norm deltaR: 2.92934)
WARNING: CTestNormDispIncr::test() - failed to converge 
after: 10 iterations  current Norm: 0.000479213 (max: 1e-06, Norm deltaR: 2.92934)
WARNING: CTestNormDispIncr::test() - failed to converge 
after: 10 iterations  current Norm: 0.000479213 (max: 1e-06, Norm deltaR: 2.92934)
WARNING: CTestNormDispIncr::test() - failed to converge 
after: 10 iterations  current Norm: 0.000479213 (max: 1e-06, Norm deltaR: 2.92934)
WARNING: CTestNormDispIncr::test() - failed to converge 
after: 10 iterations  current Norm: 0.000479213 (max: 1e-06, Norm deltaR: 2.92934)
WARNING: CTestNormDispIncr::test() - failed to converge 
after: 10 iterations  current Norm: 0.000479213 (max: 1e-06, Norm deltaR: 2.92934)
WARNING: CTestNormDispIncr::test() - failed to converge 
after: 10 iterations  current Norm: 0.000479213 (max: 1e-06, Norm deltaR: 2.92934)
WARNING: CTestNormDispIncr::test() - failed to converge 
after: 10 iterations  current Norm: 0.000479213 (max: 1e-06, Norm deltaR: 2.92934)
WARNING: CTestNormDispIncr::test() - failed to converge 
after: 10 iterations  current Norm: 0.000479213 (max: 1e-06, Norm deltaR: 2.92934)
WARNING: CTestNormDispIncr::test() - failed to converge 
after: 10 iterations  current Norm: 0.000479213 (max: 1e-06, Norm deltaR: 2.92934)
WARNING: CTestNormDispIncr::test() - failed to converge 
after: 10 iterations  current Norm: 0.000479213 (max: 1e-06, Norm deltaR: 2.92934)
WARNING: CTestNormDispIncr::test() - failed to converge 
after: 10 iterations  current Norm: 0.000479213 (max: 1e-06, Norm deltaR: 2.92934)
WARNING: CTestNormDispIncr::test() - failed to converge 
after: 10 iterations  current Norm: 0.000479213 (max: 1e-06, Norm deltaR: 2.92934)
WARNING: CTestNormDispIncr::test() - failed to converge 
after: 10 iterations  current Norm: 0.000479213 (max: 1e-06, Norm deltaR: 2.92934)
WARNING: CTestNormDispIncr::test() - failed to converge 
after: 10 iterations  current Norm: 0.000479213 (max: 1e-06, Norm deltaR: 2.92934)
WARNING: CTestNormDispIncr::test() - failed to converge 
after: 10 iterations  current Norm: 0.000479213 (max: 1e-06, Norm deltaR: 2.92934)
WARNING: CTestNormDispIncr::test() - failed to converge 
after: 10 iterations  current Norm: 0.000479213 (max: 1e-06, Norm deltaR: 2.92934)
WARNING: CTestNormDispIncr::test() - failed to converge 
after: 10 iterations  current Norm: 0.000479213 (max: 1e-06, Norm deltaR: 2.92934)
WARNING: CTestNormDispIncr::test() - failed to converge 
after: 10 iterations  current Norm: 0.000479213 (max: 1e-06, Norm deltaR: 2.92934)
WARNING: CTestNormDispIncr::test() - failed to converge 
after: 10 iterations  current Norm: 0.000479213 (max: 1e-06, Norm deltaR: 2.92934)
WARNING: CTestNormDispIncr::test() - failed to converge 
after: 10 iterations  current Norm: 0.000479213 (max: 1e-06, Norm deltaR: 2.92934)
WARNING: CTestNormDispIncr::test() - failed to converge 
after: 10 iterations  current Norm: 0.000479213 (max: 1e-06, Norm deltaR: 2.92934)
WARNING: CTestNormDispIncr::test() - failed to converge 
after: 10 iterations  current Norm: 0.000479213 (max: 1e-06, Norm deltaR: 2.92934)
WARNING: CTestNormDispIncr::test() - failed to converge 
after: 10 iterations  current Norm: 0.000479213 (max: 1e-06, Norm deltaR: 2.92934)
WARNING: CTestNormDispIncr::test() - failed to converge 
after: 10 iterations  current Norm: 0.000479213 (max: 1e-06, Norm deltaR: 2.92934)
WARNING: CTestNormDispIncr::test() - failed to converge 
after: 10 iterations  current Norm: 0.000479213 (max: 1e-06, Norm deltaR: 2.92934)
WARNING: CTestNormDispIncr::test() - failed to converge 
after: 10 iterations  current Norm: 0.000479213 (max: 1e-06, Norm deltaR: 2.92934)
WARNING: CTestNormDispIncr::test() - failed to converge 
after: 10 iterations  current Norm: 0.000479213 (max: 1e-06, Norm deltaR: 2.92934)
WARNING: CTestNormDispIncr::test() - failed to converge 
after: 10 iterations  current Norm: 0.000479213 (max: 1e-06, Norm deltaR: 2.92934)
WARNING: CTestNormDispIncr::test() - failed to converge 
after: 10 iterations  current Norm: 0.000479213 (max: 1e-06, Norm deltaR: 2.92934)
WARNING: CTestNormDispIncr::test() - failed to converge 
after: 10 iterations  current Norm: 0.000479213 (max: 1e-06, Norm deltaR: 2.92934)
WARNING: CTestNormDispIncr::test() - failed to converge 
after: 100 iterations  current Norm: 0.000479213 (max: 1e-06, Norm deltaR: 2.92934)
Broyden::solveCurrentStep() -the ConvergenceTest object failed in test()
DirectIntegrationAnalysis::analyze() - the Algorithm failed at time 54.025
OpenSees > analyze failed, returned: -3 error flag
WARNING: CTestNormDispIncr::test() - failed to converge 
after: 10 iterations  current Norm: 29.7785 (max: 1e-06, Norm deltaR: 1.85759e+09)
WARNING: CTestNormDispIncr::test() - failed to converge 
after: 10 iterations  current Norm: 0.00253482 (max: 1e-06, Norm deltaR: 4.59685)
WARNING: CTestNormDispIncr::test() - failed to converge 
after: 10 iterations  current Norm: 0.000479353 (max: 1e-06, Norm deltaR: 2.92933)
WARNING: CTestNormDispIncr::test() - failed to converge 
after: 10 iterations  current Norm: 0.000479213 (max: 1e-06, Norm deltaR: 2.92934)
WARNING: CTestNormDispIncr::test() - failed to converge 
after: 10 iterations  current Norm: 0.000479213 (max: 1e-06, Norm deltaR: 2.92934)
WARNING: CTestNormDispIncr::test() - failed to converge 
after: 10 iterations  current Norm: 0.000479213 (max: 1e-06, Norm deltaR: 2.92934)
WARNING: CTestNormDispIncr::test() - failed to converge 
after: 10 iterations  current Norm: 0.000479213 (max: 1e-06, Norm deltaR: 2.92934)
WARNING: CTestNormDispIncr::test() - failed to converge 
after: 10 iterations  current Norm: 0.000479213 (max: 1e-06, Norm deltaR: 2.92934)
WARNING: CTestNormDispIncr::test() - failed to converge 
after: 10 iterations  current Norm: 0.000479213 (max: 1e-06, Norm deltaR: 2.92934)
WARNING: CTestNormDispIncr::test() - failed to converge 
after: 10 iterations  current Norm: 0.000479213 (max: 1e-06, Norm deltaR: 2.92934)
WARNING: CTestNormDispIncr::test() - failed to converge 
after: 10 iterations  current Norm: 0.000479213 (max: 1e-06, Norm deltaR: 2.92934)
WARNING: CTestNormDispIncr::test() - failed to converge 
after: 10 iterations  current Norm: 0.000479213 (max: 1e-06, Norm deltaR: 2.92934)
WARNING: CTestNormDispIncr::test() - failed to converge 
after: 10 iterations  current Norm: 0.000479213 (max: 1e-06, Norm deltaR: 2.92934)
WARNING: CTestNormDispIncr::test() - failed to converge 
after: 10 iterations  current Norm: 0.000479213 (max: 1e-06, Norm deltaR: 2.92934)
WARNING: CTestNormDispIncr::test() - failed to converge 
after: 10 iterations  current Norm: 0.000479213 (max: 1e-06, Norm deltaR: 2.92934)
WARNING: CTestNormDispIncr::test() - failed to converge 
after: 10 iterations  current Norm: 0.000479213 (max: 1e-06, Norm deltaR: 2.92934)
WARNING: CTestNormDispIncr::test() - failed to converge 
after: 10 iterations  current Norm: 0.000479213 (max: 1e-06, Norm deltaR: 2.92934)
WARNING: CTestNormDispIncr::test() - failed to converge 
after: 10 iterations  current Norm: 0.000479213 (max: 1e-06, Norm deltaR: 2.92934)
WARNING: CTestNormDispIncr::test() - failed to converge 
after: 10 iterations  current Norm: 0.000479213 (max: 1e-06, Norm deltaR: 2.92934)
WARNING: CTestNormDispIncr::test() - failed to converge 
after: 10 iterations  current Norm: 0.000479213 (max: 1e-06, Norm deltaR: 2.92934)
WARNING: CTestNormDispIncr::test() - failed to converge 
after: 10 iterations  current Norm: 0.000479213 (max: 1e-06, Norm deltaR: 2.92934)
WARNING: CTestNormDispIncr::test() - failed to converge 
after: 10 iterations  current Norm: 0.000479213 (max: 1e-06, Norm deltaR: 2.92934)
WARNING: CTestNormDispIncr::test() - failed to converge 
after: 10 iterations  current Norm: 0.000479213 (max: 1e-06, Norm deltaR: 2.92934)
WARNING: CTestNormDispIncr::test() - failed to converge 
after: 10 iterations  current Norm: 0.000479213 (max: 1e-06, Norm deltaR: 2.92934)
WARNING: CTestNormDispIncr::test() - failed to converge 
after: 10 iterations  current Norm: 0.000479213 (max: 1e-06, Norm deltaR: 2.92934)
WARNING: CTestNormDispIncr::test() - failed to converge 
after: 10 iterations  current Norm: 0.000479213 (max: 1e-06, Norm deltaR: 2.92934)
WARNING: CTestNormDispIncr::test() - failed to converge 
after: 10 iterations  current Norm: 0.000479213 (max: 1e-06, Norm deltaR: 2.92934)
WARNING: CTestNormDispIncr::test() - failed to converge 
after: 10 iterations  current Norm: 0.000479213 (max: 1e-06, Norm deltaR: 2.92934)
WARNING: CTestNormDispIncr::test() - failed to converge 
after: 10 iterations  current Norm: 0.000479213 (max: 1e-06, Norm deltaR: 2.92934)
WARNING: CTestNormDispIncr::test() - failed to converge 
after: 10 iterations  current Norm: 0.000479213 (max: 1e-06, Norm deltaR: 2.92934)
WARNING: CTestNormDispIncr::test() - failed to converge 
after: 10 iterations  current Norm: 0.000479213 (max: 1e-06, Norm deltaR: 2.92934)
WARNING: CTestNormDispIncr::test() - failed to converge 
after: 10 iterations  current Norm: 0.000479213 (max: 1e-06, Norm deltaR: 2.92934)
WARNING: CTestNormDispIncr::test() - failed to converge 
after: 10 iterations  current Norm: 0.000479213 (max: 1e-06, Norm deltaR: 2.92934)
WARNING: CTestNormDispIncr::test() - failed to converge 
after: 10 iterations  current Norm: 0.000479213 (max: 1e-06, Norm deltaR: 2.92934)
WARNING: CTestNormDispIncr::test() - failed to converge 
after: 10 iterations  current Norm: 0.000479213 (max: 1e-06, Norm deltaR: 2.92934)
WARNING: CTestNormDispIncr::test() - failed to converge 
after: 10 iterations  current Norm: 0.000479213 (max: 1e-06, Norm deltaR: 2.92934)
WARNING: CTestNormDispIncr::test() - failed to converge 
after: 10 iterations  current Norm: 0.000479213 (max: 1e-06, Norm deltaR: 2.92934)
WARNING: CTestNormDispIncr::test() - failed to converge 
after: 10 iterations  current Norm: 0.000479213 (max: 1e-06, Norm deltaR: 2.92934)
WARNING: CTestNormDispIncr::test() - failed to converge 
after: 10 iterations  current Norm: 0.000479213 (max: 1e-06, Norm deltaR: 2.92934)
WARNING: CTestNormDispIncr::test() - failed to converge 
after: 10 iterations  current Norm: 0.000479213 (max: 1e-06, Norm deltaR: 2.92934)
WARNING: CTestNormDispIncr::test() - failed to converge 
after: 10 iterations  current Norm: 0.000479213 (max: 1e-06, Norm deltaR: 2.92934)
WARNING: CTestNormDispIncr::test() - failed to converge 
after: 10 iterations  current Norm: 0.000479213 (max: 1e-06, Norm deltaR: 2.92934)
WARNING: CTestNormDispIncr::test() - failed to converge 
after: 10 iterations  current Norm: 0.000479213 (max: 1e-06, Norm deltaR: 2.92934)
WARNING: CTestNormDispIncr::test() - failed to converge 
after: 10 iterations  current Norm: 0.000479213 (max: 1e-06, Norm deltaR: 2.92934)
WARNING: CTestNormDispIncr::test() - failed to converge 
after: 10 iterations  current Norm: 0.000479213 (max: 1e-06, Norm deltaR: 2.92934)
WARNING: CTestNormDispIncr::test() - failed to converge 
after: 10 iterations  current Norm: 0.000479213 (max: 1e-06, Norm deltaR: 2.92934)
WARNING: CTestNormDispIncr::test() - failed to converge 
after: 10 iterations  current Norm: 0.000479213 (max: 1e-06, Norm deltaR: 2.92934)
WARNING: CTestNormDispIncr::test() - failed to converge 
after: 10 iterations  current Norm: 0.000479213 (max: 1e-06, Norm deltaR: 2.92934)
WARNING: CTestNormDispIncr::test() - failed to converge 
after: 10 iterations  current Norm: 0.000479213 (max: 1e-06, Norm deltaR: 2.92934)
WARNING: CTestNormDispIncr::test() - failed to converge 
after: 10 iterations  current Norm: 0.000479213 (max: 1e-06, Norm deltaR: 2.92934)
WARNING: CTestNormDispIncr::test() - failed to converge 
after: 10 iterations  current Norm: 0.000479213 (max: 1e-06, Norm deltaR: 2.92934)
WARNING: CTestNormDispIncr::test() - failed to converge 
after: 10 iterations  current Norm: 0.000479213 (max: 1e-06, Norm deltaR: 2.92934)
WARNING: CTestNormDispIncr::test() - failed to converge 
after: 10 iterations  current Norm: 0.000479213 (max: 1e-06, Norm deltaR: 2.92934)
WARNING: CTestNormDispIncr::test() - failed to converge 
after: 10 iterations  current Norm: 0.000479213 (max: 1e-06, Norm deltaR: 2.92934)
WARNING: CTestNormDispIncr::test() - failed to converge 
after: 10 iterations  current Norm: 0.000479213 (max: 1e-06, Norm deltaR: 2.92934)
WARNING: CTestNormDispIncr::test() - failed to converge 
after: 10 iterations  current Norm: 0.000479213 (max: 1e-06, Norm deltaR: 2.92934)
WARNING: CTestNormDispIncr::test() - failed to converge 
after: 10 iterations  current Norm: 0.000479213 (max: 1e-06, Norm deltaR: 2.92934)
WARNING: CTestNormDispIncr::test() - failed to converge 
after: 10 iterations  current Norm: 0.000479213 (max: 1e-06, Norm deltaR: 2.92934)
WARNING: CTestNormDispIncr::test() - failed to converge 
after: 10 iterations  current Norm: 0.000479213 (max: 1e-06, Norm deltaR: 2.92934)
WARNING: CTestNormDispIncr::test() - failed to converge 
after: 10 iterations  current Norm: 0.000479213 (max: 1e-06, Norm deltaR: 2.92934)
WARNING: CTestNormDispIncr::test() - failed to converge 
after: 10 iterations  current Norm: 0.000479213 (max: 1e-06, Norm deltaR: 2.92934)
WARNING: CTestNormDispIncr::test() - failed to converge 
after: 10 iterations  current Norm: 0.000479213 (max: 1e-06, Norm deltaR: 2.92934)
WARNING: CTestNormDispIncr::test() - failed to converge 
after: 10 iterations  current Norm: 0.000479213 (max: 1e-06, Norm deltaR: 2.92934)
WARNING: CTestNormDispIncr::test() - failed to converge 
after: 10 iterations  current Norm: 0.000479213 (max: 1e-06, Norm deltaR: 2.92934)
WARNING: CTestNormDispIncr::test() - failed to converge 
after: 10 iterations  current Norm: 0.000479213 (max: 1e-06, Norm deltaR: 2.92934)
WARNING: CTestNormDispIncr::test() - failed to converge 
after: 10 iterations  current Norm: 0.000479213 (max: 1e-06, Norm deltaR: 2.92934)
WARNING: CTestNormDispIncr::test() - failed to converge 
after: 10 iterations  current Norm: 0.000479213 (max: 1e-06, Norm deltaR: 2.92934)
WARNING: CTestNormDispIncr::test() - failed to converge 
after: 10 iterations  current Norm: 0.000479213 (max: 1e-06, Norm deltaR: 2.92934)
WARNING: CTestNormDispIncr::test() - failed to converge 
after: 10 iterations  current Norm: 0.000479213 (max: 1e-06, Norm deltaR: 2.92934)
WARNING: CTestNormDispIncr::test() - failed to converge 
after: 10 iterations  current Norm: 0.000479213 (max: 1e-06, Norm deltaR: 2.92934)
WARNING: CTestNormDispIncr::test() - failed to converge 
after: 10 iterations  current Norm: 0.000479213 (max: 1e-06, Norm deltaR: 2.92934)
WARNING: CTestNormDispIncr::test() - failed to converge 
after: 10 iterations  current Norm: 0.000479213 (max: 1e-06, Norm deltaR: 2.92934)
WARNING: CTestNormDispIncr::test() - failed to converge 
after: 10 iterations  current Norm: 0.000479213 (max: 1e-06, Norm deltaR: 2.92934)
WARNING: CTestNormDispIncr::test() - failed to converge 
after: 10 iterations  current Norm: 0.000479213 (max: 1e-06, Norm deltaR: 2.92934)
WARNING: CTestNormDispIncr::test() - failed to converge 
after: 10 iterations  current Norm: 0.000479213 (max: 1e-06, Norm deltaR: 2.92934)
WARNING: CTestNormDispIncr::test() - failed to converge 
after: 10 iterations  current Norm: 0.000479213 (max: 1e-06, Norm deltaR: 2.92934)
WARNING: CTestNormDispIncr::test() - failed to converge 
after: 10 iterations  current Norm: 0.000479213 (max: 1e-06, Norm deltaR: 2.92934)
WARNING: CTestNormDispIncr::test() - failed to converge 
after: 10 iterations  current Norm: 0.000479213 (max: 1e-06, Norm deltaR: 2.92934)
WARNING: CTestNormDispIncr::test() - failed to converge 
after: 10 iterations  current Norm: 0.000479213 (max: 1e-06, Norm deltaR: 2.92934)
WARNING: CTestNormDispIncr::test() - failed to converge 
after: 10 iterations  current Norm: 0.000479213 (max: 1e-06, Norm deltaR: 2.92934)
WARNING: CTestNormDispIncr::test() - failed to converge 
after: 10 iterations  current Norm: 0.000479213 (max: 1e-06, Norm deltaR: 2.92934)
WARNING: CTestNormDispIncr::test() - failed to converge 
after: 10 iterations  current Norm: 0.000479213 (max: 1e-06, Norm deltaR: 2.92934)
WARNING: CTestNormDispIncr::test() - failed to converge 
after: 10 iterations  current Norm: 0.000479213 (max: 1e-06, Norm deltaR: 2.92934)
WARNING: CTestNormDispIncr::test() - failed to converge 
after: 10 iterations  current Norm: 0.000479213 (max: 1e-06, Norm deltaR: 2.92934)
WARNING: CTestNormDispIncr::test() - failed to converge 
after: 10 iterations  current Norm: 0.000479213 (max: 1e-06, Norm deltaR: 2.92934)
WARNING: CTestNormDispIncr::test() - failed to converge 
after: 10 iterations  current Norm: 0.000479213 (max: 1e-06, Norm deltaR: 2.92934)
WARNING: CTestNormDispIncr::test() - failed to converge 
after: 10 iterations  current Norm: 0.000479213 (max: 1e-06, Norm deltaR: 2.92934)
WARNING: CTestNormDispIncr::test() - failed to converge 
after: 10 iterations  current Norm: 0.000479213 (max: 1e-06, Norm deltaR: 2.92934)
WARNING: CTestNormDispIncr::test() - failed to converge 
after: 10 iterations  current Norm: 0.000479213 (max: 1e-06, Norm deltaR: 2.92934)
WARNING: CTestNormDispIncr::test() - failed to converge 
after: 10 iterations  current Norm: 0.000479213 (max: 1e-06, Norm deltaR: 2.92934)
WARNING: CTestNormDispIncr::test() - failed to converge 
after: 10 iterations  current Norm: 0.000479213 (max: 1e-06, Norm deltaR: 2.92934)
WARNING: CTestNormDispIncr::test() - failed to converge 
after: 10 iterations  current Norm: 0.000479213 (max: 1e-06, Norm deltaR: 2.92934)
WARNING: CTestNormDispIncr::test() - failed to converge 
after: 10 iterations  current Norm: 0.000479213 (max: 1e-06, Norm deltaR: 2.92934)
WARNING: CTestNormDispIncr::test() - failed to converge 
after: 10 iterations  current Norm: 0.000479213 (max: 1e-06, Norm deltaR: 2.92934)
WARNING: CTestNormDispIncr::test() - failed to converge 
after: 10 iterations  current Norm: 0.000479213 (max: 1e-06, Norm deltaR: 2.92934)
WARNING: CTestNormDispIncr::test() - failed to converge 
after: 10 iterations  current Norm: 0.000479213 (max: 1e-06, Norm deltaR: 2.92934)
WARNING: CTestNormDispIncr::test() - failed to converge 
after: 10 iterations  current Norm: 0.000479213 (max: 1e-06, Norm deltaR: 2.92934)
WARNING: CTestNormDispIncr::test() - failed to converge 
after: 10 iterations  current Norm: 0.000479213 (max: 1e-06, Norm deltaR: 2.92934)
WARNING: CTestNormDispIncr::test() - failed to converge 
after: 10 iterations  current Norm: 0.000479213 (max: 1e-06, Norm deltaR: 2.92934)
WARNING: CTestNormDispIncr::test() - failed to converge 
after: 10 iterations  current Norm: 0.000479213 (max: 1e-06, Norm deltaR: 2.92934)
WARNING: CTestNormDispIncr::test() - failed to converge 
after: 100 iterations  current Norm: 0.000479213 (max: 1e-06, Norm deltaR: 2.92934)
BFGS::solveCurrentStep() -the ConvergenceTest object failed in test()
DirectIntegrationAnalysis::analyze() - the Algorithm failed at time 54.025
OpenSees > analyze failed, returned: -3 error flag
WARNING - ForceBeamColumn3d::update - failed to get compatible element forces & deformations for element: 2311(dW: << 0.00112353, dW0: 0.0372178)
Domain::update - domain failed in update
TRBDF2::update() - failed to update the domain
WARNING AcceleratedNewton::solveCurrentStep() -the Integrator failed in update()
DirectIntegrationAnalysis::analyze() - the Algorithm failed at time 54.0238
OpenSees > analyze failed, returned: -3 error flag
WARNING: CTestNormDispIncr::test() - failed to converge 
after: 100 iterations  current Norm: 7.58668e-06 (max: 1e-06, Norm deltaR: 1.35357)
NewtonLineSearch::solveCurrentStep() -the ConvergenceTest object failed in test()
DirectIntegrationAnalysis::analyze() - the Algorithm failed at time 54.0238
OpenSees > analyze failed, returned: -3 error flag
WARNING - ForceBeamColumn3d::update - failed to get compatible element forces & deformations for element: 2311(dW: << 0.0367366, dW0: 0.00111668)
Domain::update - domain failed in update
TRBDF2::update() - failed to update the domain
WARNING Broyden::solveCurrentStep() -the Integrator failed in update()
DirectIntegrationAnalysis::analyze() - the Algorithm failed at time 54.0238
OpenSees > analyze failed, returned: -3 error flag
WARNING: CTestNormDispIncr::test() - failed to converge 
after: 10 iterations  current Norm: 1.6754 (max: 1e-06, Norm deltaR: 5.35752e+08)
WARNING: CTestNormDispIncr::test() - failed to converge 
after: 10 iterations  current Norm: 0.000436547 (max: 1e-06, Norm deltaR: 1.68442)
WARNING - ForceBeamColumn3d::update - failed to get compatible element forces & deformations for element: 2311(dW: << 0.00112353, dW0: 0.0372368)
Domain::update - domain failed in update
TRBDF2::update() - failed to update the domain
WARNING BFGS::solveCurrentStep() -the Integrator failed in update()
DirectIntegrationAnalysis::analyze() - the Algorithm failed at time 54.0238
OpenSees > analyze failed, returned: -3 error flag
WARNING - ForceBeamColumn3d::update - failed to get compatible element forces & deformations for element: 2311(dW: << 0.00112353, dW0: 0.0368923)
Domain::update - domain failed in update
TRBDF2::update() - failed to update the domain
WARNING AcceleratedNewton::solveCurrentStep() -the Integrator failed in update()
DirectIntegrationAnalysis::analyze() - the Algorithm failed at time 54.0238
OpenSees > analyze failed, returned: -3 error flag
WARNING: CTestNormDispIncr::test() - failed to converge 
after: 100 iterations  current Norm: 2.00398e-05 (max: 1e-05, Norm deltaR: 4.05394)
NewtonLineSearch::solveCurrentStep() -the ConvergenceTest object failed in test()
DirectIntegrationAnalysis::analyze() - the Algorithm failed at time 54.0338
OpenSees > analyze failed, returned: -3 error flag
WARNING - ForceBeamColumn3d::update - failed to get compatible element forces & deformations for element: 2201(dW: << 0.000967543, dW0: 0.0339691)
Domain::update - domain failed in update
TRBDF2::update() - failed to update the domain
WARNING AcceleratedNewton::solveCurrentStep() -the Integrator failed in update()
DirectIntegrationAnalysis::analyze() - the Algorithm failed at time 54.0338
OpenSees > analyze failed, returned: -3 error flag
WARNING - ForceBeamColumn3d::update - failed to get compatible element forces & deformations for element: 2201(dW: << 0.000967543, dW0: 0.0340691)
Domain::update - domain failed in update
TRBDF2::update() - failed to update the domain
WARNInG InitialInterpolatedLineSearch::search() -the Integrator failed in update()
WARNING - ForceBeamColumn3d::update - failed to get compatible element forces & deformations for element: 2201(dW: << 0.000967543, dW0: 0.0340962)
Domain::update - domain failed in update
TRBDF2::update() - failed to update the domain
WARNInG InitialInterpolatedLineSearch::search() -the Integrator failed in update()
WARNING - ForceBeamColumn3d::update - failed to get compatible element forces & deformations for element: 2201(dW: << 0.000967543, dW0: 0.0340968)
Domain::update - domain failed in update
TRBDF2::update() - failed to update the domain
WARNInG InitialInterpolatedLineSearch::search() -the Integrator failed in update()
WARNING - ForceBeamColumn3d::update - failed to get compatible element forces & deformations for element: 2201(dW: << 0.000967544, dW0: 0.0340968)
Domain::update - domain failed in update
TRBDF2::update() - failed to update the domain
WARNInG InitialInterpolatedLineSearch::search() -the Integrator failed in update()
WARNING - ForceBeamColumn3d::update - failed to get compatible element forces & deformations for element: 2201(dW: << 0.000967544, dW0: 0.0340968)
Domain::update - domain failed in update
TRBDF2::update() - failed to update the domain
WARNInG InitialInterpolatedLineSearch::search() -the Integrator failed in update()
WARNING - ForceBeamColumn3d::update - failed to get compatible element forces & deformations for element: 2201(dW: << 0.000967544, dW0: 0.0340968)
Domain::update - domain failed in update
TRBDF2::update() - failed to update the domain
WARNInG InitialInterpolatedLineSearch::search() -the Integrator failed in update()
WARNING - ForceBeamColumn3d::update - failed to get compatible element forces & deformations for element: 2201(dW: << 0.000967544, dW0: 0.0340968)
Domain::update - domain failed in update
TRBDF2::update() - failed to update the domain
WARNInG InitialInterpolatedLineSearch::search() -the Integrator failed in update()
WARNING - ForceBeamColumn3d::update - failed to get compatible element forces & deformations for element: 2201(dW: << 0.000967544, dW0: 0.0340968)
Domain::update - domain failed in update
TRBDF2::update() - failed to update the domain
WARNInG InitialInterpolatedLineSearch::search() -the Integrator failed in update()
WARNING - ForceBeamColumn3d::update - failed to get compatible element forces & deformations for element: 2201(dW: << 0.000967544, dW0: 0.0340968)
Domain::update - domain failed in update
TRBDF2::update() - failed to update the domain
WARNInG InitialInterpolatedLineSearch::search() -the Integrator failed in update()
WARNING - ForceBeamColumn3d::update - failed to get compatible element forces & deformations for element: 2201(dW: << 0.000967544, dW0: 0.0340968)
Domain::update - domain failed in update
TRBDF2::update() - failed to update the domain
WARNInG InitialInterpolatedLineSearch::search() -the Integrator failed in update()
WARNING - ForceBeamColumn3d::update - failed to get compatible element forces & deformations for element: 2201(dW: << 0.000967544, dW0: 0.0340968)
Domain::update - domain failed in update
TRBDF2::update() - failed to update the domain
WARNInG InitialInterpolatedLineSearch::search() -the Integrator failed in update()
WARNING - ForceBeamColumn3d::update - failed to get compatible element forces & deformations for element: 2201(dW: << 0.000967544, dW0: 0.0340968)
Domain::update - domain failed in update
TRBDF2::update() - failed to update the domain
WARNInG InitialInterpolatedLineSearch::search() -the Integrator failed in update()
WARNING - ForceBeamColumn3d::update - failed to get compatible element forces & deformations for element: 2201(dW: << 0.000967544, dW0: 0.0340968)
Domain::update - domain failed in update
TRBDF2::update() - failed to update the domain
WARNInG InitialInterpolatedLineSearch::search() -the Integrator failed in update()
WARNING - ForceBeamColumn3d::update - failed to get compatible element forces & deformations for element: 2201(dW: << 0.000967544, dW0: 0.0340968)
Domain::update - domain failed in update
TRBDF2::update() - failed to update the domain
WARNInG InitialInterpolatedLineSearch::search() -the Integrator failed in update()
WARNING: CTestNormDispIncr::test() - failed to converge 
after: 100 iterations  current Norm: 0.000277833 (max: 1e-06, Norm deltaR: 5.52577)
NewtonLineSearch::solveCurrentStep() -the ConvergenceTest object failed in test()
DirectIntegrationAnalysis::analyze() - the Algorithm failed at time 54.0338
OpenSees > analyze failed, returned: -3 error flag
WARNING: CTestNormDispIncr::test() - failed to converge 
after: 10 iterations  current Norm: 0.000372186 (max: 1e-06, Norm deltaR: 3.43103)
WARNING: CTestNormDispIncr::test() - failed to converge 
after: 10 iterations  current Norm: 0.000936476 (max: 1e-06, Norm deltaR: 3.54366)
WARNING - ForceBeamColumn3d::update - failed to get compatible element forces & deformations for element: 2201(dW: << 0.000967542, dW0: 0.0339153)
Domain::update - domain failed in update
TRBDF2::update() - failed to update the domain
WARNING Broyden::solveCurrentStep() -the Integrator failed in update()
DirectIntegrationAnalysis::analyze() - the Algorithm failed at time 54.0338
OpenSees > analyze failed, returned: -3 error flag
WARNING: CTestNormDispIncr::test() - failed to converge 
after: 10 iterations  current Norm: 3.02699 (max: 1e-06, Norm deltaR: 2.6842e+09)
WARNING: CTestNormDispIncr::test() - failed to converge 
after: 10 iterations  current Norm: 0.0795803 (max: 1e-06, Norm deltaR: 71.6974)
WARNING: CTestNormDispIncr::test() - failed to converge 
after: 10 iterations  current Norm: 0.000247145 (max: 1e-06, Norm deltaR: 2.68822)
WARNING - ForceBeamColumn3d::update - failed to get compatible element forces & deformations for element: 2201(dW: << 0.000967542, dW0: 0.0339103)
Domain::update - domain failed in update
TRBDF2::update() - failed to update the domain
WARNING BFGS::solveCurrentStep() -the Integrator failed in update()
DirectIntegrationAnalysis::analyze() - the Algorithm failed at time 54.0338
OpenSees > analyze failed, returned: -3 error flag
WARNING - ForceBeamColumn3d::update - failed to get compatible element forces & deformations for element: 2201(dW: << 0.000967542, dW0: 0.0336071)
Domain::update - domain failed in update
TRBDF2::update() - failed to update the domain
WARNING AcceleratedNewton::solveCurrentStep() -the Integrator failed in update()
DirectIntegrationAnalysis::analyze() - the Algorithm failed at time 54.0313
OpenSees > analyze failed, returned: -3 error flag
WARNING: CTestNormDispIncr::test() - failed to converge 
after: 100 iterations  current Norm: 7.23065e-06 (max: 1e-06, Norm deltaR: 2.62881)
NewtonLineSearch::solveCurrentStep() -the ConvergenceTest object failed in test()
DirectIntegrationAnalysis::analyze() - the Algorithm failed at time 54.0313
OpenSees > analyze failed, returned: -3 error flag
WARNING: CTestNormDispIncr::test() - failed to converge 
after: 10 iterations  current Norm: 0.00019985 (max: 1e-06, Norm deltaR: 25.46)
WARNING: CTestNormDispIncr::test() - failed to converge 
after: 10 iterations  current Norm: 0.000225663 (max: 1e-06, Norm deltaR: 4.42408)
WARNING: CTestNormDispIncr::test() - failed to converge 
after: 10 iterations  current Norm: 0.000226786 (max: 1e-06, Norm deltaR: 4.42408)
WARNING: CTestNormDispIncr::test() - failed to converge 
after: 10 iterations  current Norm: 0.000226786 (max: 1e-06, Norm deltaR: 4.42408)
WARNING: CTestNormDispIncr::test() - failed to converge 
after: 10 iterations  current Norm: 0.000226786 (max: 1e-06, Norm deltaR: 4.42408)
WARNING: CTestNormDispIncr::test() - failed to converge 
after: 10 iterations  current Norm: 0.000226786 (max: 1e-06, Norm deltaR: 4.42408)
WARNING: CTestNormDispIncr::test() - failed to converge 
after: 10 iterations  current Norm: 0.000226786 (max: 1e-06, Norm deltaR: 4.42408)
WARNING: CTestNormDispIncr::test() - failed to converge 
after: 10 iterations  current Norm: 0.000226786 (max: 1e-06, Norm deltaR: 4.42408)
WARNING: CTestNormDispIncr::test() - failed to converge 
after: 10 iterations  current Norm: 0.000226786 (max: 1e-06, Norm deltaR: 4.42408)
WARNING: CTestNormDispIncr::test() - failed to converge 
after: 10 iterations  current Norm: 0.000226786 (max: 1e-06, Norm deltaR: 4.42408)
WARNING: CTestNormDispIncr::test() - failed to converge 
after: 10 iterations  current Norm: 0.000226786 (max: 1e-06, Norm deltaR: 4.42408)
WARNING: CTestNormDispIncr::test() - failed to converge 
after: 10 iterations  current Norm: 0.000226786 (max: 1e-06, Norm deltaR: 4.42408)
WARNING: CTestNormDispIncr::test() - failed to converge 
after: 10 iterations  current Norm: 0.000226786 (max: 1e-06, Norm deltaR: 4.42408)
WARNING: CTestNormDispIncr::test() - failed to converge 
after: 10 iterations  current Norm: 0.000226786 (max: 1e-06, Norm deltaR: 4.42408)
WARNING: CTestNormDispIncr::test() - failed to converge 
after: 10 iterations  current Norm: 0.000226786 (max: 1e-06, Norm deltaR: 4.42408)
WARNING: CTestNormDispIncr::test() - failed to converge 
after: 10 iterations  current Norm: 0.000226786 (max: 1e-06, Norm deltaR: 4.42408)
WARNING: CTestNormDispIncr::test() - failed to converge 
after: 10 iterations  current Norm: 0.000226786 (max: 1e-06, Norm deltaR: 4.42408)
WARNING: CTestNormDispIncr::test() - failed to converge 
after: 10 iterations  current Norm: 0.000226786 (max: 1e-06, Norm deltaR: 4.42408)
WARNING: CTestNormDispIncr::test() - failed to converge 
after: 10 iterations  current Norm: 0.000226786 (max: 1e-06, Norm deltaR: 4.42408)
WARNING: CTestNormDispIncr::test() - failed to converge 
after: 10 iterations  current Norm: 0.000226786 (max: 1e-06, Norm deltaR: 4.42408)
WARNING: CTestNormDispIncr::test() - failed to converge 
after: 10 iterations  current Norm: 0.000226786 (max: 1e-06, Norm deltaR: 4.42408)
WARNING: CTestNormDispIncr::test() - failed to converge 
after: 10 iterations  current Norm: 0.000226786 (max: 1e-06, Norm deltaR: 4.42408)
WARNING: CTestNormDispIncr::test() - failed to converge 
after: 10 iterations  current Norm: 0.000226786 (max: 1e-06, Norm deltaR: 4.42408)
WARNING: CTestNormDispIncr::test() - failed to converge 
after: 10 iterations  current Norm: 0.000226786 (max: 1e-06, Norm deltaR: 4.42408)
WARNING: CTestNormDispIncr::test() - failed to converge 
after: 10 iterations  current Norm: 0.000226786 (max: 1e-06, Norm deltaR: 4.42408)
WARNING: CTestNormDispIncr::test() - failed to converge 
after: 10 iterations  current Norm: 0.000226786 (max: 1e-06, Norm deltaR: 4.42408)
WARNING: CTestNormDispIncr::test() - failed to converge 
after: 10 iterations  current Norm: 0.000226786 (max: 1e-06, Norm deltaR: 4.42408)
WARNING: CTestNormDispIncr::test() - failed to converge 
after: 10 iterations  current Norm: 0.000226786 (max: 1e-06, Norm deltaR: 4.42408)
WARNING: CTestNormDispIncr::test() - failed to converge 
after: 10 iterations  current Norm: 0.000226786 (max: 1e-06, Norm deltaR: 4.42408)
WARNING: CTestNormDispIncr::test() - failed to converge 
after: 10 iterations  current Norm: 0.000226786 (max: 1e-06, Norm deltaR: 4.42408)
WARNING: CTestNormDispIncr::test() - failed to converge 
after: 10 iterations  current Norm: 0.000226786 (max: 1e-06, Norm deltaR: 4.42408)
WARNING: CTestNormDispIncr::test() - failed to converge 
after: 10 iterations  current Norm: 0.000226786 (max: 1e-06, Norm deltaR: 4.42408)
WARNING: CTestNormDispIncr::test() - failed to converge 
after: 10 iterations  current Norm: 0.000226786 (max: 1e-06, Norm deltaR: 4.42408)
WARNING: CTestNormDispIncr::test() - failed to converge 
after: 10 iterations  current Norm: 0.000226786 (max: 1e-06, Norm deltaR: 4.42408)
WARNING: CTestNormDispIncr::test() - failed to converge 
after: 10 iterations  current Norm: 0.000226786 (max: 1e-06, Norm deltaR: 4.42408)
WARNING: CTestNormDispIncr::test() - failed to converge 
after: 10 iterations  current Norm: 0.000226786 (max: 1e-06, Norm deltaR: 4.42408)
WARNING: CTestNormDispIncr::test() - failed to converge 
after: 10 iterations  current Norm: 0.000226786 (max: 1e-06, Norm deltaR: 4.42408)
WARNING: CTestNormDispIncr::test() - failed to converge 
after: 10 iterations  current Norm: 0.000226786 (max: 1e-06, Norm deltaR: 4.42408)
WARNING: CTestNormDispIncr::test() - failed to converge 
after: 10 iterations  current Norm: 0.000226786 (max: 1e-06, Norm deltaR: 4.42408)
WARNING: CTestNormDispIncr::test() - failed to converge 
after: 10 iterations  current Norm: 0.000226786 (max: 1e-06, Norm deltaR: 4.42408)
WARNING: CTestNormDispIncr::test() - failed to converge 
after: 10 iterations  current Norm: 0.000226786 (max: 1e-06, Norm deltaR: 4.42408)
WARNING: CTestNormDispIncr::test() - failed to converge 
after: 10 iterations  current Norm: 0.000226786 (max: 1e-06, Norm deltaR: 4.42408)
WARNING: CTestNormDispIncr::test() - failed to converge 
after: 10 iterations  current Norm: 0.000226786 (max: 1e-06, Norm deltaR: 4.42408)
WARNING: CTestNormDispIncr::test() - failed to converge 
after: 10 iterations  current Norm: 0.000226786 (max: 1e-06, Norm deltaR: 4.42408)
WARNING: CTestNormDispIncr::test() - failed to converge 
after: 10 iterations  current Norm: 0.000226786 (max: 1e-06, Norm deltaR: 4.42408)
WARNING: CTestNormDispIncr::test() - failed to converge 
after: 10 iterations  current Norm: 0.000226786 (max: 1e-06, Norm deltaR: 4.42408)
WARNING: CTestNormDispIncr::test() - failed to converge 
after: 10 iterations  current Norm: 0.000226786 (max: 1e-06, Norm deltaR: 4.42408)
WARNING: CTestNormDispIncr::test() - failed to converge 
after: 10 iterations  current Norm: 0.000226786 (max: 1e-06, Norm deltaR: 4.42408)
WARNING: CTestNormDispIncr::test() - failed to converge 
after: 10 iterations  current Norm: 0.000226786 (max: 1e-06, Norm deltaR: 4.42408)
WARNING: CTestNormDispIncr::test() - failed to converge 
after: 10 iterations  current Norm: 0.000226786 (max: 1e-06, Norm deltaR: 4.42408)
WARNING: CTestNormDispIncr::test() - failed to converge 
after: 10 iterations  current Norm: 0.000226786 (max: 1e-06, Norm deltaR: 4.42408)
WARNING: CTestNormDispIncr::test() - failed to converge 
after: 10 iterations  current Norm: 0.000226786 (max: 1e-06, Norm deltaR: 4.42408)
WARNING: CTestNormDispIncr::test() - failed to converge 
after: 10 iterations  current Norm: 0.000226786 (max: 1e-06, Norm deltaR: 4.42408)
WARNING: CTestNormDispIncr::test() - failed to converge 
after: 10 iterations  current Norm: 0.000226786 (max: 1e-06, Norm deltaR: 4.42408)
WARNING: CTestNormDispIncr::test() - failed to converge 
after: 10 iterations  current Norm: 0.000226786 (max: 1e-06, Norm deltaR: 4.42408)
WARNING: CTestNormDispIncr::test() - failed to converge 
after: 10 iterations  current Norm: 0.000226786 (max: 1e-06, Norm deltaR: 4.42408)
WARNING: CTestNormDispIncr::test() - failed to converge 
after: 10 iterations  current Norm: 0.000226786 (max: 1e-06, Norm deltaR: 4.42408)
WARNING: CTestNormDispIncr::test() - failed to converge 
after: 10 iterations  current Norm: 0.000226786 (max: 1e-06, Norm deltaR: 4.42408)
WARNING: CTestNormDispIncr::test() - failed to converge 
after: 10 iterations  current Norm: 0.000226786 (max: 1e-06, Norm deltaR: 4.42408)
WARNING: CTestNormDispIncr::test() - failed to converge 
after: 10 iterations  current Norm: 0.000226786 (max: 1e-06, Norm deltaR: 4.42408)
WARNING: CTestNormDispIncr::test() - failed to converge 
after: 10 iterations  current Norm: 0.000226786 (max: 1e-06, Norm deltaR: 4.42408)
WARNING: CTestNormDispIncr::test() - failed to converge 
after: 10 iterations  current Norm: 0.000226786 (max: 1e-06, Norm deltaR: 4.42408)
WARNING: CTestNormDispIncr::test() - failed to converge 
after: 10 iterations  current Norm: 0.000226786 (max: 1e-06, Norm deltaR: 4.42408)
WARNING: CTestNormDispIncr::test() - failed to converge 
after: 10 iterations  current Norm: 0.000226786 (max: 1e-06, Norm deltaR: 4.42408)
WARNING: CTestNormDispIncr::test() - failed to converge 
after: 10 iterations  current Norm: 0.000226786 (max: 1e-06, Norm deltaR: 4.42408)
WARNING: CTestNormDispIncr::test() - failed to converge 
after: 10 iterations  current Norm: 0.000226786 (max: 1e-06, Norm deltaR: 4.42408)
WARNING: CTestNormDispIncr::test() - failed to converge 
after: 10 iterations  current Norm: 0.000226786 (max: 1e-06, Norm deltaR: 4.42408)
WARNING: CTestNormDispIncr::test() - failed to converge 
after: 10 iterations  current Norm: 0.000226786 (max: 1e-06, Norm deltaR: 4.42408)
WARNING: CTestNormDispIncr::test() - failed to converge 
after: 10 iterations  current Norm: 0.000226786 (max: 1e-06, Norm deltaR: 4.42408)
WARNING: CTestNormDispIncr::test() - failed to converge 
after: 10 iterations  current Norm: 0.000226786 (max: 1e-06, Norm deltaR: 4.42408)
WARNING: CTestNormDispIncr::test() - failed to converge 
after: 10 iterations  current Norm: 0.000226786 (max: 1e-06, Norm deltaR: 4.42408)
WARNING: CTestNormDispIncr::test() - failed to converge 
after: 10 iterations  current Norm: 0.000226786 (max: 1e-06, Norm deltaR: 4.42408)
WARNING: CTestNormDispIncr::test() - failed to converge 
after: 10 iterations  current Norm: 0.000226786 (max: 1e-06, Norm deltaR: 4.42408)
WARNING: CTestNormDispIncr::test() - failed to converge 
after: 10 iterations  current Norm: 0.000226786 (max: 1e-06, Norm deltaR: 4.42408)
WARNING: CTestNormDispIncr::test() - failed to converge 
after: 10 iterations  current Norm: 0.000226786 (max: 1e-06, Norm deltaR: 4.42408)
WARNING: CTestNormDispIncr::test() - failed to converge 
after: 10 iterations  current Norm: 0.000226786 (max: 1e-06, Norm deltaR: 4.42408)
WARNING: CTestNormDispIncr::test() - failed to converge 
after: 10 iterations  current Norm: 0.000226786 (max: 1e-06, Norm deltaR: 4.42408)
WARNING: CTestNormDispIncr::test() - failed to converge 
after: 10 iterations  current Norm: 0.000226786 (max: 1e-06, Norm deltaR: 4.42408)
WARNING: CTestNormDispIncr::test() - failed to converge 
after: 10 iterations  current Norm: 0.000226786 (max: 1e-06, Norm deltaR: 4.42408)
WARNING: CTestNormDispIncr::test() - failed to converge 
after: 10 iterations  current Norm: 0.000226786 (max: 1e-06, Norm deltaR: 4.42408)
WARNING: CTestNormDispIncr::test() - failed to converge 
after: 10 iterations  current Norm: 0.000226786 (max: 1e-06, Norm deltaR: 4.42408)
WARNING: CTestNormDispIncr::test() - failed to converge 
after: 10 iterations  current Norm: 0.000226786 (max: 1e-06, Norm deltaR: 4.42408)
WARNING: CTestNormDispIncr::test() - failed to converge 
after: 10 iterations  current Norm: 0.000226786 (max: 1e-06, Norm deltaR: 4.42408)
WARNING: CTestNormDispIncr::test() - failed to converge 
after: 10 iterations  current Norm: 0.000226786 (max: 1e-06, Norm deltaR: 4.42408)
WARNING: CTestNormDispIncr::test() - failed to converge 
after: 10 iterations  current Norm: 0.000226786 (max: 1e-06, Norm deltaR: 4.42408)
WARNING: CTestNormDispIncr::test() - failed to converge 
after: 10 iterations  current Norm: 0.000226786 (max: 1e-06, Norm deltaR: 4.42408)
WARNING: CTestNormDispIncr::test() - failed to converge 
after: 10 iterations  current Norm: 0.000226786 (max: 1e-06, Norm deltaR: 4.42408)
WARNING: CTestNormDispIncr::test() - failed to converge 
after: 10 iterations  current Norm: 0.000226786 (max: 1e-06, Norm deltaR: 4.42408)
WARNING: CTestNormDispIncr::test() - failed to converge 
after: 10 iterations  current Norm: 0.000226786 (max: 1e-06, Norm deltaR: 4.42408)
WARNING: CTestNormDispIncr::test() - failed to converge 
after: 10 iterations  current Norm: 0.000226786 (max: 1e-06, Norm deltaR: 4.42408)
WARNING: CTestNormDispIncr::test() - failed to converge 
after: 10 iterations  current Norm: 0.000226786 (max: 1e-06, Norm deltaR: 4.42408)
WARNING: CTestNormDispIncr::test() - failed to converge 
after: 10 iterations  current Norm: 0.000226786 (max: 1e-06, Norm deltaR: 4.42408)
WARNING: CTestNormDispIncr::test() - failed to converge 
after: 10 iterations  current Norm: 0.000226786 (max: 1e-06, Norm deltaR: 4.42408)
WARNING: CTestNormDispIncr::test() - failed to converge 
after: 10 iterations  current Norm: 0.000226786 (max: 1e-06, Norm deltaR: 4.42408)
WARNING: CTestNormDispIncr::test() - failed to converge 
after: 10 iterations  current Norm: 0.000226786 (max: 1e-06, Norm deltaR: 4.42408)
WARNING: CTestNormDispIncr::test() - failed to converge 
after: 10 iterations  current Norm: 0.000226786 (max: 1e-06, Norm deltaR: 4.42408)
WARNING: CTestNormDispIncr::test() - failed to converge 
after: 10 iterations  current Norm: 0.000226786 (max: 1e-06, Norm deltaR: 4.42408)
WARNING: CTestNormDispIncr::test() - failed to converge 
after: 10 iterations  current Norm: 0.000226786 (max: 1e-06, Norm deltaR: 4.42408)
WARNING: CTestNormDispIncr::test() - failed to converge 
after: 10 iterations  current Norm: 0.000226786 (max: 1e-06, Norm deltaR: 4.42408)
WARNING: CTestNormDispIncr::test() - failed to converge 
after: 10 iterations  current Norm: 0.000226786 (max: 1e-06, Norm deltaR: 4.42408)
WARNING: CTestNormDispIncr::test() - failed to converge 
after: 100 iterations  current Norm: 0.000226786 (max: 1e-06, Norm deltaR: 4.42408)
Broyden::solveCurrentStep() -the ConvergenceTest object failed in test()
DirectIntegrationAnalysis::analyze() - the Algorithm failed at time 54.0313
OpenSees > analyze failed, returned: -3 error flag
WARNING: CTestNormDispIncr::test() - failed to converge 
after: 10 iterations  current Norm: 1.44493 (max: 1e-06, Norm deltaR: 2.69082e+09)
WARNING: CTestNormDispIncr::test() - failed to converge 
after: 10 iterations  current Norm: 0.000558812 (max: 1e-06, Norm deltaR: 3.60994)
WARNING: CTestNormDispIncr::test() - failed to converge 
after: 10 iterations  current Norm: 0.000225608 (max: 1e-06, Norm deltaR: 4.42408)
WARNING: CTestNormDispIncr::test() - failed to converge 
after: 10 iterations  current Norm: 0.000226786 (max: 1e-06, Norm deltaR: 4.42408)
WARNING: CTestNormDispIncr::test() - failed to converge 
after: 10 iterations  current Norm: 0.000226786 (max: 1e-06, Norm deltaR: 4.42408)
WARNING: CTestNormDispIncr::test() - failed to converge 
after: 10 iterations  current Norm: 0.000226786 (max: 1e-06, Norm deltaR: 4.42408)
WARNING: CTestNormDispIncr::test() - failed to converge 
after: 10 iterations  current Norm: 0.000226786 (max: 1e-06, Norm deltaR: 4.42408)
WARNING: CTestNormDispIncr::test() - failed to converge 
after: 10 iterations  current Norm: 0.000226786 (max: 1e-06, Norm deltaR: 4.42408)
WARNING: CTestNormDispIncr::test() - failed to converge 
after: 10 iterations  current Norm: 0.000226786 (max: 1e-06, Norm deltaR: 4.42408)
WARNING: CTestNormDispIncr::test() - failed to converge 
after: 10 iterations  current Norm: 0.000226786 (max: 1e-06, Norm deltaR: 4.42408)
WARNING: CTestNormDispIncr::test() - failed to converge 
after: 10 iterations  current Norm: 0.000226786 (max: 1e-06, Norm deltaR: 4.42408)
WARNING: CTestNormDispIncr::test() - failed to converge 
after: 10 iterations  current Norm: 0.000226786 (max: 1e-06, Norm deltaR: 4.42408)
WARNING: CTestNormDispIncr::test() - failed to converge 
after: 10 iterations  current Norm: 0.000226786 (max: 1e-06, Norm deltaR: 4.42408)
WARNING: CTestNormDispIncr::test() - failed to converge 
after: 10 iterations  current Norm: 0.000226786 (max: 1e-06, Norm deltaR: 4.42408)
WARNING: CTestNormDispIncr::test() - failed to converge 
after: 10 iterations  current Norm: 0.000226786 (max: 1e-06, Norm deltaR: 4.42408)
WARNING: CTestNormDispIncr::test() - failed to converge 
after: 10 iterations  current Norm: 0.000226786 (max: 1e-06, Norm deltaR: 4.42408)
WARNING: CTestNormDispIncr::test() - failed to converge 
after: 10 iterations  current Norm: 0.000226786 (max: 1e-06, Norm deltaR: 4.42408)
WARNING: CTestNormDispIncr::test() - failed to converge 
after: 10 iterations  current Norm: 0.000226786 (max: 1e-06, Norm deltaR: 4.42408)
WARNING: CTestNormDispIncr::test() - failed to converge 
after: 10 iterations  current Norm: 0.000226786 (max: 1e-06, Norm deltaR: 4.42408)
WARNING: CTestNormDispIncr::test() - failed to converge 
after: 10 iterations  current Norm: 0.000226786 (max: 1e-06, Norm deltaR: 4.42408)
WARNING: CTestNormDispIncr::test() - failed to converge 
after: 10 iterations  current Norm: 0.000226786 (max: 1e-06, Norm deltaR: 4.42408)
WARNING: CTestNormDispIncr::test() - failed to converge 
after: 10 iterations  current Norm: 0.000226786 (max: 1e-06, Norm deltaR: 4.42408)
WARNING: CTestNormDispIncr::test() - failed to converge 
after: 10 iterations  current Norm: 0.000226786 (max: 1e-06, Norm deltaR: 4.42408)
WARNING: CTestNormDispIncr::test() - failed to converge 
after: 10 iterations  current Norm: 0.000226786 (max: 1e-06, Norm deltaR: 4.42408)
WARNING: CTestNormDispIncr::test() - failed to converge 
after: 10 iterations  current Norm: 0.000226786 (max: 1e-06, Norm deltaR: 4.42408)
WARNING: CTestNormDispIncr::test() - failed to converge 
after: 10 iterations  current Norm: 0.000226786 (max: 1e-06, Norm deltaR: 4.42408)
WARNING: CTestNormDispIncr::test() - failed to converge 
after: 10 iterations  current Norm: 0.000226786 (max: 1e-06, Norm deltaR: 4.42408)
WARNING: CTestNormDispIncr::test() - failed to converge 
after: 10 iterations  current Norm: 0.000226786 (max: 1e-06, Norm deltaR: 4.42408)
WARNING: CTestNormDispIncr::test() - failed to converge 
after: 10 iterations  current Norm: 0.000226786 (max: 1e-06, Norm deltaR: 4.42408)
WARNING: CTestNormDispIncr::test() - failed to converge 
after: 10 iterations  current Norm: 0.000226786 (max: 1e-06, Norm deltaR: 4.42408)
WARNING: CTestNormDispIncr::test() - failed to converge 
after: 10 iterations  current Norm: 0.000226786 (max: 1e-06, Norm deltaR: 4.42408)
WARNING: CTestNormDispIncr::test() - failed to converge 
after: 10 iterations  current Norm: 0.000226786 (max: 1e-06, Norm deltaR: 4.42408)
WARNING: CTestNormDispIncr::test() - failed to converge 
after: 10 iterations  current Norm: 0.000226786 (max: 1e-06, Norm deltaR: 4.42408)
WARNING: CTestNormDispIncr::test() - failed to converge 
after: 10 iterations  current Norm: 0.000226786 (max: 1e-06, Norm deltaR: 4.42408)
WARNING: CTestNormDispIncr::test() - failed to converge 
after: 10 iterations  current Norm: 0.000226786 (max: 1e-06, Norm deltaR: 4.42408)
WARNING: CTestNormDispIncr::test() - failed to converge 
after: 10 iterations  current Norm: 0.000226786 (max: 1e-06, Norm deltaR: 4.42408)
WARNING: CTestNormDispIncr::test() - failed to converge 
after: 10 iterations  current Norm: 0.000226786 (max: 1e-06, Norm deltaR: 4.42408)
WARNING: CTestNormDispIncr::test() - failed to converge 
after: 10 iterations  current Norm: 0.000226786 (max: 1e-06, Norm deltaR: 4.42408)
WARNING: CTestNormDispIncr::test() - failed to converge 
after: 10 iterations  current Norm: 0.000226786 (max: 1e-06, Norm deltaR: 4.42408)
WARNING: CTestNormDispIncr::test() - failed to converge 
after: 10 iterations  current Norm: 0.000226786 (max: 1e-06, Norm deltaR: 4.42408)
WARNING: CTestNormDispIncr::test() - failed to converge 
after: 10 iterations  current Norm: 0.000226786 (max: 1e-06, Norm deltaR: 4.42408)
WARNING: CTestNormDispIncr::test() - failed to converge 
after: 10 iterations  current Norm: 0.000226786 (max: 1e-06, Norm deltaR: 4.42408)
WARNING: CTestNormDispIncr::test() - failed to converge 
after: 10 iterations  current Norm: 0.000226786 (max: 1e-06, Norm deltaR: 4.42408)
WARNING: CTestNormDispIncr::test() - failed to converge 
after: 10 iterations  current Norm: 0.000226786 (max: 1e-06, Norm deltaR: 4.42408)
WARNING: CTestNormDispIncr::test() - failed to converge 
after: 10 iterations  current Norm: 0.000226786 (max: 1e-06, Norm deltaR: 4.42408)
WARNING: CTestNormDispIncr::test() - failed to converge 
after: 10 iterations  current Norm: 0.000226786 (max: 1e-06, Norm deltaR: 4.42408)
WARNING: CTestNormDispIncr::test() - failed to converge 
after: 10 iterations  current Norm: 0.000226786 (max: 1e-06, Norm deltaR: 4.42408)
WARNING: CTestNormDispIncr::test() - failed to converge 
after: 10 iterations  current Norm: 0.000226786 (max: 1e-06, Norm deltaR: 4.42408)
WARNING: CTestNormDispIncr::test() - failed to converge 
after: 10 iterations  current Norm: 0.000226786 (max: 1e-06, Norm deltaR: 4.42408)
WARNING: CTestNormDispIncr::test() - failed to converge 
after: 10 iterations  current Norm: 0.000226786 (max: 1e-06, Norm deltaR: 4.42408)
WARNING: CTestNormDispIncr::test() - failed to converge 
after: 10 iterations  current Norm: 0.000226786 (max: 1e-06, Norm deltaR: 4.42408)
WARNING: CTestNormDispIncr::test() - failed to converge 
after: 10 iterations  current Norm: 0.000226786 (max: 1e-06, Norm deltaR: 4.42408)
WARNING: CTestNormDispIncr::test() - failed to converge 
after: 10 iterations  current Norm: 0.000226786 (max: 1e-06, Norm deltaR: 4.42408)
WARNING: CTestNormDispIncr::test() - failed to converge 
after: 10 iterations  current Norm: 0.000226786 (max: 1e-06, Norm deltaR: 4.42408)
WARNING: CTestNormDispIncr::test() - failed to converge 
after: 10 iterations  current Norm: 0.000226786 (max: 1e-06, Norm deltaR: 4.42408)
WARNING: CTestNormDispIncr::test() - failed to converge 
after: 10 iterations  current Norm: 0.000226786 (max: 1e-06, Norm deltaR: 4.42408)
WARNING: CTestNormDispIncr::test() - failed to converge 
after: 10 iterations  current Norm: 0.000226786 (max: 1e-06, Norm deltaR: 4.42408)
WARNING: CTestNormDispIncr::test() - failed to converge 
after: 10 iterations  current Norm: 0.000226786 (max: 1e-06, Norm deltaR: 4.42408)
WARNING: CTestNormDispIncr::test() - failed to converge 
after: 10 iterations  current Norm: 0.000226786 (max: 1e-06, Norm deltaR: 4.42408)
WARNING: CTestNormDispIncr::test() - failed to converge 
after: 10 iterations  current Norm: 0.000226786 (max: 1e-06, Norm deltaR: 4.42408)
WARNING: CTestNormDispIncr::test() - failed to converge 
after: 10 iterations  current Norm: 0.000226786 (max: 1e-06, Norm deltaR: 4.42408)
WARNING: CTestNormDispIncr::test() - failed to converge 
after: 10 iterations  current Norm: 0.000226786 (max: 1e-06, Norm deltaR: 4.42408)
WARNING: CTestNormDispIncr::test() - failed to converge 
after: 10 iterations  current Norm: 0.000226786 (max: 1e-06, Norm deltaR: 4.42408)
WARNING: CTestNormDispIncr::test() - failed to converge 
after: 10 iterations  current Norm: 0.000226786 (max: 1e-06, Norm deltaR: 4.42408)
WARNING: CTestNormDispIncr::test() - failed to converge 
after: 10 iterations  current Norm: 0.000226786 (max: 1e-06, Norm deltaR: 4.42408)
WARNING: CTestNormDispIncr::test() - failed to converge 
after: 10 iterations  current Norm: 0.000226786 (max: 1e-06, Norm deltaR: 4.42408)
WARNING: CTestNormDispIncr::test() - failed to converge 
after: 10 iterations  current Norm: 0.000226786 (max: 1e-06, Norm deltaR: 4.42408)
WARNING: CTestNormDispIncr::test() - failed to converge 
after: 10 iterations  current Norm: 0.000226786 (max: 1e-06, Norm deltaR: 4.42408)
WARNING: CTestNormDispIncr::test() - failed to converge 
after: 10 iterations  current Norm: 0.000226786 (max: 1e-06, Norm deltaR: 4.42408)
WARNING: CTestNormDispIncr::test() - failed to converge 
after: 10 iterations  current Norm: 0.000226786 (max: 1e-06, Norm deltaR: 4.42408)
WARNING: CTestNormDispIncr::test() - failed to converge 
after: 10 iterations  current Norm: 0.000226786 (max: 1e-06, Norm deltaR: 4.42408)
WARNING: CTestNormDispIncr::test() - failed to converge 
after: 10 iterations  current Norm: 0.000226786 (max: 1e-06, Norm deltaR: 4.42408)
WARNING: CTestNormDispIncr::test() - failed to converge 
after: 10 iterations  current Norm: 0.000226786 (max: 1e-06, Norm deltaR: 4.42408)
WARNING: CTestNormDispIncr::test() - failed to converge 
after: 10 iterations  current Norm: 0.000226786 (max: 1e-06, Norm deltaR: 4.42408)
WARNING: CTestNormDispIncr::test() - failed to converge 
after: 10 iterations  current Norm: 0.000226786 (max: 1e-06, Norm deltaR: 4.42408)
WARNING: CTestNormDispIncr::test() - failed to converge 
after: 10 iterations  current Norm: 0.000226786 (max: 1e-06, Norm deltaR: 4.42408)
WARNING: CTestNormDispIncr::test() - failed to converge 
after: 10 iterations  current Norm: 0.000226786 (max: 1e-06, Norm deltaR: 4.42408)
WARNING: CTestNormDispIncr::test() - failed to converge 
after: 10 iterations  current Norm: 0.000226786 (max: 1e-06, Norm deltaR: 4.42408)
WARNING: CTestNormDispIncr::test() - failed to converge 
after: 10 iterations  current Norm: 0.000226786 (max: 1e-06, Norm deltaR: 4.42408)
WARNING: CTestNormDispIncr::test() - failed to converge 
after: 10 iterations  current Norm: 0.000226786 (max: 1e-06, Norm deltaR: 4.42408)
WARNING: CTestNormDispIncr::test() - failed to converge 
after: 10 iterations  current Norm: 0.000226786 (max: 1e-06, Norm deltaR: 4.42408)
WARNING: CTestNormDispIncr::test() - failed to converge 
after: 10 iterations  current Norm: 0.000226786 (max: 1e-06, Norm deltaR: 4.42408)
WARNING: CTestNormDispIncr::test() - failed to converge 
after: 10 iterations  current Norm: 0.000226786 (max: 1e-06, Norm deltaR: 4.42408)
WARNING: CTestNormDispIncr::test() - failed to converge 
after: 10 iterations  current Norm: 0.000226786 (max: 1e-06, Norm deltaR: 4.42408)
WARNING: CTestNormDispIncr::test() - failed to converge 
after: 10 iterations  current Norm: 0.000226786 (max: 1e-06, Norm deltaR: 4.42408)
WARNING: CTestNormDispIncr::test() - failed to converge 
after: 10 iterations  current Norm: 0.000226786 (max: 1e-06, Norm deltaR: 4.42408)
WARNING: CTestNormDispIncr::test() - failed to converge 
after: 10 iterations  current Norm: 0.000226786 (max: 1e-06, Norm deltaR: 4.42408)
WARNING: CTestNormDispIncr::test() - failed to converge 
after: 10 iterations  current Norm: 0.000226786 (max: 1e-06, Norm deltaR: 4.42408)
WARNING: CTestNormDispIncr::test() - failed to converge 
after: 10 iterations  current Norm: 0.000226786 (max: 1e-06, Norm deltaR: 4.42408)
WARNING: CTestNormDispIncr::test() - failed to converge 
after: 10 iterations  current Norm: 0.000226786 (max: 1e-06, Norm deltaR: 4.42408)
WARNING: CTestNormDispIncr::test() - failed to converge 
after: 10 iterations  current Norm: 0.000226786 (max: 1e-06, Norm deltaR: 4.42408)
WARNING: CTestNormDispIncr::test() - failed to converge 
after: 10 iterations  current Norm: 0.000226786 (max: 1e-06, Norm deltaR: 4.42408)
WARNING: CTestNormDispIncr::test() - failed to converge 
after: 10 iterations  current Norm: 0.000226786 (max: 1e-06, Norm deltaR: 4.42408)
WARNING: CTestNormDispIncr::test() - failed to converge 
after: 10 iterations  current Norm: 0.000226786 (max: 1e-06, Norm deltaR: 4.42408)
WARNING: CTestNormDispIncr::test() - failed to converge 
after: 10 iterations  current Norm: 0.000226786 (max: 1e-06, Norm deltaR: 4.42408)
WARNING: CTestNormDispIncr::test() - failed to converge 
after: 10 iterations  current Norm: 0.000226786 (max: 1e-06, Norm deltaR: 4.42408)
WARNING: CTestNormDispIncr::test() - failed to converge 
after: 10 iterations  current Norm: 0.000226786 (max: 1e-06, Norm deltaR: 4.42408)
WARNING: CTestNormDispIncr::test() - failed to converge 
after: 10 iterations  current Norm: 0.000226786 (max: 1e-06, Norm deltaR: 4.42408)
WARNING: CTestNormDispIncr::test() - failed to converge 
after: 10 iterations  current Norm: 0.000226786 (max: 1e-06, Norm deltaR: 4.42408)
WARNING: CTestNormDispIncr::test() - failed to converge 
after: 10 iterations  current Norm: 0.000226786 (max: 1e-06, Norm deltaR: 4.42408)
WARNING: CTestNormDispIncr::test() - failed to converge 
after: 100 iterations  current Norm: 0.000226786 (max: 1e-06, Norm deltaR: 4.42408)
BFGS::solveCurrentStep() -the ConvergenceTest object failed in test()
DirectIntegrationAnalysis::analyze() - the Algorithm failed at time 54.0313
OpenSees > analyze failed, returned: -3 error flag
WARNING: CTestNormDispIncr::test() - failed to converge 
after: 100 iterations  current Norm: 6.76403e-05 (max: 1e-06, Norm deltaR: 1.79719)
AcceleratedNewton::solveCurrentStep() -The ConvergenceTest object failed in test()
DirectIntegrationAnalysis::analyze() - the Algorithm failed at time 54.03
OpenSees > analyze failed, returned: -3 error flag
WARNING: CTestNormDispIncr::test() - failed to converge 
after: 100 iterations  current Norm: 5.24113e-05 (max: 1e-06, Norm deltaR: 3.00186)
NewtonLineSearch::solveCurrentStep() -the ConvergenceTest object failed in test()
DirectIntegrationAnalysis::analyze() - the Algorithm failed at time 54.03
OpenSees > analyze failed, returned: -3 error flag
WARNING: CTestNormDispIncr::test() - failed to converge 
after: 10 iterations  current Norm: 0.000146105 (max: 1e-06, Norm deltaR: 21.1725)
WARNING: CTestNormDispIncr::test() - failed to converge 
after: 10 iterations  current Norm: 0.000102954 (max: 1e-06, Norm deltaR: 1.76391)
WARNING: CTestNormDispIncr::test() - failed to converge 
after: 10 iterations  current Norm: 0.000117062 (max: 1e-06, Norm deltaR: 4.13237)
WARNING: CTestNormDispIncr::test() - failed to converge 
after: 10 iterations  current Norm: 0.000310578 (max: 1e-06, Norm deltaR: 3.50201)
WARNING: CTestNormDispIncr::test() - failed to converge 
after: 10 iterations  current Norm: 0.000148025 (max: 1e-06, Norm deltaR: 2.05545)
WARNING: CTestNormDispIncr::test() - failed to converge 
after: 10 iterations  current Norm: 0.000117304 (max: 1e-06, Norm deltaR: 4.12736)
WARNING: CTestNormDispIncr::test() - failed to converge 
after: 10 iterations  current Norm: 0.000310572 (max: 1e-06, Norm deltaR: 3.50217)
WARNING: CTestNormDispIncr::test() - failed to converge 
after: 10 iterations  current Norm: 0.000148025 (max: 1e-06, Norm deltaR: 2.05545)
WARNING: CTestNormDispIncr::test() - failed to converge 
after: 10 iterations  current Norm: 0.000117304 (max: 1e-06, Norm deltaR: 4.12736)
WARNING: CTestNormDispIncr::test() - failed to converge 
after: 10 iterations  current Norm: 0.000310572 (max: 1e-06, Norm deltaR: 3.50217)
WARNING: CTestNormDispIncr::test() - failed to converge 
after: 10 iterations  current Norm: 0.000148025 (max: 1e-06, Norm deltaR: 2.05545)
WARNING: CTestNormDispIncr::test() - failed to converge 
after: 10 iterations  current Norm: 0.000117304 (max: 1e-06, Norm deltaR: 4.12736)
WARNING: CTestNormDispIncr::test() - failed to converge 
after: 10 iterations  current Norm: 0.000310572 (max: 1e-06, Norm deltaR: 3.50217)
WARNING: CTestNormDispIncr::test() - failed to converge 
after: 10 iterations  current Norm: 0.000148025 (max: 1e-06, Norm deltaR: 2.05545)
WARNING: CTestNormDispIncr::test() - failed to converge 
after: 10 iterations  current Norm: 0.000117304 (max: 1e-06, Norm deltaR: 4.12736)
WARNING: CTestNormDispIncr::test() - failed to converge 
after: 10 iterations  current Norm: 0.000310572 (max: 1e-06, Norm deltaR: 3.50217)
WARNING: CTestNormDispIncr::test() - failed to converge 
after: 10 iterations  current Norm: 0.000148025 (max: 1e-06, Norm deltaR: 2.05545)
WARNING: CTestNormDispIncr::test() - failed to converge 
after: 10 iterations  current Norm: 0.000117304 (max: 1e-06, Norm deltaR: 4.12736)
WARNING: CTestNormDispIncr::test() - failed to converge 
after: 10 iterations  current Norm: 0.000310572 (max: 1e-06, Norm deltaR: 3.50217)
WARNING: CTestNormDispIncr::test() - failed to converge 
after: 10 iterations  current Norm: 0.000148025 (max: 1e-06, Norm deltaR: 2.05545)
WARNING: CTestNormDispIncr::test() - failed to converge 
after: 10 iterations  current Norm: 0.000117304 (max: 1e-06, Norm deltaR: 4.12736)
WARNING: CTestNormDispIncr::test() - failed to converge 
after: 10 iterations  current Norm: 0.000310572 (max: 1e-06, Norm deltaR: 3.50217)
WARNING: CTestNormDispIncr::test() - failed to converge 
after: 10 iterations  current Norm: 0.000148025 (max: 1e-06, Norm deltaR: 2.05545)
WARNING: CTestNormDispIncr::test() - failed to converge 
after: 10 iterations  current Norm: 0.000117304 (max: 1e-06, Norm deltaR: 4.12736)
WARNING: CTestNormDispIncr::test() - failed to converge 
after: 10 iterations  current Norm: 0.000310572 (max: 1e-06, Norm deltaR: 3.50217)
WARNING: CTestNormDispIncr::test() - failed to converge 
after: 10 iterations  current Norm: 0.000148025 (max: 1e-06, Norm deltaR: 2.05545)
WARNING: CTestNormDispIncr::test() - failed to converge 
after: 10 iterations  current Norm: 0.000117304 (max: 1e-06, Norm deltaR: 4.12736)
WARNING: CTestNormDispIncr::test() - failed to converge 
after: 10 iterations  current Norm: 0.000310572 (max: 1e-06, Norm deltaR: 3.50217)
WARNING: CTestNormDispIncr::test() - failed to converge 
after: 10 iterations  current Norm: 0.000148025 (max: 1e-06, Norm deltaR: 2.05545)
WARNING: CTestNormDispIncr::test() - failed to converge 
after: 10 iterations  current Norm: 0.000117304 (max: 1e-06, Norm deltaR: 4.12736)
WARNING: CTestNormDispIncr::test() - failed to converge 
after: 10 iterations  current Norm: 0.000310572 (max: 1e-06, Norm deltaR: 3.50217)
WARNING: CTestNormDispIncr::test() - failed to converge 
after: 10 iterations  current Norm: 0.000148025 (max: 1e-06, Norm deltaR: 2.05545)
WARNING: CTestNormDispIncr::test() - failed to converge 
after: 10 iterations  current Norm: 0.000117304 (max: 1e-06, Norm deltaR: 4.12736)
WARNING: CTestNormDispIncr::test() - failed to converge 
after: 10 iterations  current Norm: 0.000310572 (max: 1e-06, Norm deltaR: 3.50217)
WARNING: CTestNormDispIncr::test() - failed to converge 
after: 10 iterations  current Norm: 0.000148025 (max: 1e-06, Norm deltaR: 2.05545)
WARNING: CTestNormDispIncr::test() - failed to converge 
after: 10 iterations  current Norm: 0.000117304 (max: 1e-06, Norm deltaR: 4.12736)
WARNING: CTestNormDispIncr::test() - failed to converge 
after: 10 iterations  current Norm: 0.000310572 (max: 1e-06, Norm deltaR: 3.50217)
WARNING: CTestNormDispIncr::test() - failed to converge 
after: 10 iterations  current Norm: 0.000148025 (max: 1e-06, Norm deltaR: 2.05545)
WARNING: CTestNormDispIncr::test() - failed to converge 
after: 10 iterations  current Norm: 0.000117304 (max: 1e-06, Norm deltaR: 4.12736)
WARNING: CTestNormDispIncr::test() - failed to converge 
after: 10 iterations  current Norm: 0.000310572 (max: 1e-06, Norm deltaR: 3.50217)
WARNING: CTestNormDispIncr::test() - failed to converge 
after: 10 iterations  current Norm: 0.000148025 (max: 1e-06, Norm deltaR: 2.05545)
WARNING: CTestNormDispIncr::test() - failed to converge 
after: 10 iterations  current Norm: 0.000117304 (max: 1e-06, Norm deltaR: 4.12736)
WARNING: CTestNormDispIncr::test() - failed to converge 
after: 10 iterations  current Norm: 0.000310572 (max: 1e-06, Norm deltaR: 3.50217)
WARNING: CTestNormDispIncr::test() - failed to converge 
after: 10 iterations  current Norm: 0.000148025 (max: 1e-06, Norm deltaR: 2.05545)
WARNING: CTestNormDispIncr::test() - failed to converge 
after: 10 iterations  current Norm: 0.000117304 (max: 1e-06, Norm deltaR: 4.12736)
WARNING: CTestNormDispIncr::test() - failed to converge 
after: 10 iterations  current Norm: 0.000310572 (max: 1e-06, Norm deltaR: 3.50217)
WARNING: CTestNormDispIncr::test() - failed to converge 
after: 10 iterations  current Norm: 0.000148025 (max: 1e-06, Norm deltaR: 2.05545)
WARNING: CTestNormDispIncr::test() - failed to converge 
after: 10 iterations  current Norm: 0.000117304 (max: 1e-06, Norm deltaR: 4.12736)
WARNING: CTestNormDispIncr::test() - failed to converge 
after: 10 iterations  current Norm: 0.000310572 (max: 1e-06, Norm deltaR: 3.50217)
WARNING: CTestNormDispIncr::test() - failed to converge 
after: 10 iterations  current Norm: 0.000148025 (max: 1e-06, Norm deltaR: 2.05545)
WARNING: CTestNormDispIncr::test() - failed to converge 
after: 10 iterations  current Norm: 0.000117304 (max: 1e-06, Norm deltaR: 4.12736)
WARNING: CTestNormDispIncr::test() - failed to converge 
after: 10 iterations  current Norm: 0.000310572 (max: 1e-06, Norm deltaR: 3.50217)
WARNING: CTestNormDispIncr::test() - failed to converge 
after: 10 iterations  current Norm: 0.000148025 (max: 1e-06, Norm deltaR: 2.05545)
WARNING: CTestNormDispIncr::test() - failed to converge 
after: 10 iterations  current Norm: 0.000117304 (max: 1e-06, Norm deltaR: 4.12736)
WARNING: CTestNormDispIncr::test() - failed to converge 
after: 10 iterations  current Norm: 0.000310572 (max: 1e-06, Norm deltaR: 3.50217)
WARNING: CTestNormDispIncr::test() - failed to converge 
after: 10 iterations  current Norm: 0.000148025 (max: 1e-06, Norm deltaR: 2.05545)
WARNING: CTestNormDispIncr::test() - failed to converge 
after: 10 iterations  current Norm: 0.000117304 (max: 1e-06, Norm deltaR: 4.12736)
WARNING: CTestNormDispIncr::test() - failed to converge 
after: 10 iterations  current Norm: 0.000310572 (max: 1e-06, Norm deltaR: 3.50217)
WARNING: CTestNormDispIncr::test() - failed to converge 
after: 10 iterations  current Norm: 0.000148025 (max: 1e-06, Norm deltaR: 2.05545)
WARNING: CTestNormDispIncr::test() - failed to converge 
after: 10 iterations  current Norm: 0.000117304 (max: 1e-06, Norm deltaR: 4.12736)
WARNING: CTestNormDispIncr::test() - failed to converge 
after: 10 iterations  current Norm: 0.000310572 (max: 1e-06, Norm deltaR: 3.50217)
WARNING: CTestNormDispIncr::test() - failed to converge 
after: 10 iterations  current Norm: 0.000148025 (max: 1e-06, Norm deltaR: 2.05545)
WARNING: CTestNormDispIncr::test() - failed to converge 
after: 10 iterations  current Norm: 0.000117304 (max: 1e-06, Norm deltaR: 4.12736)
WARNING: CTestNormDispIncr::test() - failed to converge 
after: 10 iterations  current Norm: 0.000310572 (max: 1e-06, Norm deltaR: 3.50217)
WARNING: CTestNormDispIncr::test() - failed to converge 
after: 10 iterations  current Norm: 0.000148025 (max: 1e-06, Norm deltaR: 2.05545)
WARNING: CTestNormDispIncr::test() - failed to converge 
after: 10 iterations  current Norm: 0.000117304 (max: 1e-06, Norm deltaR: 4.12736)
WARNING: CTestNormDispIncr::test() - failed to converge 
after: 10 iterations  current Norm: 0.000310572 (max: 1e-06, Norm deltaR: 3.50217)
WARNING: CTestNormDispIncr::test() - failed to converge 
after: 10 iterations  current Norm: 0.000148025 (max: 1e-06, Norm deltaR: 2.05545)
WARNING: CTestNormDispIncr::test() - failed to converge 
after: 10 iterations  current Norm: 0.000117304 (max: 1e-06, Norm deltaR: 4.12736)
WARNING: CTestNormDispIncr::test() - failed to converge 
after: 10 iterations  current Norm: 0.000310572 (max: 1e-06, Norm deltaR: 3.50217)
WARNING: CTestNormDispIncr::test() - failed to converge 
after: 10 iterations  current Norm: 0.000148025 (max: 1e-06, Norm deltaR: 2.05545)
WARNING: CTestNormDispIncr::test() - failed to converge 
after: 10 iterations  current Norm: 0.000117304 (max: 1e-06, Norm deltaR: 4.12736)
WARNING: CTestNormDispIncr::test() - failed to converge 
after: 10 iterations  current Norm: 0.000310572 (max: 1e-06, Norm deltaR: 3.50217)
WARNING: CTestNormDispIncr::test() - failed to converge 
after: 10 iterations  current Norm: 0.000148025 (max: 1e-06, Norm deltaR: 2.05545)
WARNING: CTestNormDispIncr::test() - failed to converge 
after: 10 iterations  current Norm: 0.000117304 (max: 1e-06, Norm deltaR: 4.12736)
WARNING: CTestNormDispIncr::test() - failed to converge 
after: 10 iterations  current Norm: 0.000310572 (max: 1e-06, Norm deltaR: 3.50217)
WARNING: CTestNormDispIncr::test() - failed to converge 
after: 10 iterations  current Norm: 0.000148025 (max: 1e-06, Norm deltaR: 2.05545)
WARNING: CTestNormDispIncr::test() - failed to converge 
after: 10 iterations  current Norm: 0.000117304 (max: 1e-06, Norm deltaR: 4.12736)
WARNING: CTestNormDispIncr::test() - failed to converge 
after: 10 iterations  current Norm: 0.000310572 (max: 1e-06, Norm deltaR: 3.50217)
WARNING: CTestNormDispIncr::test() - failed to converge 
after: 10 iterations  current Norm: 0.000148025 (max: 1e-06, Norm deltaR: 2.05545)
WARNING: CTestNormDispIncr::test() - failed to converge 
after: 10 iterations  current Norm: 0.000117304 (max: 1e-06, Norm deltaR: 4.12736)
WARNING: CTestNormDispIncr::test() - failed to converge 
after: 10 iterations  current Norm: 0.000310572 (max: 1e-06, Norm deltaR: 3.50217)
WARNING: CTestNormDispIncr::test() - failed to converge 
after: 10 iterations  current Norm: 0.000148025 (max: 1e-06, Norm deltaR: 2.05545)
WARNING: CTestNormDispIncr::test() - failed to converge 
after: 10 iterations  current Norm: 0.000117304 (max: 1e-06, Norm deltaR: 4.12736)
WARNING: CTestNormDispIncr::test() - failed to converge 
after: 10 iterations  current Norm: 0.000310572 (max: 1e-06, Norm deltaR: 3.50217)
WARNING: CTestNormDispIncr::test() - failed to converge 
after: 10 iterations  current Norm: 0.000148025 (max: 1e-06, Norm deltaR: 2.05545)
WARNING: CTestNormDispIncr::test() - failed to converge 
after: 10 iterations  current Norm: 0.000117304 (max: 1e-06, Norm deltaR: 4.12736)
WARNING: CTestNormDispIncr::test() - failed to converge 
after: 10 iterations  current Norm: 0.000310572 (max: 1e-06, Norm deltaR: 3.50217)
WARNING: CTestNormDispIncr::test() - failed to converge 
after: 10 iterations  current Norm: 0.000148025 (max: 1e-06, Norm deltaR: 2.05545)
WARNING: CTestNormDispIncr::test() - failed to converge 
after: 10 iterations  current Norm: 0.000117304 (max: 1e-06, Norm deltaR: 4.12736)
WARNING: CTestNormDispIncr::test() - failed to converge 
after: 10 iterations  current Norm: 0.000310572 (max: 1e-06, Norm deltaR: 3.50217)
WARNING: CTestNormDispIncr::test() - failed to converge 
after: 10 iterations  current Norm: 0.000148025 (max: 1e-06, Norm deltaR: 2.05545)
WARNING: CTestNormDispIncr::test() - failed to converge 
after: 10 iterations  current Norm: 0.000117304 (max: 1e-06, Norm deltaR: 4.12736)
WARNING: CTestNormDispIncr::test() - failed to converge 
after: 10 iterations  current Norm: 0.000310572 (max: 1e-06, Norm deltaR: 3.50217)
WARNING: CTestNormDispIncr::test() - failed to converge 
after: 10 iterations  current Norm: 0.000148025 (max: 1e-06, Norm deltaR: 2.05545)
WARNING: CTestNormDispIncr::test() - failed to converge 
after: 10 iterations  current Norm: 0.000117304 (max: 1e-06, Norm deltaR: 4.12736)
WARNING: CTestNormDispIncr::test() - failed to converge 
after: 10 iterations  current Norm: 0.000310572 (max: 1e-06, Norm deltaR: 3.50217)
WARNING: CTestNormDispIncr::test() - failed to converge 
after: 10 iterations  current Norm: 0.000148025 (max: 1e-06, Norm deltaR: 2.05545)
WARNING: CTestNormDispIncr::test() - failed to converge 
after: 10 iterations  current Norm: 0.000117304 (max: 1e-06, Norm deltaR: 4.12736)
WARNING: CTestNormDispIncr::test() - failed to converge 
after: 10 iterations  current Norm: 0.000310572 (max: 1e-06, Norm deltaR: 3.50217)
WARNING: CTestNormDispIncr::test() - failed to converge 
after: 100 iterations  current Norm: 0.000310572 (max: 1e-06, Norm deltaR: 3.50217)
Broyden::solveCurrentStep() -the ConvergenceTest object failed in test()
DirectIntegrationAnalysis::analyze() - the Algorithm failed at time 54.03
OpenSees > analyze failed, returned: -3 error flag
WARNING: CTestNormDispIncr::test() - failed to converge 
after: 10 iterations  current Norm: 36.6691 (max: 1e-06, Norm deltaR: 1.68211e+09)
WARNING: CTestNormDispIncr::test() - failed to converge 
after: 10 iterations  current Norm: 0.000177158 (max: 1e-06, Norm deltaR: 4.01257)
WARNING: CTestNormDispIncr::test() - failed to converge 
after: 10 iterations  current Norm: 0.00031039 (max: 1e-06, Norm deltaR: 3.50651)
WARNING: CTestNormDispIncr::test() - failed to converge 
after: 10 iterations  current Norm: 0.000148029 (max: 1e-06, Norm deltaR: 2.05553)
WARNING: CTestNormDispIncr::test() - failed to converge 
after: 10 iterations  current Norm: 0.000117304 (max: 1e-06, Norm deltaR: 4.12736)
WARNING: CTestNormDispIncr::test() - failed to converge 
after: 10 iterations  current Norm: 0.000310572 (max: 1e-06, Norm deltaR: 3.50217)
WARNING: CTestNormDispIncr::test() - failed to converge 
after: 10 iterations  current Norm: 0.000148025 (max: 1e-06, Norm deltaR: 2.05545)
WARNING: CTestNormDispIncr::test() - failed to converge 
after: 10 iterations  current Norm: 0.000117304 (max: 1e-06, Norm deltaR: 4.12736)
WARNING: CTestNormDispIncr::test() - failed to converge 
after: 10 iterations  current Norm: 0.000310572 (max: 1e-06, Norm deltaR: 3.50217)
WARNING: CTestNormDispIncr::test() - failed to converge 
after: 10 iterations  current Norm: 0.000148025 (max: 1e-06, Norm deltaR: 2.05545)
WARNING: CTestNormDispIncr::test() - failed to converge 
after: 10 iterations  current Norm: 0.000117304 (max: 1e-06, Norm deltaR: 4.12736)
WARNING: CTestNormDispIncr::test() - failed to converge 
after: 10 iterations  current Norm: 0.000310572 (max: 1e-06, Norm deltaR: 3.50217)
WARNING: CTestNormDispIncr::test() - failed to converge 
after: 10 iterations  current Norm: 0.000148025 (max: 1e-06, Norm deltaR: 2.05545)
WARNING: CTestNormDispIncr::test() - failed to converge 
after: 10 iterations  current Norm: 0.000117304 (max: 1e-06, Norm deltaR: 4.12736)
WARNING: CTestNormDispIncr::test() - failed to converge 
after: 10 iterations  current Norm: 0.000310572 (max: 1e-06, Norm deltaR: 3.50217)
WARNING: CTestNormDispIncr::test() - failed to converge 
after: 10 iterations  current Norm: 0.000148025 (max: 1e-06, Norm deltaR: 2.05545)
WARNING: CTestNormDispIncr::test() - failed to converge 
after: 10 iterations  current Norm: 0.000117304 (max: 1e-06, Norm deltaR: 4.12736)
WARNING: CTestNormDispIncr::test() - failed to converge 
after: 10 iterations  current Norm: 0.000310572 (max: 1e-06, Norm deltaR: 3.50217)
WARNING: CTestNormDispIncr::test() - failed to converge 
after: 10 iterations  current Norm: 0.000148025 (max: 1e-06, Norm deltaR: 2.05545)
WARNING: CTestNormDispIncr::test() - failed to converge 
after: 10 iterations  current Norm: 0.000117304 (max: 1e-06, Norm deltaR: 4.12736)
WARNING: CTestNormDispIncr::test() - failed to converge 
after: 10 iterations  current Norm: 0.000310572 (max: 1e-06, Norm deltaR: 3.50217)
WARNING: CTestNormDispIncr::test() - failed to converge 
after: 10 iterations  current Norm: 0.000148025 (max: 1e-06, Norm deltaR: 2.05545)
WARNING: CTestNormDispIncr::test() - failed to converge 
after: 10 iterations  current Norm: 0.000117304 (max: 1e-06, Norm deltaR: 4.12736)
WARNING: CTestNormDispIncr::test() - failed to converge 
after: 10 iterations  current Norm: 0.000310572 (max: 1e-06, Norm deltaR: 3.50217)
WARNING: CTestNormDispIncr::test() - failed to converge 
after: 10 iterations  current Norm: 0.000148025 (max: 1e-06, Norm deltaR: 2.05545)
WARNING: CTestNormDispIncr::test() - failed to converge 
after: 10 iterations  current Norm: 0.000117304 (max: 1e-06, Norm deltaR: 4.12736)
WARNING: CTestNormDispIncr::test() - failed to converge 
after: 10 iterations  current Norm: 0.000310572 (max: 1e-06, Norm deltaR: 3.50217)
WARNING: CTestNormDispIncr::test() - failed to converge 
after: 10 iterations  current Norm: 0.000148025 (max: 1e-06, Norm deltaR: 2.05545)
WARNING: CTestNormDispIncr::test() - failed to converge 
after: 10 iterations  current Norm: 0.000117304 (max: 1e-06, Norm deltaR: 4.12736)
WARNING: CTestNormDispIncr::test() - failed to converge 
after: 10 iterations  current Norm: 0.000310572 (max: 1e-06, Norm deltaR: 3.50217)
WARNING: CTestNormDispIncr::test() - failed to converge 
after: 10 iterations  current Norm: 0.000148025 (max: 1e-06, Norm deltaR: 2.05545)
WARNING: CTestNormDispIncr::test() - failed to converge 
after: 10 iterations  current Norm: 0.000117304 (max: 1e-06, Norm deltaR: 4.12736)
WARNING: CTestNormDispIncr::test() - failed to converge 
after: 10 iterations  current Norm: 0.000310572 (max: 1e-06, Norm deltaR: 3.50217)
WARNING: CTestNormDispIncr::test() - failed to converge 
after: 10 iterations  current Norm: 0.000148025 (max: 1e-06, Norm deltaR: 2.05545)
WARNING: CTestNormDispIncr::test() - failed to converge 
after: 10 iterations  current Norm: 0.000117304 (max: 1e-06, Norm deltaR: 4.12736)
WARNING: CTestNormDispIncr::test() - failed to converge 
after: 10 iterations  current Norm: 0.000310572 (max: 1e-06, Norm deltaR: 3.50217)
WARNING: CTestNormDispIncr::test() - failed to converge 
after: 10 iterations  current Norm: 0.000148025 (max: 1e-06, Norm deltaR: 2.05545)
WARNING: CTestNormDispIncr::test() - failed to converge 
after: 10 iterations  current Norm: 0.000117304 (max: 1e-06, Norm deltaR: 4.12736)
WARNING: CTestNormDispIncr::test() - failed to converge 
after: 10 iterations  current Norm: 0.000310572 (max: 1e-06, Norm deltaR: 3.50217)
WARNING: CTestNormDispIncr::test() - failed to converge 
after: 10 iterations  current Norm: 0.000148025 (max: 1e-06, Norm deltaR: 2.05545)
WARNING: CTestNormDispIncr::test() - failed to converge 
after: 10 iterations  current Norm: 0.000117304 (max: 1e-06, Norm deltaR: 4.12736)
WARNING: CTestNormDispIncr::test() - failed to converge 
after: 10 iterations  current Norm: 0.000310572 (max: 1e-06, Norm deltaR: 3.50217)
WARNING: CTestNormDispIncr::test() - failed to converge 
after: 10 iterations  current Norm: 0.000148025 (max: 1e-06, Norm deltaR: 2.05545)
WARNING: CTestNormDispIncr::test() - failed to converge 
after: 10 iterations  current Norm: 0.000117304 (max: 1e-06, Norm deltaR: 4.12736)
WARNING: CTestNormDispIncr::test() - failed to converge 
after: 10 iterations  current Norm: 0.000310572 (max: 1e-06, Norm deltaR: 3.50217)
WARNING: CTestNormDispIncr::test() - failed to converge 
after: 10 iterations  current Norm: 0.000148025 (max: 1e-06, Norm deltaR: 2.05545)
WARNING: CTestNormDispIncr::test() - failed to converge 
after: 10 iterations  current Norm: 0.000117304 (max: 1e-06, Norm deltaR: 4.12736)
WARNING: CTestNormDispIncr::test() - failed to converge 
after: 10 iterations  current Norm: 0.000310572 (max: 1e-06, Norm deltaR: 3.50217)
WARNING: CTestNormDispIncr::test() - failed to converge 
after: 10 iterations  current Norm: 0.000148025 (max: 1e-06, Norm deltaR: 2.05545)
WARNING: CTestNormDispIncr::test() - failed to converge 
after: 10 iterations  current Norm: 0.000117304 (max: 1e-06, Norm deltaR: 4.12736)
WARNING: CTestNormDispIncr::test() - failed to converge 
after: 10 iterations  current Norm: 0.000310572 (max: 1e-06, Norm deltaR: 3.50217)
WARNING: CTestNormDispIncr::test() - failed to converge 
after: 10 iterations  current Norm: 0.000148025 (max: 1e-06, Norm deltaR: 2.05545)
WARNING: CTestNormDispIncr::test() - failed to converge 
after: 10 iterations  current Norm: 0.000117304 (max: 1e-06, Norm deltaR: 4.12736)
WARNING: CTestNormDispIncr::test() - failed to converge 
after: 10 iterations  current Norm: 0.000310572 (max: 1e-06, Norm deltaR: 3.50217)
WARNING: CTestNormDispIncr::test() - failed to converge 
after: 10 iterations  current Norm: 0.000148025 (max: 1e-06, Norm deltaR: 2.05545)
WARNING: CTestNormDispIncr::test() - failed to converge 
after: 10 iterations  current Norm: 0.000117304 (max: 1e-06, Norm deltaR: 4.12736)
WARNING: CTestNormDispIncr::test() - failed to converge 
after: 10 iterations  current Norm: 0.000310572 (max: 1e-06, Norm deltaR: 3.50217)
WARNING: CTestNormDispIncr::test() - failed to converge 
after: 10 iterations  current Norm: 0.000148025 (max: 1e-06, Norm deltaR: 2.05545)
WARNING: CTestNormDispIncr::test() - failed to converge 
after: 10 iterations  current Norm: 0.000117304 (max: 1e-06, Norm deltaR: 4.12736)
WARNING: CTestNormDispIncr::test() - failed to converge 
after: 10 iterations  current Norm: 0.000310572 (max: 1e-06, Norm deltaR: 3.50217)
WARNING: CTestNormDispIncr::test() - failed to converge 
after: 10 iterations  current Norm: 0.000148025 (max: 1e-06, Norm deltaR: 2.05545)
WARNING: CTestNormDispIncr::test() - failed to converge 
after: 10 iterations  current Norm: 0.000117304 (max: 1e-06, Norm deltaR: 4.12736)
WARNING: CTestNormDispIncr::test() - failed to converge 
after: 10 iterations  current Norm: 0.000310572 (max: 1e-06, Norm deltaR: 3.50217)
WARNING: CTestNormDispIncr::test() - failed to converge 
after: 10 iterations  current Norm: 0.000148025 (max: 1e-06, Norm deltaR: 2.05545)
WARNING: CTestNormDispIncr::test() - failed to converge 
after: 10 iterations  current Norm: 0.000117304 (max: 1e-06, Norm deltaR: 4.12736)
WARNING: CTestNormDispIncr::test() - failed to converge 
after: 10 iterations  current Norm: 0.000310572 (max: 1e-06, Norm deltaR: 3.50217)
WARNING: CTestNormDispIncr::test() - failed to converge 
after: 10 iterations  current Norm: 0.000148025 (max: 1e-06, Norm deltaR: 2.05545)
WARNING: CTestNormDispIncr::test() - failed to converge 
after: 10 iterations  current Norm: 0.000117304 (max: 1e-06, Norm deltaR: 4.12736)
WARNING: CTestNormDispIncr::test() - failed to converge 
after: 10 iterations  current Norm: 0.000310572 (max: 1e-06, Norm deltaR: 3.50217)
WARNING: CTestNormDispIncr::test() - failed to converge 
after: 10 iterations  current Norm: 0.000148025 (max: 1e-06, Norm deltaR: 2.05545)
WARNING: CTestNormDispIncr::test() - failed to converge 
after: 10 iterations  current Norm: 0.000117304 (max: 1e-06, Norm deltaR: 4.12736)
WARNING: CTestNormDispIncr::test() - failed to converge 
after: 10 iterations  current Norm: 0.000310572 (max: 1e-06, Norm deltaR: 3.50217)
WARNING: CTestNormDispIncr::test() - failed to converge 
after: 10 iterations  current Norm: 0.000148025 (max: 1e-06, Norm deltaR: 2.05545)
WARNING: CTestNormDispIncr::test() - failed to converge 
after: 10 iterations  current Norm: 0.000117304 (max: 1e-06, Norm deltaR: 4.12736)
WARNING: CTestNormDispIncr::test() - failed to converge 
after: 10 iterations  current Norm: 0.000310572 (max: 1e-06, Norm deltaR: 3.50217)
WARNING: CTestNormDispIncr::test() - failed to converge 
after: 10 iterations  current Norm: 0.000148025 (max: 1e-06, Norm deltaR: 2.05545)
WARNING: CTestNormDispIncr::test() - failed to converge 
after: 10 iterations  current Norm: 0.000117304 (max: 1e-06, Norm deltaR: 4.12736)
WARNING: CTestNormDispIncr::test() - failed to converge 
after: 10 iterations  current Norm: 0.000310572 (max: 1e-06, Norm deltaR: 3.50217)
WARNING: CTestNormDispIncr::test() - failed to converge 
after: 10 iterations  current Norm: 0.000148025 (max: 1e-06, Norm deltaR: 2.05545)
WARNING: CTestNormDispIncr::test() - failed to converge 
after: 10 iterations  current Norm: 0.000117304 (max: 1e-06, Norm deltaR: 4.12736)
WARNING: CTestNormDispIncr::test() - failed to converge 
after: 10 iterations  current Norm: 0.000310572 (max: 1e-06, Norm deltaR: 3.50217)
WARNING: CTestNormDispIncr::test() - failed to converge 
after: 10 iterations  current Norm: 0.000148025 (max: 1e-06, Norm deltaR: 2.05545)
WARNING: CTestNormDispIncr::test() - failed to converge 
after: 10 iterations  current Norm: 0.000117304 (max: 1e-06, Norm deltaR: 4.12736)
WARNING: CTestNormDispIncr::test() - failed to converge 
after: 10 iterations  current Norm: 0.000310572 (max: 1e-06, Norm deltaR: 3.50217)
WARNING: CTestNormDispIncr::test() - failed to converge 
after: 10 iterations  current Norm: 0.000148025 (max: 1e-06, Norm deltaR: 2.05545)
WARNING: CTestNormDispIncr::test() - failed to converge 
after: 10 iterations  current Norm: 0.000117304 (max: 1e-06, Norm deltaR: 4.12736)
WARNING: CTestNormDispIncr::test() - failed to converge 
after: 10 iterations  current Norm: 0.000310572 (max: 1e-06, Norm deltaR: 3.50217)
WARNING: CTestNormDispIncr::test() - failed to converge 
after: 10 iterations  current Norm: 0.000148025 (max: 1e-06, Norm deltaR: 2.05545)
WARNING: CTestNormDispIncr::test() - failed to converge 
after: 10 iterations  current Norm: 0.000117304 (max: 1e-06, Norm deltaR: 4.12736)
WARNING: CTestNormDispIncr::test() - failed to converge 
after: 10 iterations  current Norm: 0.000310572 (max: 1e-06, Norm deltaR: 3.50217)
WARNING: CTestNormDispIncr::test() - failed to converge 
after: 10 iterations  current Norm: 0.000148025 (max: 1e-06, Norm deltaR: 2.05545)
WARNING: CTestNormDispIncr::test() - failed to converge 
after: 10 iterations  current Norm: 0.000117304 (max: 1e-06, Norm deltaR: 4.12736)
WARNING: CTestNormDispIncr::test() - failed to converge 
after: 10 iterations  current Norm: 0.000310572 (max: 1e-06, Norm deltaR: 3.50217)
WARNING: CTestNormDispIncr::test() - failed to converge 
after: 10 iterations  current Norm: 0.000148025 (max: 1e-06, Norm deltaR: 2.05545)
WARNING: CTestNormDispIncr::test() - failed to converge 
after: 10 iterations  current Norm: 0.000117304 (max: 1e-06, Norm deltaR: 4.12736)
WARNING: CTestNormDispIncr::test() - failed to converge 
after: 10 iterations  current Norm: 0.000310572 (max: 1e-06, Norm deltaR: 3.50217)
WARNING: CTestNormDispIncr::test() - failed to converge 
after: 10 iterations  current Norm: 0.000148025 (max: 1e-06, Norm deltaR: 2.05545)
WARNING: CTestNormDispIncr::test() - failed to converge 
after: 10 iterations  current Norm: 0.000117304 (max: 1e-06, Norm deltaR: 4.12736)
WARNING: CTestNormDispIncr::test() - failed to converge 
after: 10 iterations  current Norm: 0.000310572 (max: 1e-06, Norm deltaR: 3.50217)
WARNING: CTestNormDispIncr::test() - failed to converge 
after: 10 iterations  current Norm: 0.000148025 (max: 1e-06, Norm deltaR: 2.05545)
WARNING: CTestNormDispIncr::test() - failed to converge 
after: 100 iterations  current Norm: 0.000148025 (max: 1e-06, Norm deltaR: 2.05545)
BFGS::solveCurrentStep() -the ConvergenceTest object failed in test()
DirectIntegrationAnalysis::analyze() - the Algorithm failed at time 54.03
OpenSees > analyze failed, returned: -3 error flag
WARNING: CTestNormDispIncr::test() - failed to converge 
after: 100 iterations  current Norm: 6.91907e-05 (max: 1e-05, Norm deltaR: 2.50052)
AcceleratedNewton::solveCurrentStep() -The ConvergenceTest object failed in test()
DirectIntegrationAnalysis::analyze() - the Algorithm failed at time 54.03
OpenSees > analyze failed, returned: -3 error flag
WARNING - ForceBeamColumn3d::update - failed to get compatible element forces & deformations for element: 1111(dW: << 0.000229789, dW0: 0.0053387)
Domain::update - domain failed in update
TRBDF2::update() - failed to update the domain
WARNInG InitialInterpolatedLineSearch::search() -the Integrator failed in update()

[FAILURE] Local structure collapse, MIDR = 10.0
