0.00229824919893
0.00229815926275
0.00229816855504
0.00229821634401
0.00229832088238
0.0022984672361
0.00229871315018
0.00229906161141
0.00229955377142
0.00230019958625
0.00230088788015
0.00230150847302
0.00230202519125
0.00230253162158
0.00230315188258
0.00230438510349
0.00230644832587
0.0023092005059
0.00231210899568
0.00231465608138
0.00231469656926
0.00231188631236
0.00230769349402
0.00230282997078
0.0022966323388
0.00228886032577
0.00228108598967
0.00227853989957
0.0022845088746
0.00229913628168
0.00232234844613
0.00235187771498
0.00237058709652
0.00236757771892
0.00234141956362
0.00231220722856
0.00229369431278
0.00229306376388
0.00231354266476
0.00236339186981
0.00243595045952
0.00252338237037
0.00258935139218
0.00260141246522
0.00253901367767
0.0024246951616
0.00226878066189
0.00211673806432
0.00200805234116
0.00195936235049
0.00195553126811
0.00196539769909
0.00196524271681
0.00195525150351
0.00196104259738
0.00200406295781
0.00211204910355
0.00226345418301
0.00242391593591
0.00260978084476
0.00286019238985
0.00312461307221
0.00334034608698
0.00339695278506
0.00326194927817
0.00284213745169
0.00217685326923
0.00139343276304
0.00073365426811
0.0002820146229
0.00011896333841
0.00036232866544
0.00120516446726
0.00219672485197
0.00299364175962
0.00368698868693
0.00433500379427
0.00462373213684
0.00437166855363
0.00354040929779
0.00286725453756
0.0026762645936
0.00257747782447
0.00218678242324
0.00147954782229
0.00058686978464
-0.00036751078181
-0.00097794119214
-0.00111714349099
-0.00068035761991
0.00018446562128
0.00124993045255
0.00216818189435
0.00287830507301
0.00331641144624
0.00367001696541
0.00412531973468
0.00411964479456
0.00305315130572
0.00055275211099
-0.00090475470847
-0.00032655142025
0.00081915138944
0.00119492335748
0.00084185314114
0.00079078332617
0.00146704337381
0.00252984649223
0.00328798099182
0.00334797241003
0.00300270307922
0.0026010029403
0.00240886871601
0.00252803217073
0.003171419381
0.00411522763356
0.0050089842417
0.00544179300854
0.00529286399507
0.00453061997597
0.00352254817045
0.00254211166399
0.00197042251011
0.00178389320184
0.00175916772002
0.00135554606628
0.00021213138581
-0.0005473987508
-0.00022719410394
0.00127682435885
0.0030814758943
0.00427001411447
0.0039347645376
0.00199713621218
-0.00026462395142
-0.00187610102283
-0.00233444536089
-0.00148577465864
0.00040096837033
0.00207362345342
0.00305619652506
0.00331254717707
0.00307572893886
0.00247036283182
0.00222995146046
0.00275855520782
0.004709596304
0.00697956239783
0.00758451101512
0.00665517485548
0.00544801221193
0.00479309093476
0.0043819995996
0.00355716198653
0.00236657647364
0.00123086962295
0.0004018428421
5.656153086e-05
0.00058302443194
0.00139993836838
0.00174863788521
0.00118025944494
7.945413976e-05
-0.00077518752873
-0.00093657320171
-0.00038801988268
0.00017566033772
0.00034984246969
0.00014656027355
-0.00033906340213
-0.00141211858197
-0.00257472365324
-0.00319718991465
-0.00290209037323
-0.00200668305444
-0.00117838372789
-0.00088851508742
-0.0011968850283
-0.00141965496883
-0.00113253485783
-0.0001814551817
0.00089394013105
0.00152362285872
0.00180822840707
0.00206688354939
0.0023629275867
0.00262321751001
0.00274497650313
0.00244208769155
0.00169355114186
0.00147870388236
0.00230488688767
0.00396404191876
0.00498655993151
0.00403133476139
0.00088359614224
-0.00342980770157
-0.00768699512389
-0.01110638217517
-0.01332578488436
-0.0135967118358
-0.01145235772075
-0.00646072684859
-0.00055099055648
0.00434332040243
0.0060961932532
0.00528383387105
0.00353760833319
0.00202225728047
0.00101428769024
0.00116425545006
0.00211817505208
0.00218618472926
-0.00042301269184
-0.00661037933396
-0.01391252723175
-0.01946076353243
-0.02145565764546
-0.02071698951797
-0.01771359880858
-0.01267860940266
-0.00651640099802
-0.00087604283012
0.00450483384453
0.01074352119371
0.0167930704215
0.02083890448898
0.0205555955483
0.01683558932961
0.01171319257106
0.00743916617436
0.00432682325193
0.00212570745652
0.00084426781157
0.00088559000424
0.00108947998315
0.00071163516856
0.00028226966334
8.697380048e-05
-0.00016022738783
3.906715067e-05
0.00087460285555
0.00188758696889
0.00276791388101
0.00345862046775
0.00299581217532
0.00141321308212
0.00012836346189
-0.00107359214201
-0.00356681270342
-0.00715408837808
-0.01091762238312
-0.01466838279486
-0.01656761932066
-0.01422780168312
-0.00918688511752
-0.00386760776078
0.00189903574576
0.00717897846634
0.00998606934628
0.0108730724438
0.01089141146083
0.01006965026267
0.00882218890688
0.00779383997612
0.00667962355951
0.00530512319321
0.00487244053615
0.00579194013291
0.00766928997443
0.01101087724715
0.01610464044817
0.02018092670897
0.02158819902482
0.02065720020728
0.01808914046033
0.01384032938239
0.00850043971389
0.00271955409884
-0.00315614383603
-0.00726576854479
-0.00930688852974
-0.01021003699785
-0.01047590628335
-0.00977522374924
-0.00873253149027
-0.00773442899477
-0.00578826635588
-0.00241857219989
0.00197149510698
0.00577268184195
0.00815420863007
0.00794689078821
0.00564124558251
0.00216655806499
-0.00219391459507
-0.00717725939091
-0.01175827018025
-0.01512300191638
-0.01701077240819
-0.01872200580062
-0.01991309608451
-0.01774623801099
-0.01319469708616
-0.00876026568596
-0.00641225091268
-0.00627821280935
-0.00806228787476
-0.01023804664385
-0.01189025402163
-0.01264169242374
-0.01255412909322
-0.0115034122698
-0.00893572089616
-0.00414271292836
0.00011996239336
0.00177678392889
0.0009056842703
-0.00023661121905
-0.00047092710735
-0.00106607732656
-0.00314018364769
-0.00648250401648
-0.01078255548947
-0.01606138147476
-0.01896372838183
-0.01861398281755
-0.01776434803921
-0.01714209251388
-0.01535661696617
-0.01059955692318
-0.00340582693119
0.0038216507018
0.00979020094502
0.01440628684674
0.01567084935251
0.01219995973059
0.0035363439167
-0.00585599726407
-0.01226854353913
-0.01450074639105
-0.01322878323237
-0.0085077175757
-0.00469570099739
-0.00494868053585
-0.00792018870151
-0.01115383595812
-0.01362959662041
-0.01417420834507
-0.01230307770693
-0.00811042198679
-0.00222113738241
0.00444847936602
0.01059990538442
0.01607100564222
0.02355996858651
0.03234477258082
0.03721695426005
0.03625121883532
0.02952800111588
0.01713881365959
0.00127583273774
-0.01390401814024
-0.02439319913734
-0.02928655730367
-0.02919839661103
-0.02744155793953
-0.02568509759738
-0.02285157012503
-0.01794922829617
-0.01231653826667
-0.0061999948773
0.0024295334629
0.01286022076136
0.02304415303464
0.03156346607279
0.03757308164296
0.03934767856276
0.03845236549444
0.03627451595794
0.03175956346286
0.0242615637572
0.01458307948435
0.003613785278
-0.00777411707018
-0.01593736246163
-0.01894376321236
-0.01696834310439
-0.01251317328265
-0.00707951435495
-0.003931024387
-0.00222915597324
0.0013963362748
0.00683088560392
0.01185096086895
0.01505079411098
0.01637219562231
0.0149695960057
0.01070065382436
0.00403175291487
-0.00493604300837
-0.01186113593704
-0.01198227433729
-0.00907621382905
-0.00733620749458
-0.00645179628492
-0.00475020033466
-0.00178928339935
0.00306179579931
0.00982809693407
0.01624294637196
0.0210280691598
0.02405578246345
0.02502829462954
0.02386193513735
0.02171161735715
0.01909802866076
0.01480119630585
0.00866840466686
0.00138504048901
-0.00729054579799
-0.01662218171282
-0.02523600075678
-0.03136758107813
-0.03373045025609
-0.0306711630458
-0.02595757437165
-0.02313015326761
-0.02033396756502
-0.0152572258657
-0.00758969479084
0.00112585767682
0.00958954369077
0.01588246820162
0.01902753993079
0.018559310909
0.01665225225813
0.01545690410981
0.01434448973559
0.01123479843723
0.00280546174069
-0.00936773649886
-0.02160883788601
-0.03070690521255
-0.03540419253824
-0.03425911573086
-0.03013965014493
-0.02514976157895
-0.01875405759695
-0.0111891732461
-0.00512558600853
-0.00228318040763
-0.0034174920859
-0.0077834856994
-0.0132367347859
-0.01718226511634
-0.01844782322564
-0.01653482082169
-0.01153062543297
-0.00549530006096
-0.0019890107599
-0.00294930985748
-0.00897570433395
-0.01641115026979
-0.02124987635171
-0.02066794940673
-0.01553749157826
-0.0080439687698
0.00063006669876
0.00928295090219
0.01479937435139
0.01746863055986
0.01869076708051
0.01923778484703
0.01898288711244
0.01641982529522
0.01151428757903
0.00538795408828
0.00015357015208
-0.00309575683135
-0.00402468412981
-0.00233680029511
0.00297852517935
0.00930921160465
0.013838341494
0.0153486554566
0.01565537767364
0.01634025997973
0.0184543245167
0.02227681152546
0.0282436493306
0.03353325438345
0.03503824186716
0.03222862547293
0.0271112731056
0.01997476044852
0.01206264277296
0.00502522253528
-0.00149665029974
-0.00839634936476
-0.01543034472629
-0.01890207397385
-0.01654792296415
-0.01041109581219
-0.00495928703213
-0.00322954304698
-0.00504940906372
-0.00893712801582
-0.01371325718509
-0.01801884753239
-0.0204884653209
-0.02084427742936
-0.01948647997163
-0.01660454957429
-0.01293238874262
-0.00877526279381
-0.00451935638136
-0.00089803836705
-0.00030587446064
-0.0020823598744
-0.00464874833489
-0.00929049425827
-0.01708611304603
-0.02440138963572
-0.02726186477697
-0.02430822105732
-0.01759073801422
-0.00874696110411
-0.00032143866426
0.00765942022477
0.0171270389885
0.02526904151928
0.02864823937471
0.02567292800356
0.01804295441255
0.0087762019798
-0.00066703810401
-0.01054597354116
-0.02035922602659
-0.029792914622
-0.03869356704313
-0.04583781885832
-0.05023420492894
-0.0475965524952
-0.03812902665447
-0.02468951066013
-0.01128322459296
0.0002972692602
0.00739945818688
0.01098255896406
0.01182621680254
0.01201239466277
0.01288370041129
0.01408975129756
0.01458292350647
0.01364554950765
0.0104511223928
0.00506217601966
-0.00045917898569
-0.00380394223367
-0.00413218939905
-0.00448127122764
-0.00721587885187
-0.01327501574165
-0.02051421162821
-0.02637801774264
-0.02837120937363
-0.02680035939769
-0.02064967676326
-0.00982576722181
0.00485936826179
0.01726481392375
0.02507341206287
0.02981187091322
0.03284951370275
0.03138050733064
0.02472446961877
0.01485936278279
0.00497250532834
-0.00318162298971
-0.00956777316023
-0.01598067121521
-0.02214285307042
-0.02492210023828
-0.02366178232223
-0.01907134648613
-0.01407710381404
-0.01020702363783
-0.00699032155332
-0.00279356295103
0.00320371178151
0.00935138205153
0.01427983856099
0.01742451204874
0.01932886929537
0.02043416510434
0.02068098185695
0.02008470494641
0.01836799573455
0.0167228173177
0.01682238430812
0.01887814298366
0.0214592219061
0.02219674177085
0.02010280501859
0.01512119655531
0.00769884612458
0.00013037408322
-0.00361531518876
-0.00340364655946
-0.00038173463759
0.00463889185993
0.01078386636745
0.01668371001102
0.02211479696292
0.02713234671366
0.02865351607342
0.02589335794392
0.01911593956827
0.00972378423349
-0.0012524367185
-0.0114374369425
-0.0202557761824
-0.02884823621194
-0.03412975364544
-0.033640281763
-0.030969751182
-0.0291364269286
-0.02813959548694
-0.02689943190503
-0.02495026918084
-0.0218877595338
-0.01814752597005
-0.01476750176369
-0.01219540650377
-0.01063414087116
-0.01213063253807
-0.01678688108622
-0.0224595412788
-0.02853338987009
-0.03537439080589
-0.04016082115302
-0.04053350874133
-0.03527104715941
-0.02656636601856
-0.01709537879622
-0.00995879976557
-0.00574621870011
-0.00404134057687
-0.00276110395286
-0.00079637596307
0.00223708230482
0.0058100866666
0.00916974082472
0.01189483047919
0.01384015681111
0.01413739756386
0.01282492993488
0.01090787542455
0.00873815665022
0.00600873943907
0.00515742872812
0.00721461443538
0.01076719332699
0.01344088660854
0.01395688468772
0.01056000159491
0.00419263912675
-0.00197766519393
-0.00672084486436
-0.01064437567545
-0.01221101424845
-0.01151419133736
-0.01129295827681
-0.01229073554183
-0.01316668744016
-0.01190205192347
-0.00801972582383
-0.0020696513272
0.00222289661385
0.00243014476346
-0.00155249934353
-0.0072108875595
-0.0108538971198
-0.01131568790542
-0.00989284435035
-0.00814944632651
-0.00681161735693
-0.00656657941596
-0.00612271944993
-0.00421205007692
-0.00108445218532
0.0021558257908
0.00455347571436
0.00728223582718
0.01205422660445
0.01839503964512
0.02468004910791
0.02967088017857
0.03199342077617
0.03038620140326
0.02776843780939
0.02669207423902
0.02720398370637
0.02753273862955
0.02655945653006
0.02406260234763
0.02046663505415
0.01598581848546
0.01135476866267
0.00724699478088
0.00518625145033
0.00480990335971
0.00390141181932
0.00154535953874
-0.00127588119044
-0.00012944335985
0.00614729426375
0.01498998264733
0.02206779452024
0.02512270771235
0.02374759007186
0.01882607955636
0.01067374929828
0.00297800547431
-0.00110052554059
-0.00308313622912
-0.00478782419208
-0.00517891385231
-0.00384653747139
-0.00132473047767
-0.00077637130133
-0.00339358764512
-0.00784341439459
-0.01141524162112
-0.01322364591815
-0.01495882689418
-0.01822976282168
-0.02353051531539
-0.02864720062836
-0.03163083856371
-0.03126399184945
-0.02671788028254
-0.01610846356572
-0.00173759100031
0.01286231816613
0.02339273042411
0.02930618396793
0.0275974130349
0.02083970429048
0.01369462280568
0.00871662838321
0.00505969696687
0.00132649468713
-0.00380672660488
-0.01077962509641
-0.01877908706971
-0.0247054900968
-0.0233797577101
-0.01529223460452
-0.0042636853947
0.0061544725652
0.01450094883043
0.01880863990118
0.01853659787379
0.01281366965894
0.00421549818381
-0.00398101695895
-0.00959457480728
-0.01257972937867
-0.01307014044712
-0.01336327267597
-0.01418604938972
-0.01379579603646
-0.01106295063048
-0.00579259059388
0.0015194897766
0.01006749644037
0.02045534491012
0.02955732163986
0.03309746876205
0.03181538363415
0.02785404311964
0.02245314950413
0.01682691430418
0.0119739776412
0.00882987828482
0.00639811334254
0.00094188010039
-0.00703208380275
-0.01426333145445
-0.01820158392309
-0.01866172200684
-0.01575579756442
-0.01043110744315
-0.00256597727622
0.00631284321882
0.01404165037232
0.01552697468629
0.00997926937416
-0.00028753335283
-0.00796178501702
-0.00975461143747
-0.00690122499336
-0.00436342163772
-0.00451020014756
-0.00533129097267
-0.00558599290524
-0.00731003639644
-0.01138541333935
-0.01734890259794
-0.0223077548832
-0.02425414651089
-0.02236232059403
-0.0173976174787
-0.01014465903267
0.00088246812344
0.01486295027417
0.02723869708281
0.03451428891576
0.03531146866275
0.03206716181101
0.02832766499388
0.02712896829902
0.02752131573837
0.0268366159596
0.02074093378288
0.00926543159873
-0.00392672006107
-0.01220968013972
-0.01247453059094
-0.00453490438983
0.00698680707286
0.01991027188916
0.03006360926594
0.03515605495162
0.03724104786549
0.03786993742901
0.03592661889755
0.03207854487804
0.02720735880234
0.0199773788858
0.0112851427891
0.00547291889359
0.00377727333376
0.00407178281416
0.00278122675955
-0.00196046182866
-0.01195081990308
-0.02662145608059
-0.0435626656701
-0.05693265866989
-0.06250767338687
-0.05847690611949
-0.04621272996118
-0.02928779517072
-0.00708618157993
0.01608611558514
0.03380727766187
0.04494957457507
0.05111511493285
0.05086146834003
0.04332942894965
0.03026773453915
0.01704131752451
0.007326832228
0.00403718559147
0.00538709455057
0.00877020512787
0.01279707294809
0.01810110097742
0.02415608951916
0.03049981304082
0.03729557375218
0.04211432802728
0.04226333668904
0.03458713390742
0.02037499306784
0.00209349702736
-0.01652687922419
-0.03187508002184
-0.03966965674457
-0.04093430553598
-0.03670717206557
-0.02868086862109
-0.01980850461494
-0.01419030393548
-0.01030266131299
-0.00489543897771
0.00232316683223
0.00935701053015
0.01322700110205
0.01297926507552
0.00924732820786
0.00611100451506
0.00593799517086
0.01078386636745
0.02028453253104
0.03295317262368
0.04132670607419
0.04333769245895
0.04186280538866
0.03846384812183
0.03128076776894
0.01899184422553
0.00188754681288
-0.01919320172093
-0.03555137592685
-0.04152174480585
-0.03762790621071
-0.02906770705424
-0.01726507278066
-0.00626429095331
-0.00015539588983
-0.0026320684254
-0.01003461497443
-0.01832723572601
-0.02193994243351
-0.02229316929147
-0.02438546661658
-0.02912661691515
-0.03414213231601
-0.03744428373288
-0.03687927872924
-0.03090410772255
-0.02425162431528
-0.02049567349047
-0.01900307131468
-0.01650885548161
-0.01135040791921
-0.00315448084626
0.00560756431507
0.01033798200758
0.00954829915517
0.00519924739508
0.00109101454006
-0.00015414076565
0.00190307690049
0.00521158624151
0.00825606882729
0.00889882051064
0.00944563583777
0.01464553037515
0.03061135382304
0.05488914923646
0.07859383875218
0.09458177123581
0.10108442294907
0.1018276409847
0.09871146830735
0.0917016229688
0.0805431972784
0.06529526371232
0.05080568135553
0.04150130174668
0.04003109401298
0.04246979167451
0.04428554020691
0.04296205124684
0.0385928783394
0.031262644466
0.02013314769553
0.00715339809296
-0.00233224640456
-0.00221507382504
0.00882709723229
0.02776164115596
0.04820164713435
0.06639928846745
0.08015803145918
0.08900824992413
0.09011881247578
0.08139779016232
0.06140115962291
0.03398061223655
0.00234842064765
-0.03649992059728
-0.07506336225895
-0.10757691950632
-0.13655605103312
-0.15486656061981
-0.15948241089537
-0.14644123255496
-0.11947046565696
-0.08406053180503
-0.04933690065355
-0.01801182520882
0.01041015662619
0.02818775614839
0.03177789252386
0.02814790545774
0.01741695873662
-0.00211589943428
-0.02825511868328
-0.05759237875608
-0.08658856829004
-0.11277247653098
-0.13239164058514
-0.14317840747755
-0.14306182230411
-0.13113489024841
-0.11115531771616
-0.0893409142505
-0.07073534096411
-0.05704323703536
-0.04818276385405
-0.04161629395447
-0.0341035360858
-0.02609612587765
-0.02003719474593
-0.01745716784454
-0.01681340728295
-0.01498542610184
-0.01021563892705
-0.00306424963015
0.0046451608435
0.01150132150238
0.01700697584006
0.02061361932206
0.02242133997133
0.02473217227142
0.02883067376566
0.03438316793078
0.04037464360462
0.04646398710553
0.05308173058693
0.06010441921103
0.06686317333916
0.0712111398914
0.07164369643868
0.06727309649951
0.06319420839482
0.06413103813037
0.07204369675051
0.08295836550982
0.09273525855431
0.09991286308778
0.10445845694085
0.10453783972903
0.09771944894942
0.08317026312793
0.06073536635519
0.03441204043317
0.0089675868465
-0.00878908840817
-0.01540551769291
-0.01024071486131
-0.00116315497629
0.00430031032991
0.00194382562553
-0.00878137911816
-0.02641560841328
-0.04875991522076
-0.07572849179099
-0.10794452951662
-0.13465726916626
-0.15081428831617
-0.15847240430031
-0.1568335745153
-0.14587712359449
-0.12769590971964
-0.10729028524985
-0.08749629321571
-0.06875442180597
-0.0519208568702
-0.0405342056638
-0.03343518743568
-0.02826053476648
-0.02125585661025
-0.00938087846546
0.01056270299916
0.03350093045549
0.05747363644166
0.08228245027287
0.10138463060034
0.11250263478739
0.11773157771712
0.12225739224672
0.12669277278895
0.12545888814664
0.11363347446428
0.08920096558088
0.05806353153357
0.02590314140795
-0.00787153355697
-0.04392947919757
-0.07831702778388
-0.10722832552346
-0.12833631509734
-0.14271747622964
-0.15043108051723
-0.14729904455696
-0.13058385688098
-0.09858814621669
-0.05661582443966
-0.00963889907646
0.04535956410899
0.09835929015178
0.12962538936203
0.14159231149288
0.13629546840236
0.1219566536069
0.10202035664144
0.07773805114403
0.04915321180215
0.01687409927418
-0.01921881196241
-0.05502375483381
-0.07912316796264
-0.09230027937177
-0.08924971696709
-0.06849831939111
-0.03038990836708
0.01958640537932
0.07573546101571
0.12576510260588
0.15736409845
0.17477926178159
0.17669888494902
0.1585284235923
0.12465540291063
0.07913511520501
0.02962730924939
-0.01850647091095
-0.05782870184747
-0.08203474411444
-0.09921155996079
-0.11583093739034
-0.13093935371499
-0.13988392220786
-0.13972791113461
-0.13500622820375
-0.13044520249595
-0.12551460875757
-0.11819921269546
-0.10805872524158
-0.09704054690187
-0.0865899289482
-0.07659489917014
-0.066038780429
-0.05381718291502
-0.03683636821707
-0.01443756539099
0.01638231759154
0.05009671208136
0.07837118861595
0.09533295409968
0.10201766851191
0.1079816987151
0.11598976934026
0.12113401959631
0.12173108303364
0.11988490221998
0.11963988419109
0.12187036796757
0.12077739441163
0.11192913396696
0.09432769321479
0.06950348071564
0.0418754495535
0.01710596206175
-0.00367891434229
-0.02016052015527
-0.02758424451887
-0.02545066947138
-0.01817094920245
-0.01773378964818
-0.02980912636615
-0.05565486791188
-0.08839270144792
-0.12088594838326
-0.14395560878035
-0.1485941588164
-0.13894596412164
-0.12156737262641
-0.10490106908379
-0.09361928811595
-0.09110263469798
-0.09911521872581
-0.11665416876304
-0.13787661955616
-0.15712060701319
-0.17254094592399
-0.18495147580131
-0.19440808318999
-0.19813675115939
-0.19651023367138
-0.19143252291796
-0.18271515115078
-0.16974754791128
-0.14959361201403
-0.12237978510742
-0.09050371280072
-0.05619773733036
-0.02087213441615
0.01587606315224
0.05485221234548
0.09605453435191
0.13042860910377
0.14783428101503
0.15219847590482
0.15471151196331
0.15751267568356
0.15430630132633
0.14141350109877
0.11902168077213
0.08839807770698
0.05402908053312
0.02337610384515
0.00335293383429
-0.00804032486088
-0.01241913189182
-0.01127254840443
-0.00429311543506
0.01098603693906
0.03058301894656
0.03792818023556
0.02974388446679
0.00697647270821
-0.0272495325679
-0.06582260171572
-0.10176913268388
-0.12930500414587
-0.13684643539622
-0.12060067478494
-0.08135073130211
-0.03197381402398
0.01793025541156
0.05488417121881
0.06891630694005
0.06461699221368
0.05384807981125
0.03899135205915
0.02415904978032
0.01506883776563
0.01579431746502
0.02612323616179
0.04463585990256
0.06443519500898
0.08015298706796
0.08934592545494
0.0964370120416
0.10594303455218
0.12091913516761
0.13873725243483
0.15378676221726
0.16753617972259
0.1848921046441
0.20366191932626
0.21786383863627
0.21581800612793
0.19887429425489
0.16913253042362
0.13456895913309
0.1016295158821
0.07057129868904
0.05013899204462
0.0421675264426
0.0441640102026
0.04745109481938
0.04508056281292
0.03463910441172
0.01658104669361
-0.00999692142476
-0.04083905946488
-0.07009928305516
-0.09480674444695
-0.11233192196867
-0.11885962970412
-0.11513769865195
-0.10668568841247
-0.0983647659712
-0.09302355215
-0.09174357106422
-0.08878540066719
-0.08013519895154
-0.06576250044925
-0.05103881851562
-0.04035818295958
-0.03192301169449
-0.02196863572727
-0.00501351755644
0.0175563299562
0.03871238394986
0.05636698993057
0.07240838632379
0.0833345045237
0.08837936036061
0.09018754230618
0.09390947335835
0.10495526310264
0.12433020561073
0.14730608015524
0.15736818042448
0.15075149892017
0.12783230740334
0.09128303805773
0.04259606738898
-0.01216475518974
-0.06569951193254
-0.10689184471688
-0.12774237121774
-0.13690593930057
-0.14225103597554
-0.14731477509274
-0.15224599938002
-0.15985898133744
-0.171281772952
-0.18514522024837
-0.19766460277837
-0.20972272219263
-0.2255552741519
-0.2493170781235
-0.27712089968237
-0.29857940807261
-0.30441162036833
-0.29476730852734
-0.27941861988396
-0.26357783760216
-0.2409433886951
-0.20958456560936
-0.17318888470174
-0.13352118597744
-0.09167125706111
-0.05514279582929
-0.02710157260853
-0.00098534416813
0.02771500044922
0.06145140441443
0.09782485017653
0.13176397893264
0.15974820385126
0.17781684815358
0.18931570387789
0.19765451399593
0.20670969404105
0.21621428951991
0.22065823225251
0.21859846129474
0.21022122088042
0.19748552688999
0.18238590506319
0.16759136934497
0.15625705369749
0.15310776060936
0.15382615493029
0.15233377842464
0.1432739522297
0.1279830085911
0.11106033713934
0.09161928655681
0.0662481558515
0.03034953664391
-0.01913760058242
-0.07082162660343
-0.11797626387817
-0.167839905173
-0.21491038076261
-0.23932068768729
-0.23812788828401
-0.21768429813291
-0.1916008462882
-0.1634256646124
-0.12881735753656
-0.08468567126192
-0.03935856382803
0.00231319088485
0.04426954417685
0.08892003945131
0.134241637879
0.17855309696449
0.22197030495876
0.25997315545911
0.28694926542939
0.31101131023905
0.33921938001814
0.36677768574636
0.38650955212019
0.39146201594945
0.38296387607972
0.36681220000209
0.34557564482562
0.31837057923007
0.28096190491681
0.23037051062786
0.17546002228906
0.12951009847318
0.09724477837279
0.07880324736146
0.06697723631699
0.05980477573509
0.05738373344284
0.05834332931246
0.05587492947894
0.04629128307975
0.02610464492519
0.00015235840302
-0.02788200630413
-0.06358119948718
-0.10496186727273
-0.14816853830705
-0.1887688188585
-0.21578093648981
-0.23096176637792
-0.24140647708398
-0.25340728292166
-0.26562357055014
-0.27311824162134
-0.2741034245017
-0.27048941687224
-0.26405980927135
-0.25328731269621
-0.22486950243999
-0.17870512562362
-0.12440879191609
-0.08374034570957
-0.06392209413607
-0.05620092326165
-0.05554903525657
-0.06295426794393
-0.08174127338039
-0.1126865227595
-0.14467433496912
-0.18355202229185
-0.23393958335129
-0.28102963914368
-0.30005904085306
-0.30074086333763
-0.29854260392876
-0.29574134064815
-0.28652858975091
-0.26484882506938
-0.23146932505785
-0.19154120963672
-0.15179445999209
-0.11422609087251
-0.07666893888604
-0.03650964432509
0.00090962354161
0.03112338940017
0.05148109879072
0.06423932660772
0.07018175221429
0.07241844191945
0.07285136352135
0.07303083765114
0.0739195133626
0.07633650686716
0.08121685581402
0.09509626595366
0.11868188128712
0.14865150557977
0.18293454898215
0.22158464133777
0.25694479501317
0.28496522671353
0.29690460381336
0.29135268709829
0.27868731590392
0.26173427854447
0.24183461978895
0.22167925685997
0.20595738282652
0.19402261868971
0.18305123371594
0.17346181281627
0.16502168344559
0.15382871031268
0.13812741208553
0.11854691063515
0.0936045531837
0.06579595272788
0.04039412424704
0.0294126538095
0.0330906754273
0.04691084715687
0.06431943950515
0.0819900747027
0.09620878652559
0.10574832768837
0.10989362254856
0.10949670860768
0.10262956644185
0.08837494651829
0.06615101813369
0.03419639270843
-0.00303465697454
-0.03549363092207
-0.05696236084189
-0.0709353909002
-0.0794238402289
-0.08450526790217
-0.08760355290274
-0.09005735055115
-0.09155012529822
-0.08995951591087
-0.08434238716455
-0.07310892615473
-0.05942611452561
-0.04729753956817
-0.04076993139307
-0.0381387171955
-0.03349416035148
-0.02438998997529
-0.01076609152575
0.00564509193082
0.02466827443682
0.04231802850965
0.04423270684622
0.02797052209536
-0.00801519914644
-0.05816956330958
-0.10599872197633
-0.13582846397292
-0.14155145856134
-0.12616928445254
-0.10599829054813
-0.08710634849954
-0.06693976843745
-0.05018923683614
-0.05207895871087
-0.07561608815238
-0.10679215161668
-0.1329498091112
-0.14882288213418
-0.15721067594593
-0.166336809336
-0.1765158598333
-0.18038168878244
-0.17412720784258
-0.15708821671166
-0.12752310613351
-0.08279329444444
-0.02268650237832
0.0478568364449
0.11614710788488
0.16533151526433
0.19801203522378
0.22716606110413
0.25212650535305
0.27020278261577
0.27770356005529
0.27497782989587
0.25824750904623
0.22067678366496
0.15704085917038
0.06969261219968
-0.01553195602263
-0.0887450787242
-0.14002997724581
-0.1524558394175
-0.1312157332551
-0.0930029763437
-0.05705136779753
-0.02846775636667
-0.00597465329286
-0.00398535115299
-0.0337151511485
-0.08511517462504
-0.12773165188639
-0.14890229810914
-0.15050502067277
-0.13671757111257
-0.11678183832245
-0.09712348067597
-0.07604350074809
-0.04932017451424
-0.02094904810757
-0.00103442277604
0.00962063307035
0.01068625075995
0.00582511696123
-0.00299006156933
-0.01008433873343
-0.00980720585332
0.00328866530331
0.02480126383776
0.05053381521809
0.07591589756224
0.09996974523616
0.12021527665823
0.13675835767054
0.14863750075677
0.15617226146347
0.15973426540183
0.15938636834144
0.15469777263458
0.14612821480492
0.13365751728757
0.11687313516621
0.09759304048781
0.07754075571104
0.05546384478113
0.03154594013197
0.00901718449572
-0.01301031131228
-0.03829296936918
-0.07135981668531
-0.10650276285711
-0.13253988595085
-0.14994668621278
-0.16476259422013
-0.18165470064351
-0.19984752989288
-0.21643976053282
-0.22552739725304
-0.22471013950152
-0.21516615130964
-0.19771338735137
-0.1746144230237
-0.14798109934902
-0.11551058536096
-0.08227929752835
-0.05268548038174
-0.02515409577299
0.00191028374258
0.01947040429329
0.02432905240186
0.01624120074711
0.00441083559652
-0.00215134491117
-0.00358437183102
-0.00440376349278
-0.00866549750455
-0.01715203195579
-0.02898749127778
-0.04292265853381
-0.05991405981597
-0.08441055281962
-0.11009022105908
-0.12823788309494
-0.13648964427762
-0.13824685132242
-0.13666762500212
-0.13431401825568
-0.13145384843284
-0.13056540502888
-0.13314564432568
-0.1430885708523
-0.1597201278317
-0.17969127092072
-0.19531112877907
-0.20375567199207
-0.20677928672785
-0.20955310453779
-0.2145027143036
-0.22318358060799
-0.23525228660645
-0.24986097633229
-0.26426689480572
-0.27724289430166
-0.29165717584475
-0.30915082592133
-0.32837875097473
-0.34610729711098
-0.36009784979143
-0.36671695393099
-0.36629581363753
-0.36086877879199
-0.35466716439961
-0.34853822906497
-0.3389668285892
-0.3240632079108
-0.30495863813485
-0.28044555173903
-0.24597599860858
-0.20117194808291
-0.15078979646932
-0.09996679161235
-0.06089499478793
-0.04497811520961
-0.04599114180204
-0.04984329779602
-0.05524647134361
-0.06446114707435
-0.0751905340166
-0.08298292373024
-0.08660619047253
-0.08617599018694
-0.07921529447601
-0.06479955271441
-0.03900963797733
-0.00569541305194
0.03905480519083
0.09313310172515
0.14533893351261
0.19313015968484
0.22690892989895
0.24553169393964
0.2572285420194
0.26426669568501
0.2684567595173
0.27115703541311
0.27485301439992
0.27894919281926
0.28134265689371
0.27895052029063
0.2715889282247
0.25649866507109
0.23345469124509
0.20451737506658
0.17949586713444
0.16325495179368
0.15388011664165
0.14552716895347
0.13508853142895
0.12155061330032
0.10658971223212
0.09178419168827
0.07857007701459
0.06554024855443
0.04871255767949
0.02376697779128
-0.00977578792457
-0.04571944159853
-0.08299619844398
-0.12184229194801
-0.15443168099763
-0.17547057568648
-0.18645052285062
-0.18899661294631
-0.18399778717931
-0.17311803091714
-0.15943541840872
-0.14459362470957
-0.13633944089163
-0.13577685852325
-0.13719048278963
-0.13347432623793
-0.12053274143737
-0.09655781193665
-0.06489171241456
-0.02514494949522
0.01481239684557
0.04176965008498
0.05946766437962
0.07453141129253
0.09169302759165
0.11034184325805
0.12782812586851
0.14346699975429
0.15881313301528
0.17392805394967
0.18191169910155
0.18384565895982
0.18530189505731
0.18779538409981
0.18921295759352
0.18664894663427
0.17866871972118
0.16387368620119
0.14107015062784
0.11150537191753
0.08277590456944
0.05899077028844
0.03863731544365
0.02029372195163
0.00389017809282
-0.0096082842679
-0.02031143041976
-0.02870069440606
-0.03657256646823
-0.04526395298326
-0.05460596640556
-0.06113715875337
-0.06205357861654
-0.05568885117906
-0.04461853640113
-0.03008691302592
-0.01252936511473
0.00800165561975
0.03522475159523
0.06720187766029
0.09881066360579
0.1240458280556
0.14185584774744
0.15249460158162
0.15486861820044
0.15067165151701
0.14382279526936
0.13615183599968
0.12710123573079
0.11459336901496
0.09018392494668
0.05660948576385
0.0227368765983
-0.01029836694309
-0.03746505865988
-0.05460351058352
-0.06572582905254
-0.0715793804506
-0.06498808683633
-0.04679250308386
-0.02348767449547
0.0021969113617
0.03496811819181
0.06751552595922
0.0931790322347
0.10822771234752
0.11848003926467
0.12649939339652
0.1322846132056
0.13530006399243
0.12894449610742
0.10638179702814
0.06985170964388
0.02056353050844
-0.03570071645645
-0.08051200170111
-0.11075385718582
-0.13252511783182
-0.14462545083577
-0.14833002519972
-0.14389361586718
-0.13175883498106
-0.1114621627243
-0.08488356405703
-0.05652847682324
-0.02930544722132
-0.00293069439453
0.0239025258933
0.05203571633085
0.08244148134349
0.11288209247971
0.13465043268868
0.13872719683918
0.13199482620461
0.12250493247122
0.11871271180978
0.12095739952997
0.12440524093016
0.12446564087769
0.12077570188563
0.11751642779415
0.11765322371926
0.12142145033561
0.12653566655182
0.13181677910655
0.13698903900859
0.14068511755575
0.13950821462218
0.13000853078741
0.10836547068937
0.07511765583816
0.03405584667669
-0.01015116032373
-0.05132213409366
-0.08211651635109
-0.09670589136844
-0.08954232484475
-0.06768384932947
-0.0285158606106
0.02721537009209
0.08939530739006
0.14472514393597
0.18200146935323
0.20666290067511
0.22297593089828
0.23726310705729
0.2486662852823
0.25583516169148
0.25903891429274
0.26194003660747
0.26725367221087
0.27616833941103
0.28680961544083
0.29714806206338
0.30585288922608
0.31287946070395
0.31807478542112
0.32269723986676
0.32754891543194
0.33176778539304
0.33450088301858
0.33434125458583
0.33247250675882
0.33062181254249
0.32679889410552
0.31647850109365
0.29324347095012
0.25355629158341
0.18667781913666
0.10616814051046
0.0251030777294
-0.04254598853139
-0.08425397757103
-0.09842028746142
-0.10511943812485
-0.113861899101
-0.12260601941637
-0.12680839554564
-0.12676146943257
-0.12625009427244
-0.12881135072859
-0.13412774083509
-0.14049874057482
-0.1441894760497
-0.1434909606126
-0.1384312370963
-0.12999611893006
-0.11758346509854
-0.0986074277384
-0.06989730828558
-0.04847603546739
-0.04139712843059
-0.03925847248642
-0.03334385740514
-0.02153597630096
-0.00532117895948
0.0153425457696
0.03732683570305
0.05823218677166
0.07760009368146
0.09485815077592
0.10663361834782
0.11461829229001
0.12118141032437
0.12500535755165
0.1244113141117
0.11918807930888
0.11047548643865
0.09792786195517
0.08219271320797
0.06532981115483
0.05017440234353
0.04148009539148
0.04180293642968
0.05217257862953
0.06779761362624
0.08598045365352
0.09952122584561
0.10364484973561
0.09696620850492
0.07890267496739
0.04628676967707
0.00889427723986
-0.02263512259879
-0.04673542181477
-0.06331567202556
-0.07149565019368
-0.07052191675392
-0.06625529101013
-0.06462588627188
-0.06676547144602
-0.07058181889968
-0.07289795776659
-0.07119096232652
-0.06205610081215
-0.04849870204111
-0.03480105591937
-0.02135690704993
-0.00636888906024
0.01198987411091
0.02627618741352
0.02704096026559
0.01702798307455
0.00191286169199
-0.01414019852846
-0.03046700126713
-0.04730739604312
-0.05744658921241
-0.05593031822203
-0.0372620219132
-0.00103517478857
0.04102656479649
0.07943436043954
0.10814909285538
0.1221798015449
0.12257864031927
0.1195488528416
0.11344026100577
0.10082214779232
0.08125123732261
0.05812851125733
0.03805614847603
0.02296639639889
0.00165013254002
-0.02995641927116
-0.06420998949035
-0.09662538022959
-0.12728983622628
-0.15584613493361
-0.18992707081927
-0.23185402626209
-0.26780307942586
-0.29158200777818
-0.30635447428481
-0.3081717494093
-0.29675971031286
-0.26748388893394
-0.22225803437912
-0.15919093136838
-0.08590282976491
-0.02295386175044
0.02573657361859
0.05264074459643
0.05293912697456
0.03552047903062
0.01226658883753
-0.01512528184846
-0.03660850775569
-0.05084441033287
-0.05505697480495
-0.0479073135439
-0.03493649118632
-0.02321942571753
-0.01579647128733
-0.01213935734367
-0.01329969675318
-0.02273863549787
-0.04109828143748
-0.06704165186542
-0.09849993574387
-0.13318155242635
-0.16534794272258
-0.19077880963974
-0.20969408199773
-0.22414646196926
-0.23478617822019
-0.2401481337816
-0.2410810474766
-0.23808813051635
-0.22978745201353
-0.21676814376401
-0.20058719694258
-0.18494291361095
-0.17175169781847
-0.15858391189574
-0.14307821657558
-0.12797252156724
-0.11540395622283
-0.10478999291656
-0.09484162375731
-0.08520086290224
-0.07410121100694
-0.06073397251024
-0.04716406232149
-0.03690888134088
-0.03430212580338
-0.03927095071733
-0.0516542342447
-0.06899811236349
-0.08999306774986
-0.11511954548091
-0.13398978337253
-0.14155079482565
-0.13767789709145
-0.12548540438734
-0.1057030941013
-0.07995997273015
-0.05002887829414
-0.01103383918325
0.03640338024159
0.08517876050386
0.13171944226803
0.16819998178325
0.18590911365065
0.19525016465621
0.20005159542988
0.20062582635957
0.19573887324262
0.18857955462733
0.18256922885997
0.17694005331093
0.16881874937754
0.15604658311111
0.1360883496812
0.10823723695463
0.07197446911835
0.03331289413534
-0.00154972194154
-0.03075919762866
-0.05313668790182
-0.06714489595155
-0.0683627845638
-0.06102920214386
-0.04901548664708
-0.0341879632652
-0.01653677884196
0.00654982340854
0.03601864585057
0.07045995702753
0.10385777614403
0.13160972675896
0.14963343615526
0.15650419568058
0.15126240946531
0.13579720202206
0.11468267465166
0.09420722518758
0.07639740461645
0.05818104593697
0.03767450045595
0.0148231792318
-0.01783848399678
-0.06205719597604
-0.11145446339033
-0.17097001629978
-0.23037817677505
-0.27119739054288
-0.29305712715597
-0.29926889670436
-0.29479326059271
-0.27758365620341
-0.2376480737558
-0.15970253883599
-0.0593917662038
0.02335807678389
0.10250850105252
0.17300181079833
0.19923978031099
0.18477724518345
0.15513019643473
0.12972119960846
0.11075063806774
0.09468916366998
0.08001556059394
0.06966486804796
0.06142160268207
0.05215233469108
0.04311982121967
0.04079226609894
0.05526930385125
0.0882644013396
0.14086097432605
0.19545240492007
0.23739512408545
0.26392463949867
0.27739352911584
0.28225277126786
0.27606695378483
0.2537480780102
0.21617393439014
0.1721383238562
0.1275746783964
0.09072291151139
0.07072896910151
0.06630785887655
0.0737165098027
0.08822646884508
0.10187785258943
0.10729025206306
0.10267655892849
0.08607739225062
0.05666109121352
0.01732033209529
-0.02075353148622
-0.04775050598783
-0.06082901946064
-0.06582824346906
-0.06628270329401
-0.06483522850759
-0.0628856044871
-0.06040266884203
-0.05816478441263
-0.05744552723531
-0.05955501199604
-0.06369237521477
-0.06928504530102
-0.07437523428536
-0.07826462585139
-0.08478798611808
-0.09437544899748
-0.10356798914305
-0.10507636167876
-0.09678003064469
-0.07184281714481
-0.03590345452207
0.00071875008326
0.03071958588286
0.05247066232661
0.06435053552209
0.07105854705694
0.07469568587509
0.07115475554478
0.05652329968488
0.0312133521352
-0.00396863828839
-0.04433644873411
-0.08556810785791
-0.12600700107704
-0.15719786584717
-0.17677090027107
-0.18782614824891
-0.1988324789066
-0.21165631699627
-0.21938249907513
-0.22060821976849
-0.21935614876835
-0.21755689406777
-0.21470276423969
-0.20878980849763
-0.1986980060564
-0.18429693285348
-0.16619994703732
-0.14555846409112
-0.12917192514061
-0.11946688148425
-0.1170125196605
-0.11936061740074
-0.12347222767481
-0.12351049203717
-0.11747806387143
-0.10585482407937
-0.0930415725739
-0.08111241700365
-0.06387394011197
-0.03842671211013
-0.00852709533908
0.01920923093777
0.0417292949552
0.05693461669017
0.06425535582456
0.06506003578481
0.0607389505279
0.05232955211953
0.0428431429985
0.03346651576011
0.0181064905112
-0.00711464588487
-0.03954411113936
-0.0777196656655
-0.11670345113781
-0.14750563228957
-0.16353046847739
-0.16915058403431
-0.16849232416663
-0.16367390175938
-0.15442584012358
-0.14076503133248
-0.12429340146689
-0.10692114864747
-0.08805612108099
-0.06476573538115
-0.04289033460585
-0.02798822724482
-0.01631627920935
-0.00298824426101
0.01387638682359
0.03098483125681
0.04449504837654
0.05041361268516
0.04717640780527
0.03474785750405
0.01514898053117
-0.01160859778281
-0.04744621636208
-0.0924020300526
-0.14017938414897
-0.17361666235207
-0.19167166688602
-0.19950344931269
-0.19932812353094
-0.19081405400472
-0.17572969809872
-0.15660335779223
-0.13687514196469
-0.11837467122435
-0.10123064392094
-0.08578431975798
-0.07271174671957
-0.06169678749794
-0.04981956924521
-0.03315791848976
-0.01466109165834
0.00165293450023
0.01692152318902
0.03358233763751
0.05269118850865
0.07467962347146
0.10001428190077
0.12616404094061
0.15141563284868
0.17555105363854
0.19729742419627
0.20566557143168
0.19929991476424
0.17679575717255
0.13768781993997
0.08666220976452
0.03095580277654
-0.0188094994389
-0.04810786128176
-0.05458887521162
-0.0500997984523
-0.04557650611831
-0.04131359729437
-0.03799083688442
-0.03780980297576
-0.04511139333558
-0.05847023557583
-0.07345055091288
-0.08366401610556
-0.08445953651332
-0.0737041975057
-0.05430957523449
-0.02821362192812
0.00085453580265
0.0282778615866
0.05009986482587
0.06660916169171
0.077953201067
0.08228351224997
0.07727682121506
0.06352315580134
0.04549961233896
0.02778350129081
0.01985851378028
0.02213622898826
0.03341491031044
0.05089492061866
0.07162650568439
0.08900559498138
0.1011106736955
0.10749796814634
0.10778417097462
0.10180679968412
0.08778737450129
0.067684844933
0.0485417784872
0.03321638696643
0.0202055446656
0.00933591369134
0.00671007575284
0.01579934858153
0.03023663520353
0.04508159160323
0.06390228162581
0.09000926290062
0.12128382474089
0.14835113199457
0.16939576799712
0.18322725642016
0.19179289820926
0.19837655886314
0.20350959198608
0.20528113572172
0.20244260368228
0.19622718358761
0.18889788226286
0.18364693649511
0.18147741684148
0.18014115096944
0.17788707138927
0.1751188289591
0.17167095437213
0.1669598248387
0.16102652559783
0.15208374919131
0.13690872699045
0.11274894710088
0.08487490230631
0.06331719861764
0.0501814711286
0.0415960832028
0.03584358556309
0.03143536508518
0.02964080631458
0.03044152709146
0.03179659327684
0.02737205817574
0.013224731126
-0.01330491371568
-0.04915344410964
-0.08834010039471
-0.12762479044077
-0.16974565626457
-0.21167241258668
-0.24413489537293
-0.26253607125448
-0.26794687776247
-0.25951159366231
-0.24032070506025
-0.21083232232753
-0.17937778855571
-0.15116036010342
-0.1263386366131
-0.10221035098188
-0.07767801625113
-0.0513933197461
-0.0204274613739
0.01242380459106
0.04354195711666
0.07381285103768
0.10450979689625
0.1319100007838
0.15425167587929
0.17004895028679
0.17803903367484
0.17857914859021
0.17266805130807
0.15887087802006
0.13309725799409
0.10034306337337
0.06626919627278
0.02873274620239
-0.00834395075094
-0.04239608382646
-0.07645700808115
-0.09995298591006
-0.09648290936436
-0.07078349498821
-0.03627883023991
0.00071562986179
0.03963882622191
0.08038565961307
0.11962962947472
0.14432384933955
0.15733459539871
0.16184670378637
0.16128953086384
0.15781852508817
0.15227782550622
0.14341519518392
0.12862281660667
0.11054189319415
0.0902848459579
0.06146816374052
0.02092389916239
-0.02697163639175
-0.07348088363378
-0.10234196976863
-0.11595422629421
-0.12217409341799
-0.12484058516733
-0.12253247750224
-0.11192754100131
-0.09629391062746
-0.08104876475126
-0.06740992561141
-0.05413255692674
-0.0430976856345
-0.03519030371307
-0.029907966566
-0.02802973395601
-0.03064770662662
-0.03623469181672
-0.04305278391527
-0.05014592808255
-0.05224695021327
-0.04949284535324
-0.04471540862466
-0.04109924385422
-0.03895395055318
-0.0345999108194
-0.02396691157362
-0.00477710486073
0.02175013725775
0.05175220163211
0.08143522485507
0.11088384982014
0.14227008518976
0.17332554787971
0.19844157177369
0.21646796929952
0.22799138324425
0.23353576655927
0.23191694840522
0.22178173765006
0.20485833608904
0.1832282188369
0.15123745300348
0.11526098755583
0.08598234530023
0.06423577562179
0.04637471465561
0.03239231928676
0.02465667565569
0.02250262104357
0.02232823112914
0.02227087109107
0.02242760563622
0.02092505406248
0.01912354266057
0.01987922897107
0.02176368410313
0.02238411103664
0.02115868238698
0.01742363591763
0.01029415885883
-0.00239810690558
-0.02024187755711
-0.0411633607216
-0.05807478185346
-0.06834313798746
-0.07355542115144
-0.07439501360883
-0.07054518068976
-0.06124856678845
-0.04896802954545
-0.03632552404549
-0.02459422144621
-0.01511287662847
-0.01138884485285
-0.01214282868132
-0.01372050186012
-0.01209696122666
-0.00530486433629
0.00713550377884
0.02155103314502
0.03574064015803
0.05321547332788
0.07307905804881
0.09068312055695
0.10060653325436
0.10122347557552
0.09227233609934
0.07635595432279
0.05985717766759
0.04620340447477
0.03532155744519
0.02835225640108
0.02551253295609
0.02571599449361
0.02604773622738
0.0250357948428
0.02199042948855
0.0171535552292
0.01095833924884
0.00364577401944
-0.00359844302759
-0.00972372449727
-0.01631418180458
-0.02480917556716
-0.0351104894967
-0.04351218857109
-0.04791176057301
-0.05133524287348
-0.05597057379145
-0.06091646663741
-0.06493833984658
-0.06706007053074
-0.06281149839764
-0.0504739794459
-0.0307738728247
-0.00873463221372
0.01178050200709
0.02761040897965
0.03702642893107
0.03409782795889
0.01992590950195
0.00026339816435
-0.01703919357031
-0.02994900202485
-0.04040411346913
-0.0503552039447
-0.05968055760125
-0.0670486874637
-0.07366420743056
-0.08030856671301
-0.08200696677594
-0.07547099553118
-0.06039659566049
-0.03986615569474
-0.01814586994951
-0.00012318134551
0.01208763574026
0.01479226906086
0.01090653467846
-0.00027848311762
-0.01414969658614
-0.02523674082207
-0.0297048700831
-0.0265152517333
-0.01508676526654
-0.00103407995656
0.01126021287669
0.02069184721014
0.02675312464752
0.02814877827017
0.02906589837449
0.03280301238051
0.04078370390858
0.05209113826073
0.06599490750009
0.08178673927496
0.09870413402801
0.11099645257945
0.11749820824954
0.11883510467048
0.11700740889571
0.11298593392795
0.10546985738085
0.09278762730002
0.07421122519708
0.05484335147405
0.03990501741922
0.03267221994469
0.03097948486585
0.03233397028251
0.03928054169801
0.05223526846518
0.0692621796066
0.08512562846211
0.09669474060889
0.10013355520374
0.09882257766137
0.09671478542664
0.09248712096769
0.08432244190716
0.0769965256344
0.07334936440738
0.07211192877915
0.06768670339292
0.05688433871187
0.0383245300011
0.01226940639553
-0.02117096149719
-0.05381744840929
-0.08296088770543
-0.11240705684845
-0.14051526759343
-0.16251043947347
-0.17349005476976
-0.17238646144282
-0.16137515276747
-0.14160313038458
-0.1152326128552
-0.08767825635433
-0.06302442480606
-0.04216785831045
-0.02630404108163
-0.01648637807256
-0.01148520931858
-0.00966474494412
-0.01258380803447
-0.02033883938496
-0.03146216673222
-0.04248930550371
-0.05036360020114
-0.05215860699332
-0.04870240252347
-0.04260479551326
-0.03697814215983
-0.03297515554964
-0.03149234015656
-0.03332796093543
-0.04011319811747
-0.05087909052252
-0.06265548732439
-0.07196491132445
-0.07298812625968
-0.06330910104225
-0.04290068888257
-0.01414814676331
0.01935388549342
0.05318620258408
0.08576812460722
0.11330854265867
0.13281712834735
0.13983069060576
0.13596781528043
0.1224296648443
0.101405305967
0.07423342715581
0.04491011548847
0.01731429541922
-0.00737392759368
-0.0297845415963
-0.05141147291714
-0.07356351872682
-0.094167301486
-0.11017176098824
-0.11707730026356
-0.11787451319734
-0.11632714619001
-0.11498142208442
-0.11413396435914
-0.11287820962594
-0.1108675882958
-0.10864171748234
-0.10493634663556
-0.0985821725955
-0.08970510602201
-0.07928442254782
-0.06835793929328
-0.05914084092729
-0.05335060991378
-0.05030459409856
-0.04999383304986
-0.04985504591769
-0.04846236251224
-0.04667422538442
-0.04636293334717
-0.04849047171859
-0.05231518224191
-0.05696216172118
-0.06143666948217
-0.06424553253639
-0.06419631653519
-0.06160263659073
-0.05680903789817
-0.0497468238139
-0.04053022324968
-0.02788355612696
-0.01350696481487
0.00021570961809
0.01217604865246
0.02122841113959
0.02435922250752
0.02476648408776
0.02637019561756
0.0288229578383
0.03069848240668
0.03377535197532
0.0397275013097
0.04859633756068
0.05656282514504
0.06149092987459
0.06216950005429
0.0596295495137
0.05496683949864
0.04844251681519
0.03920132484376
0.02655570310475
0.01143872127106
-0.00488551944786
-0.01969055214598
-0.03144314738611
-0.03948191910548
-0.04328041206916
-0.04303031646226
-0.0400772900168
-0.03552316716015
-0.03038653658979
-0.02690944103919
-0.02719132626682
-0.03034999130285
-0.03368488480117
-0.03464713561354
-0.03228594236819
-0.02611200907264
-0.01757502407182
-0.00744878038579
0.00919913435962
0.02814278473691
0.04047729032863
0.04221773804733
0.03506482448142
0.02471822054727
0.01752088315183
0.0162127463982
0.01898385948522
0.02404852783239
0.03026344016926
0.03812185830905
0.05036160899408
0.06506192743152
0.07889573892946
0.09097280799758
0.10233208010689
0.11271758558966
0.12071377534602
0.12504445158362
0.12615371985068
0.12469778243425
0.12200732982661
0.11970380193776
0.11861368244527
0.11821862696431
0.11778089327867
0.11605581104112
0.11252467081221
0.10717778205088
0.09901350123176
0.08764072210122
0.07685149938677
0.06767060780251
0.05800774454907
0.04678868660366
0.03483440863765
0.02346874143499
0.01469686037451
0.00906463495999
0.00490432307988
0.00222868969892
0.00371801169294
0.00922689178606
0.01708320588372
0.02883461635565
0.04278370546772
0.05174486735277
0.05628873549306
0.06068558617865
0.06496462377979
0.06819024647194
0.07298749571078
0.08137084249342
0.09355274861332
0.10881030634687
0.12570347474734
0.13597880010605
0.13937404045303
0.14006704688393
0.14048151663374
0.13900964956082
0.13431288990501
0.12697841144189
0.11834925014753
0.11208162724107
0.11026123255886
0.11313802896065
0.11809656597145
0.12073060104569
0.11944375029555
0.11461752899397
0.10835053663641
0.10199091996372
0.09473668714518
0.08857058261206
0.08714740055179
0.090758520931
0.09642997644331
0.1016354563165
0.10538815151777
0.10764770691735
0.11045189063498
0.11482285562878
0.11962123321828
0.12406670254296
0.12885392937292
0.13310017843112
0.13524155569161
0.13648642515954
0.1375956934266
0.13454260882631
0.12315214113971
0.10155388320055
0.07520802345196
0.04970962142864
0.02714654070133
0.00712360631665
-0.01024493953896
-0.02517732320336
-0.03696576348927
-0.04355612787358
-0.04640753638534
-0.04696032865234
-0.04550598420156
-0.04187199812793
-0.03562050399866
-0.02737121523142
-0.01891997492534
-0.01016175686397
0.0004538627947
0.01460500931145
0.03205080072632
0.04799977192512
0.06064002072374
0.07099137700541
0.08039780597614
0.08831799799633
0.09189274565989
0.08899514114431
0.07937469060127
0.06765049661119
0.05794243295746
0.04829944858784
0.03595024788801
0.02315892289097
0.01315147461821
0.00686230353267
0.00072001516348
-0.00726692676356
-0.01440718620859
-0.0197251294566
-0.02485228851871
-0.03109090949432
-0.03872791536494
-0.04913897467166
-0.06228598566738
-0.07778109440334
-0.09725453528739
-0.11953219307586
-0.13979727151391
-0.15594297397036
-0.16938086713095
-0.18168851797676
-0.19224709253994
-0.19876335083479
-0.19843851858953
-0.1905135144856
-0.17325625387398
-0.14894192312966
-0.12432834715081
-0.10218712023283
-0.08078655596807
-0.05847372018819
-0.03632605503404
-0.01670641309019
-0.00147548741922
0.00903232762542
0.01485339579896
0.01448491297623
0.00579224877001
-0.01397560867145
-0.04159767616845
-0.07034363734837
-0.08559412629685
-0.08958543447763
-0.09156409693443
-0.09181668155015
-0.08620267236156
-0.07659566246618
-0.06646725500181
-0.05821871293721
-0.05301824426846
-0.05166438940071
-0.05379411809989
-0.05901911180228
-0.06552667515962
-0.0718515452691
-0.07463186768877
-0.0739494146553
-0.07218570300077
-0.07108805010823
-0.07073985436678
-0.07119899352833
-0.07299509548439
-0.07778291967648
-0.08441509940907
-0.0907992411154
-0.09380002334355
-0.09221014406546
-0.08634119399946
-0.07764240683152
-0.06575682550913
-0.05163339294412
-0.03683733063381
-0.02119918021993
-0.00419146431458
0.01122529706087
0.02405940314162
0.03626704893146
0.04817038518348
0.0570291658388
0.06092187608326
0.05879881792773
0.05314209734767
0.04677365299034
0.03989801500772
0.03231249843303
0.02466193907969
0.01823595547564
0.01290079492391
0.00710256589536
0.0009097257569
-0.00434247745811
-0.00682118178818
-0.00456691636202
0.00870314459273
0.02945030421635
0.04870366362128
0.05399068342363
0.0482477767646
0.036942565927
0.02139114253667
0.0025022881865
-0.0157891038212
-0.02791510016549
-0.03308399492761
-0.0390839431875
-0.04907608571531
-0.05951963488392
-0.06667145328594
-0.06966496760831
-0.06934239206439
-0.06717001834731
-0.06209151111106
-0.05526528825034
-0.0493304292306
-0.04834504722954
-0.05375489132079
-0.06459591860561
-0.07951032498893
-0.09785146597758
-0.11842637623437
-0.13978157416491
-0.15828075062066
-0.17136752760278
-0.17473286665706
-0.16933506936854
-0.15865446699928
-0.14297935314499
-0.12292189122986
-0.10244435099836
-0.08242707827908
-0.06039012423754
-0.03921615933636
-0.02391054050172
-0.0132728851501
-0.00792164892002
-0.00494895598616
-0.00148725014307
0.00433510335463
0.01155987294602
0.01797629875617
0.02250584679901
0.02472938790021
0.02696061506066
0.03082305563912
0.03200614790797
0.0275657561613
0.01830946420299
0.0069795358484
-0.00626337167938
-0.02280066159783
-0.04229403446457
-0.06266886159848
-0.08344173102395
-0.10454633554582
-0.12171352722471
-0.13241181815003
-0.13685410154341
-0.13892226875761
-0.14013829890994
-0.13942707293443
-0.13631229410203
-0.13060151225026
-0.1246145167923
-0.11989771231874
-0.11326148379845
-0.10298954349174
-0.09078553497347
-0.08160258580857
-0.07885213149482
-0.07962462027424
-0.0807981713426
-0.08106608825269
-0.08036060359088
-0.07806447635494
-0.0754834737621
-0.07429246644518
-0.07708606357859
-0.08348178747266
-0.09073290073348
-0.09667320238585
-0.10153821903834
-0.10760486277875
-0.11444001288446
-0.11832628489276
-0.11754988007278
-0.11206616219956
-0.10507778871048
-0.09882300908957
-0.09304784487615
-0.08770951830519
-0.08372262396673
-0.08037736291698
-0.07689218638439
-0.07320155046987
-0.06898978248062
-0.06307745728746
-0.05650630805129
-0.05067950520141
-0.04514836341335
-0.03974545536004
-0.03792897671838
-0.04102540325903
-0.04817645836502
-0.05920090900697
-0.07475459241732
-0.09268786782625
-0.11091219133398
-0.12890991547813
-0.14422930019092
-0.1549306443004
-0.15982629235485
-0.16039222658845
-0.15678422576697
-0.14978752239502
-0.14022070169549
-0.12496795604568
-0.106447838729
-0.08988418191039
-0.07591161646706
-0.06244302553095
-0.04894051770122
-0.03482040381465
-0.01609506606088
-0.00330510238573
-0.00010475016878
-0.00053824583568
-0.00075121273198
-0.00139128425062
-0.00175526860473
-0.00189268777765
-0.00334799564078
-0.0070789534983
-0.01359609456161
-0.02411368012743
-0.03864006994675
-0.056194252718
-0.07081790968358
-0.07875764871976
-0.08073777139507
-0.07859314182971
-0.07238937029635
-0.06453531953738
-0.05660898796208
-0.04705218967143
-0.03491993098093
-0.02040502710768
-0.00592966860666
0.00630221349179
0.01735639285517
0.02833921067615
0.03568060526513
0.03693300813311
0.03217215815935
0.021903609542
0.00657160057644
-0.01195830020427
-0.02702490449932
-0.03280363629205
-0.03488770661332
-0.03840271806504
-0.04053224764352
-0.03876335885063
-0.0338564272895
-0.02773601763976
-0.02114958920807
-0.01521118915844
-0.00905608936302
-0.00044302000852
0.00697968187026
0.00955603167593
0.00918730658968
0.00832496791029
0.00670307997869
0.00195894652008
-0.00689222473745
-0.01794301904882
-0.02916298631212
-0.04080298543029
-0.05443153666699
-0.06966739024357
-0.08046995404533
-0.08603584239661
-0.089684331095
-0.09297483395057
-0.09554070336974
-0.09641205557976
-0.0960305734936
-0.09530228951094
-0.09310977141575
-0.08812637750347
-0.07607164314122
-0.0588720611608
-0.04104196346443
-0.02061480077158
0.00475168378392
0.02589701512756
0.03978673971978
0.04937483314807
0.05727053332141
0.06227968017835
0.06570697895902
0.0693525472204
0.07546747773204
0.0827621984275
0.08871152688521
0.09257645979117
0.09509437430695
0.09672052674034
0.09749988518413
0.0964940601239
0.09461306637346
0.09309414044032
0.0915134539015
0.08928094573117
0.08628484283962
0.08263628776766
0.07862652773477
0.07527861174228
0.07279766730427
0.07099028184152
0.0698344857028
0.06980438528939
0.07290807973582
0.0780452612068
0.08283700143943
0.08565495767257
0.08652614394867
0.08572368750297
0.08368565388896
0.08099954875006
0.0765822550053
0.0699920897417
0.06496930311639
0.06363731833952
0.06691497790954
0.07318681553761
0.0805544475983
0.0876380007849
0.09316446323637
0.09416195841372
0.08793820843618
0.07423292935404
0.05439901361833
0.03526693199815
0.02342859870064
0.01964317137396
0.01955207365091
0.02155913403908
0.02661117813348
0.03595213953472
0.04860772062771
0.06271027870536
0.07462871494426
0.0826852050878
0.08634192410871
0.08508414498167
0.07931910273747
0.06952916728673
0.0566925190983
0.04182152102892
0.02711715712247
0.01417551922305
0.00341601195531
-0.00603750242507
-0.01430194759673
-0.01995598668461
-0.02261990977684
-0.0231311256404
-0.0260551202869
-0.032448501194
-0.03902862081798
-0.04346864751002
-0.04002010918736
-0.03780913924008
-0.04021999318953
-0.03856689308725
-0.03084058157994
-0.02166019111612
-0.01553054226561
-0.0133086040861
-0.01438739692908
-0.01835056935409
-0.02450363148096
-0.03385158201898
-0.04499437673395
-0.0554475832568
-0.06480774985015
-0.07241764543662
-0.07517121930811
-0.07383050640696
-0.07087827644432
-0.06607412435434
-0.05958912801036
-0.05443804127673
-0.05211088439742
-0.05171635990501
-0.05189380964095
-0.05188896437044
-0.0508292771592
-0.0478964946522
-0.04321533278504
-0.03850765467717
-0.03423339597298
-0.02936035143736
-0.02316092405407
-0.01568739960186
-0.00877591657346
-0.00341935054582
-0.00020025101482
0.00189961784196
0.00433356016915
0.00957356757278
0.0175486339409
0.02703199651513
0.03481622227982
0.03821670613874
0.03765392464965
0.03404014932769
0.02695854420532
0.01648518334833
0.00286900414483
-0.0120100052143
-0.02729298402466
-0.0436960765432
-0.05797790962993
-0.06712607904482
-0.07170549023115
-0.07356580861494
-0.07289244876039
-0.06981991670447
-0.06415204536487
-0.05626082540742
-0.04761908632178
-0.03930460211667
-0.03179589967305
-0.02508608941449
-0.01929437163303
-0.01398282015969
-0.00796759602296
-0.00081129640945
0.00731356415161
0.01533409309562
0.02280639627416
0.03018212259155
0.03974001272741
0.05328971216448
0.06600054925343
0.07485621035101
0.08070322395256
0.08550770791039
0.08971602447406
0.09367013026958
0.09724238892432
0.09974175202764
0.10151664762851
0.10337424469598
0.10422880439312
0.10258828208211
0.09705926424825
0.08932050437812
0.08158791724989
0.07434314266489
0.06674253937803
0.05751488761461
0.04835805644901
0.04241808666448
0.04242303149535
0.0468178577871
0.05162589273086
0.05544950809029
0.05970199626395
0.06485480871036
0.06980694067178
0.07293253839589
0.0739598021188
0.07280639542855
0.06909289381961
0.06365138953609
0.05851351114263
0.0562298953244
0.05664380089887
0.05285466660838
0.04389436757972
0.03639100157103
0.03202766953763
0.02816895915374
0.0251096951742
0.02298574761285
0.02113455891344
0.01918176223636
0.01735569261402
0.01641338705905
0.01644525632807
0.01700486847925
0.01649139591436
0.01418995879292
0.01113649586329
0.00869372286465
0.00671844545985
0.00028489742611
-0.01091674957069
-0.02114800287978
-0.02741854954194
-0.03036676722235
-0.03063984799609
-0.02881752184302
-0.02559060486629
-0.02158232496399
-0.01681206985554
-0.01299269244847
-0.01099447633832
-0.01024063521303
-0.01011202314894
-0.01103248184377
-0.0129728965316
-0.01549303124326
-0.01828535732283
-0.02154872334483
-0.02549835224314
-0.03008859891456
-0.03504424867512
-0.04002312918474
-0.04509002104646
-0.05051586116776
-0.05664005079224
-0.06350858680301
-0.07095928538493
-0.07730413393859
-0.08122714371717
-0.0816839929906
-0.07938786575466
-0.0750600767673
-0.06874934422796
-0.06127548127056
-0.05523190234528
-0.05050776359238
-0.045437586239
-0.04146028288122
-0.04038307304785
-0.04084499989928
-0.04146041562836
-0.04236847242187
-0.04193020774768
-0.0386486653239
-0.0320781366806
-0.02518317735212
-0.02099736142823
-0.02001270953643
-0.02087589116014
-0.02033508927833
-0.01851139914843
-0.01775885230772
-0.01848142816348
-0.01958644188478
-0.01995902659406
-0.01956078850048
-0.01883233858389
-0.01754565708635
-0.01561551370827
-0.01516706732864
-0.01654663531692
-0.01850199401374
-0.02012508330693
-0.02181342113684
-0.02495291084887
-0.02871921263173
-0.03135420348536
-0.03417770854884
-0.03944335606206
-0.04976301896467
-0.06309269002148
-0.07589890592865
-0.08572972749772
-0.09281215233366
-0.09791515141676
-0.10216757321684
-0.10594585542885
-0.10871091192772
-0.11002288507362
-0.10909017049933
-0.10579316303403
-0.10049681774529
-0.09302109632796
-0.08400587317119
-0.07361781230603
-0.06350188307257
-0.05479426821999
-0.04620104821309
-0.03690977738406
-0.02775472834878
-0.01993740872273
-0.01428774033434
-0.01121553682759
-0.0100779867829
-0.01146725194956
-0.01491129678162
-0.01955098512438
-0.02575473010831
-0.03312261438856
-0.03976347578394
-0.0458348984213
-0.0527303157274
-0.06095941033637
-0.06935390787856
-0.07608213016508
-0.08241702268342
-0.08986430302656
-0.09620297883833
-0.09993752086855
-0.1014564136149
-0.10096236195621
-0.09778359900358
-0.09093006341933
-0.08253639554675
-0.07526679724705
-0.06894780119841
-0.06236822251901
-0.05594372568291
-0.05020131682564
-0.04532664281891
-0.03961134756446
-0.03166225649245
-0.02087894766298
-0.00844323233502
0.00339079995524
0.01267870896301
0.01842423074064
0.0218052240011
0.0242449570903
0.02433199606963
0.02208407263797
0.01900871306802
0.01671944885909
0.01579469911304
0.01651887789048
0.01741563458392
0.01718165779819
0.01580837870555
0.01401021585018
0.01216839909866
0.01029366769443
0.00822556021643
0.00638143034605
0.00720452233426
0.01525909428166
0.0274216491876
0.03896301054531
0.04748959148923
0.05434176641532
0.06121123165605
0.06812204763009
0.07402166228484
0.07805843636019
0.08008429042434
0.08064567806849
0.07995147691335
0.07759030358008
0.07394928190816
0.0694229695768
0.06444037214734
0.06009539240569
0.05756085131095
0.05732724953587
0.05873254391938
0.06229793290975
0.06917403550735
0.0800341120064
0.09077259212757
0.098824635242
0.10408852385565
0.1075962674016
0.1095354707718
0.10981991470051
0.10815629438759
0.10518471652967
0.10259969833593
0.10166900815548
0.10241172838934
0.10428306478554
0.10592534599612
0.10778841888301
0.11123861654489
0.11392721069261
0.11365574279659
0.11120171284069
0.10749534639038
0.1020221487278
0.0945847580464
0.08506877950051
0.073248775264
0.06081182870634
0.04984479120132
0.04151281756085
0.03533154666728
0.03060080374429
0.02652235370515
0.0227672093192
0.01920532817193
0.01629394782216
0.01493736831941
0.01553544395366
0.01794250465366
0.0232248783062
0.03160265634643
0.04195798508619
0.05176089656961
0.05990798663444
0.06753321451528
0.07536134639568
0.08262231613144
0.0893610586286
0.09593841379345
0.10067383605303
0.10319579935651
0.10470871848167
0.10582976805718
0.1059625151946
0.10413027283037
0.10087743697505
0.09806220205823
0.09601119241154
0.09380855234713
0.09083664262137
0.08720813236716
0.0825613188218
0.07697930169332
0.07073879238968
0.06387510164942
0.05606090821846
0.04664824013227
0.03604376824632
0.02526860013505
0.01613340675284
0.00873341425874
0.00218235265127
-0.00388523326195
-0.00887765397958
-0.01167596695505
-0.01283678757293
-0.01366255441596
-0.01696406864657
-0.02388487052402
-0.0328118632959
-0.04051439315354
-0.04516548779408
-0.04849478600055
-0.05238623514721
-0.05682310909474
-0.05946271954875
-0.05809748161396
-0.0547096087331
-0.05144605354644
-0.04800873235689
-0.04239027613919
-0.03289700399116
-0.02150130606734
-0.01002400847815
0.00373803659862
0.01912829500809
0.03321330059549
0.04543874777646
0.05622846829267
0.0627267393504
0.06551486066439
0.06626123144453
0.06583590961624
0.06416548601253
0.06118362025147
0.0570000942157
0.05104957103375
0.04397663761814
0.03719017252507
0.03326556978085
0.03185722553186
0.03108581200425
0.02872216293686
0.02468972637423
0.02148882783642
0.0196445652189
0.01771244390848
0.01493917368048
0.01181628399798
0.00973022578833
0.00832850230282
0.00625592456498
0.00297058922361
-0.00107194806871
-0.00605600405734
-0.01136140270087
-0.0160564200505
-0.02025019416527
-0.0239933846715
-0.02639792649457
-0.02866646887536
-0.03248115367112
-0.0372864141997
-0.04235672430021
-0.04847221898719
-0.05588196507722
-0.06389239196407
-0.07080503321125
-0.07697960037438
-0.08403879446127
-0.09034189404021
-0.09360598021543
-0.09320909946133
-0.09036446105357
-0.08583111312392
-0.07919820328207
-0.06987450896473
-0.0596240405075
-0.04974722205532
-0.03999146899246
-0.03187154894799
-0.02662337427673
-0.02291712729884
-0.0198621278211
-0.01820598117201
-0.01774465500137
-0.01765104503875
-0.01753283371287
-0.01783124264044
-0.01935491096505
-0.02223548070423
-0.02594065906766
-0.02939512455001
-0.03242368079798
-0.03567350329328
-0.04082279794055
-0.04845167636767
-0.05680751130609
-0.06430516918788
-0.07078074048511
-0.07609610180129
-0.07971651448012
-0.08023940545442
-0.07852978825838
-0.07624424760665
-0.07423316166153
-0.07237194723456
-0.07162507865266
-0.07239806523385
-0.07430534291751
-0.07399979219395
-0.0699840253531
-0.06566513042395
-0.06332456608376
-0.0621692677468
-0.05948160282905
-0.05416863096134
-0.047512556744
-0.04105596828743
-0.03499194630298
-0.03054875691039
-0.02872708453698
-0.0291907371012
-0.03081648465582
-0.03399146431504
-0.03808359394669
-0.04205236830089
-0.0454195658151
-0.04870336494022
-0.0524757730914
-0.05565974636918
-0.05708000799243
-0.05638510991482
-0.05437508594681
-0.05181409498493
-0.05111053515661
-0.05319987553924
-0.05560080664017
-0.05635281917365
-0.05556081656502
-0.05358414531528
-0.05067628608333
-0.04891118058385
-0.04852936662985
-0.04839356630827
-0.04871919503636
-0.05034836746712
-0.05325635944621
-0.05582866710155
-0.05658028139361
-0.05554412361249
-0.05321812827063
-0.04975628204745
-0.0452522048616
-0.03904209465242
-0.03243299964702
-0.02719189707951
-0.02482667163987
-0.02453259690634
-0.02584826706002
-0.02807523303736
-0.03073590382472
-0.03394802281432
-0.03744780153202
-0.04004904806332
-0.04193847125699
-0.04381667731755
-0.04515609593411
-0.04531516019152
-0.04344342555391
-0.03931485683304
-0.03367728502755
-0.02900923525889
-0.02550525841296
-0.02159135508801
-0.01782459532753
-0.01549435871463
-0.01431372558649
-0.01405223363785
-0.01564230871796
-0.01890958414315
-0.02297314327215
-0.02728493622945
-0.03167288953816
-0.03565395627729
-0.03869074616646
-0.0404525329875
-0.04005266542281
-0.03872738437639
-0.03844781890498
-0.03932597440579
-0.04057263596008
-0.04250380812847
-0.04463197704879
-0.04572408774834
-0.04616132363221
-0.04655810482596
-0.04516143900639
-0.04230780698007
-0.03980167377274
-0.03687423433802
-0.0318545573144
-0.0241135772484
-0.0148737492538
-0.00474189036386
0.00450210920954
0.01186488272499
0.01886389589713
0.02622466161213
0.03277305135159
0.04098561230459
0.05429553722471
0.06818211570977
0.07875041400077
0.0863345234558
0.09274806865307
0.09841564131161
0.10416744202885
0.1100396775865
0.1144138285116
0.11757450466677
0.12105875196939
0.12457645155065
0.12722269936153
0.12950389254451
0.13187946894219
0.13392032343288
0.13460815272541
0.13370630186057
0.13247268271253
0.13190761133533
0.13208993952857
0.13371396800776
0.13704260247854
0.13981280292899
0.13996247532643
0.13710794725694
0.13408031692025
0.13238553421682
0.13048267037548
0.12690184953039
0.12153597792841
0.11488003645822
0.10777384988468
0.10120445954808
0.09564062877743
0.09130132397591
0.08862092696392
0.08732033688506
0.0865655366617
0.08590701129974
0.08532856564844
0.08403866171414
0.08164244313658
0.07826986936331
0.07389843975453
0.06881093889973
0.06530764238288
0.06362742867778
0.06280340082226
0.06313795679534
0.06518571413716
0.06768394888982
0.0696191698459
0.07091677311418
0.07058563537988
0.06794154470999
0.06404923270693
0.06031946957365
0.05710881412125
0.05361235408198
0.04931280704811
0.04484304499729
0.04103632171109
0.03810702381644
0.03537216729133
0.0314306525618
0.02630337070859
0.02212688358979
0.01997232453855
0.01910214050334
0.01951769877967
0.02082645612616
0.02255132596829
0.02508492123968
0.02835252521404
0.03094983247403
0.03247292998596
0.03333526202799
0.03311046138813
0.03186738068787
0.03052080036325
0.02985223599903
0.03014232499975
0.03130035129039
0.03282950207178
0.03409258444697
0.03535826202869
0.03722083711382
0.0391062115198
0.04064186359225
0.04272430112373
0.04538637903074
0.0477405831393
0.04853341541754
0.04756635252144
0.045244140473
0.04142626642726
0.03535477741633
0.02988903350552
0.02802201802865
0.03146253842421
0.03704405111356
0.04172079913841
0.04583881446185
0.05074617745118
0.05687159498668
0.06336010912981
0.06921744382129
0.07339725293721
0.07632396226267
0.07837464004152
0.0781301198144
0.07449035924028
0.06809397161053
0.06011792623227
0.0508426514333
0.04162804207613
0.03291426111902
0.02383434696352
0.01522656791431
0.00888853592617
0.00772394860827
0.0091051228369
0.00863008388697
0.00579778432564
0.00291837844699
0.00180675358637
0.00219394479504
0.0033677683269
0.00571138585125
0.009335442439
0.01358610865819
0.01816007057454
0.02311645044435
0.02785571573357
0.03213802223296
0.03628420649897
0.0405121364522
0.04470458973296
0.04853305036291
0.05168778608368
0.05359104816643
0.0548154745752
0.05610415059848
0.05729469330042
0.05800535510059
0.05824887972419
0.05913546466823
0.06108240055918
0.06392577786913
0.06712498388094
0.07028901190132
0.07264222040635
0.07412172043967
0.0753199292888
0.07612268441556
0.07571607993364
0.0740431673211
0.07153560708204
0.06831466372649
0.06454096129072
0.06023859338018
0.05479390316536
0.04808390042345
0.04033764034007
0.03202333866227
0.0237358419502
0.01619277791005
0.00927745185202
0.00293724347455
-0.00076953980177
-0.00153566468343
-0.00028313593797
0.00250162810136
0.006260537528
0.00998626846698
0.01361066687862
0.01749488794364
0.02055221381497
0.0221552284223
0.02277787555169
0.02367229589551
0.02544788841885
0.02743726356964
0.02934569615339
0.03194401229163
0.03477749330248
0.03715940837598
0.03995390155257
0.04342593611855
0.04698133588684
0.05036638789102
0.05362592747678
0.0561134428981
0.05822342546059
0.06080240365958
0.06243313586921
0.06227991248584
0.06384118475581
0.06835189929853
0.07401329921518
0.07722212939445
0.07712930595861
0.07517566633721
0.07286264702803
0.06991366937027
0.06598481871764
0.06121229363315
0.05586543805861
0.05005005146255
0.043640090438
0.03604287220314
0.02793168028296
0.02056545534193
0.01499726714649
0.01102561549809
0.00798144486808
0.0053791795025
0.00310711268522
0.000723677657
-0.0014592391696
-0.00267925704594
-0.00253686317405
-0.00118234622994
0.00119502590464
0.00158775200521
-0.001753766239
-0.00597223729495
-0.008430631313
-0.00877025490805
-0.00852018585058
-0.00879027981373
-0.00977935218521
-0.01131819018896
-0.01345535604651
-0.01604218623869
-0.01845265522144
-0.01969124906845
-0.02044216975673
-0.02171338953144
-0.02331685879772
-0.02413793302944
-0.02344054926169
-0.02278072629646
-0.02332388112129
-0.02419789491141
-0.02497783080525
-0.02624846981123
-0.02771148596876
-0.02945082856755
-0.03269597504493
-0.03737787697738
-0.04273966660488
-0.04897002075251
-0.05515597098268
-0.05996297713611
-0.06420049807002
-0.06826275959576
-0.07061945271314
-0.07151294050833
-0.07204426092585
-0.07187378041462
-0.0708261400061
-0.06897129744173
-0.06617979107573
-0.06267895038092
-0.0603333748363
-0.0590127067529
-0.05724916103228
-0.05508817038224
-0.0531910478546
-0.05158759518171
-0.04972316163666
-0.0470463156106
-0.04319671499902
-0.03888492204172
-0.03558449633764
-0.03297063550961
-0.03007096345736
-0.02737245641715
-0.02546700400664
-0.02420094477689
-0.02359655701626
-0.0237998459825
-0.0246235253768
-0.02640425521435
-0.02966784026912
-0.03249659548188
-0.03383150401445
-0.03456997633991
-0.03540568594353
-0.03611432334986
-0.03619450262086
-0.03528674450841
-0.03269934350354
-0.02973828253759
-0.0279308572507
-0.02783087874416
-0.02935987354766
-0.03223961693591
-0.03234497833888
-0.02892319188309
-0.02616953504464
-0.02615154117016
-0.02774900362847
-0.02945951354901
-0.03085535965501
-0.0322542689012
-0.03342509865324
-0.03363410902111
-0.03273339646297
-0.03104817487211
-0.02872982908405
-0.02604204469386
-0.02299970265567
-0.01940355947224
-0.01539208368261
-0.01146170975658
-0.00798989422337
-0.00512774978687
-0.0027781291051
-0.00047520687506
0.00247218710936
0.00577746737625
0.00856554222875
0.00863372115853
0.00613408924225
0.0035747874877
0.00297370878134
0.00414854716505
0.00550164537412
0.00597836357535
0.00514291282864
0.00344305918456
0.00146923237411
-0.00028226242862
-0.00151730940487
-0.00176211072406
-0.00093681812018
0.00057116845323
0.00164591682281
0.00185052330439
0.00113356497562
3.0473101e-05
-0.00116264555915
-0.0030230644989
-0.00515944980329
-0.00666902038191
-0.00811457033484
-0.01004285193431
-0.01184111766871
-0.01322827547457
-0.01452710997254
-0.01597484361588
-0.01743992067272
-0.0186203314494
-0.0193765719792
-0.01950667081123
-0.01802620172381
-0.01443041032029
-0.00868332544511
-0.00255290168319
0.00287919248763
0.00960081060406
0.01816696015097
0.02626871043101
0.03252863732218
0.03702642893107
0.04023187405833
0.04284978035537
0.04554816460447
0.04810696523858
0.04998639921016
0.05148846625684
0.05296272277824
0.05420891971754
0.05509825916468
0.05563376111703
0.0559104393382
0.05599426915548
0.05586407740045
0.05572127466737
0.05573836586132
0.05558510929117
0.05515670109193
0.05479310668254
0.05420593290695
0.05288808570022
0.0501337485327
0.04598569916941
0.04109267287092
0.03706658494014
0.03469001293892
0.03334651234789
0.0329992458364
0.03440699604194
0.03571136941422
0.03572620390683
0.03660070886136
0.04014110820312
0.04628165891228
0.05222687220874
0.05620566897182
0.05747167842138
0.05747197710244
0.05724079796263
0.05670761908518
0.05525274364585
0.05178973588522
0.04685330127279
0.04159166936048
0.03618301999347
0.03020579804351
0.02410507479425
0.01862372977611
0.01422208691886
0.01104461161345
0.00862633378034
0.006244840179
0.00380527966108
0.00173238498944
0.00029046152238
-0.00124726289882
-0.00437778155931
-0.00920056471003
-0.01511641765836
-0.01989587546211
-0.02188504153616
-0.02007736071103
-0.01621819898687
-0.01220084249905
-0.00854049948128
-0.00519422291593
-0.00307441507406
-0.00217774466626
-0.00242097425934
-0.00450082819966
-0.00825017485439
-0.01246465420392
-0.01713643748583
-0.02324127921503
-0.029764812053
-0.03579619483504
-0.04172995869089
-0.0469559479968
-0.05092867157835
-0.05528018911652
-0.0604233110219
-0.06517456337762
-0.06988031665199
-0.07518359797867
-0.0791016297396
-0.08126023094117
-0.08280597179606
-0.08361612757573
-0.08348978548769
-0.08288731260452
-0.0818282227554
-0.07991885430433
-0.07787448201451
-0.07608976312548
-0.07305871455
-0.06904540353119
-0.06554197426721
-0.0617885157699
-0.05670410128604
-0.05163724261111
-0.04715390716548
-0.04227880173055
-0.03756352384907
-0.0339302346979
-0.03051788656358
-0.02698884042076
-0.02449943335274
-0.02307276004275
-0.02178062927522
-0.01929647567516
-0.01571775887219
-0.01218494934802
-0.00919549376938
-0.00624462778358
-0.00165971290093
0.00464220390101
0.01107808712283
0.01706540449259
0.02323750255897
0.02959586808989
0.03565418858478
0.0403006702623
0.04346257432848
0.0456692299938
0.04735548369365
0.04842665353227
0.04899935786988
0.04992457223091
0.05194889970298
0.0536254628618
0.0543500631114
0.05781841394432
0.06442049326351
0.07196318561167
0.07729978646984
0.0794482325154
0.07911593324365
0.07762378904549
0.07615427823426
0.0744638098128
0.07155342838524
0.06772520006278
0.06361846824601
0.05918411649409
0.05414357493915
0.04814791773048
0.0407686039217
0.03214896059709
0.02275842809606
0.01351356234759
0.00481204722598
-0.00375572847336
-0.01243163335349
-0.0207569663184
-0.02647562671278
-0.0289700516226
-0.03336619211101
-0.04202936985934
-0.05295382872003
-0.06305047643178
-0.07137431931008
-0.07796096677454
-0.08386015000109
-0.08935833731229
-0.09424970427156
-0.09823693047786
-0.10064061608189
-0.10208205087356
-0.10345920286393
-0.10452622435451
-0.10478611006279
-0.10466985675719
-0.10448786043179
-0.1039445927719
-0.10324431843523
-0.10272650503895
-0.10155308671773
-0.09950665684728
-0.09766223493319
-0.09582299015746
-0.0928875858945
-0.0895683100969
-0.08690142010615
-0.08509639090509
-0.08401974524706
-0.08426944261254
-0.08447068727287
-0.08333184958095
-0.08186771502878
-0.08076730763315
-0.07908583283024
-0.0762297117951
-0.07252898709813
-0.0686801165958
-0.06490634778646
-0.06101453358518
-0.05739687540945
-0.0546970973154
-0.05213663734208
-0.04888254038895
-0.04466151328687
-0.0398176698028
-0.03424617288496
-0.02797710635338
-0.02112652771162
-0.01316277803696
-0.00495643296867
0.00077913210992
0.00422226165046
0.00681195586213
0.00928235022139
0.01101255317976
0.01070325566825
0.00929014579704
0.00863870249487
0.00852082303684
0.00792533929045
0.00723675002055
0.00650540289768
0.00479050568426
0.00189219760884
-0.00179457204531
-0.00674726154471
-0.0126640901845
-0.01782938418051
-0.02115856291456
-0.02281013974344
-0.02235210902049
-0.02010696996003
-0.01755937982168
-0.01535012894982
-0.01298560707001
-0.01008416284347
-0.00660507940449
-0.00173009145078
0.00368043429702
0.00779835006011
0.0106202986634
0.01292069371981
0.01470410836822
0.01588948720651
0.01661802009006
0.01606145448568
0.01313877403584
0.00913056714447
0.00531373848243
0.00203197105225
-0.00102108965356
-0.00389219916798
-0.00747199122277
-0.01261083203297
-0.01767399038145
-0.02153725731083
-0.02472920869157
-0.02706463903622
-0.02743824589846
-0.02518980143428
-0.02068924868493
-0.01704407202761
-0.01554803501965
-0.01582971448921
-0.01573246393634
-0.01399252065676
-0.01206712298885
-0.01097851349505
-0.00918295248357
-0.00599420030884
-0.00177909339722
0.00257275434946
0.00656370544044
0.0096708413564
0.01246783017918
0.01744689321611
0.02411200419482
0.03011500895755
0.0343816413387
0.03746260283784
0.03977907357259
0.04182387729061
0.04513827463091
0.04942706914665
0.05339454921626
0.05711721037769
0.06132008430873
0.06581719226987
0.06993680055896
0.0730478956583
0.07575782890836
0.07882886755899
0.08241513103672
0.08591278580022
0.08726922923715
0.08678254504459
0.08581176522864
0.0841403460214
0.08022440502789
0.0737266981455
0.06640476428687
0.06202726149655
0.06021595999325
0.05829228803812
0.05506988446406
0.05121079243215
0.04699600444552
0.04292524710299
0.03971183714749
0.0379155692575
0.037413486397
0.03727184520137
0.03695268789623
0.03627113090594
0.03536197894854
0.0342479981581
0.03181668123741
0.0276535385246
0.02449577285042
0.02259843129
0.01956401093724
0.01525285848488
0.01108131287827
0.00763366396143
0.00468702929064
0.00219082888786
0.00033539626246
-0.0005334476904
-0.0010458499815
-0.00187592314166
-0.00387568874277
-0.00702375723856
-0.01136807988188
-0.01476584242447
-0.01579076647909
-0.0160925538213
-0.01759794618378
-0.02114918101062
-0.02503515101918
-0.0276274072506
-0.02955430496116
-0.03184121622709
-0.03444572501929
-0.03711095567082
-0.03969899386194
-0.04103688588642
-0.04104123335517
-0.04087460251093
-0.04061192911276
-0.03937638513123
-0.03736091853058
-0.03519621096069
-0.03354052228922
-0.03238806474101
-0.03158582069073
-0.02958114975103
-0.02497499997254
-0.02043792184833
-0.01787762449025
-0.01677742617135
-0.01562490224957
-0.01374170489664
-0.01071216631985
-0.0067091266108
-0.00326840112092
-0.00040486814936
0.00333068873274
0.00698340210878
0.0091329930984
0.01071991875268
0.01296457328608
0.01659255587043
0.02076930848351
0.02442392014362
0.02749032923782
0.0305175912012
0.03407907742573
0.03750272566013
0.03924914700001
0.04020130902994
0.0417700151396
0.0432345147464
0.04388056187743
0.04438373990182
0.0444465624846
0.04295926355696
0.04004058543331
0.03615932462945
0.03127667915711
0.02614897251306
0.02161155588365
0.01579344797127
0.00730011022924
-0.00191801327652
-0.0097221049822
-0.01578565903298
-0.02168438760059
-0.02828274668125
-0.03488183255249
-0.04044954617691
-0.04456868985103
-0.04726428641024
-0.04856909121072
-0.0486947031895
-0.04847294909645
-0.04846196427082
-0.04782208988168
-0.04589818561906
-0.04362575374715
-0.0416864508166
-0.03978488125985
-0.03721074833137
-0.03353415042663
-0.02912412458764
-0.02438019987391
-0.01966517421199
-0.015190666451
-0.01122852945367
-0.00870628074385
-0.00792312573193
-0.00732955354432
-0.00634945156064
-0.00594009921298
-0.00640415665597
-0.00736139294523
-0.00863261603861
-0.01033881831454
-0.01239453716594
-0.01525834757901
-0.01955652068001
-0.02381837084553
-0.02685508772377
-0.02902293808215
-0.03131870026346
-0.0341408712182
-0.03713129916963
-0.03924274195063
-0.03972783317755
-0.03980509201153
-0.04050576458961
-0.04163597371759
-0.0426134240772
-0.04327486987617
-0.04383337027008
-0.04448270289276
-0.04522489213807
-0.04577861363503
-0.04505882546916
-0.04352078394824
-0.04267943259128
-0.04254472743358
-0.04107770563118
-0.03822274613349
-0.03536798575651
-0.03246923961554
-0.02882863277843
-0.02337634610867
-0.01683396649586
-0.01060942335417
-0.00593722855614
-0.00305541033013
-0.00186231855129
-0.0009472032606
0.0011164332938
0.00428154652203
0.00755154658222
0.00907239071149
0.00967777075698
0.01171218037414
0.01390381238218
0.01409600700641
0.01245524243188
0.01058938517378
0.00997332562109
0.00969824368425
0.00831058475795
0.00496837357368
0.00023420182532
-0.00482229198631
-0.01016382440064
-0.01625794679849
-0.0228905247725
-0.02966192306547
-0.03652982188998
-0.04283451443457
-0.0481253839039
-0.05300569966398
-0.05741602418402
-0.06051009446299
-0.06221612748631
-0.06326034965604
-0.06407050543571
-0.06404382326108
-0.06242410906386
-0.06052260588069
-0.05927269202153
-0.05783799414709
-0.05622475137282
-0.05534317763322
-0.05437628067104
-0.0524694012288
-0.050490738772
-0.04917348892739
-0.04835915161289
-0.0474945363201
-0.04648496115324
-0.04599193828487
-0.04594023327484
-0.04571891060998
-0.04595705897451
-0.04746460184061
-0.05018930320971
-0.05354428798727
-0.05763236883123
-0.06128304785739
-0.06373601583619
-0.0667725070443
-0.06990421113673
-0.07090333246651
-0.07035518634932
-0.06963121664862
-0.06882534196414
-0.06750630003317
-0.06552421933758
-0.06354223820235
-0.06183507682835
-0.05922832129085
-0.05601594012566
-0.05378303371392
-0.05232009388599
-0.05074475041945
-0.04986666129221
-0.05000896622352
-0.05087626964585
-0.05064721446023
-0.0483194602188
-0.04519801084275
-0.04341886733349
-0.04470956775061
-0.04682114327875
-0.04745398206962
-0.04799353280966
-0.04962708589595
-0.05119121222938
-0.05250411460524
-0.05405241084253
-0.05472852520019
-0.05466646591344
-0.05520080632834
-0.05689392969255
-0.05932144340775
-0.06183949067067
-0.0643547502437
-0.06741799
-0.07135981668531
-0.07545088433986
-0.0762447785952
-0.07434626222262
-0.07281973651586
-0.07368690719105
-0.07655348206327
-0.0798419273382
-0.08178448257362
-0.08162193370385
-0.08078997420686
-0.08022324349044
-0.07890791847932
-0.07678698427799
-0.07479584359027
-0.07287403009507
-0.07036049623482
-0.0665563615178
-0.06151037733022
-0.05554107042833
-0.04950814446082
-0.04384110279083
-0.03896367428099
-0.03432154007223
-0.02907489531173
-0.02389252007781
-0.01952196660014
-0.01473225408003
-0.00875330973596
-0.00215665612414
0.00381504985039
0.00883590168618
0.01413779580527
0.01989397054069
0.02462547675972
0.02863550560555
0.03294909728656
0.03590600990447
0.03690257585186
0.03772494436817
0.03887523150069
0.03928429180465
0.03866555739713
0.0376166890776
0.03661829785707
0.03587215938442
0.03543575317016
0.03513534639818
0.03465609604531
0.03317174078544
0.03076235037318
0.02799125056087
0.02523092317877
0.02231244749451
0.01880262977453
0.01493786943986
0.01119139344197
0.0079645428388
0.00453714449778
-0.00070993633707
-0.0056391548151
-0.0080625898745
-0.0099979004349
-0.01314874998322
-0.01677870718123
-0.02014763704558
-0.02331835220301
-0.02621769902478
-0.02912163557882
-0.03241338293879
-0.03571389160984
-0.03853002256983
-0.04059619857697
-0.04274759824634
-0.04594421568896
-0.04986506832656
-0.05367079600923
-0.05599413640834
-0.05785246358507
-0.0607270696591
-0.0609686694492
-0.05679732296329
-0.0487683114772
-0.0404084277511
-0.03453592669916
-0.0303525234545
-0.02622205976824
-0.02198489061424
-0.01808192565342
-0.01490184518544
-0.01152721383154
-0.00733113323525
-0.00385108074217
-0.00150404298782
0.00053702721696
0.00228326470206
0.00315781844116
0.00274189743328
0.00140961994898
-0.0007815607188
-0.00349530845785
-0.00623783444882
-0.00812549210557
-0.0086221688389
-0.006839368146
-0.00575641368026
-0.00782881884683
-0.01109554005272
-0.01281905587405
-0.01182081067537
-0.00913394555911
-0.00612297166949
-0.00387172292204
-0.00158288416768
0.00261730030636
0.00759471595131
0.01153561340666
0.0149378628025
0.01875374895986
0.02304489309993
0.02692206197328
0.02990282925178
0.03267458284373
0.03549309993352
0.03759116844043
0.0381520914696
0.03734771019041
0.03697007777123
0.03728286321378
0.03675147642269
0.03598363379307
0.0363125811996
0.03731916955586
0.03850911489569
0.04043952376804
0.04222264969142
0.04262434252925
0.04315065174233
0.04462726452541
0.04564457221302
0.04612179817205
0.04707840723107
0.04817360430157
0.04884245075345
0.04927417763112
0.04969564979243
0.05010982086118
0.05066410653347
0.05132312969719
0.05179517851785
0.05174274339857
0.05118510586106
0.0507567308486
0.05134772110439
0.05402098295774
0.05643598525524
0.05662830267058
0.05697235006398
0.0592314076618
0.06249107999469
0.06538217990054
0.06763546299788
0.06939671883037
0.07092789068693
0.07240357424005
0.07371259376215
0.07458918948409
0.07518104259628
0.0756633461333
0.07594168369369
0.07646510565653
0.07769381316048
0.07833727172234
0.07783940358345
0.07717181822937
0.07634019060022
0.07430799786025
0.07079716794336
0.06540630669277
0.0566566773712
0.04814247509784
0.04343330358468
0.04194494267994
0.04054731444362
0.03763879147598
0.03389409428974
0.03059848066939
0.02920725416377
0.02881683487659
0.02761662486436
0.02626747920131
0.02606494689375
0.02632587798574
0.0260240176326
0.02479148037374
0.02333321324505
0.02233612626514
0.02208732494283
0.02202532871098
0.02151078421295
0.02113182432241
0.02168447720491
0.02340507590789
0.02608953830095
0.03017071961245
0.03301874970956
0.03234394954856
0.02863495470493
0.02479810113722
0.02290775866962
0.02249550247833
0.02243101391897
0.02283272003151
0.02365099661731
0.02453562685975
0.02499322615451
0.02497243131543
0.02536783193895
0.02645559516975
0.02790548595406
0.02868029117104
0.02831885390263
0.02755616518062
0.02714083921178
0.0272056264522
0.02787913564729
0.02902428878427
0.02925228863014
0.02878981087809
0.02912204709494
0.02953837862335
0.02868528246341
0.02670916543296
0.02420367273057
0.02074392059347
0.01708508093704
0.01408914397941
0.01126289768754
0.00844018578821
0.00654449692965
0.00562936803239
0.0051651114687
0.00512023298021
0.00494008184002
0.00354025995726
0.00198159948722
0.00140851914334
0.00053547341171
-0.00072742245374
-0.00060820158589
2.291869372e-05
-0.00032826223217
-0.00043063138192
0.00027945731567
0.00086816395565
0.00115902985899
0.00153559499118
0.00157064554534
0.00165190106376
0.00307491586264
0.00502578007326
0.00608115300253
0.00583526216121
0.00520254284277
0.00490548793601
0.00407120204544
0.00188179720249
-0.0008782928941
-0.00317192780253
-0.00455008734368
-0.0050431334428
-0.00498163833139
-0.00535902848704
-0.00643562104622
-0.00798366506395
-0.00973058752428
-0.01161312777887
-0.0136041290821
-0.01689565077194
-0.02274681604021
-0.02793223450225
-0.02986865350125
-0.02946337980939
-0.02994311137063
-0.03328966338629
-0.03817810990853
-0.04271613717477
-0.04659590457334
-0.05037763821092
-0.05419196127074
-0.05686522312408
-0.05813631015166
-0.05861217545252
-0.05905146891702
-0.05966559036151
-0.05985648074512
-0.05941831563128
-0.05882798911118
-0.05820703118912
-0.05721687029111
-0.05568865205835
-0.05369273247369
-0.05064990258977
-0.04661989861843
-0.04235682386056
-0.04047261099204
-0.04152386876004
-0.04536384520417
-0.04936992150399
-0.05091171313154
-0.05020038759568
-0.04883714086796
-0.04653055979494
-0.04316654821204
-0.03931256694492
-0.036021964529
-0.03328322515012
-0.02985686887413
-0.02613819676418
-0.0235247740017
-0.02183677135831
-0.02018740145059
-0.01773744351313
-0.01515030136519
-0.01351545067562
-0.01225949682172
-0.01049443446506
-0.00820655082635
-0.00565974721479
-0.00289677451411
-0.00073097874956
0.00036343710403
0.00095946444995
0.00150837552252
0.00159028017444
0.00130942307339
0.00106142453939
0.00081107837227
0.00046573238
0.00010609539508
0.00012257402736
0.00063321811581
0.00089752198069
0.00046540183962
-0.00054948852262
-0.00164375669501
-0.002507336892
-0.00256377699242
-0.00203773095054
-0.00144169165738
-3.031204885e-05
0.00281531058268
0.00571851437253
0.00783938220029
0.00944339572983
0.0105520931842
0.01086552245036
0.01008601798472
0.00851043889201
0.00620404698367
0.00452325582853
0.00431162038602
0.0041585131564
0.00390301474101
0.00552386392625
0.00808539915139
0.00977839308714
0.01122677387277
0.01335489301292
0.01623847611211
0.01970811791094
0.02348949644993
0.02650516295086
0.02904600953463
0.03240219567379
0.03622778896557
0.03949688634522
0.04182995047215
0.0425474487499
0.03991560400343
0.03728442299264
0.03796591360937
0.04066224027784
0.04312728824615
0.04492037020483
0.04608678611455
0.04693709790329
0.04950558907843
0.05371871772584
0.05698386587815
0.05832540844891
0.05864718751001
0.05852396497971
0.05783188777877
0.05632802864573
0.05393887885325
0.0508978078689
0.04816806210858
0.04598915059498
0.04384379092037
0.04186715285741
0.04040534138015
0.03894412726501
0.03785092140158
0.03863051215286
0.03850015446391
0.0349480070005
0.0307679323903
0.02823175850577
0.02687449867394
0.02590349982522
0.0252045562786
0.02451626568976
0.02387838250768
0.02351131012329
0.02255591901925
0.02054359852575
0.01906801785166
0.0184336093259
0.01757107484449
0.01609216553593
0.01434977307166
0.01264224664304
0.01131726427767
0.01062208079372
0.00999854093984
0.00910000211608
0.00839004055705
0.00823735811827
0.00865314206474
0.00959820212281
0.01079991881505
0.01168257776249
0.01226618064009
0.01296757669007
0.01425056117983
0.01588392842014
0.01682321397773
0.01695391680923
0.016877713315
0.01716912646842
0.01782917510377
0.01875186726919
0.01947752285853
0.01963462909567
0.01990130813871
0.02071203473107
0.02175757773481
0.02245080983584
0.0225060027769
0.02230880690426
0.02206756221275
0.02083934255453
0.01838927841936
0.01527769547429
0.01293564104748
0.01154785933008
0.01002429056582
0.00817515280968
0.00665245685784
0.00523042637899
0.00331549582286
0.00052744386924
-0.00280949393499
-0.00624215536815
-0.0094705624315
-0.01272915619391
-0.0165031938162
-0.02023543932095
-0.02314558180366
-0.0247874382234
-0.02553578361721
-0.02543372098061
-0.02566906506186
-0.02689387311865
-0.02726190791979
-0.02613121094607
-0.02426632606075
-0.02321193877898
-0.02341320667006
-0.02338580766089
-0.02166625434162
-0.01712164945472
-0.0119374423103
-0.00850272628333
-0.00768232242465
-0.00773135921721
-0.00700565716637
-0.00526722388548
-0.00308675723917
-0.00060348441636
0.00224648843511
0.00527980831411
0.00771492180292
0.00919764759168
0.01039124015911
0.01172506348382
0.01299649565395
0.01395829180738
0.01466322556857
0.01553472380044
0.01690919761731
0.01901362139343
0.0219082888786
0.02558108689653
0.02793251327124
0.02783165531491
0.0257433138545
0.0237913202976
0.02317442443794
0.02313598086695
0.02289801171105
0.02281415534435
0.02227040647608
0.02034323995257
0.01877698966494
0.01842470531166
0.01785267466577
0.0172582960393
0.01792936600574
0.01776618658706
0.01596302912065
0.01485947229917
0.01514954802518
0.01584185089625
0.01673838523824
0.01776953513361
0.01819900530994
0.01843511268723
0.01925058830843
0.01978148393511
0.01964846466606
0.01988740951342
0.02043339848962
0.02059822065412
0.02056328492623
0.02060795433797
0.02048371297338
0.01969616071254
0.01810218286659
0.01580860437569
0.01339872279901
0.01191032870749
0.01114181238615
0.01036445510546
0.00947896200662
0.00895127886067
0.00929413484852
0.01033094640929
0.011578666622
0.01246861670597
0.01326717370451
0.0148390159653
0.0162074531061
0.01619048138458
0.01490667054388
0.01329712809607
0.01228451301976
0.01165786024551
0.01077689382406
0.00924306702475
0.00778166706362
0.00792327507246
0.00882656624374
0.00914426664905
0.00978512668569
0.01119396209908
0.01199202793321
0.01166752091843
0.01074769940986
0.00928746430486
0.00687059691008
0.00302619932255
-0.00130794858456
-0.00497600321541
-0.00695490461706
-0.00798857670803
-0.00908789557714
-0.01085975126856
-0.01263908726117
-0.01076046304713
-0.00538123708313
0.00143039388038
0.00628534796798
0.00804741355802
0.00897715127775
0.01055361313892
0.01211824723015
0.01298138571104
0.01332791215724
0.01416215490499
0.01578715575696
0.01770750903365
0.01870072311582
0.01803676507727
0.01769967031518
0.01857157010714
0.0191448983563
0.01876020378942
0.01803505263919
0.01804108267791
0.01918038166613
0.02144138069083
0.02480526948264
0.02933902560973
0.0314915337177
0.02967137798033
0.02541958009179
0.02206847484932
0.02111032260482
0.02116602330368
0.0206565962078
0.01935757586384
0.0186925691229
0.01999392913516
0.02235692774158
0.02434374419129
0.02535402291798
0.02642904906094
0.02845859681419
0.02947347854787
0.02872346717748
0.02801418926622
0.0281463722283
0.02850764024411
0.02904220301046
0.02988017595278
0.03090538873242
0.03150036140234
0.03109769619172
0.03024605029425
0.02943100941993
0.02784502958901
0.02511029917368
0.02145237215381
0.01702650294397
0.01223195842806
0.00782262951155
0.00369282956097
-0.00059580532633
-0.00457265435704
-0.00799241641898
-0.01132619816002
-0.01445373731101
-0.01709140965681
-0.02000219264447
-0.02337428852804
-0.02642442946056
-0.02970492318196
-0.03405876711371
-0.03916345872281
-0.04414559153729
-0.04819763153344
-0.05135034286036
-0.05405745523375
-0.05668193251409
-0.05907257571187
-0.06056398980078
-0.06154150653395
-0.06265721303717
-0.06369808334168
-0.06492662491171
-0.06746166380821
-0.0707139354882
-0.0737375170372
-0.07728169967237
-0.08073627798978
-0.08257310013025
-0.08379918587823
-0.08566776777133
-0.08768134272527
-0.08896845896969
-0.0893409142505
-0.08951395014413
-0.08997637479733
-0.0907697712509
-0.09175820643612
-0.09304817674399
-0.0966985570891
-0.10321843274344
-0.10686429968587
-0.10648776243058
-0.1053747108701
-0.10533150167687
-0.10590609766119
-0.10699488968231
-0.10796961872559
-0.1081168021142
-0.10776279868549
-0.1069921351792
-0.10483197419877
-0.10198872963595
-0.09953917989594
-0.09675650121458
-0.09294632650281
-0.08811320235008
-0.08296208242967
-0.07805468625356
-0.07355668224925
-0.06905287055767
-0.06337690164269
-0.05677160320542
-0.05010690042415
-0.04269128027329
-0.03460326268462
-0.02890519468993
-0.0258254312337
-0.02341575873377
-0.02086017058039
-0.01857123160194
-0.015467862386
-0.0120448314258
-0.00975491343721
-0.00754490258799
-0.00416208737307
-0.0007803676539
0.00205861506207
0.00509725445073
0.00889315220787
0.0131351168522
0.01613919784671
0.0182435486119
0.02101246141512
0.02471178231111
0.02868132991739
0.03241982449363
0.03614475563111
0.04046919275325
0.04454144350107
0.04753120771681
0.05034113274813
0.05357521807029
0.05682775524455
0.06028342872584
0.06416940205308
0.06722650225428
0.0694609352581
0.07200075305156
0.07511466902757
0.07815454528768
0.07994610065429
0.08126145885219
0.08398138132434
0.08718383964101
0.0892649828879
0.0907375136965
0.09258966813134
0.09499969241119
0.09685068530858
0.09766558679841
0.09943908855433
0.1024103345444
0.10505273268829
0.10709670673671
0.1091562122002
0.11085278698998
0.11239736630742
0.11470988781483
0.11718665071801
0.118773775493
0.11907776643769
0.11870713643001
0.11820263093425
0.11713395010446
0.11504918949807
0.11287117402765
0.11057866415121
0.10726045033071
0.10341194488301
0.09975857772731
0.09611151606064
0.09152360905752
0.08548291738247
0.0805062935742
0.07744607381527
0.07425018648191
0.07041110608096
0.06665363198274
0.06142356070235
0.05496600982903
0.05054861652392
0.04968154540908
0.05091124851656
0.05036399844255
0.04740420189308
0.04381209754131
0.04025125514039
0.03669771383203
0.03371691004807
0.03145683361598
0.02958301816699
0.0276661893268
0.02550835473994
0.02292547377511
0.02060209687053
0.01894203749957
0.01678706693221
0.01471056983513
0.01440627025335
0.01517995707569
0.01600183774627
0.01731680102144
0.0201552202258
0.02441562012885
0.0270691059774
0.02663619433153
0.02374268506513
0.02086386758817
0.01931966660007
0.01867312498595
0.01778945384158
0.01614143463598
0.01351612436735
0.01086420493502
0.01003910182768
0.01052860689691
0.01099943444391
0.01120652661564
0.01139938165688
0.0113436842767
0.01087511674971
0.01006617560635
0.00905475193561
0.00809283630976
0.00741384797658
0.00727206407778
0.0076065835454
0.00853376256406
0.00943835797596
0.00965534976547
0.01038201755174
0.01176650714013
0.0119344886865
0.01145269954463
0.01190177315448
0.01331890858264
0.01511436339641
0.01715809849997
0.01910119467998
0.02095707930938
0.02380479413205
0.02642742622718
0.02665031198959
0.02570026395783
0.02520708511157
0.02493364923923
0.02441942333434
0.0236415649332
0.02228016670936
0.02036077253074
0.01834107461509
0.01632129041379
0.01403892573732
0.01107639127815
0.0077325771722
0.00446753853627
0.00070902104555
-0.00297408180079
-0.0042428772809
-0.00441259781477
-0.00575526209884
-0.00785691477846
-0.0095691636865
-0.01069420895084
-0.0117868406829
-0.01328960797073
-0.01539426073566
-0.01771312091888
-0.01980482751923
-0.02158677531177
-0.02323724702073
-0.02486842061459
-0.02644778300071
-0.02782943180036
-0.02859650781526
-0.02877675187844
-0.02873607151818
-0.03024025256303
-0.03386797629045
-0.03666933913141
-0.03657508866384
-0.0337845115278
-0.03086060316694
-0.02966982152015
-0.0307953579489
-0.03253712650161
-0.03355555590254
-0.03445826962377
-0.03523779400148
-0.03498165839983
-0.0339404230407
-0.03276602570935
-0.03216338689225
-0.03172120285882
-0.03070280332601
-0.02974386455472
-0.02969990202148
-0.03087358915565
-0.0321499893874
-0.03264006195065
-0.03264058298316
-0.03287616269058
-0.03345483401202
-0.0328385321958
-0.03074065617224
-0.02875076330762
-0.02833162749593
-0.02985072600034
-0.03198797814354
-0.03364121099296
-0.03461554179483
-0.03470345358659
-0.03401874385178
-0.03416712196463
-0.03489324880631
-0.03476043529532
-0.0345640690923
-0.03505105196592
-0.03542287669783
-0.0350379431861
-0.03405060316476
-0.03404243921581
-0.03525976365272
-0.03624162785465
-0.03655484472539
-0.03679262803529
-0.03719106856825
-0.03745407383426
-0.03724021819588
-0.03674132126668
-0.03628258034654
-0.0359912003799
-0.03586887389277
-0.03594550217785
-0.036144158269
-0.03621982413732
-0.03583094139825
-0.0356953070106
-0.03629389704
-0.03627647397822
-0.03562946443044
-0.0355232667205
-0.03587444927254
-0.03619105119529
-0.03662005675664
-0.03685710995729
-0.03651067311541
-0.0370004768657
-0.03850417006482
-0.03913262820014
-0.03906456210543
-0.03939901851816
-0.03916130158183
-0.03874245117648
-0.03959501966656
-0.04058226012755
-0.04070564859178
-0.04076067228024
-0.04145500618251
-0.04278048634964
-0.04457121204664
-0.04632437030375
-0.04719851020365
-0.04767560341554
-0.04849647852655
-0.0492631928055
-0.04969681132988
-0.05001039325525
-0.05029204949407
-0.05047255241417
-0.05045609176913
-0.04978027609253
-0.04834936151151
-0.04749931521705
-0.04755470396013
-0.04745564140883
-0.04752121849472
-0.04870777878254
-0.05125519634961
-0.05525894957453
-0.06065993279435
-0.06318939631109
-0.06117280135977
-0.05684514511955
-0.05328722315566
-0.05116107862918
-0.04950193853215
-0.0475974153516
-0.04569992776933
-0.04401954813031
-0.0425241184405
-0.04106164322755
-0.03964622687482
-0.03847509844172
-0.03719060395327
-0.0353444563264
-0.03362226133909
-0.03208856064956
-0.02958910794192
-0.02723970596105
-0.02643634351614
-0.02624737464735
-0.02543524425401
-0.02362864531805
-0.02052305258756
-0.01649621795412
-0.01521212502576
-0.01742043007426
-0.02027201447598
-0.02116061717651
-0.0200096663083
-0.01789855207646
-0.01590331282088
-0.01398725391408
-0.01088985831932
-0.00636653943591
-0.00347749711069
-0.00183114952342
0.0021216115436
0.00737545750444
0.01119979301709
0.01392950227195
0.0168376535476
0.0199165143233
0.02225519033546
0.02344643327855
0.02412584640258
0.02496798760501
0.02602875006805
0.02685938541235
0.02729357474942
0.02795785801845
0.02870478965525
0.02855110829426
0.02825167721374
0.02891152340971
0.0303097556455
0.03191218284675
0.03371571532383
0.03584551039659
0.03845721076496
0.04183569178584
0.04519774534847
0.04757255845012
0.05011662415197
0.05378190536325
0.0570423078054
0.05913994488411
0.06079228169036
0.06344699213125
0.06644588271268
0.06835189929853
0.06937859884612
0.07032707714298
0.07139004984586
0.07225257437124
0.07250695107332
0.07196832956324
0.07121498955839
0.0706144415087
0.06970399526671
0.06875408993813
0.06847684754163
0.06813336432356
0.06726579540695
0.06695646138998
0.06697819873373
0.066134657049
0.06482537203264
0.06369516290465
0.06245248376449
0.06076954874307
0.05858429855366
0.05610889630864
0.05382106576879
0.05236283846424
0.05111757075489
0.04917979441642
0.04567984976479
0.04156658015151
0.03932587484544
0.0396099869063
0.0410231465577
0.04055537883222
0.03777163817375
0.03351619637629
0.02918424576618
0.02545659331238
0.02277790210112
0.02036806034859
0.01718242441291
0.0131427199445
0.00887619707974
0.00535066873606
0.00256439824902
0.00013031998876
-0.00186867050181
-0.00316534288078
-0.0037712665258
-0.00439192244812
-0.00584763751309
-0.00716317160095
-0.00721033997756
-0.00602214358127
-0.00528518789185
-0.00716473801717
-0.01192359346519
-0.0182461338624
-0.02358140393052
-0.02708652572051
-0.02947348518522
-0.03249233429877
-0.03662958136375
-0.04082452365334
-0.04415554757259
-0.04659899094428
-0.04887377907788
-0.05141777840617
-0.05442124876384
-0.05708634666824
-0.0585369078256
-0.05980318276944
-0.06188216887535
-0.06437273748082
-0.06612884936174
-0.06648006510057
-0.0661446462711
-0.06582316589105
-0.06488052846824
-0.0632958595153
-0.06172273956331
-0.06040691675043
-0.05910260975172
-0.05737208488154
-0.05559171346125
-0.05441749865721
-0.05331002247651
-0.05165353732222
-0.04974098293986
-0.04824538731613
-0.04750406092721
-0.04743967856556
-0.04770819283777
-0.04699026313183
-0.04582806194372
-0.04572451917654
-0.04620114777344
-0.04614731880922
-0.04519054381627
-0.04367460469372
-0.04190422249553
-0.0404393910209
-0.03945059078105
-0.03857764560538
-0.03786280227038
-0.03804961067951
-0.03838356929047
-0.03807516450346
-0.03840593718313
-0.03940495895256
-0.03986233921454
-0.03976151776367
-0.03972896152822
-0.0399765349395
-0.03993810464322
-0.03864096598993
-0.03679186473925
-0.03551460496979
-0.03517175230062
-0.03520590150172
-0.03523590235477
-0.03504750097999
-0.03451545045322
-0.03313933389052
-0.03126739017617
-0.02950878596774
-0.02752863010565
-0.02523814462305
-0.02512780188375
-0.02650954360639
-0.02630646039821
-0.02345849003731
-0.01921077744192
-0.01579754322046
-0.01390728040114
-0.01321485473897
-0.01204751291797
-0.00940263240261
-0.00713883573199
-0.00619343716871
-0.00461200060857
-0.00194598674893
0.00053305708195
0.00223548071061
0.00343465629076
0.00418839121835
0.00486070900788
0.00590875097648
0.00679180484667
0.00711700214656
0.00852448353915
0.01062728448151
0.01014246206755
0.00919209544266
0.01170906081641
0.01421895740509
0.0135445256174
0.01061597774408
0.00755770273072
0.0050526281818
0.00356467215583
0.00287724807393
0.00287696001264
0.00260438931978
0.00109018686166
-0.00073642071845
-0.00191861760787
-0.00280907412217
-0.00401928463999
-0.00572757436466
-0.00740691525733
-0.0086995172772
-0.01016211859992
-0.01172126027834
-0.01221115695163
-0.01195466293271
-0.01183015275516
-0.01130790892316
-0.01012252012883
-0.00914599568051
-0.00829444270604
-0.00684041352971
-0.00530013190084
-0.00414810246214
-0.00281180904507
-0.00132358686108
-0.00029245136878
0.00058596776785
0.00163839371066
0.00189543564339
0.0016176513067
0.00213883515281
0.00300435279427
0.00317175390378
0.00286453222564
0.00277069792034
0.00320963130824
0.00377137936086
0.00399872874576
0.0037930735618
0.00339634878558
0.00298146021856
0.00230110658106
0.00102420622448
-0.00023442138909
-0.00095612187703
-0.00134692015729
-0.00161701212924
-0.00163715717108
-0.00129580089401
-0.00062034529402
6.5468731e-06
0.00047356280176
0.00096358359363
0.00145735482399
0.00183439286785
0.00219322132314
0.00252565334203
0.00258696127997
0.0019798090602
0.00042085289591
-0.00101842176796
-0.00192041168543
-0.00371305690604
-0.00587864392572
-0.00661582528527
-0.00615028439302
-0.00540177970264
-0.00428880779045
-0.00367310001767
-0.00473333812953
-0.00491473709281
-0.00210436636298
0.00298022932073
0.00832771245735
0.01222743175067
0.01436070479843
0.01497378417788
0.01599942174837
0.01825643835895
0.02043054110749
0.0219290339375
0.02357710956063
0.02553988882244
0.0273094446697
0.02874292458915
0.02999957204685
0.03086156558368
0.03134694553562
0.0315625401615
0.03190622581896
0.03260423681694
0.0334654869698
0.03452497506033
0.03713544751767
0.04137791328245
0.04626187958881
0.04883750592258
0.04804616704964
0.04679837714469
0.04718838823443
0.04915742652376
0.05092170235363
0.05138442568789
0.05112862195408
0.0508502843937
0.04995178539408
0.04882081297005
0.04881553627134
0.04889465356524
0.04756996988094
0.04497366818051
0.04192264116085
0.03814352927923
0.03376134715232
0.02932035472485
0.02490101003682
0.02047433106945
0.01716549583421
0.01492912804086
0.01309815341179
0.01133840094063
0.00986484466039
0.00844718819971
0.00692159836028
0.0056276887811
0.0046235695216
0.00369112044158
0.00288927695579
0.00234699726647
0.00182102191244
0.00121575768883
0.00074278262501
0.00041389694591
5.862256292e-05
-0.00085865195951
-0.00237125415089
-0.00291654321781
-0.00245961827852
-0.0022188421844
-0.00258984753461
-0.00314546134201
-0.00366924371333
-0.00429195389761
-0.00553099244753
-0.0066316255133
-0.00642042481767
-0.0056506507172
-0.00523333685997
-0.00452319277364
-0.00299724617627
-0.00112451958568
0.0008888579069
0.00338659850834
0.00643840209875
0.00969014279019
0.0117140786582
0.01263372095814
0.01341857845209
0.01450986280071
0.01565520178368
0.0167805590038
0.01792789914987
0.01905063129534
0.02054074114362
0.02318011265278
0.0241618241955
0.02160859894116
0.01989560333048
0.02162608505784
0.02627110319816
0.03024391306534
0.03087535469258
0.0301452421181
0.03037642125791
0.03144273918866
0.03263046765129
0.03425048716693
0.03619095163494
0.03809739964898
0.04008455792258
0.04212982625558
0.04369627566391
0.04515052055433
0.04710810940307
0.04883050351108
0.04988020150023
0.05098787680164
0.05195271618318
0.05190048018461
0.05212877207418
0.05405012095441
0.05810289105981
0.06194422816209
0.0622974019212
0.06001215995053
0.05768918460605
0.05734307963201
0.05852983904054
0.05989275390042
0.06036513458892
0.05979976453066
0.05867868176837
0.05753954539539
0.05663703079486
0.0555460152592
0.05379985941359
0.05242347071926
0.05196353507488
0.05027422819087
0.04725598971416
0.04475573056765
0.04271368135273
0.04003726675487
0.03676687509063
0.0332815658109
0.02948824666691
0.02631300151341
0.02440124361387
0.0226688536464
0.02036056677268
0.01778514287829
0.01609532159912
0.0160135294504
0.01563156947454
0.01387933049136
0.01175678341231
0.01035322469763
0.00973365398315
0.00871861295291
0.00683959381614
0.00574869443422
0.00593761352284
0.00672826874802
0.00735272123847
0.00764753935597
0.00760224935136
0.00749378166537
0.00780198069432
0.00862507268253
0.00973271479716
0.00986061998274
0.00887888852795
0.00815976409777
0.00844203097342
0.00940606391611
0.00957886750224
0.00846136559399
0.00770889840156
0.0079928146604
0.00863425546576
0.00878525533458
0.00834697738567
0.00787154351301
0.00767240289481
0.00763771938648
0.00775417845014
0.00816387262167
0.00841761545617
0.00825622812385
0.00774327991015
0.00740364304039
0.00763445712558
0.00740667631248
0.00593857593958
0.00388116456219
0.00207647253886
0.0005851178543
-0.00213986991675
-0.00636594207379
-0.00746102630922
-0.00455103648571
0.0005004450927
0.00394384776048
0.00419138798498
0.00263294588398
0.00162837262926
0.00207254753787
0.00208658156524
0.00029469469584
-0.0016686062954
-0.00275192681138
-0.00353014462539
-0.00453529599389
-0.00565574820728
-0.0065364259037
-0.00697964204611
-0.00679205042887
-0.00686480249753
-0.00776230589362
-0.00820240247831
-0.00763882782507
-0.0064267137133
-0.00409218604918
-0.00083862240769
-0.0011123051897
-0.00504013335749
-0.00996670485761
-0.01350780775919
-0.01532419679653
-0.01574483596955
-0.01625882956696
-0.01821265171567
-0.02032310221182
-0.02128568821071
-0.02265363086842
-0.02481160152109
-0.02633804757956
-0.02753686706552
-0.02943880831425
-0.0316637731285
-0.03387919342357
-0.03633518139974
-0.03833378911394
-0.03940313367942
-0.04058222694076
-0.04193136928514
-0.04255199533936
-0.04309293992434
-0.04433389335172
-0.0456036860947
-0.04651791563011
-0.04740781925258
-0.04796588821829
-0.04784598436642
-0.04760478281772
-0.04764712915456
-0.04785667051098
-0.04816663507685
-0.04855200001678
-0.04850248533452
-0.04859471140824
-0.04980732332178
-0.05074348932165
-0.05034435186621
-0.05060735713222
-0.05184054485206
-0.05249074033114
-0.05229699588408
-0.05181950443078
-0.05079917674579
-0.04963113468364
-0.04908833163874
-0.04876419631594
-0.04799927412335
-0.04664651441948
-0.04513160408725
-0.04383731949742
-0.04311135858966
-0.04288011307627
-0.04217353325057
-0.04141110006681
-0.0417488087844
-0.04177237140129
-0.04022673010675
-0.03873594656675
-0.03839730861919
-0.03874915490692
-0.03913319237548
-0.03945298022952
-0.03958373615988
-0.03936294448357
-0.03865314553979
-0.03729431265438
-0.03519972875983
-0.03268243815559
-0.03052561908434
-0.02938397379046
-0.03030482408935
-0.03307764297708
-0.03305745213748
-0.02951228053613
-0.02513582312952
-0.02152780571465
-0.01841085314787
-0.01698164436756
-0.01634450788812
-0.01458059711288
-0.01213852767407
-0.0102126919406
-0.00848019245675
-0.00707142341693
-0.00672498989372
-0.00645810509262
-0.0054601287069
-0.00480774953741
-0.00442052281888
-0.00311729605
-0.00125496887015
0.00040126705139
0.00199315379806
0.00389046018048
0.00620588221285
0.0094787197431
0.01349877431649
0.01480773742104
0.01279138141457
0.00934428339835
0.00697879578311
0.00597255920676
0.00465640452604
0.00272698992975
0.00130296160647
0.0009936348906
0.00150358036405
0.00160478246733
0.00151802623941
0.00233393926243
0.00323333629644
0.00331883109469
0.00373517589781
0.00503895854533
0.00671922866796
0.00898398111797
0.01210671814126
0.01464275927866
0.01576267386614
0.01579124768747
0.01630022676176
0.01803065207159
0.02070648258204
0.02324039976524
0.02495709902106
0.02674765878414
0.02948601983367
0.03303299679609
0.03625526762302
0.03831327968121
0.04001499842257
0.04201231185218
0.04322917167411
0.04362303243084
0.04412365507283
0.04469184600777
0.04487122057721
0.04508995467289
0.04556731337905
0.04608658699385
0.0468827711373
0.048161225631
0.04924520556838
0.05020410451553
0.05170723353931
0.05337510176063
0.05476091550172
0.05663895562835
0.05846021316696
0.05885563370255
0.0580392719942
0.05661645498856
0.05414178285279
0.05156366751019
0.05035098922308
0.04913456082934
0.04645791392399
0.04312008671394
0.0401962978255
0.03782467065515
0.03606590383149
0.03455364844201
0.03213682419005
0.02924900313849
0.0271166593207
0.02550554713799
0.0236851790052
0.02150152178144
0.01896222170182
0.01574042212723
0.01053078394996
0.00465094530001
0.00228931033856
0.00301113285432
0.00411857286143
0.00296310427626
1.565350926e-05
-0.00238091814249
-0.00374314736341
-0.00519957262557
-0.00710619321089
-0.00921504410404
-0.01149385779458
-0.01362836539071
-0.01542082675653
-0.01737963356026
-0.01950763986533
-0.02099908050366
-0.0222609548799
-0.02401058538183
-0.0257315093153
-0.02682886352678
-0.02727053316504
-0.02718482497576
-0.02648984724988
-0.02402764670767
-0.02050636295371
-0.01896781367498
-0.01997698396307
-0.02197227963619
-0.0234162465795
-0.02398627274362
-0.02363644421237
-0.02386240307101
-0.02566869005119
-0.02823882397216
-0.03056941568365
-0.03236921464749
-0.03328365657832
-0.0332847517422
-0.03349960298412
-0.0342291148778
-0.03466525559779
-0.03469226964026
-0.03473989267581
-0.03482272688956
-0.034799728448
-0.03459911433657
-0.03443301448088
-0.0345473097662
-0.03523888916537
-0.03594480525538
-0.03564492947195
-0.0347522049728
-0.03409782795889
-0.03362027013203
-0.03300193064725
-0.03216956959017
-0.0311778787814
-0.03013117424021
-0.02932459267722
-0.02888096501868
-0.02890908418106
-0.02897261364235
-0.02868874716369
-0.02815016215908
-0.02783327482999
-0.02824327763862
-0.02907340190644
-0.02978928398779
-0.03009243862551
-0.03013975634264
-0.03008208434879
-0.0301628012457
-0.03036890445126
-0.02993544190476
-0.02891113512433
-0.02789386726086
-0.0269460825678
-0.02604249271545
-0.0265220085626
-0.02770439063427
-0.02754389934513
-0.02739456213421
-0.02908986255148
-0.03097362407974
-0.03186321906511
-0.0323573636468
-0.0327183860804
-0.03283231299242
-0.03364735054806
-0.03517513735262
-0.0367030900911
-0.03817495716402
-0.0398140524433
-0.04088973568459
-0.04164675942251
-0.04295435191287
-0.04430429074007
-0.04546974423304
-0.04950236996035
-0.05456484797975
-0.05621774896132
-0.05460709475623
-0.05217234632204
-0.0512357157072
-0.05167298477786
-0.0522538862512
-0.05214387206107
-0.05171071815167
-0.05238835910141
-0.05356834840593
-0.05361268594982
-0.05316254040684
-0.05325221109816
-0.0529973697811
-0.05245718849216
-0.05263938393827
-0.05238613558686
-0.05060111801677
-0.04863692499794
-0.04698263017143
-0.04471388203258
-0.04160720077556
-0.03772524304923
-0.0318400911951
-0.02597691894825
-0.02330807757458
-0.02299927122748
-0.02306963384767
-0.02269945849894
-0.02183564300764
-0.02049458828262
-0.01911315187839
-0.01790087183269
-0.01681501020464
-0.01580626470739
-0.01491123372673
-0.01377748688753
-0.01220779513037
-0.01057251301261
-0.00937596018402
-0.00880032213467
-0.00817687188511
-0.00709062860903
-0.00597150386702
-0.00540709290682
-0.00555762816065
-0.00542899618449
-0.00446827860156
-0.00356880722916
-0.00316397923581
-0.00284532504232
-0.00219934362112
-0.00130231048177
-0.00085009474717
-0.00073280037215
-0.00034360103116
-7.92678623e-06
-7.351609481e-05
0.00052624615819
0.0017240073176
0.00252845895278
0.0029810304497
0.00365151533313
0.0047252173234
0.00575864383217
0.00630372349048
0.00657360505821
0.00703739368825
0.0085137808012
0.00933091244294
0.00732946394
0.00549145039397
0.00591640384896
0.0069011121583
0.00762163043342
0.00909803082108
0.01068950306482
0.01171038828778
0.01273653029739
0.01388910068068
0.0146358896143
0.01518399922602
0.01568067927803
0.01493372109181
0.01341604961913
0.01259381384995
0.01257729015002
0.01269448596029
0.0129592302138
0.01323495265558
0.01323733214802
0.01363078138861
0.01455109406159
0.01463930785309
0.01403283264372
0.0138577325321
0.01350132969888
0.01212095527175
0.00896153689571
0.00528706958252
0.00306990731314
0.00424511738885
0.00756903601758
0.00957879117264
0.009707668731
0.00939823515368
0.0090162486284
0.0083911257649
0.00797302538088
0.00738218446562
0.00583067574761
0.00394677483486
0.00252454058915
0.00163876341144
0.00088551566585
6.645096029e-05
-0.00084105699019
-0.00173699562939
-0.0025130400409
-0.00331443417763
-0.00427746786624
-0.00473046083532
-0.00408873794229
-0.00211577929812
-0.0003975567689
-0.00059183784626
-0.00313271595748
-0.00673017366944
-0.00955051603237
-0.01098359439174
-0.01157898189645
-0.01176283668178
-0.01172990543566
-0.01184190751418
-0.01208689899365
-0.01224502074638
-0.01224012901437
-0.0120287789782
-0.01142107917649
-0.01085300771398
-0.01072428945218
-0.01074383314949
-0.01059157550154
-0.01028466080115
-0.0099171669446
-0.00957526009878
-0.00971405718699
-0.01019350002321
-0.0101843902509
-0.00963847096695
-0.00905523646266
-0.00880783230397
-0.00878501307105
-0.00866156818929
-0.00788333477749
-0.00640357588725
-0.00553455670817
-0.00557051458902
-0.00542208669599
-0.00487134869094
-0.00449001926399
-0.00462607180514
-0.0047239396322
-0.0038014134007
-0.00211071798163
-0.0006145578507
-0.00075019920758
-0.00153342689856
-0.00074970771131
0.00088073378209
0.00167723386373
0.00179220682319
0.00191655471735
0.00203963587196
0.00246951889189
0.00341177068427
0.00411027948402
0.00438458816878
0.00475243712392
0.00512213458296
0.00524318669757
0.00586759936388
0.00697506890723
0.00781778092235
0.00827297085656
0.00865798401658
0.00892048816214
0.00921917585869
0.01000426566014
0.01096934066785
0.01157678161265
0.01153643975759
0.01139392906821
0.01191218384873
0.01256961736548
0.01267929968777
0.01271794901683
0.0126591188042
0.01147298330722
0.00997209107271
0.00952013353129
0.01077099985116
0.01277965320498
0.01464539099066
0.01544878662235
0.01508764803501
0.01490619929155
0.01543374637168
0.0160743641448
0.01628542545594
0.01610312381212
0.01580778798079
0.01587863512803
0.01689764529768
0.01794154887427
0.01817310634343
0.01852044254717
0.0194752196957
0.02058597473069
0.02185283376194
0.02343154236841
0.02446887164302
0.02535637586099
0.02766841616003
0.03038670916106
0.03165555608069
0.03045430068476
0.02810886452463
0.02602583294971
0.02575920700552
0.02748420959479
0.02880091185745
0.02902276882954
0.02960438050008
0.03012050800772
0.02958043623516
0.02944739373536
0.02989750609157
0.02921491035492
0.02739715402207
0.02550293533806
0.02371176493815
0.02206716729002
0.02102589542542
0.02008486424297
0.01877044191239
0.01807196629943
0.0179790034791
0.01744440752596
0.01674246721272
0.01655135115897
0.01618802888121
0.0153656304968
0.01453234684711
0.01374166839118
0.01287360167281
0.01262562006408
0.01272694263539
0.01215286768359
0.011570864409
0.01182023322532
0.01162721888751
0.01109459091069
0.01159143357794
0.01271988048768
0.01362760873203
0.01469885158158
0.01584632447478
0.0164219824362
0.01673133304656
0.01723218135869
0.01767292176699
0.0180114435608
0.01851677540749
0.01879700129591
0.01859697790925
0.01884083440068
0.01974224388129
0.02074190615566
0.02151567594497
0.02214818618666
0.02256531751657
0.02292467065493
0.02348512575043
0.02438904083326
0.02567972797567
0.0276117397697
0.02981811002868
0.0317220225724
0.03355621963822
0.03566016220597
0.03741249079347
0.03857041088639
0.03928249971829
0.03989705259097
0.04049391690759
0.04057565595746
0.03984909768758
0.03802770740184
0.03660638380149
0.03711643149024
0.04064378842574
0.04515466890238
0.04798171831443
0.04907927164661
0.04971559504983
0.05024134008757
0.05087812810577
0.0520735824518
0.0534899280345
0.05466689734164
0.05575711639448
0.05682062008591
0.05747051688393
0.05731553460099
0.05644039909756
0.05568251250325
0.05535950553112
0.0552038595125
0.054797653272
0.0540923345441
0.05353204206384
0.05383895344556
0.056021581879
0.05802433794124
0.05776481728759
0.055067893257
0.05139149447296
0.04839744916204
0.04603969406755
0.04350382550143
0.04082644848683
0.03813244489326
0.03524376762267
0.03242057783364
0.02995887841188
0.02769167677718
0.02547515136219
0.02351566091072
0.02172201145801
0.01987149645032
0.01793362055149
0.01588391182674
0.01369241256584
0.0123939729906
0.01254414650849
0.01289541202749
0.01247974091609
0.01128025769444
0.01015254753131
0.00958094499494
0.00916112885418
0.00825410748833
0.00635306560146
0.00398693084393
0.00183871810146
0.00012765472492
-0.00152856403905
-0.00352405485046
-0.00612521509612
-0.00912877837679
-0.01119963703921
-0.01225407078248
-0.01315350564942
-0.01425171939861
-0.01530679032814
-0.01636379604719
-0.01748400931573
-0.01865130799391
-0.02023165934621
-0.0224608488381
-0.02489984186201
-0.02631748836665
-0.02583001432862
-0.02555732515894
-0.02707488711523
-0.02936575092717
-0.03107212909306
-0.03206183533212
-0.03354281217735
-0.03602783858983
-0.03779131793688
-0.03859314383367
-0.03961891415129
-0.04064707391739
-0.04108875683037
-0.04222082441828
-0.04381461973692
-0.04444078798412
-0.04428082768353
-0.04424196595905
-0.04489216143813
-0.04578498549763
-0.04627970089201
-0.04647686357786
-0.04679937274822
-0.04759373161853
-0.04898253217021
-0.05099192558933
-0.0533314611392
-0.0552324997074
-0.05328991128519
-0.04897765371291
-0.04625822904253
-0.04590223440676
-0.04611174257639
-0.04577164441032
-0.04513100672513
-0.04475327474561
-0.04423476442685
-0.04324463671562
-0.04203507798624
-0.04057953881123
-0.03869004924399
-0.03647436677333
-0.03438781408059
-0.03310333286685
-0.03184478380641
-0.02985876383951
-0.02817681778427
-0.02717959141987
-0.02616053147005
-0.02386052801769
-0.02004227564261
-0.0163430343949
-0.01487749272308
-0.01656599648691
-0.01819847764007
-0.01763905797224
-0.01620531255851
-0.01510556557988
-0.01394393188579
-0.01270443203956
-0.01146404942487
-0.00994610250188
-0.00820072322702
-0.00644852406798
-0.00455672470055
-0.00254327652012
-0.00081997442169
0.00033539128444
0.0010826607627
0.00222377506803
0.00392307615215
0.0056489880593
0.00719195118035
0.0088157838575
0.01104125642955
0.01345112473151
0.0150772307034
0.01644549195424
0.01833404897284
0.02002747101811
0.02107838364356
0.02179847380917
0.02279867370944
0.02404160506917
0.02415300646689
0.02333168333429
0.02281697622102
0.02286441009189
0.0225597587302
0.02069546125096
0.01859911181948
0.01803477718888
0.01772357143727
0.01668741697483
0.01610281517503
0.01588147923545
0.01522204123693
0.01465510144376
0.01460873618734
0.01496155484785
0.01530038527875
0.01548789061036
0.01589534135528
0.01623933564983
0.01590763042152
0.01573033334478
0.01636461576077
0.01671881831018
0.01642481658759
0.0161236100141
0.01602068120243
0.01605465783225
0.01640649084526
0.0162784130884
0.01478766605387
0.01342065926347
0.01279343235784
0.01140720046327
0.00983240126
0.00922414392031
0.00814865648105
0.00627337085751
0.0049396238624
0.00389008516982
0.00215797463508
1.934632554e-05
-0.00074407325906
0.00133299830126
0.00448849267191
0.00639510661988
0.00588632002894
0.00440153334087
0.0033113053276
0.00274901998094
0.00238926793744
0.00241150474229
0.00209824207379
0.00107488377166
0.00112188090445
0.00178688930473
0.00115487852414
0.00028111097995
0.00028458815847
0.00038472708993
0.00039043189816
0.00060508103256
0.00014425631423
0.00035232782797
0.00333568334378
0.00601977072619
0.00617833386315
0.00521776230208
0.00412847911656
0.00217276332993
0.00013330431034
-0.00096992824306
-0.00084876661206
-0.00052874014504
-0.00083451521125
-0.00177368196016
-0.0027474970394
-0.00331745085633
-0.00320692691718
-0.00288154509877
-0.00327957643868
-0.00337500304589
-0.00222841391675
-0.00176757426437
-0.00218699216372
-0.00189380119426
-0.00067122528059
0.00057414066164
0.00045046712293
-0.0004622656885
-0.00074702787847
-0.00024850021861
6.035438207e-05
-0.00082987968121
-0.00159206164102
-0.00102496653371
-0.00076877982441
-0.00116099816717
-0.00102200892748
-0.0012004930955
-0.00187314474408
-0.00116838156296
0.00038308932212
0.00129444919629
0.00215329994464
0.00372475192884
0.00559652970927
0.00681277889438
0.00715182503938
0.00758242356639
0.00868098245813
0.01021762017808
0.01140100117196
0.0120944622618
0.01285710784099
0.01363667204284
0.01410943437936
0.01458749000799
0.01549406003357
0.01691358491021
0.01788176288226
0.01802216289215
0.01897726195249
0.02053508611556
0.0210711290125
0.02081385842282
0.02092623219333
0.02204465005683
0.02305588788159
0.02313438126394
0.02366552911018
0.0247034424722
0.02504781841477
0.02537438632886
0.02628169641973
0.02700396363839
0.0273548740588
0.02772295864011
0.02759479791629
0.02674155905317
0.02567898791038
0.02427468249305
0.02205141684216
0.01880912774691
0.0164253840816
0.01702185015681
0.01942459325616
0.02159597800707
0.02279380520818
0.02309331593698
0.02251187351905
0.02210028438212
0.02225576778551
0.02231075164982
0.02222278012186
0.02242612218696
0.02301139104112
0.02369927675119
0.02431324221779
0.0252489867455
0.0267139775167
0.02786181214585
0.02848511637357
0.02903752367387
0.02947705608322
0.02975980416725
0.03026133612713
0.03177864254519
0.03489427759663
0.03785483744213
0.03875277226642
0.03645886854503
0.03299551232316
0.03056929289255
0.03019937971942
0.030607112552
0.03032762009152
0.02907635884892
0.02723383190022
0.02586551755052
0.02445710692797
0.02191704687099
0.01927154908143
0.01728218720536
0.01519447297516
0.01284055759163
0.01065907078356
0.00874990477188
0.00706244639176
0.00570248515568
0.0040023859294
0.001551317894
-0.00063388550204
-0.00224763968466
-0.00381678551922
-0.00508195534314
-0.00617872214853
-0.00821820270634
-0.01052811241382
-0.01182024650003
-0.01293769862811
-0.01460310770871
-0.01607922269003
-0.01747103328305
-0.0190989910775
-0.01936781398681
-0.01885527728924
-0.01950866201829
-0.02104344127831
-0.02215733578311
-0.02184331247351
-0.02095966787856
-0.02083523071195
-0.02167534088318
-0.02283861068574
-0.02383381597497
-0.02480208355134
-0.02603843729041
-0.02665660088523
-0.02652290792445
-0.02677858554848
-0.0273772187207
-0.02759581343189
-0.02747320153842
-0.02751440624987
-0.02796344335426
-0.0281930793086
-0.0278613276188
-0.02712650252094
-0.02688251328236
-0.02780820885176
-0.02849758132977
-0.02816295898312
-0.02763861774635
-0.02731720705856
-0.02695737603051
-0.02690726730481
-0.02713608354558
-0.02690986583003
-0.02606732306751
-0.02540275107345
-0.02750252869975
-0.03062755229248
-0.03111888263486
-0.02859284067559
-0.02481204954268
-0.02236600100842
-0.02159776013739
-0.02138907500001
-0.0209673572565
-0.02047382331165
-0.01976426331271
-0.01886151972337
-0.01796069764885
-0.01733441988525
-0.01699784615568
-0.01699554299285
-0.01704054095375
-0.01679559925447
-0.01631446721093
-0.01583026538983
-0.01544515266947
-0.01510211747298
-0.01478049438977
-0.01486095574843
-0.01506478234058
-0.01329586367958
-0.00943866329438
-0.00525083293269
-0.00532809840402
-0.00950797057483
-0.01235158682962
-0.01214898814849
-0.01111332816913
-0.01091338774943
-0.01153176373967
-0.01261389185449
-0.01361624557707
-0.0143165564192
-0.01478382634292
-0.0152097953135
-0.01571317577727
-0.0163677651866
-0.01715053523182
-0.01748230351502
-0.01730441239484
-0.01726155498152
-0.01761786821043
-0.01815551402904
-0.01870115122533
-0.01910139048201
-0.01907021481679
-0.01900210889793
-0.01927142629033
-0.01929481633594
-0.01913022316026
-0.01994320645395
-0.0209432105522
-0.02092502419438
-0.02039579122559
-0.02024952379223
-0.02072427733581
-0.02089628112045
-0.02022777981112
-0.01982735470845
-0.02021094415541
-0.02100471561965
-0.02148006984403
-0.02145690546855
-0.02158652309221
-0.02208105927795
-0.02259373536002
-0.02318948791936
-0.02402752723525
-0.02451348131855
-0.02441939014755
-0.02385306099122
-0.02361111605856
-0.02412293592159
-0.024781683635
-0.02503753051162
-0.02491262873002
-0.02472693207817
-0.02471140398177
-0.02530432902709
-0.0262217577685
-0.0268955424139
-0.02725167311549
-0.02754390930116
-0.02797219802797
-0.02863131079601
-0.02952414149286
-0.03026684513333
-0.03072774983181
-0.03119136589057
-0.03129680362314
-0.03044626948295
-0.02978791005492
-0.02991599776781
-0.02965450581917
-0.02957262738481
-0.03122542216867
-0.03243256490015
-0.03142315234853
-0.02769250644679
-0.02304968195291
-0.01937989397632
-0.01774337067282
-0.01723116584309
-0.01608626492567
-0.01400060163875
-0.01171833652264
-0.00959236456744
-0.00760392196529
-0.00671684585684
-0.00625350856707
-0.00478374553628
-0.00319934340509
-0.00262101092072
-0.00204330765778
-0.00095326084435
-4.684387623e-05
0.00061306411354
0.00138087820252
0.00192285821517
0.0029125730828
0.00614812393336
0.00919105005895
0.00928850305121
0.00707808732322
0.00503517193323
0.00450992469725
0.00534671287136
0.00683493107294
0.00830686120074
0.00983521218064
0.01178079405079
0.01320067402602
0.01337850540998
0.01355666202444
0.01456187976651
0.01601991458771
0.01737929837373
0.01854630832689
0.01909150413895
0.01938415847811
0.02072560812587
0.02266538230876
0.02405079780844
0.02506749485922
0.02610383516765
0.02674070615282
0.02727644041265
0.02827756954289
0.02912360687381
0.02936479182911
0.02934662870203
0.02946991428723
0.02973328460787
0.02970753830056
0.02926246037955
0.02853861678863
0.02786341838622
0.02741441778729
0.02680956541167
0.02587405982882
0.02491918975729
0.02415274097262
0.02351084218963
0.02280314728797
0.02195212530205
0.02096487820371
0.01998802188755
0.01913998671222
0.01823587914604
0.0170856252003
0.01564564398979
0.01403198638071
0.01233059618852
0.01064824857319
0.00903912427885
0.00766136497033
0.00651741651362
0.00552157735681
0.0045898650234
0.00373935079528
0.00301627415095
0.00219394711812
0.00103695326835
0.00043660798991
0.00087775427259
0.00098008904083
0.00065316835122
0.00102287012454
0.00186181344843
0.00245780130207
0.00281010390809
0.00329513871747
0.00416716495108
0.0048469165803
0.00465803731583
0.00292506558404
0.00085310777532
0.00039760588534
0.00185816257028
0.00418880605316
0.00561835997602
0.00585911018445
0.00566199064141
0.00531250725273
0.00434195974427
0.00318690367084
0.00231490498226
0.00171712968841
0.0012193411978
0.00078801554835
0.00011755054381
-0.00081727368118
-0.0010625721384
-0.00113229458552
-0.00282488496997
-0.00530039739512
-0.00686180904958
-0.00695393224427
-0.00649931644143
-0.00677637631062
-0.00726784935617
-0.00681705667088
-0.00624112657783
-0.00664082157124
-0.0091694056382
-0.01268933205268
-0.01544083506882
-0.01676831971773
-0.01716125456317
-0.01754831866645
-0.01849860232438
-0.02019191485327
-0.02197010922049
-0.02328927394256
-0.02411975994633
-0.0247840531714
-0.02554325064369
-0.0262615254922
-0.02676485285711
-0.0280024809687
-0.03005974964292
-0.03131921133994
-0.03144931349064
-0.03131055954525
-0.03130538240689
-0.03123351642537
-0.03129404248268
-0.03138548866697
-0.03107008810582
-0.03053538595497
-0.03013757265223
-0.02960165586508
-0.02878695017728
-0.02803793441042
-0.02742949122474
-0.02676601439456
-0.02597668995943
-0.02516477859887
-0.02459279773316
-0.0240486638982
-0.02299234514558
-0.02187385758983
-0.02127253296939
-0.02089622802159
-0.02033155820447
-0.01953902128862
-0.01849377696594
-0.01708743388005
-0.01582620332743
-0.01489767692532
-0.0137194730698
-0.01217327091861
-0.01061869574172
-0.00911703025513
-0.00752255792609
-0.00591725343064
-0.00457828283566
-0.00389819601992
-0.00326471141423
-0.00197140815761
-0.00068201596352
5.458631983e-05
0.00060334967802
0.00145745869862
0.00270287939904
0.00381829883658
0.00456359436491
0.0055652080222
0.00692556749969
0.00817214940569
0.0093488001197
0.01074714850924
0.01228959059777
0.01370663974029
0.01475402792924
0.01503629812357
0.01421330237704
0.01399572650013
0.015528866333
0.01797591047079
0.01987801433477
0.02049047975871
0.02045037352982
0.02052018193071
0.02075487886967
0.02087518428163
0.02085379871779
0.02074901808355
0.02057190685281
0.02033072189751
0.02004064285282
0.01976710078278
0.01972315484293
0.02029485362098
0.02093900246795
0.0210485520431
0.02149509681999
0.02270432368152
0.0237341029627
0.02369122563731
0.02243661252949
0.02106790989442
0.02023227330172
0.01978785579771
0.01940557059137
0.01908502275997
0.01885796210009
0.01866760934239
0.01791282239374
0.01661582312494
0.01572561418405
0.01519456257948
0.01427503643329
0.01316221054295
0.01233458524
0.01164366957652
0.01091508027543
0.01028658231597
0.00974517975336
0.00917956411289
0.00870037349623
0.00833029438918
0.00776199393785
0.00698990008116
0.00624106020426
0.00561855909673
0.00506441944629
0.00452638866097
0.00394602481353
0.00324930677267
0.00250961284168
0.00187714839774
0.00177036958721
0.00209130304905
0.00210555843227
0.00174548049455
0.0014742213434
0.0017138096825
0.0023643476492
0.00255353156836
0.00224213698394
0.00205854902036
0.00219458961426
0.0024184626835
0.00260488114792
0.00280360958626
0.00318991636712
0.00358528446759
0.00368617229203
0.00364415782304
0.00368058363755
0.00373542148001
0.00364273079131
0.00330724326519
0.00304642334893
0.00315366611071
0.00315867266899
0.00281210241624
0.00255408446018
0.00256457347525
0.0026349261394
0.002577099827
0.00238614771597
0.00203724708722
0.00172624642994
0.00189288855769
0.00219065996713
0.00207024636625
0.00170263934276
0.00144811562322
0.00136433558612
0.00133401746741
0.00129867619701
0.00087409841642
-8.212305415e-05
-0.00082406004671
-0.00091085808998
-0.00045812530529
3.627906255e-05
0.00031850468703
0.00022889111015
-9.760847234e-05
-0.00043962367301
-0.00067550571204
-0.00079618347972
-0.00079114307091
-0.00074956268506
-0.00095194233341
-0.00123840766915
-0.00127029353156
-0.00128601643438
-0.00154488231278
-0.00172174563825
-0.00175494436984
-0.00196754820272
-0.002212693337
-0.00217931838357
-0.00173534093633
-0.00113867009866
-0.00084158333259
-0.00075269684497
-0.00060454274292
-0.0006334514189
-0.00094385869648
-0.0012485160318
-0.00126170412803
-0.00092064586829
-0.00057230908301
-0.00041391121623
-0.00032990358416
-0.00018191644481
3.83252933e-05
0.00031366635255
0.00058204276686
0.00066742838059
0.00063488010997
0.00065608746077
0.00063177415882
0.00045615467403
0.00039004825894
0.00045733645542
0.00042591155745
0.00030598507219
0.00022940494114
0.0001317459917
2.577192418e-05
0.00011856665677
0.00025944425768
0.00019337136123
6.665343286e-05
2.264656208e-05
-4.669513306e-05
-0.00017497277392
-0.00028653502799
-0.00026240050324
-0.00014074286256
-0.00012207111483
-0.00019713573818
-0.00022149898625
-0.00017507807559
-0.00012784352454
-0.00014819110532
-0.00019037827834
-0.00017533404526
-9.953825067e-05
-7.3535144e-06
2.759797389e-05
6.41308722e-06
-4.040258688e-05
-0.00010256415529
-0.00018371583226
-0.00026913479871
-0.00033216287406
-0.00033749864525
-0.00032830096115
-0.00036403579362
-0.00048268253011
-0.0006245593519
-0.00067103910273
-0.00065224111247
-0.00065582794012
-0.0006927721322
-0.00071596737139
-0.00064672281396
-0.00052778237444
-0.00044824659519
-0.00043273044603
-0.00043974878719
-0.00037209752728
-0.0002698982275
-0.00025718091898
-0.00026121785899
-0.00018067675248
-0.0001005752713
-0.00012420144089
-0.00030985790355
-0.00045421722956
-0.0003912137788
-0.00012653550062
0.00018493186241
0.00036192909655
0.00041210552329
0.00041824341906
0.00041909200513
0.00042149638766
0.00046493158289
0.00053237509353
0.0005825047269
0.00061451172107
0.00064557820177
0.00067109319719
0.00069393001911
0.00072476286485
0.00076898160006
0.00081582906045
0.00081455203299
0.00078978739077
0.00081069041877
0.00084849082988
0.00086085257519
0.00094158108747
0.00109063986126
0.00116312942246
0.00109451342273
0.00094836413432
0.00087647359458
0.000909378955
0.00097893911875
0.00104378244483
0.00112377188743
0.00119191431174
0.00123359492168
0.00127431776103
0.00132489242918
0.00137351471881
0.00141544788018
0.00145075795499
0.00146292920816
0.00146230031859
0.00147397974361
0.00149637352196
0.00151545691857
0.00153004350589
0.00154061216924
0.00153929930005
0.00153218670843
0.00152992967522
0.00153984854133
0.00155337912518
0.00155340301966
0.00154119924345
0.00152648721008
0.00151413542081
0.00149939318747
0.00146396032155
0.0014236141522
0.00140490775747
0.00138903518224
0.00135579861771
0.00132204334374
0.00129960940939
0.00128341890477
0.00126296522584
0.00123619278316
0.00121185757793
0.00119071062707
0.00116473168041
0.00113261019183
0.00109908523415
0.00107043143267
0.00104841498806
0.00103275514013
0.00101255567196
0.00098018495063
0.00095350144854
0.00094086027051
0.00093143854243
0.00091419767609
0.00088810423503
0.00086384237259
0.00084647008658
0.00082918076754
0.00081058388919
0.00079511884768
0.00077988445432
0.00076160650097
0.0007434546574
0.00072729899891
0.00071148416869
0.00069390214221
0.0006745648667
0.00065519075386
0.00063706612345
0.00062079265188
0.0006063437897
0.0005923462678
0.0005716496616
0.00054754344518
0.00053309856543
0.00052887720646
0.00052834057615
0.00052328755637
0.00051319943766
0.00050167366745
0.00049093442404
0.00048048821992
0.00047008714984
0.00045989349716
0.00045031645493
0.00044113267609
0.00043190243576
0.00042207350584
0.0004117504247
0.00040218599345
0.00039342302304
0.00038465739769
0.00037615029738
0.0003683261811
0.00036058669112
0.00035249508936
0.00034415923287
0.00033668158662
0.00033068224568
0.00032332526657
0.00031358046515
0.0003027205214
0.00029251923576
0.00028357340616
0.00027522533693
0.00026669951929
0.0002577971312
0.00024865271189
0.0002393733883
0.00023017374618
0.0002210917844
0.00021194029631
0.00020267331821
0.00019339213616
0.00018404760054
0.00017459099315
0.00016519823714
0.00015591104828
0.0001466010933
0.00013723531814
0.00012786778408
0.00011846434192
0.00010903259143
9.966054397e-05
9.024226731e-05
8.066097718e-05
7.103833631e-05
6.145827408e-05
5.185166242e-05
4.220373322e-05
3.255895345e-05
2.290374307e-05
1.320459007e-05
3.42116586e-06
-6.4020858e-06
-1.620106465e-05
-2.598244123e-05
-3.578743352e-05
-4.567102208e-05
-5.560203455e-05
-6.550367672e-05
-7.53746543e-05
-8.52508422e-05
-9.513821405e-05
-0.00010503142677
-0.00011493346718
-0.00012484217813
-0.00013475341128
-0.00014466620421
-0.000154582349
-0.00016450479928
-0.00017443080055
-0.00018435720005
-0.00019428652
-0.00020422065203
-0.00021415863372
-0.0002240969141
-0.00023403320327
-0.00024396643926
-0.00025389844733
-0.00026383420551
-0.00027377281776
-0.00028370953835
-0.00029364390269
-0.00030357730461
-0.0003135095118
-0.00032344005966
-0.0003333688818
-0.00034329471714
-0.00035321789753
-0.00036313842297
-0.00037305695721
-0.00038297117717
-0.00039288207845
-0.00040278966105
-0.0004126925975
-0.00042259022407
-0.00043248320449
-0.00044237153875
-0.000452254895
-0.00046213294137
-0.00047200534597
-0.0004818714451
-0.00049173123873
-0.00050158406313
-0.00051143025018
-0.00052126946801
-0.00053110105288
-0.00054092467291
-0.00055074032812
-0.00056054768663
-0.00057034641658
-0.00058013585423
-0.00058991633145
-0.0005996871845
-0.00060944808151
-0.00061919902249
-0.0006289393437
-0.00063866904514
