-0.00146301740081
-0.00146023032024
-0.00145733657322
-0.00145426307646
-0.00145107283832
-0.00144770460955
-0.00144423595121
-0.00144055443974
-0.00143674291355
-0.00143274859915
-0.0014286492175
-0.00142432386931
-0.00141991344384
-0.00141539907056
-0.00141062514761
-0.00140561934109
-0.00140066486879
-0.0013953313868
-0.00138936174423
-0.00138301149277
-0.00137704856683
-0.00137185101658
-0.00136668225188
-0.0013610444427
-0.0013554438948
-0.00134922093942
-0.00134136408445
-0.00133334075306
-0.00132321031968
-0.00130678000954
-0.00129512889971
-0.0012936280533
-0.00128925968671
-0.00127816941527
-0.00126864379821
-0.00126924957404
-0.00127565691683
-0.00127057274966
-0.00124833751424
-0.00121677288324
-0.00119489282948
-0.00119335951938
-0.00121590563869
-0.00122740434505
-0.00120104733923
-0.00117399164423
-0.00116977552119
-0.00116097529989
-0.00113845556733
-0.00111888363464
-0.00112143339438
-0.0011395567744
-0.00114393713497
-0.00112494459136
-0.00109463756889
-0.00107194576273
-0.00106497166451
-0.00107649020091
-0.0010701436276
-0.00102195934153
-0.00098347434533
-0.0009909878527
-0.00103075460532
-0.00104401034945
-0.00100733164628
-0.00099721656519
-0.00103589506423
-0.0010449685883
-0.0010114040015
-0.00097901914234
-0.0009675879221
-0.00097141783905
-0.0009918603746
-0.00101362912424
-0.00101801700103
-0.00098188298437
-0.00092159437603
-0.00086464409147
-0.00085736086847
-0.00089895326441
-0.00084927932631
-0.00073447121289
-0.00072921401259
-0.00078437559528
-0.00077029130718
-0.0007337992303
-0.00071952223895
-0.00068379425842
-0.00069225768882
-0.00080156600376
-0.00085139090606
-0.00081969626034
-0.00084755043441
-0.00082546488384
-0.00064898789512
-0.00070314150393
-0.00099161137962
-0.0011289221142
-0.00094987233731
-0.00061847089809
-0.0005435513961
-0.00075275994989
-0.00104803696763
-0.00128384256672
-0.00143991268197
-0.00141489628302
-0.00121807750817
-0.00092063853597
-0.00063742010346
-0.00041641027523
-0.00035114240704
-0.00037524070698
-0.00037640300338
-0.00031357854832
-0.00023487326722
-0.00032193291349
-0.00055402213861
-0.00068162494766
-0.00069153677081
-0.0007228911074
-0.00079420873794
-0.00086152325848
-0.00092392152754
-0.00094813129151
-0.00091986884244
-0.00096544323897
-0.00109451826879
-0.00113750980221
-0.00094069070752
-0.00052574369757
-0.00013020289551
5.241750452e-05
-0.00011575810042
-0.00040332612495
-0.00057785865
-0.00068855234932
-0.00083329247351
-0.00096082923572
-0.00070673202108
-7.144942036e-05
0.00044830961818
0.0005901515176
0.00042787028102
9.862017758e-05
-0.00035812354173
-0.00069417576573
-0.00072421716158
-0.00043328356295
-0.00029362152899
-0.00056167957372
-0.00095032251127
-0.00105910676935
-0.00076557287636
-0.00053882193082
-0.00072664074466
-0.00129623394485
-0.00169930995538
-0.00147057952377
-0.0009890536239
-0.00071348191188
-0.00079299974499
-0.00088027352374
-0.00053725471774
-0.00024506367049
-0.00042089826176
-0.00010789281768
0.00072022076821
0.00103212703621
0.00067683215418
0.00021225998163
9.348792255e-05
0.00024401235837
0.00038175999357
0.00031167438442
7.705244701e-05
-4.78432733e-05
-5.469885503e-05
-0.00024450651025
-0.00042038348024
-0.00026915733276
0.00012004191746
0.00015510831019
-0.0010586818627
-0.00249972405753
-0.00288786516706
-0.00214170062554
-0.00108659424754
-9.511179519e-05
0.00066957068025
0.00113548186047
0.00094212550709
0.00031438966105
0.00016436051255
0.00053214096542
0.00095336578321
0.0015018724512
0.00182495566711
0.00065688888794
-0.00089787012827
-0.00098538266713
0.00052275383881
0.00248191060189
0.00405062852915
0.00417597039344
0.00200148143134
-0.00036466665635
-0.00137481832666
-0.0012018685269
-0.0007110746406
-0.00022023581686
-0.00039694852722
-0.00131542255001
-0.00141864624012
-0.00057430763301
5.1424739e-05
0.0008256163278
0.00246666545666
0.00329635445952
0.00255046817828
0.00137197239563
0.0007521943139
0.00060374293318
0.00053206020597
0.00050975700468
0.00048339616079
0.00045321595464
0.00054947226316
0.00079718500352
0.00116089054245
0.00162776188056
0.00215273988259
0.00236973332749
0.00229550659765
0.00240727287841
0.00246319040153
0.00189085857644
0.00126033820855
0.00095093820213
7.841266003e-05
-0.0009835658194
-0.00105978946656
-0.00081578270538
-0.00101598682041
-0.00097472162018
-0.0007936362254
-0.00130267758942
-0.0014310436952
-0.00026221729744
0.00073572770199
0.00102035502708
0.00163030620302
0.00244476125504
0.00266700486376
0.00199522857097
0.00091765219544
0.0002359274579
0.00042923919367
0.00151538214782
0.00188426508712
0.00111424868191
0.00095161690134
0.00143050940348
0.00113247329111
0.00052095714095
0.00048422278573
0.00020235055727
-0.00028290482997
-1.148410889e-05
0.00051232083735
0.00053781507638
0.00050367046081
0.00052303673676
-0.00031925777671
-0.00105655700961
-0.00043322807081
0.0013556273227
0.00321069826856
0.00346585015363
0.00244012038527
0.00140700328619
0.00110040363368
0.00119121547593
0.0010425554
0.00112533751407
0.00236148307005
0.00383314732916
0.00443527379399
0.00368547107924
0.00196231389784
-0.00083202878802
-0.00276563853857
-0.00235220772731
-0.0002375280942
0.00176230232613
0.00176514409924
0.00064941264185
2.366336633e-05
0.00042825057007
0.00133617772858
0.00260488405539
0.00393410623644
0.00496093305395
0.00545739577386
0.00521042218236
0.00321712544139
0.00068993261627
-0.00040591490509
-0.00060153955952
-0.00080698440312
0.00070652364571
0.00353185061398
0.00547818053757
0.0052679932752
0.00278502400489
4.586725748e-05
-0.00131971015715
-0.00075354947346
0.00119773780099
0.0037283071707
0.00536185974368
0.00598329491337
0.00549683996844
0.00379445155878
0.0021573007925
0.00156031382706
0.00198150586132
0.0023217526192
0.00205365043663
0.00154372695554
0.00123748040573
0.00116942305817
0.00113647256302
0.00115632771351
0.00156540790926
0.0022009764624
0.00273323560848
0.00311861490476
0.00280582795896
0.00110266537803
-0.00096264704297
-0.00247844674113
-0.00284716560282
-0.00172757256438
-0.00044519342286
0.00012620591045
0.00022176065123
-0.00022820781402
-0.00088482307935
-0.00128650794839
-0.00147985838474
-0.00173807449123
-0.00215906310762
-0.0026369511541
-0.0022948349349
-0.00024339618775
0.00271792009859
0.00542521833055
0.00635305805071
0.00343488810006
-0.00124223114033
-0.00421356111867
-0.00473617070991
-0.00234807220381
0.00096524669765
0.0030705094591
0.00449533963418
0.00627124632939
0.00729058250805
0.00744775798829
0.00771101780227
0.00722972186693
0.0043458722836
0.00055775674342
-0.00246370854137
-0.00476526969895
-0.00566051458538
-0.00464603356889
-0.0035461298442
-0.00336883006862
-0.00355063638141
-0.00335624118965
-0.002656990692
-0.00114430047253
0.000961362408
0.00264292415498
0.00232006546634
0.00083025192021
0.00030958759223
0.00184329365938
0.00400969548214
0.00537185952267
0.00585790827156
0.0051674229728
0.00400979463235
0.00332395819934
0.00306524650169
0.00272041324675
0.00208224088101
0.0010926587225
-0.00100306610806
-0.00182564652023
-0.00016192109741
0.00187419334426
0.00277637074979
0.00179769895305
-0.00076022788015
-0.00303683836577
-0.00438400513662
-0.00562067858753
-0.00739275360667
-0.00890444896567
-0.00906463733311
-0.00814853891749
-0.00596843517463
-0.00338323243701
-0.00124996789561
0.00057081930454
0.00261639027797
0.00511557380691
0.00639849923413
0.00463502309738
0.00193405288804
0.00034278628275
-0.00039831727995
-0.0013877535917
-0.00297987976539
-0.00455230143296
-0.00392696262333
-0.00110005404921
0.00157327403958
0.00273659072384
0.00228797437967
0.00168900153137
0.001918817338
0.00260164728061
0.0030539593691
0.00313606054508
0.0031214934594
0.00317120929646
0.00286531808823
0.00210181505258
0.00132734712254
0.00076083157702
0.00026910839733
-0.00030744930589
-0.00097268584237
-0.00164668357974
-0.00228475679526
-0.00289806004809
-0.00319038526797
-0.00247468702893
-0.00127759034603
-0.00039117910412
0.00015474071876
0.00073546671304
0.00152725474644
0.00242238369109
0.00327488364028
0.00429532326489
0.00681341889782
0.01038911149819
0.01363021050216
0.01624782576505
0.01856355900666
0.02003314111124
0.0187066551563
0.01404082352826
0.00883845330291
0.0050173143442
0.00192445130912
0.00019249726473
0.00169991924945
0.00396949646656
0.00250463998918
-0.0023834816243
-0.0064706166231
-0.00662834222711
-0.00269086008576
0.00132731401916
0.00328260616271
0.00357319945221
0.0021120115328
0.00034688982232
-0.0002367748724
0.00146849305142
0.00407976749811
0.00579756577028
0.00666039333385
0.00762871992506
0.00846272995827
0.00753524206145
0.00676207667739
0.00837471655089
0.0113518472966
0.0123543967041
0.00768188842849
-0.00040780323693
-0.00701280358429
-0.00476371847784
0.00427424264972
0.0137380683454
0.01739222714692
0.01461806488821
0.00702391160682
-0.00231053585128
-0.00901635757497
-0.0104469128754
-0.00713298483979
-0.00110919569907
0.00472260312237
0.00876608963761
0.01050992603571
0.01078240042294
0.01429165438298
0.02103148782897
0.02351571246895
0.01770423048617
0.00458722949514
-0.00992846279562
-0.01919765661838
-0.01981448290224
-0.0166173682132
-0.01496457250244
-0.01653341036948
-0.0166348314447
-0.0103574649883
0.00149928894841
0.01527338224524
0.02207795438512
0.02024656994598
0.01044675775329
-6.130825636e-05
-0.00451415578636
-0.00117428349768
0.00750537545784
0.01422743542811
0.01602073978774
0.01153866069527
0.00560357997296
0.00364416382012
0.00697770120963
0.01560847798951
0.02444374249356
0.01910387970493
0.00144926446633
-0.01400659751357
-0.01926810124725
-0.0121988651984
-0.00262597746413
0.00116174755214
-0.00042754388491
-0.00376790968579
-0.00378150605888
0.00033179484169
0.00796077719498
0.01365634138152
0.01232202575795
0.00791032892568
0.00415239503093
0.00264997181627
0.00522672759521
0.01184765914332
0.01627141392115
0.01294268851548
0.00281626271954
-0.00196574257626
0.00393821297439
0.017161702896
0.03000149587661
0.03553126331176
0.03074860874197
0.02339841136729
0.01997045258793
0.0185264096598
0.01543129495531
0.01193352642829
0.00906427271618
0.00611074931694
0.00207170697022
-0.00348922721571
-0.00989553053132
-0.01563696288688
-0.0192506699997
-0.01973698581449
-0.01821119193453
-0.01635828230345
-0.01460315877276
-0.01224137985127
-0.00625717979238
0.00463635362931
0.01714903725558
0.02852083133665
0.0343770268682
0.03365356612682
0.03154937466746
0.0325748437667
0.03900930894189
0.04706774270229
0.05298587513456
0.05355837167694
0.04372938693215
0.02222994207022
0.00273408158371
-0.00541750540331
-0.00305099765621
0.00429625239836
0.00823008197371
0.00646138126029
0.00165079191689
-0.00180399019414
0.00024087409413
0.00616624625124
0.01208672630473
0.01406044087815
0.0121435809573
0.00822380832379
0.00388658769609
-0.00032999590496
-0.0024583720209
-0.00086959456578
0.00512838657346
0.01411341427955
0.02453324955095
0.02981798801818
0.02305643907582
0.00758989781812
-0.00432311251156
-0.00808150377666
-0.00723901480083
-0.00672449234894
-0.00729188265523
-0.00668574220587
-0.00349747587396
0.00151812333144
0.00557149368388
0.00797109841257
0.01020421073916
0.01316900367983
0.01652202408667
0.01916001152045
0.01984518748509
0.0196673567761
0.02008505104662
0.02108971459259
0.02167524459071
0.02065433320299
0.01514936931367
0.00374613981671
-0.0096214377567
-0.01863409958735
-0.02160136168823
-0.02017622126892
-0.01699537041361
-0.01194546923166
-0.00605259451718
-0.00059504825888
0.00242756828784
0.00420315514364
0.00702378846865
0.00973671267574
0.01070490973198
0.01259358700368
0.01593886249934
0.01664042863428
0.01116974833075
0.0021698720803
-0.00156185113516
0.00335644108928
0.01500516811888
0.02849553203974
0.03616987065909
0.03781697962523
0.03457148922624
0.02857977773893
0.02351099483773
0.02265504062296
0.0259907097421
0.02995462341186
0.0306186899758
0.02585679298337
0.01363309385439
-0.00427146484449
-0.02199319694289
-0.03074085263641
-0.02912433630932
-0.02285150197728
-0.01482118849733
-0.00705217581501
0.00011407689657
0.00695137202984
0.01468865984161
0.02254456809259
0.02387785063488
0.01802379802734
0.01085252201402
0.0087463235624
0.01549685883487
0.02523881527764
0.03141061234175
0.02978421297705
0.02260433008535
0.0155711431358
0.0156852554386
0.02277630773324
0.02914667709173
0.03146739982805
0.03155135767177
0.02877307268314
0.02221441386712
0.0155688322961
0.00972306992593
0.0021900219628
-0.00635473241
-0.00842756201653
0.0019818912678
0.02084881155299
0.03589109863398
0.04160885167922
0.04363741711134
0.04583173931493
0.04524702490729
0.03959741364722
0.02948303620165
0.01301213204702
-0.00097167498993
-0.00319825171812
0.00142966518737
0.00304796238026
-0.00133601525016
-0.00866222818773
-0.01140883468253
-0.00804943987635
-0.00308280568501
-0.00177752988019
-0.0046083133087
-0.00659253620576
-0.0037273956284
0.00583507173807
0.01798927136361
0.02848966298667
0.03471396168905
0.03832277365977
0.04171745314907
0.04487182130168
0.04629221210583
0.04614938781968
0.04507256850402
0.03994359182686
0.02697511146178
0.00770637213492
-0.00749441775984
-0.01356023443801
-0.00920912478416
-0.00153527535919
0.00379700867482
0.00488868932842
0.00324539604637
0.00167348132426
0.00406917281783
0.01064273295171
0.01700499757969
0.02107943175573
0.02423869345122
0.02811743388752
0.03220195899677
0.0346408144172
0.03420640853778
0.02914264711523
0.01968509187109
0.01023538388673
0.00304217328704
0.00120669042576
0.00518727220625
0.00763788652239
0.0063874487827
0.00565076907872
0.00971875689156
0.01858538804602
0.02885085762636
0.03753401770393
0.04373453634657
0.04974881250388
0.05748281716416
0.06480952233457
0.0670769438341
0.06181352266319
0.05176869429616
0.04241619030448
0.03518294220811
0.02981648477298
0.02667676526511
0.02574187468527
0.02529182865897
0.02456029197262
0.02376130115582
0.02131787203191
0.0156571543485
0.00631265273872
-0.00334481492692
-0.00992438004562
-0.0122425408683
-0.01262878692936
-0.01344999379121
-0.01685710383897
-0.02268381017741
-0.02957147179704
-0.03517128406181
-0.03875807508952
-0.03910207836121
-0.03642713348423
-0.03510841962682
-0.03240468920342
-0.02746481757427
-0.02351021123119
-0.0218167575353
-0.02050378479521
-0.01441153498944
-0.00273877362777
0.01418470488365
0.03231881232327
0.04893098314615
0.06311768382768
0.07478744029814
0.08468997211403
0.09207010645699
0.09733717379711
0.10016509786135
0.10127965822676
0.10047067242857
0.09398057118894
0.0829049963725
0.07122078316095
0.05906776534201
0.04719171245554
0.03762737882615
0.03337580159584
0.0333089871442
0.03479009945933
0.03485956857802
0.0334517314705
0.03244820335442
0.03302298674855
0.03534465301111
0.03993004662807
0.04514992166404
0.04945475215523
0.05305125030887
0.05626259785142
0.05733641067667
0.05331682895854
0.0448988317394
0.03645123338337
0.03043689325818
0.02216846893664
0.00148883659667
-0.03096459629194
-0.06055381917594
-0.0766913962982
-0.08211923091509
-0.09006319415256
-0.10550647988715
-0.11959302285911
-0.1183645676817
-0.09846430385113
-0.0677673011971
-0.04070767217263
-0.02847995586074
-0.02986807486896
-0.037372802652
-0.04230742891492
-0.04426514991891
-0.04877896347711
-0.05987889406421
-0.07543904911726
-0.08810214681876
-0.08979081891555
-0.07851158635819
-0.06162189088388
-0.04936999471299
-0.04264146918915
-0.03511919821476
-0.02218572427253
0.00278170727026
0.03939297229975
0.07869910820114
0.10154485306914
0.10215912063777
0.09434742698609
0.09310027719548
0.09923025525742
0.1087284620899
0.1192565518054
0.12622709980675
0.12992557875457
0.13349623388432
0.14083878709724
0.15356673223803
0.16532706722789
0.17097974894625
0.16675003273925
0.15447579578594
0.13911365330832
0.12682852582328
0.12026940324013
0.11965200124533
0.12177056948593
0.12408476749839
0.12519987159079
0.12592662667804
0.12754445434669
0.13166051562124
0.13834986081801
0.14509327486613
0.15094995015679
0.1549435449233
0.1537756833211
0.14723242477242
0.14120612265349
0.13965648474592
0.14012891953055
0.13898594143404
0.1359783635762
0.13272179074184
0.12808909287692
0.1207085107588
0.11185308517787
0.09752388004959
0.07731554690444
0.05521182945527
0.03444141054036
0.01246068573506
-0.01058362183214
-0.03144158878809
-0.05103794121635
-0.07216912298775
-0.0979845607361
-0.13064142731813
-0.16658355632912
-0.20018700362123
-0.22507754577113
-0.24110421857983
-0.2501849390374
-0.25546708680545
-0.25704645378569
-0.25484995667415
-0.24829740679076
-0.23741359168939
-0.22217292421766
-0.20139743584819
-0.17614083749964
-0.15012625174598
-0.12861847506756
-0.11848724208536
-0.11689293860492
-0.11595021195967
-0.11442468994321
-0.11524291910019
-0.12029980397554
-0.13041685208014
-0.14818207594078
-0.17203569874076
-0.1939263071946
-0.20140767070913
-0.19037624972251
-0.16471713348319
-0.13427980844181
-0.10936287954103
-0.09175624804919
-0.07348903624293
-0.04629958440411
-0.00070702707293
0.05315145599435
0.09292764387681
0.11297754457286
0.12097565662154
0.12571033528063
0.13021487349609
0.13411803367093
0.13743748693226
0.1392302987392
0.13873120534019
0.1390204521058
0.14268744286423
0.14954699060019
0.1567648544212
0.15807499658256
0.14473084884473
0.12160380522034
0.09608319543521
0.07165870727382
0.04711421536779
0.02367934230837
0.00290955667549
-0.01672720106477
-0.03875743541071
-0.06123573277866
-0.07721860358088
-0.08047372114596
-0.07504863714796
-0.06534359017248
-0.05487465475487
-0.04396043891808
-0.03687351734935
-0.03879496856485
-0.04355715341274
-0.04378303999229
-0.04063922654003
-0.03954659116582
-0.04804885007611
-0.06514647314739
-0.08627213768906
-0.11041246453138
-0.1330214322881
-0.1496845215442
-0.15832072919716
-0.15685413759101
-0.14987407436737
-0.13831954004245
-0.12198737262638
-0.09862972479122
-0.06818160516993
-0.03337604147539
0.00364356731963
0.03533606532309
0.06099785222144
0.0869927198758
0.10998787772168
0.12600234865709
0.13450599886879
0.14114074747918
0.14484655074937
0.14475985827874
0.14145065587033
0.13626007812383
0.13057483675408
0.12762583748321
0.12856974753426
0.13315560491835
0.14142713168212
0.15208256545659
0.16289612783273
0.17172417516061
0.17597803924267
0.17818461129546
0.18079753931187
0.18173322949022
0.17833909372791
0.17044193898731
0.16123648116192
0.14931456330482
0.13292063489972
0.10957848328371
0.07633340005256
0.03988128711083
0.01003464308118
-0.01242054588977
-0.03064498077486
-0.04192833926054
-0.04805471912918
-0.0534579261119
-0.06181827227834
-0.07357633640843
-0.08837652105206
-0.10259976338558
-0.11260713855831
-0.11770048512579
-0.11808507601793
-0.11550430785366
-0.11063038710975
-0.10604400199063
-0.10594240500374
-0.1111715233985
-0.11958021329096
-0.12705182170365
-0.13222458439531
-0.13577475381119
-0.13588965611732
-0.1322922304294
-0.12723184331257
-0.12268866849702
-0.11841828470972
-0.11232783879819
-0.10402095378824
-0.09268039202503
-0.07834507796412
-0.06739804660441
-0.06139342959713
-0.05501762296876
-0.04456613479067
-0.02220403507844
0.0123936186103
0.0542232858153
0.10452572433668
0.15565803416938
0.19316684852822
0.21412512511746
0.2229024778997
0.22327061305447
0.22053614606428
0.22076962882969
0.22329827916297
0.22478969030693
0.22177520391796
0.21394265673709
0.2038456465712
0.19750898828596
0.20223109725645
0.21632370118513
0.22932597258331
0.23638850639743
0.23934622129208
0.24098523832129
0.24162507705033
0.24035595429261
0.23520797915481
0.22508810047148
0.2099120405595
0.19029133236057
0.17027882089093
0.1524214512978
0.13626156537706
0.12405766110884
0.11352643696717
0.10017170254505
0.0827946997538
0.06249969012999
0.0374726245302
0.0054127829745
-0.03116673479569
-0.06912481157429
-0.1053035897608
-0.13596016471408
-0.15974681314272
-0.18071933857743
-0.20302349938151
-0.23026502107541
-0.26108378659079
-0.28885944009048
-0.31516703072276
-0.34077385321941
-0.36033523120877
-0.37602559288346
-0.39264668722573
-0.40615494456209
-0.41283654964526
-0.40900423389855
-0.39084391242133
-0.34967290489513
-0.29281329481096
-0.24621845066043
-0.20765445412166
-0.16929099688962
-0.14355057747364
-0.13669536356161
-0.14524658988476
-0.15874547592656
-0.16783860615303
-0.17106290719147
-0.17178574424601
-0.17482645746617
-0.18538963356436
-0.20344280884102
-0.22425891681489
-0.24247121219537
-0.25138529632311
-0.25332176399866
-0.25419844380685
-0.26006781672187
-0.27129545918326
-0.28293489487815
-0.29325227439386
-0.30405756892139
-0.31573810397979
-0.3257815410454
-0.33156199860593
-0.32902167413437
-0.3210856589061
-0.31280453696019
-0.30487507843972
-0.29510670326212
-0.28338426924171
-0.271291301271
-0.26224640282675
-0.25634664516828
-0.25105090422553
-0.24582776682763
-0.2431932496514
-0.24136712657046
-0.23654858601947
-0.22676677758687
-0.21414127700739
-0.20177820465944
-0.19089950698854
-0.1827531973517
-0.17618065750552
-0.17000999587131
-0.163154398152
-0.1554037458507
-0.15061127221119
-0.1506972770271
-0.1502030132031
-0.14554500004931
-0.13764533456938
-0.13178851535099
-0.13151100669153
-0.13332200136863
-0.13313134509951
-0.12811151361919
-0.12079342812073
-0.11465802878088
-0.11054737279226
-0.10691348541221
-0.09999574289658
-0.08960376083973
-0.07857278762827
-0.06971696224809
-0.06838057726358
-0.0728456472965
-0.07808189810999
-0.07855805902368
-0.06960644174181
-0.04640727433166
-0.0099423342306
0.04022006100825
0.09204255229228
0.12995503596374
0.16026113089739
0.17856905825986
0.1801687350423
0.17451573348453
0.16871528596122
0.1588112668921
0.14416135879276
0.12923963517536
0.11773176541957
0.10713363087445
0.0952479508219
0.08499258816675
0.0764754247402
0.06766244184828
0.05812371136323
0.04865153945829
0.03936514627155
0.02805242652852
0.01460608850171
0.00090346683809
-0.01179713251337
-0.02525650239672
-0.04060757843094
-0.05573625413513
-0.07270984348528
-0.09481121011483
-0.123033055576
-0.15483929326935
-0.18272984907516
-0.20452290651058
-0.22185164553567
-0.23342375503589
-0.23786152677562
-0.23557771350661
-0.2266039793299
-0.20560796169091
-0.17271871578942
-0.14413992955264
-0.12502186497012
-0.10646156832539
-0.0859453097934
-0.06474376335297
-0.04176210272997
-0.01717232156424
0.00653544007444
0.02829531257242
0.04647229768263
0.06190657993797
0.07595421444636
0.0884260321919
0.09999321616528
0.11095267328586
0.12157594720819
0.13168720621956
0.14000646901447
0.14619293071528
0.14833328001934
0.14710039506617
0.14649559474392
0.15036114180477
0.15809829688319
0.1614618080225
0.15753896173231
0.14666626105025
0.12618735976072
0.09343546889157
0.05705236130139
0.02423469545867
-0.01171876226404
-0.04688055669071
-0.07027736886098
-0.08468728546303
-0.10110361861843
-0.1208593150381
-0.13773770418945
-0.14787915604062
-0.15235265384186
-0.15381478368832
-0.15300933211555
-0.15267423637128
-0.15850969031744
-0.17268001522146
-0.19507740921199
-0.21136938880686
-0.21334391737156
-0.20499930730383
-0.2009869219723
-0.20755610350473
-0.22173122599981
-0.23252948406044
-0.23400586275238
-0.23151751218408
-0.22954810104985
-0.22439596799979
-0.21333256307269
-0.19803608362485
-0.18472436760266
-0.17911710307976
-0.18084551522257
-0.18154532383998
-0.17612852368256
-0.16645226225351
-0.15573810596434
-0.1453526166474
-0.13428465400879
-0.11968895868854
-0.1029205942924
-0.08762777700573
-0.07489987984085
-0.06784215960976
-0.07240813897486
-0.0815500127266
-0.08615997000984
-0.08534585078921
-0.08432450761829
-0.08936947847581
-0.09854584690735
-0.10668094617305
-0.11327003770842
-0.11991633252132
-0.12695956402738
-0.13226352484283
-0.13423143273186
-0.13218145405159
-0.12571380553817
-0.11496349140431
-0.0998438511633
-0.08199946705001
-0.06595154091287
-0.05263237263255
-0.04276748591459
-0.03425091419094
-0.0258135826798
-0.01724134290777
-0.00558062190049
0.01050840519934
0.03471410561678
0.06419738169798
0.09434659540364
0.12884781591267
0.16583881027536
0.19778021210112
0.2213055197522
0.24110022058727
0.26237098027487
0.2812582967189
0.29170617071171
0.28955621023355
0.27797722418613
0.25545349363075
0.21920033679069
0.17719007066665
0.13558894310905
0.08987061884701
0.03932163212054
-0.00637047650469
-0.04104049705713
-0.07157858750295
-0.10401179038929
-0.13508247741176
-0.16015846244849
-0.17826489098603
-0.18710717116742
-0.18349810332517
-0.17274414302209
-0.15893769940876
-0.14369687201733
-0.12610472925053
-0.10734736355661
-0.09200666631107
-0.0888254156565
-0.09864467728339
-0.11556317429609
-0.13645316517243
-0.15691346780057
-0.17495663210387
-0.1919936775919
-0.20867042399058
-0.22293094360672
-0.23231839005336
-0.2312859484551
-0.21702718795569
-0.19550807297037
-0.17222664286534
-0.14463977457425
-0.11201484395678
-0.08199548504942
-0.05724722345868
-0.03422846146473
-0.00989340519848
0.01794145537261
0.04792505623453
0.06920477142546
0.07967074832858
0.08922659022178
0.09997565698196
0.11020186627537
0.11966639401854
0.12670821823122
0.12717200135995
0.12262434879274
0.11714239734859
0.11342888594875
0.10986565109319
0.1032483657143
0.09035042592992
0.07051038785925
0.04591096353547
0.02083665765562
-0.00417673640882
-0.02708719918115
-0.04557805869112
-0.06213452948168
-0.07745323776815
-0.08981506274242
-0.09657408495349
-0.09911528898341
-0.09986085062766
-0.09864349387759
-0.09456555746007
-0.08474541627483
-0.073079082086
-0.06568959244045
-0.06238344449836
-0.06096070287458
-0.06059199200889
-0.06032862025111
-0.05009542246671
-0.03235832848171
-0.01710403585134
-0.00794203620506
-0.0037693009872
0.00018276870956
0.00602531541436
0.00893413326082
-0.00063125439933
-0.02266071777239
-0.05101915065133
-0.0731554757278
-0.08507864095858
-0.09293047445554
-0.09698221602582
-0.09613117134591
-0.08874673516296
-0.07603155161441
-0.05569013329298
-0.02543468492906
0.00971507074242
0.04305051180378
0.07313870015103
0.09751949824974
0.11020994222034
0.11602188797026
0.1230001760852
0.13602435648259
0.15317125081416
0.17426961706264
0.19595808701274
0.21366679525057
0.22908657278891
0.24571790199213
0.26418175106438
0.28113036095703
0.29124704124631
0.29741354496827
0.30275486302619
0.30860808405127
0.31509938468867
0.32210306805234
0.3298190337702
0.33554799718657
0.33685725978957
0.33139968010806
0.31981557663017
0.29807049510545
0.26874250105521
0.23154086046062
0.18883606306934
0.15115320809845
0.12057995131009
0.09703270267584
0.08175560549592
0.07260901411296
0.06932619845544
0.06899674787666
0.0685355074712
0.064714737927
0.05952956546644
0.05905653897891
0.06428239501174
0.07199300341957
0.0793160464288
0.08655799415698
0.09689693084856
0.11100453524532
0.12858185345572
0.14759155644795
0.16774553288627
0.1882640302941
0.20815884086282
0.22653777257313
0.24144996497627
0.25459168635488
0.26464839675579
0.26752551212046
0.26498918564146
0.25933026705471
0.25222743347559
0.24462133259324
0.23762900352843
0.23193858076032
0.22749617134921
0.2236905621928
0.21999849602504
0.21644619967712
0.2134497842145
0.20911244204783
0.19857933085367
0.18256609129997
0.16670029771182
0.15524147532874
0.14871617576263
0.14599239140856
0.14773973804413
0.15041385133866
0.15030619339505
0.14419207936757
0.13137419538619
0.11373786680563
0.09312755949669
0.06461214943795
0.02868410935273
-0.00547917523812
-0.03718870309068
-0.0597078439506
-0.07717214690736
-0.09500671195093
-0.10345168762384
-0.09340693921667
-0.07414748962531
-0.05413937594749
-0.03176808085237
-0.00827651945687
0.01029457656535
0.01940470465699
0.02144172984136
0.02183420477483
0.02354545753358
0.02527985067326
0.02661788283071
0.02789245885028
0.02921027715735
0.03053097401907
0.03217907448737
0.03623457417065
0.04294429313749
0.05135000852348
0.06038299294991
0.07028045531123
0.07921168283106
0.08492660529757
0.09056217560778
0.09899754010659
0.10545474586344
0.10663912717089
0.10174875068961
0.09385636155614
0.08584572779476
0.07954297248641
0.07537682436109
0.07417465998274
0.07489720918182
0.07605426021214
0.07779935197991
0.08171642516885
0.0892707920275
0.10060482906685
0.11662302613133
0.13635871659623
0.16019076622836
0.1818618049309
0.19768761859347
0.2107076410786
0.21760497784022
0.21589847469663
0.20988245541456
0.20240572957139
0.19279039754893
0.17808849955435
0.16153249253094
0.14687959393316
0.13140686698137
0.11409175311492
0.09788003721865
0.08566640983253
0.07455781159756
0.06068452154866
0.04353845879954
0.02436437434529
0.004120334329
-0.01728410543617
-0.04083557595056
-0.06043264801748
-0.07371094082188
-0.08574262756266
-0.097058945499
-0.10521345901656
-0.10874586135351
-0.10861624643477
-0.1067611299118
-0.10692877373576
-0.11009606340031
-0.11506187400518
-0.11888489841718
-0.12006771251155
-0.11764345775994
-0.11238445037281
-0.10596255488623
-0.1006340304045
-0.09743453291189
-0.09612658165045
-0.09612418285492
-0.09565465860887
-0.09397598149348
-0.09130784919582
-0.09063513097599
-0.09397542177452
-0.1018356830398
-0.11042397874994
-0.11422456642771
-0.11458033978949
-0.11489240709662
-0.11565645545846
-0.11579771253153
-0.11453313149336
-0.1099874939144
-0.10098028854399
-0.08577141310908
-0.06183018629617
-0.0311211736725
0.01046934161365
0.06521354347054
0.1197898200448
0.16731630840521
0.21074554204806
0.24525749316912
0.26618938300747
0.2726694892657
0.26699186007378
0.25529453344664
0.2403414015997
0.22549845442767
0.21449901738151
0.20524894195917
0.19515065243566
0.18426491829786
0.17243213968284
0.16031566351588
0.14907262078716
0.13665348059157
0.12293823918448
0.11102612440514
0.10332690228011
0.09963544380722
0.09940015394918
0.10025682780261
0.10053024251768
0.09983702259201
0.09981564132781
0.10306325865885
0.10901937202041
0.11599530931573
0.11999675613962
0.11854318199724
0.10909981163069
0.09116539272498
0.06544926511178
0.04105085985384
0.02151791558755
0.00618707579247
-0.00454652033572
-0.01302279869117
-0.02106342379352
-0.02831717359573
-0.03422919709537
-0.0393583496842
-0.04630841197168
-0.05373794551069
-0.05825548519795
-0.05997486187758
-0.05970674050465
-0.05576537551293
-0.04801712200716
-0.03669680607827
-0.02350578145543
-0.00921219044486
0.00646530089219
0.0199163677446
0.02889018188116
0.03732367531945
0.04723481081532
0.05639979296405
0.06877458742618
0.09362641301615
0.12554710524046
0.15620475165574
0.17893831285255
0.19021617010047
0.19574859220268
0.19981327127688
0.19975777914017
0.19159755648922
0.16800348336613
0.13212997589941
0.09258968556987
0.05169057352157
0.00912253306294
-0.04457603382025
-0.09098234863369
-0.11656631860488
-0.12713477205325
-0.13012808507364
-0.12733737432414
-0.1170455819608
-0.10034361622506
-0.0785482719379
-0.04988615154424
-0.00894746096881
0.04295516767725
0.09004598679259
0.11756097117748
0.12883012879359
0.13797889508451
0.15332437392915
0.16705244089636
0.16995850172715
0.16204343597989
0.13822497952246
0.09373029685479
0.0344541241567
-0.03040188683534
-0.07841238816683
-0.10236580086106
-0.11892833260834
-0.13486879270551
-0.14563241215861
-0.15059822276348
-0.15133599631822
-0.1509062121182
-0.14939140472179
-0.14409943788401
-0.13597618866825
-0.12722098476478
-0.11768654012775
-0.10616149499593
-0.09164061011243
-0.07392107531075
-0.05287404328672
-0.02938999491883
-0.01474558805725
-0.0104888198334
-0.00856582059518
-0.00706953669789
-0.00759461544934
-0.01192127977748
-0.01989988002329
-0.03037023872625
-0.04173301333611
-0.05089273412663
-0.05699189566194
-0.06035683008661
-0.05905140555646
-0.05352197395269
-0.04490454087278
-0.03322936312441
-0.01293274950598
0.02065231821474
0.06260410170364
0.10543932960414
0.14518837911311
0.18347715384416
0.22271489208886
0.25572663648234
0.26512095947618
0.25217082190097
0.22304928418644
0.17164501490796
0.10775328773704
0.04357282554357
-0.00594425211725
-0.03625341271158
-0.05619963746461
-0.0646198575676
-0.06869285246632
-0.07151642671465
-0.07281689373402
-0.07281929252956
-0.07319475200669
-0.07534362503088
-0.07974838934406
-0.08428304043947
-0.08677823557103
-0.08845980723303
-0.09102324010158
-0.09430194582275
-0.09680672014448
-0.09746666078009
-0.09626008261796
-0.09373239180289
-0.09159073115728
-0.09147389382275
-0.09529397571223
-0.10154979458794
-0.10792708846954
-0.11018747350216
-0.10061349671472
-0.07822988780253
-0.04952393341845
-0.02470996082203
-0.01214291409214
-0.0115138251655
-0.01910527100634
-0.03113316765017
-0.04707433139403
-0.06558310191067
-0.08520408197309
-0.10575409955424
-0.1247539514928
-0.13636087551221
-0.13699118302699
-0.12358932026859
-0.09642881389589
-0.05502518717068
-0.01433613604818
0.03324770591427
0.087760334447
0.12735762015845
0.15298388889091
0.17322406204879
0.18696644182937
0.1912465327426
0.18939098443644
0.18292846934546
0.17527839054496
0.16983376435933
0.16563427297607
0.15921698317692
0.14300138123188
0.11743273156818
0.08958159596899
0.0634229865314
0.03467323014086
0.00740843533268
-0.01456528658885
-0.03404273072245
-0.04931586189375
-0.0647008249129
-0.08290398887837
-0.09941238780641
-0.11225913729407
-0.12281717996982
-0.13116666758847
-0.13653696309645
-0.13814201318089
-0.13769799612736
-0.13631819294366
-0.1332280005676
-0.12784753416655
-0.118752836727
-0.1088538551285
-0.10331318116965
-0.10053750287217
-0.0963375317298
-0.08820273631153
-0.07717373011241
-0.06322383852609
-0.05089757969361
-0.04540748833661
-0.04393670683426
-0.04391946749035
-0.04835378496451
-0.05926114024607
-0.07502520891157
-0.0881114221615
-0.09529963686969
-0.09758800785022
-0.09684609237519
-0.09291209968174
-0.08545939377786
-0.07493832453729
-0.06709256798902
-0.06313919302764
-0.0608048931086
-0.0584483803429
-0.05662487994508
-0.05406215072323
-0.05032863336862
-0.04709918291577
-0.04695125719111
-0.05179815150533
-0.06231682195037
-0.07999381811123
-0.09903798379931
-0.11167768524835
-0.11792226176899
-0.12233566174609
-0.12512130304103
-0.12386409430114
-0.11649209987103
-0.09872703593009
-0.06755846205782
-0.03415432269073
-0.00597539008249
0.01984368423989
0.04788146212367
0.07665552630897
0.10325409083964
0.12539185519344
0.14486086356273
0.16206566481851
0.17776866014969
0.19092237550598
0.20103889587555
0.20717581445258
0.20879867959185
0.20444134746239
0.19213680572549
0.17025563253409
0.14357264639256
0.11765138977718
0.09464087963987
0.07327338452433
0.05282693094241
0.03940485433364
0.03482213137571
0.03416916323911
0.03183558295873
0.02245165474553
0.00326688925436
-0.02789973519673
-0.0681518601053
-0.11498368926271
-0.17220777234047
-0.21954832206297
-0.24912898924289
-0.27042021865239
-0.28380901597111
-0.28232208257881
-0.26835805409081
-0.24402867017639
-0.21210374007997
-0.18498023912639
-0.1630926691469
-0.14027247944733
-0.11490072292114
-0.09016870917216
-0.0727580752675
-0.06087610535205
-0.05166303534883
-0.0438774246006
-0.03679119068659
-0.03070806909743
-0.02592920462459
-0.02147145891403
-0.01604575122919
-0.00820160507231
0.00129927769654
0.00967866342299
0.01664033268246
0.02390724387617
0.03383780961588
0.04685111547351
0.06113064954225
0.0752634572841
0.08897137436882
0.10102193163448
0.10802700629956
0.11090688827508
0.11174667460794
0.11400640396979
0.11853193964216
0.1249763678148
0.13162933127929
0.13712358054855
0.13925166401143
0.13681284057495
0.12947495701734
0.11918263691899
0.10709697727867
0.09126407917329
0.07211646142977
0.0538480182418
0.03856612347081
0.02589800429066
0.01765686227034
0.013165368705
0.01206746717498
0.01301435653008
0.01476684618328
0.01734962453822
0.02137667450645
0.02559612386857
0.0290490780974
0.03157558550667
0.03301959645086
0.03278782482627
0.02706941611025
0.01428772995348
-0.0025789850596
-0.02071503872199
-0.0363108878526
-0.04540161928354
-0.04991242635133
-0.05210911536652
-0.05089380558864
-0.04629856091801
-0.03819277493375
-0.02851425863689
-0.01937657478135
-0.01303587532523
-0.00922571325489
-0.00762129965087
-0.00729891592374
-0.00748149784709
-0.00662996861048
-0.00442438326226
-0.00306943959629
-0.0045487320252
-0.00933718848179
-0.01550810598753
-0.02139544907951
-0.02688989025241
-0.02916166156784
-0.02406857087188
-0.01247299795294
0.00078351442768
0.00979259981411
0.01401494692123
0.01378124986342
0.01039700833309
0.00507084586536
-0.00030355222266
-0.00556014418261
-0.01204042795171
-0.01968929775926
-0.02725485899707
-0.03294840019938
-0.03452695158914
-0.02988851260691
-0.01961624643923
-0.00634458870328
0.00988229237836
0.02568654246827
0.03663336593236
0.04473628935395
0.05248241592767
0.05897952165026
0.05894672211931
0.05116509337168
0.03532184846156
0.01273882767654
-0.01477998518602
-0.04600538012773
-0.08107569088948
-0.11298119074207
-0.13570736364863
-0.15088140857237
-0.15581504333313
-0.15221694598246
-0.1406540478571
-0.12049768861521
-0.09531599665524
-0.06792734883519
-0.03999425438856
-0.01311904956241
0.00480406941713
0.00693327071873
-0.00278077493839
-0.01754231178756
-0.02949002469264
-0.03550207796608
-0.03438265604172
-0.02807663837145
-0.01950166397251
-0.00957989061804
0.00361201196397
0.02005557784548
0.03813226131838
0.05760182940664
0.07829190466309
0.09831962449643
0.10952174377332
0.10953225049777
0.10543883385306
0.09813678830075
0.08662928636028
0.07225181746583
0.05689420071578
0.04178748198673
0.0275026225919
0.01483233969817
0.00454039541112
-0.00204257119965
-0.00236272564613
0.00435447276519
0.01799323737223
0.03815458610883
0.05862945742186
0.07601978152432
0.09086528741158
0.10365876764639
0.11144943185721
0.11223379002125
0.10921049205667
0.10385014355418
0.0956280479704
0.0859093118684
0.07735162478929
0.07320497087567
0.07227217524394
0.07287529640931
0.07535325219696
0.08043075072194
0.08709527638091
0.09344616751965
0.09715934308812
0.09791617907138
0.09560380414353
0.08969149278843
0.08028808635549
0.06780534609428
0.05471092896362
0.0431964705161
0.03555376401388
0.03114365838264
0.02856939895025
0.02696055876887
0.02565129616587
0.02344118988766
0.0196549470072
0.01406216001495
0.00878992886764
0.00493167574441
0.00158673560036
-0.00308274811392
-0.01016187679556
-0.02142509819232
-0.03575571061398
-0.05099967243158
-0.06487011590979
-0.07749996630517
-0.09033758437782
-0.10447714073111
-0.11899298814399
-0.13160345627145
-0.14097647796094
-0.14759034105821
-0.15302214168371
-0.15777690625741
-0.1612286450965
-0.16516187017538
-0.17105523104575
-0.1782971947659
-0.18571107216605
-0.19276433063745
-0.19727406624323
-0.1986429788952
-0.19799738305689
-0.19613703715965
-0.19278799875339
-0.18619930701727
-0.17612772408405
-0.16415645500681
-0.15060473149536
-0.13427963253014
-0.11877149935626
-0.10595828503018
-0.09380555506671
-0.08387844359257
-0.0787283575147
-0.07868044557188
-0.08131940851584
-0.0832233645159
-0.08131011718113
-0.07375264788025
-0.06317990858386
-0.05232826932659
-0.03980919530902
-0.02550428198352
-0.0111150318046
0.00336640568593
0.01869389356406
0.03399325156654
0.04826029590653
0.05995135368134
0.06822112132838
0.07077524687025
0.0696992271531
0.06729193988191
0.06431505061496
0.06099567731348
0.0584384973053
0.05750248728755
0.05803338871535
0.05874082550256
0.05915480963599
0.06015760212144
0.06454995666571
0.07357831941274
0.08541762275161
0.09757750112578
0.1098585026825
0.12158511060713
0.13148540354719
0.1388225834581
0.14321086004997
0.14389712346859
0.14239634103008
0.13967577106202
0.13346357828111
0.12225130410311
0.10909690109211
0.09095255559315
0.06845060610123
0.04765842211483
0.0300136977499
0.01696343444905
0.00801070252685
0.00450852501364
0.00472588787305
0.00719598520653
0.01093381079791
0.01489483951624
0.01575768307178
0.01163216894362
0.00189889773988
-0.01293367384186
-0.03039437060933
-0.04693841563902
-0.06289002213944
-0.07704358745865
-0.08606539349788
-0.09155495711986
-0.09536649929724
-0.09574568490344
-0.09195809869747
-0.08489307013599
-0.07719448768977
-0.06875624463633
-0.05693597174203
-0.04127255653718
-0.02739376525052
-0.01633109595406
-0.00308402267394
0.01222086215346
0.02525722203538
0.03357678867773
0.03784514148481
0.04002889299608
0.04126633566076
0.04106109471479
0.03898013958818
0.03486380645013
0.027394580841
0.01604720649848
0.00116455622187
-0.0132554066958
-0.02612633764165
-0.04119897748214
-0.05616419925857
-0.06812598509746
-0.07773207376114
-0.08595570457405
-0.09202508906078
-0.09470775805939
-0.09364900967009
-0.08845529749743
-0.07915596680677
-0.06590281337957
-0.04617705392818
-0.02184352809347
-0.00046235440612
0.01678731488087
0.0303898768657
0.03639774024294
0.03448713158326
0.03008379055543
0.02534169162215
0.01863896114631
0.00744433090907
-0.00963450479558
-0.02992028865177
-0.04739876049415
-0.05666095782993
-0.05650302113191
-0.05140564458793
-0.04301737644146
-0.03411567009868
-0.02666384375316
-0.02111776450838
-0.0168242083562
-0.0154526266444
-0.01752043477228
-0.02273885453895
-0.03196135980461
-0.04479899386924
-0.05893220141034
-0.06880441245067
-0.0728131995889
-0.06969067144903
-0.06040455012578
-0.04589690659363
-0.02921083687631
-0.01218894218087
0.00597336230066
0.02370787198327
0.03656061845977
0.04300629400609
0.04705680419465
0.04971276660297
0.0492676461035
0.04061866086631
0.02333074934123
0.00478328465342
-0.0117808382949
-0.02662327212468
-0.03697992791928
-0.04330833434788
-0.04648400380484
-0.04563897210574
-0.04021795006818
-0.03045291721236
-0.01707288349333
0.00089954992482
0.02343911093153
0.04827705549134
0.07214420749813
0.0907529917966
0.09857447253406
0.09680846326923
0.09241470143158
0.08805359519714
0.08296685331336
0.07680909719912
0.07336196404745
0.07501049629895
0.08167593350022
0.0915051901085
0.10296079810556
0.1137927352555
0.12315083643676
0.12857884696532
0.12943177869771
0.1234784799229
0.11236402862683
0.10005361783685
0.08817428659649
0.0776912622531
0.06922708022393
0.06381199120733
0.06156521534137
0.06228662911057
0.06314942788859
0.06237432907533
0.05888724798202
0.05218378187554
0.04170638670567
0.03014132966433
0.01943089950423
0.00890156561344
-0.00270151713472
-0.01585757211625
-0.03013749159148
-0.0400466120991
-0.04410986788794
-0.04510816662976
-0.04422509003348
-0.04013109767784
-0.03603670552295
-0.03382978164682
-0.03108436015702
-0.02693994511924
-0.02304284590112
-0.0216441402086
-0.02383230550366
-0.03100089806437
-0.04285121987073
-0.05929936105493
-0.08003992296141
-0.09958385371125
-0.11357839487846
-0.12314901335216
-0.13028322317687
-0.13434481580081
-0.13436857986858
-0.13005468193027
-0.12408854160336
-0.11883321236939
-0.11464443560618
-0.11005592355503
-0.10368312341706
-0.09332389291525
-0.07910565606841
-0.0604690617337
-0.04150984539151
-0.02557104845924
-0.0107268187312
0.00524828317189
0.02114400733153
0.03506768807864
0.04537006712627
0.05325094204117
0.0587886734775
0.06095624111489
0.05992758961357
0.05984902106382
0.06282160849078
0.06821027877256
0.07278076787327
0.0751722870618
0.07864930920584
0.08487164089588
0.09198491723156
0.09736311277283
0.09998339709556
0.10037265764301
0.09896713937117
0.09520921826999
0.08955813574865
0.08416884178003
0.08011783584039
0.07912625372607
0.08110428453226
0.08514889368381
0.08979974243494
0.09448355063672
0.09750483361304
0.09824785253402
0.09697741843475
0.09369385115463
0.08774507810739
0.0785062610321
0.06578915844712
0.04987634846649
0.02919476494622
0.00547678923616
-0.01864708506718
-0.04034756498692
-0.05577938447885
-0.06820159513272
-0.08011305424129
-0.08506722269183
-0.08006830870858
-0.066936774215
-0.0517044705437
-0.03754073433142
-0.02340523993858
-0.00845386880756
0.00397873822616
0.01361999483158
0.0206077485937
0.02401407023733
0.02252761660414
0.01765452744268
0.0105136393712
0.00113639947972
-0.00839000967203
-0.01565659942713
-0.01936811502909
-0.02077344139728
-0.02122978825986
-0.02174560925973
-0.02272230284976
-0.02688168637168
-0.03402457983623
-0.04223448953869
-0.05064380311798
-0.05895340676287
-0.06602734285178
-0.07050052081361
-0.07185663988939
-0.06967332016132
-0.06597319404057
-0.06113039367073
-0.05343321851789
-0.04097005242825
-0.02607342021215
-0.01164279560784
0.0016660994308
0.0144746297088
0.02507436984773
0.03285823747121
0.03714613246592
0.03857805348061
0.03713636137211
0.03323385686805
0.02736418010559
0.01951660047271
0.01102355133807
0.00320564800436
-0.00318668312686
-0.00814008236363
-0.01134099834399
-0.01128397737493
-0.00819042988351
-0.00244354746449
0.00592735660069
0.01699164428454
0.02668712806182
0.03287765172307
0.03475977868377
0.03402681871206
0.0309127183405
0.0266505544259
0.02255465902581
0.01939838782874
0.0179840100054
0.01927863995564
0.02403255695492
0.03259579324771
0.04383517381525
0.05391409706281
0.05953079684815
0.0587072263731
0.05065817989922
0.03453784212087
0.01470927189205
-0.00362848049492
-0.01944884249483
-0.03324234860424
-0.0440881348004
-0.05117411284289
-0.05473403736061
-0.05508459734009
-0.05141186546435
-0.03712518298491
-0.01411283377103
0.01169773282318
0.03522805555614
0.05292731253956
0.06738776376755
0.07789813438004
0.08572027078828
0.0905476069229
0.09277535234428
0.09348862620062
0.09222794720319
0.08756510447439
0.07746430421155
0.06305088536802
0.04696686535406
0.02935708344409
0.01225828816139
-0.00188429707106
-0.01250372652375
-0.02217504163641
-0.03286102007403
-0.04220009081071
-0.04794491826156
-0.05001275997258
-0.04995610042204
-0.04790255553241
-0.04329693207311
-0.0368417413045
-0.03040070342955
-0.02442068207248
-0.01810534108356
-0.01034547900661
-0.00130756569504
0.00614556863372
0.01185576387383
0.01783947457843
0.02400794531273
0.02947272138085
0.03660087024884
0.04650337008079
0.05775938229737
0.06775978497109
0.07525538133914
0.08052236871941
0.08427830681628
0.08836240014234
0.09340585176269
0.09957732898739
0.10518401779936
0.10844406089127
0.10990652656911
0.11063264197755
0.11085694535204
0.11085312327115
0.11097112801951
0.11109004431016
0.1107479600749
0.10868971354603
0.10464499245068
0.09899534920666
0.09277538432822
0.08684026842357
0.08179229107564
0.07740994750473
0.07311025043598
0.06798036221652
0.06304258553547
0.06075598966363
0.05994746763257
0.05826423280567
0.05508365381385
0.05075248454769
0.04538692266289
0.04038943196499
0.03646800896015
0.03317646168688
0.02983468363511
0.02626746677896
0.02158260310715
0.01571542908803
0.00954135796576
0.00306337224278
-0.00395037007016
-0.01172583871087
-0.02243470325709
-0.03497586218556
-0.04776401709428
-0.06126023247705
-0.0737434365054
-0.0833044917809
-0.08925011440999
-0.09307891192324
-0.09507295069163
-0.093038212359
-0.08663339629663
-0.07784707201908
-0.06869134922112
-0.0592766524572
-0.05103994021263
-0.04552250258653
-0.04450809993069
-0.04595103941287
-0.04756259822919
-0.04939387072455
-0.05249624898193
-0.05725141335488
-0.06193083975682
-0.06454216857621
-0.06508236133872
-0.06477171731694
-0.06354804373863
-0.06063299542056
-0.05542991195334
-0.04893266230302
-0.04255194613979
-0.0378835062214
-0.03476750280539
-0.03297098086135
-0.03224745615209
-0.03213426498677
-0.03078479857061
-0.02752082145402
-0.0219010512104
-0.01400676542926
-0.00432118547915
0.00639331303818
0.01667589882426
0.02383687920714
0.02819090099877
0.03089703021771
0.03220843574472
0.03123594804286
0.02711761590853
0.02130180010182
0.01552816791419
0.00971386654706
0.00375830970606
-0.00104446979875
-0.00419415966039
-0.00638254084704
-0.009418520444
-0.01385269239124
-0.01917539579581
-0.02417690047824
-0.02847435867115
-0.03315204194833
-0.03866361052135
-0.04447488460852
-0.04951102789848
-0.0530453812558
-0.05448936021604
-0.05527343052461
-0.05665268998132
-0.0579225803536
-0.05828910031938
-0.05800361166678
-0.05732344118881
-0.05586681258011
-0.05272837242986
-0.04774813706784
-0.041285014282
-0.03347210524058
-0.02386009954792
-0.0147177844178
-0.00759226622891
-0.00354219901792
-0.00127420084794
-1.35160342e-06
-0.00203278251467
-0.00873180765102
-0.01660089648386
-0.02245813149348
-0.02567472440226
-0.02544618315566
-0.02237348599503
-0.01617143212325
-0.00808732645303
0.00014898223417
0.00635048334351
0.00965358641446
0.00976167134368
0.00803298733737
0.00468752633486
0.00024719508028
-0.00469107975064
-0.00995383565559
-0.01529410464027
-0.02042700734612
-0.0259584219542
-0.0317797230067
-0.0365917068499
-0.04019375421722
-0.04327483117024
-0.04616026235944
-0.04812452407925
-0.04770734155177
-0.04470417747772
-0.03990540300194
-0.03371609473043
-0.02649773515835
-0.01924416126781
-0.01312876948192
-0.00893351437157
-0.0063019189283
-0.00455707503607
-0.00489126563483
-0.00710435761388
-0.00988805268604
-0.01196613405559
-0.01335030624556
-0.01472769304256
-0.01667754599719
-0.01931183928584
-0.02256012827963
-0.02634968149793
-0.03079228281268
-0.03556658957401
-0.0403465574928
-0.04515403160039
-0.04978679343318
-0.05384390830545
-0.05678734237068
-0.05831898931175
-0.05844969168446
-0.05720402914708
-0.05435584325656
-0.05049544561013
-0.04611227045677
-0.04192456515557
-0.03845654649077
-0.03585543654036
-0.03305775329184
-0.02936832579917
-0.02482902104042
-0.01992916132079
-0.01462635032799
-0.00887739854802
-0.00284199220045
0.00296125871525
0.00824790022694
0.01292308715757
0.01724889111772
0.02122862084603
0.02418647966841
0.02625057925839
0.0286446411702
0.03003664622718
0.02791555125529
0.02329786985043
0.01720262634783
0.00781846944946
-0.00477053425555
-0.01864467027968
-0.03064522065441
-0.04038389874329
-0.04882111831064
-0.05435045396259
-0.0558338851134
-0.05362398673081
-0.04937663138064
-0.04328776867416
-0.03569007956815
-0.02719431339777
-0.01790281877253
-0.00914140358782
-0.00256066625769
0.00227112204144
0.00623437044523
0.00936724858824
0.01108318699427
0.01079995480867
0.00876961906544
0.00579588501421
0.00370921755584
0.00302889675335
0.00322215171764
0.00405583231626
0.00575293537975
0.00846435314325
0.01201630406461
0.01671034552814
0.02202326184693
0.02710843651762
0.03064117468594
0.03214301259449
0.03160139654663
0.02989027172364
0.02735280981475
0.02518002879507
0.02378623263741
0.02255046912961
0.02065510081756
0.01814023556261
0.01629015651026
0.01520361727509
0.01388955068424
0.01118059728336
0.00703578244632
0.00307527026864
-0.00015693903896
-0.00332038559319
-0.00638804848158
-0.00927598081492
-0.01274087784712
-0.01629810451947
-0.01883937251727
-0.02098997267424
-0.02390599650249
-0.02815232836657
-0.03234278428665
-0.03532794140221
-0.03770636316713
-0.03958282897036
-0.03944900816345
-0.03799570588456
-0.03695019884662
-0.03775488280482
-0.03989172986739
-0.04277597765079
-0.04641709340138
-0.05102978531153
-0.05647786576273
-0.06211912921434
-0.06741416651041
-0.07217184162269
-0.07675856257318
-0.08172827521879
-0.08619537623194
-0.08908893134201
-0.08989219201486
-0.08949240875099
-0.08825463025494
-0.08560089073049
-0.08110209363234
-0.07503296501713
-0.0679539914576
-0.05936257731326
-0.05008114163729
-0.04116344332428
-0.03239944383718
-0.02358877978094
-0.01644566242881
-0.01063457065011
-0.00442542274032
0.00263155866174
0.00960587277208
0.01565257424823
0.01961156079195
0.02200886907372
0.02483540183654
0.0279925366
0.02995230457617
0.03052099502964
0.03016016820527
0.02841454870248
0.02558323434056
0.0222850184157
0.01823121388127
0.01366187300403
0.00993076563933
0.00685015245345
0.00361305783882
0.00128494857138
0.00059827719759
0.00104847082979
0.00214812939757
0.00374234812057
0.00486953094808
0.00432516907893
0.00052538467783
-0.00629728445533
-0.01506819247357
-0.02526389068697
-0.03630633014109
-0.04769670689157
-0.05849909088051
-0.06772044472432
-0.07402839742299
-0.07748031217375
-0.07878951080887
-0.07796061500774
-0.07544678923086
-0.07088573539259
-0.06427572636015
-0.05645562093213
-0.05023685545146
-0.04612031441779
-0.04223279438984
-0.03732105263633
-0.03165939942267
-0.02584470305387
-0.02008362776127
-0.01396522788577
-0.00792912748669
-0.00285321216676
0.0012638329338
0.00481060373617
0.007438997587
0.00862348284225
0.00884852184737
0.00887456796929
0.00933369583549
0.01183992862491
0.01432930907609
0.01385011128725
0.01405516352797
0.0172204254107
0.02250578756477
0.0281560704876
0.0333011990547
0.03739447177167
0.04039809961286
0.04232572372887
0.04331981658251
0.04319698225915
0.0415361201986
0.03845361996022
0.03418833761142
0.02935330933912
0.02416221984957
0.01835203321638
0.01075172142725
0.00161169314887
-0.00728533074502
-0.01520358369196
-0.02229945916482
-0.02713010563728
-0.03002623545456
-0.03178073050083
-0.03284677122855
-0.03327015864047
-0.03323726315771
-0.03305474680143
-0.03281856139306
-0.03197863113246
-0.03064856297619
-0.02939452064641
-0.02803629063055
-0.02450603121761
-0.01934660582913
-0.01465700533573
-0.01158940641522
-0.0096138095869
-0.00679442523477
-0.00275635040226
0.00125064979322
0.00423330640432
0.0064446632546
0.00947877498945
0.01425880687612
0.02091205979527
0.02742995507916
0.03214792212935
0.03587976032708
0.03977749922401
0.04307625887586
0.04514331698033
0.04612242535786
0.04620104188353
0.04516549784304
0.04256061378765
0.03870080784412
0.03405917046785
0.02905203661189
0.02366872364014
0.01752945424349
0.00996945341372
0.00096771106027
-0.00810618418433
-0.01705850671209
-0.02665571983228
-0.03550684357321
-0.04185135391584
-0.04451448072682
-0.0449802788438
-0.04419764781256
-0.04164900751648
-0.03725535762261
-0.03199439921511
-0.02653702742921
-0.02103713299446
-0.01824827731351
-0.01900679245364
-0.02345998045268
-0.02936469562192
-0.03448733947887
-0.03835619687756
-0.04152025616413
-0.04385191740808
-0.04472918891917
-0.04387819221517
-0.04125050361023
-0.03742496845891
-0.03358791908901
-0.02925372734047
-0.02320007895245
-0.01727476612555
-0.01314883460697
-0.01197391574831
-0.01262776344327
-0.01347630218144
-0.01259522298224
-0.01002132656757
-0.00638279511936
-0.00275485675224
0.00022062106343
0.00264556602847
0.00480094298695
0.00659644304409
0.00844327252809
0.01122096741301
0.0159321682606
0.02274254868408
0.03076616792529
0.03849356790186
0.04486361742095
0.04970880059435
0.05270676727808
0.05361253648012
0.0530237281281
0.05109527242964
0.04849676917037
0.04592524436489
0.04289134372405
0.03912291589842
0.03518401367011
0.03060717575723
0.02504743936986
0.02050476030539
0.01666062649269
0.0107333210663
0.0021251713251
-0.00775281601487
-0.018217924554
-0.02817961066778
-0.03696249667173
-0.04460374790466
-0.05026832764887
-0.05255970511981
-0.05213263955473
-0.04965289266642
-0.04487017412875
-0.03878893959207
-0.0324258145961
-0.02512989396838
-0.01629247534594
-0.00741639293707
0.00046782318018
0.00712141944692
0.01262749157977
0.01693108269327
0.02170508560716
0.02788982017519
0.03453213298749
0.04051676003199
0.04541574019325
0.04887406772408
0.05022964307288
0.05026960700649
0.05015099456327
0.05034955086569
0.05048498686159
0.05018521737957
0.04988549587346
0.04982582983252
0.04930346811682
0.0478992292026
0.04578448304289
0.04408847063177
0.04281861224343
0.03948289514838
0.03383739382465
0.02730432216101
0.01846415291969
0.00591065298779
-0.00711710321416
-0.01923770051184
-0.03170065870587
-0.04523583052813
-0.05856099579729
-0.06997422507323
-0.07939172043195
-0.08749373231124
-0.09418184612629
-0.09883386229125
-0.10143965788894
-0.10343433633614
-0.10502582522982
-0.10481618649203
-0.10272586007086
-0.09972349559533
-0.09643564246718
-0.09296906307971
-0.08956558800678
-0.08598018828048
-0.08192355316731
-0.07849892071776
-0.07603641317336
-0.07250349909336
-0.06704243316233
-0.06265164583114
-0.05979608764235
-0.05600819758895
-0.05095886092355
-0.04614542181106
-0.04298707165787
-0.04123286446706
-0.04042738091035
-0.04051488897147
-0.04194413932713
-0.04519164471438
-0.04950635824317
-0.05320837141641
-0.05653711601244
-0.06051083275995
-0.06325643016142
-0.06364599455631
-0.06268332592417
-0.06102283167894
-0.05791020256864
-0.05359923116089
-0.04866697170956
-0.04308646175287
-0.03794795386144
-0.03444539254095
-0.03105862907691
-0.02654492746251
-0.02228757713094
-0.01882478784042
-0.01512454337908
-0.01100466322203
-0.00691341828688
-0.00232827094626
0.00259846487854
0.0064478328631
0.00847646066391
0.00842244458605
0.00623607199087
0.0028549648867
-0.00019655922517
-0.00242272432005
-0.00413973738649
-0.00606938608593
-0.00758822985562
-0.00663317180212
-0.00398487434514
-0.00147594403019
-0.00078513777258
-0.00175884646137
-0.00438639593617
-0.008077561756
-0.01219609219076
-0.01578189651391
-0.0188344150065
-0.02227196896799
-0.02510910440708
-0.02534357867464
-0.02307868390641
-0.01965758568228
-0.01455762003832
-0.00832723479207
-0.00234511368931
0.00272315427045
0.00703785180727
0.01021907207709
0.01217942695858
0.01343068668554
0.01439676960332
0.0148719757964
0.01465930338185
0.01406028575604
0.01384881593766
0.01467904386991
0.01687667801054
0.02073953842039
0.02621392566262
0.03136623462435
0.03589738347828
0.04137690414296
0.04749728702276
0.052580558649
0.05483475478914
0.0547848118661
0.05349170115304
0.05109741535365
0.04700812463726
0.04219223875333
0.03751820164537
0.03249865802051
0.026718728195
0.02041384595462
0.01453201849318
0.00943573739916
0.00482785747285
0.00060450702952
-0.00310380953871
-0.00613796285268
-0.0081815191577
-0.00862438798777
-0.00757692673106
-0.00560052870504
-0.00325242131889
-0.00068936250253
0.00196284802965
0.0043324406278
0.0060721942759
0.00788021604573
0.01006754975833
0.01112483168396
0.01027475131986
0.00788825041158
0.00554132803043
0.00386208799769
0.00231216223465
0.00083754601775
2.868510085e-05
-0.00010694937139
0.00047572609203
0.0031061811479
0.00737948666817
0.01230430985333
0.01698921350507
0.02128835085485
0.02574508907129
0.03078924433833
0.03705838452525
0.04327994860072
0.0477144739705
0.05115458664723
0.0549237980794
0.05942312291256
0.06367809044057
0.06616559343444
0.06790639935419
0.07055345423508
0.07367067304084
0.07629864950124
0.07827289021048
0.07965475635834
0.08028215333454
0.07984712376828
0.07806984016443
0.07482027181303
0.07153173103016
0.06970591179666
0.06856657986936
0.06673031787929
0.06277449614647
0.05789912013327
0.0540378269365
0.05092870006769
0.04747568187098
0.04362603082854
0.04125461354658
0.04223568893645
0.04488087275683
0.04724613313025
0.0499563882775
0.05314529908581
0.05586339029848
0.05766624506274
0.05881270940876
0.06021295033042
0.06179936976953
0.06260064743807
0.06334892771725
0.06499438951047
0.06634806181481
0.06618686275485
0.0641985011359
0.06204702142056
0.06110229577903
0.06091087189534
0.0606824585845
0.06046519167691
0.05961947232309
0.05762802425388
0.0550852370189
0.05231552372632
0.04887133309717
0.04431709183823
0.03918584430129
0.03469083730009
0.0305913437067
0.02613722817338
0.02271158822971
0.02105734684483
0.02026000320097
0.01915742082127
0.01757309633026
0.01617096835611
0.01536028421068
0.01415874991596
0.01218433009665
0.01053630319142
0.00962748591985
0.00896118048008
0.00794872244782
0.00660913267247
0.00562659721571
0.00532436337108
0.00556448120493
0.00616673720472
0.00719061510292
0.00876852361548
0.01104168943071
0.01410717101437
0.01697346141439
0.01908918308428
0.02136226574127
0.02448581736724
0.02831386325789
0.03164315158091
0.03384452624337
0.03566156588522
0.03775896075723
0.04001616338778
0.04162327643637
0.04197481192604
0.04167206793755
0.03981445666722
0.03690545331391
0.03434881703271
0.03213396113934
0.02940509133873
0.02621925098871
0.02330481036551
0.02213682082755
0.02223774615169
0.0222250645193
0.02162629316982
0.02108199047096
0.02201724886612
0.02441967457835
0.02742259877285
0.03035755709386
0.03336537483124
0.03690313447822
0.04110590421538
0.04607205065163
0.05064770515872
0.05414139093573
0.05832861647783
0.06396116430567
0.0696994990166
0.0741166571067
0.07685899214625
0.07880068919606
0.08038881977599
0.08114544786364
0.08096958416698
0.08017452737487
0.07923719002358
0.07832011449858
0.07766820183202
0.07721583697003
0.07674851961588
0.07599902394695
0.07501623741627
0.07446939199414
0.07420251799489
0.07356160780385
0.07296481945868
0.07288305251488
0.07247389795646
0.07151941721309
0.07060968200242
0.07048919849869
0.07098381414603
0.06992178740284
0.06740860130477
0.06523219010784
0.06444244264984
0.06442286847827
0.06402145403344
0.06195222102102
0.05749210849886
0.05259375202444
0.04826067971382
0.04319877335981
0.03767429926681
0.03269033777573
0.02750054363577
0.02150312301509
0.01522424851589
0.00964294215908
0.00499650879093
0.00054035652029
-0.00401581081156
-0.00815316379528
-0.01077292677978
-0.01219794566011
-0.01430719537965
-0.01672742495235
-0.01775722787552
-0.01824144874222
-0.0194407985338
-0.02150564974638
-0.02369642173258
-0.0253785211296
-0.02583117384706
-0.0253511748605
-0.02499330655062
-0.02511783602283
-0.02541480691006
-0.02595216909384
-0.02659314325276
-0.02668973475297
-0.02653688350148
-0.02673977362783
-0.02669139791787
-0.02571283326733
-0.0236902328401
-0.02105224540633
-0.01800145724493
-0.01540309631419
-0.01356445631815
-0.01242245693022
-0.01190999264489
-0.01223651669312
-0.01348703279346
-0.01525340667522
-0.01684787647215
-0.01860099620897
-0.02129743429395
-0.02466473553021
-0.02787314055023
-0.03028533735628
-0.03215689362465
-0.03389390944745
-0.03586899773112
-0.03746352509914
-0.03714183062592
-0.0356480366784
-0.03435726079299
-0.03336635034143
-0.03211232400361
-0.03037462052609
-0.02827298778198
-0.02600088063517
-0.02456043590035
-0.02420682145455
-0.02472592080832
-0.02569300322424
-0.02677577155282
-0.02656789193176
-0.02512605589553
-0.02458419996811
-0.02466169705586
-0.02356719062113
-0.02268889562395
-0.02309354044676
-0.02317316446655
-0.02234055852832
-0.02153638631317
-0.02147273827164
-0.02196706606353
-0.02281212974656
-0.02353056900929
-0.02380399971634
-0.02465731525602
-0.02635921271219
-0.02780910870142
-0.02814170969833
-0.0270771242399
-0.02447865296457
-0.02082878960626
-0.01638518079739
-0.01175588762294
-0.00759664003277
-0.00478114013021
-0.00340435942888
-0.00161179229908
0.00086695045342
0.00239339344745
0.00186952368896
-0.0004791803576
-0.00419653766636
-0.00866263598297
-0.01358633653183
-0.01846261769054
-0.02247477913449
-0.02438569164161
-0.02499968734675
-0.02528436040887
-0.02497462792939
-0.02386852731623
-0.02253466906302
-0.0210380765207
-0.01899636568905
-0.01692097576808
-0.01508531987369
-0.01254876790791
-0.00943384394988
-0.00675411267621
-0.00588697367746
-0.00679525681723
-0.00849364403593
-0.01038685982878
-0.01254497301337
-0.01486468665636
-0.01737578740152
-0.0203596491675
-0.02355903471631
-0.02646156132168
-0.02836925944278
-0.02957134386128
-0.03070794116167
-0.03174591598163
-0.03229234561253
-0.0323120797038
-0.0323736487892
-0.03289039732335
-0.03193030339842
-0.02831984425476
-0.02440123583668
-0.02191227757351
-0.02050863036219
-0.01904632460406
-0.01727446227812
-0.01600684276561
-0.01537549737196
-0.01493537756158
-0.01493942992684
-0.01556044610691
-0.01533585807535
-0.01403356157458
-0.01244936022174
-0.01094650362469
-0.00929649371514
-0.00718231527037
-0.00497640688435
-0.00373812943882
-0.00344995093682
-0.00347243084938
-0.00365218859079
-0.00445571792873
-0.00657894942785
-0.01029897755556
-0.0152569616902
-0.02031056981085
-0.02553580215685
-0.03161270286959
-0.03622457918925
-0.03836320136052
-0.03889171998476
-0.03877542637723
-0.03804500912879
-0.03728305571506
-0.03646554619673
-0.03461511532104
-0.03156597433256
-0.02769951572941
-0.02410907853248
-0.0211256485497
-0.01820935285796
-0.0152494390674
-0.01272019383282
-0.01091648029977
-0.00967553379441
-0.00919492871219
-0.00954546470372
-0.01073868157472
-0.01289938865688
-0.01570827747894
-0.01838347342986
-0.01986869568133
-0.02003830651763
-0.02054806656079
-0.02238068238164
-0.02541698181801
-0.02790621194468
-0.02881796214359
-0.02898762095579
-0.02985342622422
-0.03193700403395
-0.03363930128937
-0.0340408756539
-0.03502893953476
-0.03730969833746
-0.03990457141949
-0.04193069008016
-0.04371544193411
-0.0462664970177
-0.04954157256162
-0.05281519283626
-0.0545642186287
-0.05478430012305
-0.05482028205608
-0.05427012629611
-0.0521005276785
-0.04832978101719
-0.04374427545644
-0.03920917658586
-0.03508297640218
-0.03107877895941
-0.02599470773466
-0.02033239885022
-0.01648063686771
-0.01402658747636
-0.01124384712483
-0.00789177983941
-0.00515771264847
-0.00445113622926
-0.00546920904227
-0.00756710606214
-0.00980546695336
-0.0120060468149
-0.01469221805499
-0.01764029458918
-0.02044227967769
-0.02370568108335
-0.02688789125613
-0.02882827696439
-0.03075650877527
-0.03362558017891
-0.0351184785761
-0.0349537612827
-0.03475803555901
-0.03429593158715
-0.03299336961968
-0.03126622084251
-0.02871654106837
-0.02444319876657
-0.01999344904112
-0.01639152960957
-0.01232872159589
-0.00749114580273
-0.00282247559998
0.00189789024576
0.00714930464542
0.01186613306733
0.01591301787625
0.02017423826461
0.02449253399474
0.02822857808064
0.03141137995632
0.03435538973248
0.03691719142006
0.03847871136152
0.03877027696281
0.03815514582779
0.03745749612636
0.03714373367038
0.03669707794177
0.03576060415688
0.03533571349975
0.03527787054341
0.03458022084199
0.0335943158771
0.03282422255052
0.03151487998767
0.02980853676378
0.02854945696337
0.02746398599181
0.02623968872666
0.02534749670735
0.02454169331123
0.02334072833065
0.02193944793093
0.02046191781714
0.01873544070272
0.01721681122543
0.01635321284889
0.01631772666694
0.01753204494267
0.02051085324605
0.02370779202342
0.02586857906543
0.02702371105932
0.02896651155508
0.03305022107386
0.0374355551432
0.0401905398312
0.04092154878253
0.04118552823517
0.04209155330874
0.04347996017243
0.04494073070142
0.04669175549014
0.04862894280435
0.05051201329129
0.05247843392709
0.0543148878208
0.05510054133442
0.05439758229887
0.0526717288713
0.05145860999334
0.05045093995697
0.04825605803442
0.04569289702937
0.04399638886717
0.04311184100963
0.04179157593111
0.03906304196187
0.03537079988244
0.03151270507972
0.02766436537884
0.02335077128796
0.01814920705791
0.01175511521078
0.0053665230022
0.00044904588849
-0.00309344354361
-0.00608506301435
-0.0088124023834
-0.01165788882935
-0.01471392235699
-0.01713523618527
-0.01870192153311
-0.01986732037189
-0.02129358022912
-0.02303614526559
-0.02436830836996
-0.02472353800476
-0.02410882266096
-0.02318143231516
-0.02198467322275
-0.02048365090469
-0.01864526198258
-0.01654241384872
-0.01478301566438
-0.01317366853755
-0.01057577617154
-0.00753035171695
-0.00508821154584
-0.00310931397487
-0.00100091198967
0.0014361288219
0.00365701016981
0.00533384820862
0.0073227871377
0.01004120298737
0.01298719576784
0.01516362135754
0.01630885112346
0.01732445317707
0.01837534950898
0.01841876770816
0.0171652531134
0.01519976640866
0.01343354604982
0.01152944612203
0.00803108269372
0.00322405955969
-0.00162253890308
-0.00533322772018
-0.00851707067312
-0.01249460630312
-0.0183996732957
-0.02507620892431
-0.0302389126667
-0.0340756901731
-0.03758394463499
-0.03978016988304
-0.0407469644435
-0.04154832207189
-0.04270866744807
-0.04383472604008
-0.0442964781886
-0.04416844647491
-0.04369999369087
-0.04244409629253
-0.04038105217259
-0.03801272134089
-0.03557783192908
-0.03287896306463
-0.02955368872614
-0.02551504457948
-0.02010624040718
-0.01477586725369
-0.01153987128742
-0.00883724430996
-0.00495125791196
-0.00133189715791
0.00071404354987
0.00162678956877
0.00176841925475
0.00122953927307
0.00141296541253
0.0030027626756
0.00577904706875
0.00948177668226
0.01388306114272
0.01752839877345
0.02010302602116
0.02242702711138
0.02383859034796
0.02273060268231
0.01990147922031
0.01693456894278
0.0143065796888
0.01131755891322
0.00749226204225
0.00465141966446
0.00391623361051
0.00482376512767
0.00585118844567
0.00629824877113
0.00666625119255
0.0072913085435
0.007595010451
0.00645460706169
0.00359783987995
0.00027027405204
-0.00269700899831
-0.0055598243432
-0.00765113107214
-0.00838817539304
-0.00891278398056
-0.00991416917263
-0.01106205040721
-0.01237749550591
-0.01388200407348
-0.01518104141072
-0.01599162800513
-0.01621414667574
-0.01561888556373
-0.01418900672364
-0.01204728370935
-0.00974251776093
-0.00755347290752
-0.00511510524218
-0.0022841954771
0.00047238472977
0.0025804323329
0.00374876409902
0.00389976667876
0.00315110738988
0.00254730816496
0.00240488527726
0.0023635508318
0.00294071702949
0.00429903500118
0.0059262259684
0.0075831396115
0.0094438821096
0.01111350457144
0.012087442745
0.01177668997782
0.01026517372888
0.00795999198924
0.00648843647553
0.00626526373333
0.00645496688103
0.00631750790088
0.00572794152948
0.00413818776457
0.00163391559071
-0.00133628295575
-0.00475144304149
-0.00888746709248
-0.01280490169995
-0.01581178710548
-0.01798468166815
-0.01977822910572
-0.02138011278005
-0.02246708699681
-0.02291171174521
-0.02305528765396
-0.02346209139275
-0.02434297708912
-0.02567464444241
-0.027149599849
-0.02846033371326
-0.03056099094719
-0.03314329434061
-0.03398471185444
-0.03356100460311
-0.03351932952868
-0.03347231313619
-0.03253128163979
-0.0307137782308
-0.02861259326185
-0.02653430879427
-0.02500865884205
-0.02402766341203
-0.02317887359992
-0.02237935504811
-0.02191128607135
-0.02193149992173
-0.02212289182148
-0.0215371219438
-0.02024474686137
-0.01891885260933
-0.01776141777172
-0.0164613025757
-0.01461511117131
-0.01312669532338
-0.01322581035649
-0.01441618225599
-0.01592988620645
-0.01780275701478
-0.01996135315687
-0.02211003427741
-0.02423098532157
-0.02650537932012
-0.02922268692625
-0.03167679868628
-0.03293136875108
-0.03369538512898
-0.03478568567554
-0.03593801907464
-0.03638960033009
-0.03571533088915
-0.03452532040818
-0.03336075315185
-0.03175391196675
-0.02920042610369
-0.02562474949528
-0.02152311297788
-0.01737746655839
-0.01442089189122
-0.01231921117119
-0.00997642911114
-0.00779946459204
-0.0066567711526
-0.00659658697182
-0.00676074454626
-0.00588294050257
-0.00363184520545
-0.00069071174506
0.00102801118283
0.00102383871787
9.824657318e-05
-0.00048596351169
-0.00034057379367
-6.504233344e-05
-0.00034249922689
-0.00151190789229
-0.00300196627548
-0.00426244217489
-0.00527774038106
-0.00587417850208
-0.00524814404175
-0.00336713651897
-0.0003939094132
0.00300629210343
0.00636639375469
0.0095917838463
0.01237177197976
0.01422448490961
0.01512434507865
0.01540966421637
0.01653424195193
0.01863035746632
0.02090847759393
0.02245395758925
0.02315498159639
0.02376953702049
0.02467086045481
0.0255239521069
0.02620610558917
0.02691542942887
0.02793088755475
0.02916137371238
0.03039024468101
0.03131625971737
0.03195769764343
0.03329376278854
0.0357822412926
0.03915489983889
0.04248545152756
0.04536445394472
0.04865452995672
0.05250973021283
0.05499872045994
0.05611742274564
0.05728077461223
0.05806426920987
0.05738702526246
0.05551550097803
0.05423017835447
0.05491517840744
0.05652448235596
0.05755012736687
0.0569417928192
0.05529190125023
0.05344618800575
0.05112122739733
0.04811860705026
0.04502729523629
0.04247094681056
0.04065328348187
0.0390035518326
0.037323915199
0.03618562274977
0.03586106571388
0.03618253629951
0.03731606314162
0.03875601212536
0.03902378167495
0.03834660169542
0.03787552622826
0.03867584437858
0.03982291641948
0.03899394065849
0.03788446573962
0.0387667907133
0.03975256774242
0.03929860368341
0.03836731129687
0.03724923269801
0.03537113571381
0.03230876936596
0.02821113084111
0.02347056713698
0.01863678623835
0.0142164825277
0.01164697111127
0.01071848211712
0.01038371420824
0.01004182187662
0.00964785649153
0.00908824308037
0.00816923252697
0.00668810421987
0.00529254094951
0.00450476050385
0.00437079097161
0.00487095903102
0.00633203020905
0.00870943328547
0.01159900319656
0.01461796893639
0.01747484166514
0.02000677035233
0.0219127093567
0.023162177983
0.02329292833163
0.02229226277822
0.02032056479225
0.01727481410146
0.01277502390197
0.00614308987834
-0.00119848702479
-0.00789371326861
-0.014683508828
-0.02194579674312
-0.02902107615752
-0.03533169951522
-0.04067815099558
-0.04466968279793
-0.04659209353165
-0.04617310391153
-0.04299570732179
-0.03762147778913
-0.03165941541464
-0.02572156488308
-0.01926064898912
-0.01283951631952
-0.00705398610604
-0.0023233118363
0.00157793026163
0.00455100128578
0.00693151000281
0.00914299318966
0.01130979481167
0.01305833444822
0.01378766424268
0.01331662555705
0.01148997953869
0.00867425095095
0.00515119272221
0.00067316791404
-0.00478627355265
-0.01092633455183
-0.01711997984567
-0.02316803104411
-0.02926837598521
-0.0355807744516
-0.0414258235799
-0.04526431222712
-0.04686782708241
-0.04697123116194
-0.04601699029812
-0.04456827771468
-0.04303232893363
-0.04158262484804
-0.04000971862377
-0.03756764881733
-0.0341576170366
-0.03018692277147
-0.02683660500759
-0.02466545516887
-0.02349720975939
-0.02215009416285
-0.01937948531993
-0.01553206035975
-0.01148547779907
-0.00726919644626
-0.00291432708021
0.00078283972646
0.00377986368354
0.00631521305316
0.00785937211173
0.00818795592572
0.00671706247957
0.00446001177274
0.00290624154006
0.00233478127735
0.00213505436271
0.00192481752523
0.00207031406961
0.00329493277337
0.00573379299138
0.00886364705282
0.01255323606439
0.01694974532253
0.02216822905709
0.02729902881886
0.0316280071851
0.03480202946912
0.03705619362533
0.03804182672671
0.03801019460959
0.03742680753548
0.03598653871233
0.03341905987532
0.02996796071503
0.02633360956784
0.02271205199684
0.01805957206475
0.01273085248098
0.00801270951912
0.00435536511713
0.00103940162355
-0.00292274845173
-0.00739672761128
-0.01165919217492
-0.01497353120417
-0.01763938304687
-0.02011884207972
-0.02139568895906
-0.02040709734318
-0.01680580159846
-0.01209077707079
-0.00741512957142
-0.00324669139596
0.00055591462837
0.00430996711203
0.00751924529363
0.00935168680201
0.00975032823919
0.01009970321368
0.01105975076189
0.01218387112711
0.01237625292982
0.01120065281323
0.00902024842133
0.00662284258855
0.00425178352673
0.00213627614923
0.00033509158636
-0.00171357799123
-0.00390041595275
-0.00560972248872
-0.00686304677904
-0.0078441301649
-0.00764933357469
-0.00675844650014
-0.00631050661632
-0.0055413983951
-0.00378936611225
-0.00154979654792
0.00060747641855
0.0026299674607
0.00454017951952
0.00641056997326
0.00837752953846
0.01012348807101
0.01115844520619
0.01152950849071
0.01156762855015
0.01101460542993
0.00983760441674
0.00816120775631
0.00554310633752
0.00214613679808
-0.00104009151714
-0.00322551962657
-0.00410135345953
-0.00391554915418
-0.0032549944269
-0.00273009958312
-0.00347325443585
-0.00585116605691
-0.00869252497534
-0.01115125841477
-0.01315189067248
-0.0148580052112
-0.01636968457823
-0.01786299876665
-0.01894151323115
-0.01901085441408
-0.0183869436874
-0.01753879355411
-0.01678290109709
-0.01610544925407
-0.01541801362403
-0.01491126806726
-0.0145592959968
-0.01419966377261
-0.01401100170217
-0.01416871611181
-0.01440434979721
-0.0145148143316
-0.01451461763037
-0.01390178294227
-0.01239860170822
-0.01081502564141
-0.00963260335032
-0.00865795673248
-0.00804641739397
-0.00801213700658
-0.00812473646899
-0.00787172430954
-0.0069366210365
-0.0070803296786
-0.00935314367049
-0.01109444853971
-0.01103462737666
-0.01100594098045
-0.01214187461408
-0.01380713926403
-0.013597847552
-0.01061965973706
-0.0074492548367
-0.00551932307939
-0.00331434382683
-5.606392961e-05
0.00346836249215
0.00614271406704
0.0077602154995
0.00898671006136
0.01025927908866
0.01152975476705
0.01244320970999
0.01282910234851
0.01390549148017
0.01604877371156
0.01826100692181
0.02067006930169
0.02435994456953
0.0290360766256
0.03406834985876
0.04050490998205
0.04750600264654
0.05317837048026
0.0579339186605
0.0628656503768
0.06761280277268
0.07115072233936
0.07266604147881
0.0725219058511
0.07084716276039
0.06764392314675
0.06333264789156
0.05864305059655
0.05415370475281
0.04989421149724
0.04545129034308
0.04080970094272
0.03633978534281
0.03237238542355
0.02882135244128
0.02539500885091
0.02189140805235
0.01809182786871
0.01234640871497
0.00469017940272
-0.00276305743457
-0.0088899842286
-0.01435455879789
-0.02004096118469
-0.02451041301746
-0.02657291341042
-0.0277055926781
-0.02829449698194
-0.02869632721799
-0.02923959043879
-0.02981915543201
-0.03024017603234
-0.0305076417345
-0.03075139134479
-0.03099098304283
-0.03089363992002
-0.03053458820434
-0.03024449386431
-0.03023920052216
-0.0305357396262
-0.03075420593155
-0.03053698699987
-0.02926089174314
-0.02790691559137
-0.02787438792391
-0.02828090380724
-0.02796765309431
-0.02725681001744
-0.02674674612685
-0.02645669976273
-0.02579775062927
-0.02440561763652
-0.02247874514311
-0.0206010319662
-0.01913824644896
-0.01817845637147
-0.01764918612463
-0.01736825518354
-0.01728050724287
-0.01747060379303
-0.0175371303892
-0.01697347740636
-0.01479291469396
-0.01170062257221
-0.00895281028286
-0.00614463630186
-0.00275832860898
0.00069711093195
0.00385525143041
0.0068392715169
0.01007850905553
0.01195104403248
0.01125261232371
0.01046943916467
0.01093733222976
0.01136463767439
0.0114024570848
0.01173669725866
0.01251877336854
0.01353815592391
0.01472828154706
0.01637756861956
0.01855490735076
0.02030131046009
0.02119094376416
0.02157140872798
0.02160518376912
0.0211503081678
0.01994942314707
0.01816705409669
0.01634801545856
0.0138246184875
0.01023419728254
0.00798380883051
0.00734915469823
0.00670363722056
0.00591377462038
0.00575701493136
0.00583139678331
0.00563311234439
0.00518592568236
0.0048234772722
0.00457354036862
0.00375195609628
0.00249167210052
0.00143298320135
0.00047391452164
-0.00076909015029
-0.00268185820571
-0.00476342262639
-0.00618445470854
-0.0063017606078
-0.00518866030927
-0.00177335277756
0.00308679568158
0.00768553139931
0.01149285809333
0.01478140207459
0.01652758929231
0.01692614117447
0.01655586309569
0.01604380020882
0.01560437924753
0.01515378149826
0.01452015085207
0.01359779797689
0.01220478542578
0.01035408748418
0.00859570159156
0.00730514959373
0.00641185732687
0.00473181609642
0.00157492137243
-0.00256680237667
-0.00731341904154
-0.0129411197032
-0.01892125140486
-0.02408291566918
-0.02762585671452
-0.0302879600394
-0.03307184221761
-0.03636805914619
-0.04020111052352
-0.04435484887995
-0.04803859922319
-0.05030837154234
-0.05117288146118
-0.05202666076799
-0.05251131341788
-0.05101483281936
-0.04824137740575
-0.04533624410922
-0.0421915031227
-0.03922660783342
-0.03730829104408
-0.03676086991103
-0.03706503718486
-0.03812645623319
-0.03985365298626
-0.04201514367497
-0.04357218586476
-0.04374645036439
-0.04211208699852
-0.04063911459624
-0.04110638397449
-0.04187140784651
-0.04144171959831
-0.04042122400181
-0.03976577710983
-0.0396530816956
-0.03984234666331
-0.04002663812828
-0.03992430551076
-0.03948092813604
-0.03864872199707
-0.03690241483956
-0.03441486386977
-0.03227417873435
-0.0305774786685
-0.02868457311987
-0.0268977902857
-0.02588970445811
-0.0261308793612
-0.02739003912146
-0.02926367434596
-0.03052887907097
-0.0308660857553
-0.03073368823374
-0.03020302668549
-0.02887105548476
-0.02738488970704
-0.02616911616202
-0.02451014115396
-0.02183729122508
-0.01822787155949
-0.01518001472623
-0.01357526689003
-0.01307370113242
-0.01253829956419
-0.01129358375145
-0.01004496429877
-0.00947256050982
-0.00893744679705
-0.00815189083445
-0.00790742798228
-0.00852179789952
-0.00959556114967
-0.01036171085639
-0.01110245092161
-0.01305835523779
-0.01578702034118
-0.01814229852677
-0.0194387035857
-0.0199888433537
-0.0203584657617
-0.02015322481573
-0.01880292681711
-0.01613028478384
-0.01310173505624
-0.01160404066718
-0.01123797007577
-0.01069109906649
-0.00950353695616
-0.00843823825586
-0.00864337525402
-0.00960184119638
-0.01027255242395
-0.01021938072212
-0.01001982971916
-0.01062828100821
-0.01141688823874
-0.0114744977123
-0.01289555218322
-0.01535455588694
-0.0145394211762
-0.010815460623
-0.00694836394024
-0.0035273792591
0.00018583325082
0.00423494398207
0.00821860613587
0.01168775223456
0.01455749849935
0.01673598065642
0.01800622285205
0.01848660564589
0.01794649284323
0.0169803859375
0.01634272211642
0.01529837929391
0.01347292147893
0.01211012895397
0.01169564107348
0.01140870834596
0.01070812891559
0.01006150959117
0.01012708626431
0.01053629039784
0.010760233953
0.01076379216638
0.01077682402292
0.01091400794117
0.01111525729138
0.0112925890509
0.01142842644526
0.01154879480681
0.01118039418533
0.00977311039999
0.00815349802746
0.00716637607364
0.00676960409777
0.00660192509148
0.00614233505734
0.00544303178619
0.00505264540404
0.00508673708618
0.00526821556359
0.00488999907078
0.0039227359456
0.00305849629106
0.00190114781009
-0.00043387446625
-0.0024133498271
-0.00309850180379
-0.00340218612013
-0.0040154637858
-0.00446167493765
-0.00294525874903
0.00021691204577
0.00245126678853
0.00313982825327
0.00338675546805
0.00483613171825
0.00753273931811
0.0104704978331
0.01250241358299
0.01312214240945
0.01256593848635
0.01136986385026
0.01135411335878
0.01215121712309
0.01180610081027
0.01087170118392
0.0108295911279
0.01147225883647
0.01181353387804
0.01119400974879
0.00934329741442
0.00632051279209
0.00220762272523
-0.00253236047038
-0.00754292300475
-0.01258218472891
-0.01769853734477
-0.02327712826504
-0.02838531538089
-0.03170120243286
-0.03431494603976
-0.0374986274738
-0.04115125744296
-0.0433149870075
-0.0429009868821
-0.0406221631078
-0.03743569907093
-0.03362901845251
-0.02938911536047
-0.02484023141155
-0.02122148842731
-0.01893569215398
-0.01793099662408
-0.01724346983981
-0.0160283359736
-0.0144908551618
-0.01318463742993
-0.01248035106086
-0.01209900653867
-0.01063806009801
-0.0075375784883
-0.00425344829083
-0.0016940901763
0.00051322550311
0.00323216908779
0.00668494580575
0.00994627944966
0.01223387481963
0.01376178123886
0.01507399436037
0.0159680574402
0.0166234931378
0.01756855461071
0.01824084104735
0.01836943247999
0.01904838756822
0.02071684581463
0.02298041324933
0.02529520296469
0.02756126514674
0.03020598519998
0.03302823211479
0.03525263521439
0.03702835160515
0.03879783112752
0.03981503237815
0.03983433468622
0.03946850237517
0.03757374175799
0.0339413256392
0.02987418380158
0.02621581271511
0.02312817905428
0.02063970055022
0.01896337425446
0.01710963304093
0.01497832239845
0.01399848798547
0.01445914148563
0.01558925564129
0.01685051514724
0.01813946794804
0.01926226417812
0.02061751968751
0.02265171429315
0.02442565557522
0.02545077285112
0.02646992512211
0.02776548260662
0.02889293250004
0.02921275591274
0.02864051524188
0.02807067336655
0.0272665011514
0.02452047196673
0.02055956478738
0.01703965217918
0.01447602900619
0.01154933213701
0.00699149108556
0.00209956338317
-0.00168843701482
-0.00415746608469
-0.00565845322042
-0.00647502880768
-0.00676578361609
-0.00631255998529
-0.00470378856939
-0.00225475266071
0.00076321262147
0.00437220945937
0.00834635958927
0.01185202655039
0.01456312767287
0.01663153709883
0.01819926192474
0.01926464698168
0.02042838265556
0.0219400556258
0.02364948529995
0.02512496844155
0.02598170626286
0.02543356549114
0.02366287057903
0.02172061381026
0.0204001568281
0.01969898889322
0.01870691102783
0.0170960558582
0.01540159146979
0.01412781504874
0.01321325186227
0.01201536853435
0.01042801516418
0.009209318287
0.00780977141685
0.00503162076078
0.00194412623009
-0.00015671697446
-0.00106319879469
-0.00159708240511
-0.00236019891484
-0.003250750158
-0.00374898318902
-0.00293041820066
-0.0015505171461
-0.00092977298944
-0.00033746383522
0.00118193757448
0.0026093889934
0.00349921739952
0.00456580505262
0.0058527844443
0.00698423872706
0.00840618874831
0.01016382621673
0.01145383768596
0.01232315159266
0.01332954067221
0.0144826352891
0.01562892692184
0.01716747599726
0.01831216523459
0.01791788320849
0.01746233594442
0.0180068945148
0.01842107055188
0.01790796818694
0.01677466523242
0.01567362927624
0.01469920654598
0.01328973186071
0.0111440428378
0.00838913171286
0.00580879373258
0.00358119223894
0.00074058366375
-0.00241409985051
-0.00475237057576
-0.00644141048786
-0.00765126860308
-0.0074610761011
-0.00669804003098
-0.00663311263183
-0.00690668086983
-0.00693467161532
-0.00753749373086
-0.00884786617659
-0.01023402936685
-0.01131898859536
-0.01221480439513
-0.01297356741081
-0.0137114225246
-0.01459150222566
-0.01598647059473
-0.01769084520708
-0.0185262497401
-0.01772094209506
-0.01532053616867
-0.01355801955013
-0.0132847935403
-0.01320706296979
-0.01319605089908
-0.01443654803008
-0.01658586403184
-0.01878707877461
-0.02112587243728
-0.02400973641339
-0.02751687143738
-0.03079803992196
-0.03327455643229
-0.03491696375919
-0.03593264577265
-0.03636561237474
-0.03550063868876
-0.03354502862484
-0.03194767067809
-0.0308554510951
-0.02954001559159
-0.02859652133177
-0.02851534609086
-0.02926233102046
-0.03040011172665
-0.03159357647319
-0.03222479553027
-0.03209695572022
-0.03064213420416
-0.02834156135034
-0.02601065172898
-0.02374463752284
-0.02119806019092
-0.01785546654867
-0.01432203432883
-0.01186119314773
-0.01041514322734
-0.00918564537347
-0.00761808046726
-0.00609137824339
-0.0054778942813
-0.00589756835774
-0.00681264328726
-0.00729998098896
-0.00718206899403
-0.00680908507389
-0.00577438221103
-0.00323387383182
-0.00029669422615
0.00188191906508
0.00269515712816
0.00285570691412
0.0031283172331
0.00313678977893
0.00263140513882
0.00241246707035
0.00282333117038
0.00345994591822
0.00292698792304
0.00123301400837
0.00018903916109
-0.00022442171507
-0.00132797864544
-0.00240441831173
-0.00268157035025
-0.00268395635221
-0.00296140264298
-0.00346173861808
-0.00383484087881
-0.00351855648912
-0.00262049541673
-0.00182205152532
-0.00112527322635
-5.794111505e-05
0.0008884371047
0.00130191221372
0.00215656676107
0.00332778507782
0.00384360927608
0.00479558087933
0.00728820770047
0.01034249170657
0.01295010559128
0.01518257344146
0.01734418726834
0.01941741827332
0.02079285564915
0.02119209518602
0.02080069171456
0.02006616452978
0.01906436354648
0.01795698357571
0.01655659872632
0.01422684852281
0.01149313155602
0.00906491719258
0.00643836721592
0.00372527829154
0.00244916864203
0.00275255071013
0.00343380384448
0.00223076470536
-0.00048550806038
-0.00306149158708
-0.00490871767194
-0.00647223820888
-0.00789400112407
-0.00909937988844
-0.00994549904151
-0.01026819301286
-0.01037999767436
-0.01147974947533
-0.01228330759882
-0.01059564619456
-0.00815329972703
-0.00705807205443
-0.00712002814551
-0.00698053338756
-0.00594715625904
-0.00393664416211
-0.0012791111824
0.00094087797349
0.00222737280847
0.00244954445333
0.00217642079211
0.00194591093397
0.00209352161682
0.00226021871613
0.00181437378041
0.00087300021576
-6.331275388e-05
-0.00057535078923
-0.00067174766716
-0.00052200061701
-0.00036098034729
-0.00016208645438
0.00045321051738
0.00147657139518
0.00274205038248
0.00431201568341
0.00626638636964
0.00835716856196
0.01052332570757
0.01305478583003
0.01528792374377
0.01665266249151
0.01791511659764
0.01948429669284
0.02075912858392
0.02111413433113
0.02060074411073
0.01983845486562
0.01915951576937
0.01856266345632
0.01819115399583
0.01823322886952
0.01907109616595
0.02036958018101
0.02105394055517
0.02143170287603
0.02230062657865
0.02346245920807
0.02412994805364
0.02353690182951
0.02237673236499
0.02144740699079
0.01998977088797
0.0178405140565
0.01632348377623
0.01570339513043
0.01536975625465
0.01523384209884
0.01515533911616
0.01482135801221
0.01456980751884
0.0146903853752
0.01447533335549
0.01376080093109
0.01295191108472
0.01173754163469
0.00992666689736
0.00911263083497
0.00930579144663
0.00917010757519
0.00862341247758
0.00831385431058
0.00799164809432
0.00784066310575
0.00842992882812
0.00876606564965
0.00802728300159
0.0070304731122
0.00656483971251
0.00659895058502
0.00699192766635
0.00761820680382
0.00764252739216
0.00784679442714
0.00969503120452
0.01199906152231
0.01332939354609
0.01384792198652
0.01424589975695
0.01447744909315
0.01463580637999
0.0148554800791
0.01477783426603
0.01461433556076
0.01490731805061
0.01511179298121
0.0144904233786
0.01251876217416
0.01041628185562
0.00961857679323
0.00907304910945
0.00760479114
0.00618033837541
0.00524106439653
0.00415164660672
0.00268725869406
0.00121419865579
0.00051108129974
-0.00026741532745
-0.00251149734602
-0.00538243981018
-0.00761022041389
-0.00889224389399
-0.00964702330988
-0.01032289994383
-0.01162510049278
-0.01335669983526
-0.0145514551338
-0.01506388263759
-0.01547209207057
-0.0166992471008
-0.01879846505741
-0.02117597528003
-0.02349613829738
-0.02581535778849
-0.02799063355554
-0.03027438285667
-0.03294349066452
-0.03476887811483
-0.03513488633756
-0.03382746281113
-0.03202409630384
-0.03093266032739
-0.03022210510598
-0.02924648297796
-0.02862084511849
-0.02875883982963
-0.02945285935382
-0.02970158246686
-0.0290599846211
-0.02804183984422
-0.02732563945733
-0.02694546234897
-0.02601255477344
-0.02426693527066
-0.02191133404726
-0.01956771080957
-0.01752609592974
-0.01532763980184
-0.0130622716713
-0.01176589699711
-0.01130902239951
-0.01109156198908
-0.0111764905454
-0.01158396754614
-0.01180609281429
-0.0114915867317
-0.01052829761112
-0.00902868898322
-0.00741168809943
-0.00627668679767
-0.00552777323646
-0.00487906695993
-0.00467965508711
-0.00499790329074
-0.00530047776434
-0.00578583725931
-0.00705269395484
-0.00827482910562
-0.00888021953157
-0.00933010084058
-0.00964680581908
-0.00950983779243
-0.00890888673741
-0.00794156764034
-0.00657337142863
-0.00477728286699
-0.00239017586304
0.00077583268478
0.004460841756
0.00816472439056
0.01123938376593
0.01318143263909
0.01417709910261
0.01504288518067
0.0172497067082
0.02018546462772
0.02225044377606
0.02281867046239
0.02265598414921
0.02263764135935
0.02287724904935
0.02300640020096
0.02263364336679
0.02168332053568
0.02019157356034
0.01858377285703
0.01710619476733
0.01537865898448
0.01318974846362
0.01080623965297
0.00896221196216
0.00780843448814
0.00602623975024
0.00377232666797
0.00233777017658
0.00191053349742
0.00165392634306
0.00042059969168
-0.00215589829671
-0.00584903432728
-0.00917680980991
-0.01100863402824
-0.010824811128
-0.01013943206533
-0.01020611218442
-0.01046327745854
-0.01004037620251
-0.0086094338964
-0.00722699523601
-0.0067354196622
-0.00664573669313
-0.00641053479093
-0.0060938458044
-0.00581457003223
-0.00549719339098
-0.00464723776425
-0.00348986689452
-0.00262817316164
-0.00245056634023
-0.00278041511906
-0.00259702720041
-0.00210448891
-0.00218401857717
-0.00195729561758
-0.00081406916577
0.00061386409122
0.00195559407195
0.00349142291323
0.00524541901002
0.00715625635488
0.00972679605499
0.01235222019695
0.01395593335268
0.01490572844877
0.01605216400925
0.01783881890765
0.01964380060394
0.02069335361035
0.02118964841457
0.02187877439587
0.02394500091789
0.02639047701399
0.0274455152662
0.02748184902257
0.02764290415478
0.0282535255542
0.02851785683019
0.02769260719827
0.02695804802954
0.0270306515744
0.02718545384626
0.02717940888151
0.02730430616904
0.02723579656856
0.02652093950716
0.02487258316733
0.02332379283418
0.02266300462414
0.02217884772532
0.02144798270172
0.02083846474825
0.02052476626016
0.02043836164498
0.02059066916949
0.02070784233539
0.02047405572255
0.02016331574894
0.02008263625912
0.02032136439076
0.01982855583605
0.01750020492993
0.01482679688129
0.01299822223131
0.01148367550402
0.00988546358606
0.00827238073498
0.00612791829618
0.00362655186331
0.00139157631226
-0.00048382394599
-0.00221393475588
-0.00378356902304
-0.00471930397891
-0.00471443442397
-0.00387804478559
-0.00278061501869
-0.00168607020323
-2.161164453e-05
0.00245641460374
0.00435884656905
0.00538134915781
0.00628632355893
0.00715750852615
0.00770204310858
0.00850324081726
0.00910902944328
0.00838168265313
0.00634401938914
0.00372733485891
0.00097316192332
-0.00090785871287
-0.00142024687642
-0.00135097094073
-0.00168894875787
-0.00277390478798
-0.00392339321558
-0.0044792677041
-0.00411370405814
-0.00310207600914
-0.00189764556861
-0.00192129289499
-0.00292649856875
-0.00282076605836
-0.00139703453162
0.00022863447979
0.00121531201675
0.00167626392708
0.00204230253455
0.00257512779638
0.00318960965741
0.00346800427202
0.00331168116379
0.00297489346907
0.00232036451618
0.00114312154449
-0.0002467869652
-0.00115683258001
-0.00124587331155
-0.00195543415225
-0.00355287845564
-0.00435042359832
-0.00424104971631
-0.00427727792567
-0.00509816174972
-0.00648604087839
-0.0080219592747
-0.00918080140568
-0.00984668305824
-0.01049595704971
-0.01109545443464
-0.0111488788096
-0.01072389060145
-0.01028348933239
-0.0102322862421
-0.01016364070987
-0.00951395252637
-0.00857013842714
-0.00748301708426
-0.00569014610703
-0.00389553840183
-0.00291686500588
-0.00223928842549
-0.00136196909841
-0.00056066696216
-9.064176764e-05
-0.00012298176933
-0.00173614745882
-0.00395773277326
-0.00494679135467
-0.00474856768524
-0.00442800544352
-0.00436407594331
-0.00424813575832
-0.0037740825863
-0.00322049974711
-0.00281672968507
-0.00241661058983
-0.00186221375936
-0.00120645646324
-0.00081072732375
-0.00070430587928
-0.0005453005978
-0.0005275954078
-0.00076696193889
2.168018611e-05
0.00171777908181
0.00314742603833
0.0040129418521
0.00481604740283
0.00603804662186
0.00736331718706
0.00808768787155
0.00938763675109
0.01202447276301
0.01317896507809
0.01227554029888
0.01093848685001
0.01004222807266
0.00925360005258
0.00832664788677
0.00684006471862
0.00441115310528
0.00170575152099
-0.00071339507548
-0.0029642971896
-0.00525900738713
-0.0075026600213
-0.00922129307431
-0.0103854525354
-0.01144467108862
-0.01254437811208
-0.01349246686495
-0.01394419044893
-0.01343819651477
-0.0112940938953
-0.00898214755225
-0.00785044059636
-0.00694162812238
-0.00537902232614
-0.00367863930955
-0.00293115862888
-0.00331509704863
-0.00330643739675
-0.00246581628304
-0.0019353114561
-0.00210640954563
-0.00243040846175
-0.00212208487485
-0.00093123913327
0.00108528162663
0.00255359460846
0.00260519270042
0.00198658171267
0.00175967004783
0.0025185961816
0.00330417133457
0.00317141719207
0.00225587529702
0.00084565890417
-0.00162958336597
-0.00398549963118
-0.00518985490945
-0.00679871428119
-0.00931091847229
-0.01173320781075
-0.01384693528196
-0.01594030337586
-0.01799952221653
-0.01976367641281
-0.0210401714688
-0.02248597351366
-0.02426468040285
-0.02561193992713
-0.02587747060088
-0.02520670340142
-0.02451006119411
-0.02434446434235
-0.02487674107959
-0.02548085374712
-0.02563707930433
-0.02536121781781
-0.0252345933975
-0.02586402135391
-0.02637488484302
-0.02588070097887
-0.02481889812326
-0.02399430416212
-0.02364025793312
-0.0233878726589
-0.02290240441853
-0.0219841614797
-0.02089032670772
-0.01993195991558
-0.01879710573994
-0.01727801249551
-0.01632415543898
-0.01604312854607
-0.01575067539043
-0.01490251886034
-0.01360396607981
-0.01281275215814
-0.0129337058258
-0.01320802728559
-0.01309913796027
-0.01259408915155
-0.01166795097702
-0.01066712550391
-0.00987190559369
-0.00919660467067
-0.00848152212249
-0.00788413567764
-0.00757211154882
-0.00786628544046
-0.00848208503984
-0.00891335649309
-0.00900851511277
-0.00894176942661
-0.00868473208824
-0.00857348554651
-0.00888044661755
-0.00801821555447
-0.00581090947024
-0.00503206213915
-0.00584264713437
-0.00625676560035
-0.0054612434419
-0.00426918598874
-0.00460420657074
-0.00637758973305
-0.00837844108076
-0.01062507141979
-0.01320531184905
-0.01467463808211
-0.01515699108668
-0.01587711910147
-0.01719648543126
-0.01863182872758
-0.01950932412625
-0.01971976246255
-0.01974899578414
-0.01972358454344
-0.01919815236945
-0.01831424419072
-0.01742320359326
-0.01631758273921
-0.01487218049362
-0.01338493205951
-0.0120262510701
-0.01080742785636
-0.01029736876336
-0.01060590664266
-0.01161331121232
-0.01312820336617
-0.01504446038974
-0.01656955222221
-0.01750772115594
-0.0184991753345
-0.02030155033964
-0.02312785921488
-0.02557499847589
-0.02684999028668
-0.02738903162733
-0.02830673083917
-0.030108738029
-0.03197225033634
-0.03334108302846
-0.03454954824308
-0.03550511644043
-0.03592285868686
-0.03600281853803
-0.03589151442521
-0.03541383427434
-0.03473657433496
-0.03406523142456
-0.0329716525241
-0.03148579059381
-0.03040025565438
-0.02946469341179
-0.02791444780935
-0.0261296959554
-0.02460473365789
-0.02303792037429
-0.02130346326672
-0.01960510003598
-0.01770552583576
-0.01547779320796
-0.01310274414956
-0.01056294261543
-0.00769411269054
-0.00545811861091
-0.00448419163173
-0.00393652901993
-0.00307753473162
-0.00207379552153
-0.00146302571663
-0.00139283663944
-0.00150496130026
-0.00140878942934
-0.0008672846856
-0.00060345699675
-0.00104580800682
-0.00069722479478
0.00110223503411
0.00348160224431
0.00560475058518
0.00739299988301
0.00861852213308
0.00924445904239
0.00943256619146
0.00946385128283
0.00938580087291
0.00938225385391
0.00945743850276
0.00937674462016
0.00930227481238
0.00947866784325
0.00900737968288
0.0078350515234
0.00727468968803
0.00767905944896
0.00857116031404
0.00940288189631
0.00990609962445
0.00987056226819
0.00993420711133
0.01070666085272
0.01134123182676
0.01108985084827
0.0100325401371
0.0080062711519
0.00448700941689
0.00129745860993
-0.00045561507002
-0.00145910704425
-0.00236843477951
-0.00314413649005
-0.00380914018344
-0.00435721698728
-0.00463940329803
-0.00458543679528
-0.00431746094928
-0.00422877907755
-0.00421947814766
-0.00378698330869
-0.0034000543905
-0.0036420272929
-0.00416349025987
-0.00449050526158
-0.00455940826453
-0.00451841284884
-0.0043920714864
-0.00383103798828
-0.00310635546037
-0.00290584973679
-0.00294152302479
-0.00257004394904
-0.00146722952585
-0.00031053143831
-8.380683155e-05
-0.00017953801174
0.00037658163369
0.00180217190712
0.00370117359481
0.00572681729397
0.00739726174308
0.00856348576753
0.00964962680263
0.0107861825239
0.0115765248832
0.01160755250384
0.01060660229336
0.00898404579912
0.00752433074016
0.00699666448793
0.00651369739171
0.00521553801364
0.00430512314424
0.00455469223251
0.00536209962324
0.00638440231237
0.00770850706294
0.00874065280976
0.00950620441679
0.01090541865396
0.01273360309986
0.01416067055159
0.01481467656705
0.01505470324668
0.01540634428335
0.01610724035473
0.01704564916802
0.01747357829949
0.01753185303902
0.01843520745356
0.01911106009956
0.01776220137826
0.01629423446267
0.01622193476525
0.01653080367833
0.01619893831205
0.01522238065377
0.01352792426135
0.01183669504853
0.01179939217876
0.01249686596852
0.0122251368071
0.0114685902785
0.01086643662732
0.00963931518023
0.00795451473944
0.0065989633786
0.00597983744941
0.00591020841101
0.00616444395619
0.00632657214961
0.00617288611728
0.0058942580199
0.00572111455738
0.00568981667244
0.00578221187966
0.0060573105492
0.00663426405369
0.00726516646976
0.0073412162842
0.00713273856345
0.00733141000805
0.00878010180193
0.01088521439877
0.01096139374817
0.00929170412005
0.00799329686645
0.00748387905146
0.00722164272357
0.00732908157719
0.00713547159117
0.00585527279487
0.00446273360608
0.00356379617372
0.0023717675061
0.00078712989231
-0.00062857542448
-0.0016849587613
-0.00245301311168
-0.00282308329484
-0.0032803001206
-0.00431799348189
-0.00530051454587
-0.0057667188589
-0.00602413200856
-0.00620998908742
-0.00620415041908
-0.00604193426982
-0.005855955652
-0.00578833360587
-0.00584697456151
-0.00595310687116
-0.00568748184479
-0.00496878511133
-0.00411650105374
-0.00326436891986
-0.00229140945488
-0.00156427247938
-0.00113702396616
-0.00050570655846
0.00024010216173
0.00062375240618
0.00065053767696
0.00061374047329
0.00065266093085
0.00062226451327
0.00034694259582
-1.143996625e-05
-0.00018861329492
0.000305220505
0.0010552882067
0.00136949396009
0.00169229107965
0.00254580332056
0.0038001942753
0.00525752812988
0.00686654902053
0.00883848528685
0.01065841947531
0.01185929490086
0.01282184679161
0.01390844679626
0.01503348510057
0.01643093382422
0.01844317145474
0.02010560072837
0.02092901128371
0.02141526313063
0.02211425615755
0.02308348149748
0.02411064574557
0.02498164840432
0.02534636127746
0.02516418075256
0.02454916156133
0.02340044234751
0.02152627938799
0.01904581286101
0.01644305573766
0.01412064265009
0.01247866870559
0.0113968694904
0.01044081033956
0.00964694494923
0.00925802662994
0.00919491911701
0.00939890629251
0.01003009336565
0.01053205572412
0.01029775416984
0.01012007218617
0.01026262780722
0.00965740689615
0.00813027608748
0.0061932902721
0.004568933082
0.0034874105279
0.00262138137188
0.00102377506983
-0.00056387431171
-0.00121496914891
-0.00063784804858
0.00025203505007
0.00048286794601
-0.00021573359748
-0.00125192499293
-0.00172287572272
-0.00182479254902
-0.00225390348709
-0.00275529653142
-0.00281892698178
-0.00185179658995
-0.00059781263086
-0.00010959524287
0.00021889968775
0.00108967430101
0.00222756471211
0.00294538988319
0.00285500326743
0.00213333522591
0.00140876416203
0.00142276897004
0.00214710591148
0.00332855748998
0.00472087598958
0.00610116692837
0.00717641583255
0.00806239497143
0.00890311843375
0.00922983598481
0.00895239449163
0.0085358836269
0.00826959973135
0.00803389728048
0.00740605732671
0.00630868033332
0.00494796996288
0.00386227830213
0.00323507322959
0.00245838161608
0.00020566169471
-0.00244701452364
-0.0034768254428
-0.0031589354593
-0.00327187235229
-0.00535530143669
-0.00757788305088
-0.00814953681643
-0.00877299337116
-0.00978334206254
-0.00966793920775
-0.00908659110984
-0.00910820745601
-0.00898350047293
-0.00846859581295
-0.00822668847762
-0.00842351125047
-0.00871762117423
-0.00842291155158
-0.00757917200368
-0.0065284195995
-0.00550211571942
-0.00460730101698
-0.00440245347348
-0.00459262038831
-0.00445866844724
-0.00441707013427
-0.00506494482835
-0.00587385226588
-0.00638924947855
-0.00671123180723
-0.00701228224606
-0.00716238767626
-0.00637278574519
-0.00477395813638
-0.00289238929544
-0.0016402580061
-0.00120259072427
0.00011374055346
0.00306672096135
0.0069432257202
0.01014363475511
0.01187656143112
0.01338354715489
0.0154763715218
0.01696257088266
0.01746080071528
0.01766892021589
0.01803464058316
0.01839853786582
0.01815723502697
0.01768838244367
0.01777942473021
0.01797321542549
0.01775172663776
0.01735064802431
0.01701539236034
0.0166273631946
0.0158080130005
0.01449931811244
0.0126474639514
0.0108695662559
0.00986748861152
0.00928662347111
0.00833746805382
0.00649528423718
0.00497172443546
0.00480248621208
0.00543040612569
0.00586257952607
0.00554915130227
0.00540462547048
0.00621503455402
0.00727620732601
0.00795011215003
0.0084224733716
0.00906021075575
0.00994852951987
0.01109974987784
0.01225862079437
0.01292699879349
0.01342786730119
0.01425970882324
0.01532159643629
0.01619983386238
0.01655178514328
0.0166641127422
0.01681072712529
0.01630499705864
0.01501303776743
0.01376666838496
0.01288084756659
0.01203157159859
0.01081087892353
0.00933424276087
0.00810201827608
0.00722500263652
0.00642723520544
0.0052340407232
0.0039410035732
0.00316496763048
0.00292533595252
0.00284587984841
0.00219424544213
0.001186794016
0.00051515413472
0.00021857409124
-9.596933261e-05
-0.00083327648154
-0.00210678375773
-0.00381833396713
-0.00517246044342
-0.00611867333819
-0.0075745439275
-0.00941079312399
-0.01097871944872
-0.01230696771878
-0.01360835587564
-0.01475336974996
-0.01561005799616
-0.01614795591095
-0.0161627005075
-0.0159788568177
-0.01614144717906
-0.01647248096289
-0.01656523439024
-0.01639618327291
-0.01612660663068
-0.01573719256032
-0.01516517097946
-0.01438183470232
-0.0132869428611
-0.01192041781029
-0.01025830038008
-0.008630169085
-0.00735102895714
-0.00669200306222
-0.00646348900196
-0.0061427876301
-0.0053277904503
-0.00411370565734
-0.00325816403541
-0.00298156531905
-0.00286308720838
-0.00229197716982
-0.00101955830712
0.00031903660776
0.00114645826908
0.00133069088359
0.0015201757409
0.00215393128437
0.00222415202567
0.00143836609853
0.00088567065377
0.00068719846912
0.00017624030755
-0.00030031320901
-0.0005918170813
-0.00145136789017
-0.00249514075886
-0.00287888087819
-0.00198966656373
-0.00042326123528
0.00043995589269
0.00048903381006
0.00044768385238
0.00122067764261
0.00272362443437
0.00417643256138
0.00530268785462
0.00636360635428
0.00734131543442
0.00818551555106
0.00905108893592
0.01037786914312
0.01243479633445
0.01396803127816
0.01447040782866
0.01482129884192
0.01589491656514
0.01780961757001
0.01973138862491
0.02102977668815
0.02118844901681
0.02100257434679
0.02163556851256
0.02242106210648
0.02242972975434
0.022486325337
0.02303598534589
0.02356626308685
0.02354753648971
0.02309155744245
0.02313535944892
0.02345102494935
0.0228100667824
0.02197509403258
0.02198532889353
0.02154598149531
0.02034324140604
0.01953439953558
0.01917051824489
0.018706815076
0.0187682242417
0.01902842958937
0.01849065161436
0.01757765404177
0.01704847974675
0.01693378533624
0.01686906583271
0.01664770498074
0.01609548625661
0.01532056495421
0.01463728563724
0.01407871490254
0.013532840193
0.013454188485
0.01383706024034
0.01373240239035
0.01294153229603
0.0119834837441
0.01146994000079
0.01136767934713
0.01124938034653
0.01064783119182
0.00942720088545
0.00857175041774
0.00840555866468
0.00814414432407
0.00756614494473
0.00710234582402
0.00696371463247
0.00714598791079
0.00776082319436
0.0081998907331
0.00788229500186
0.00784712066333
0.0085944430235
0.00926640482315
0.00989294782813
0.0112399946592
0.01278899928475
0.01395741740751
0.01499148858754
0.01579133657394
0.01585185658609
0.01539035711071
0.01473703075398
0.01390223871342
0.01328392837471
0.01328449289126
0.012524004342
0.0105809047964
0.00910722075144
0.00885246706643
0.00934318387143
0.01034475616955
0.01150566286389
0.01146862226244
0.01089438099611
0.01145238241667
0.01318751278618
0.01500363608813
0.01573910200157
0.0154469862765
0.0147279393189
0.0143587454957
0.01449984744666
0.01499730166872
0.01573948420966
0.01680405847371
0.01788919361389
0.01882486780027
0.01988142528964
0.02118569839793
0.02262193724458
0.02360005411996
0.02377502226628
0.02319684857447
0.02236833658062
0.02202940276349
0.02178861166769
0.02098984473848
0.0196950228846
0.01825405041476
0.01683994445491
0.01631969367928
0.01708454163963
0.01786360646151
0.01775514891939
0.01669783980742
0.0155571213763
0.01481875292026
0.01383670202021
0.01254063599104
0.01167061204087
0.0112907083952
0.01096093317943
0.01035376284719
0.00979156033605
0.00972250381018
0.00952813100718
0.00880968055007
0.00887064673819
0.00978550577611
0.01040931895178
0.00992125521464
0.00847789034605
0.00684425621402
0.00563952672365
0.00497128465628
0.00457693386471
0.00427426024089
0.00384793190564
0.00299442126392
0.00149116790609
-0.00027631309976
-0.00198391105364
-0.00348131598804
-0.00467217884102
-0.00546948410416
-0.00627648849724
-0.00724136562046
-0.00774281943428
-0.00739253451668
-0.00626837257234
-0.0050972566042
-0.00416461609458
-0.00285806093214
-0.00180928993307
-0.00226854733423
-0.00326530445011
-0.00383299860383
-0.00509732856807
-0.00705337521278
-0.0085221305325
-0.00924376818928
-0.009749896456
-0.01028513330693
-0.01009544455201
-0.00842217911935
-0.00697839366194
-0.00696608464245
-0.00836922011072
-0.00907812815919
-0.00797335487957
-0.00712970808509
-0.00761758151779
-0.00870293894635
-0.00991156567987
-0.01133284403837
-0.0125524268707
-0.0135658252308
-0.01478577268005
-0.01612505540957
-0.01720286622739
-0.01766305116282
-0.01799181408687
-0.01883244799416
-0.01952077437694
-0.01925254106022
-0.01783146260135
-0.01632092506099
-0.01599777531849
-0.01661706436577
-0.01742240399475
-0.01855949704622
-0.01960318099955
-0.01939638883246
-0.01891287161246
-0.01940209796584
-0.02017578948572
-0.02065182246366
-0.02130818089794
-0.02222129041432
-0.0229072020096
-0.02234637960549
-0.02134948815706
-0.02174359427149
-0.02305303278616
-0.02390773962725
-0.0240228978049
-0.02410279368818
-0.02479319902709
-0.02557710941596
-0.02576720596612
-0.02535629229098
-0.02490307985457
-0.02482447932087
-0.02486621836318
-0.02467583395755
-0.02429165885664
-0.02384359583464
-0.02325701036648
-0.02234890633679
-0.02114103282507
-0.02025702869451
-0.01970234720697
-0.01871062116492
-0.01745392416808
-0.01660009688535
-0.01591366075345
-0.01500302839326
-0.01397527723987
-0.01281326550038
-0.0112962975888
-0.0097121825926
-0.00840965900585
-0.00769862402534
-0.00738895711294
-0.00730714379242
-0.0071728975991
-0.00687895239264
-0.00670104652138
-0.0067501402708
-0.00691937049821
-0.00710342688121
-0.00734400688301
-0.00793947908902
-0.00887036847791
-0.00999951991696
-0.01102945717268
-0.01185656027395
-0.01282851864159
-0.01382282258924
-0.01416910471669
-0.01405320451162
-0.01394663722038
-0.0135804418916
-0.01314611437283
-0.01339714992477
-0.01334511045443
-0.01204462744309
-0.01092908676991
-0.01081708860557
-0.01084395351637
-0.01070207275646
-0.01080081357747
-0.01141736639865
-0.01214449889639
-0.01208622415686
-0.01161607942237
-0.01149816902664
-0.0112991457587
-0.01064036614012
-0.01009690781729
-0.00979815382537
-0.00932493223581
-0.00852419669506
-0.00763955128649
-0.00713268099236
-0.00678008843346
-0.00606124777228
-0.00504245532061
-0.00415575174548
-0.00422981855561
-0.00493034041489
-0.00541067683202
-0.00541170351651
-0.00525438250934
-0.00550824864
-0.00587380748837
-0.00524684709296
-0.00414694976506
-0.00366655897524
-0.00440071354712
-0.00557581791263
-0.00565601604415
-0.00460850201395
-0.00332616509123
-0.00367524901186
-0.00544504517525
-0.006413181462
-0.00617214888745
-0.00573545295789
-0.00535009285199
-0.00485874116577
-0.00460402266309
-0.00462290917993
-0.00466240294962
-0.00464920157819
-0.0045121983692
-0.00330001342231
-0.00155261305372
-0.00077734872356
-0.00076064031306
-0.00057384754403
-0.00038342779615
-0.00049069009841
-0.00086949381636
-0.00082899527119
1.311355312e-05
0.00107285730503
0.00168331638595
0.00145753839189
0.00104267038226
0.00112245975903
0.00169047759022
0.00243894817386
0.00330876422842
0.00409757775536
0.00461728000641
0.00507741536674
0.00555352190773
0.00534297322684
0.00468475652561
0.00436147724815
0.00402041649898
0.00307508156339
0.0018616540404
0.00090959048333
0.00034592694579
-7.888667802e-05
-0.00053159723843
-0.00100328056038
-0.001401562658
-0.00168505951071
-0.00212966986633
-0.00277717674509
-0.00268302881794
-0.0024348958086
-0.00395979893581
-0.00659891380349
-0.00885551673515
-0.01108568653922
-0.0134879827165
-0.01553487334731
-0.01720739195496
-0.01865848734196
-0.019484744468
-0.02009822843009
-0.02116139060317
-0.02150888012437
-0.0205798106217
-0.01916707997129
-0.01814330602089
-0.01779293794505
-0.01775745176311
-0.01753402794698
-0.01619236561228
-0.01416798048118
-0.01250255751072
-0.01124188970767
-0.00994789463865
-0.00954650578098
-0.01020067171614
-0.01046151834182
-0.01006008470663
-0.00986211850791
-0.01016410287781
-0.01069072325519
-0.01144364600333
-0.01207226156765
-0.01213258807697
-0.01212287775264
-0.01241481116925
-0.01250344826346
-0.01214494347317
-0.01157027522123
-0.01120008349909
-0.01097740011118
-0.00978914235015
-0.00755127401161
-0.00481946808527
-0.00343598514922
-0.00413280486739
-0.0046007379124
-0.0039469685781
-0.0038135667608
-0.00425697611946
-0.00408231501897
-0.00396734874496
-0.00464447755019
-0.00567244779357
-0.00658006566737
-0.00742278812597
-0.00815380187489
-0.00881351382534
-0.00963859074398
-0.0104422943944
-0.01082030459079
-0.01058000924606
-0.00989550654336
-0.00863896626783
-0.00733502259413
-0.00668153152011
-0.00615096752288
-0.00514917133717
-0.00405918263403
-0.00297023180975
-0.00124944223955
0.00063263786468
0.0020019308057
0.00334636294964
0.00469166985434
0.00489708511279
0.00503925372817
0.00679438045726
0.00849246862611
0.00881893830164
0.00890170634278
0.00951994951521
0.01025653326737
0.01075650142715
0.01109318517406
0.01153990966815
0.01210087599999
0.01256586492328
0.0128566661084
0.01301108937056
0.01281688608244
0.0119800470697
0.01018891601883
0.0082253067714
0.00690205759123
0.00647046629858
0.00634311584282
0.00602972919814
0.00511598639974
0.00373963428322
0.00332669282625
0.00368210956709
0.00333872998224
0.00260572683222
0.00242334800689
0.00200433279963
0.00094976790975
0.00017629771873
-0.00057506117465
-0.00203978859683
-0.00387231486265
-0.00525591773848
-0.00547966299321
-0.00499686221347
-0.00458191856183
-0.0049021337778
-0.00595651635922
-0.00748631622772
-0.00809417901227
-0.00702002875645
-0.00510029347935
-0.00360949322866
-0.00359520760165
-0.00407564956578
-0.00376000005731
-0.00264504788863
-0.00138148361993
-5.23183063e-06
0.0010024536156
0.00101527981541
0.00116306081273
0.00202966887807
0.00221335744576
0.00135243036793
0.0002806371686
-0.00050613658254
-0.00077768919261
-0.00179416472763
-0.00577035863132
-0.00835082774576
-0.00863217127968
-0.00854810469056
-0.00866121749521
-0.00922927626585
-0.01062901663884
-0.01167317555369
-0.01170447343864
-0.0112219956967
-0.01023746923965
-0.0082733898283
-0.00703909598255
-0.00729852092207
-0.00799481930202
-0.00822151667445
-0.00807179185314
-0.00819288465095
-0.00877679146409
-0.00901529410895
-0.0089835708376
-0.00939156757737
-0.00976832880089
-0.00970791753413
-0.00980648884026
-0.00973073487726
-0.00855583360977
-0.00733534243353
-0.00707831788875
-0.00703306860897
-0.00678115030028
-0.00676359751375
-0.00657739660754
-0.00593001286695
-0.00616985883731
-0.00697458277544
-0.00644685895212
-0.00505788437349
-0.00423054938865
-0.00396666109024
-0.00363693544958
-0.00301872745948
-0.00231868376011
-0.00180920357643
-0.00199379409124
-0.00258383862256
-0.00253655036658
-0.00236953022947
-0.00298681548288
-0.00394826872528
-0.00466653207633
-0.00516623796781
-0.00515204669342
-0.00451289082152
-0.00459994471068
-0.00537027631762
-0.0048935348954
-0.00363283350921
-0.00324451009122
-0.00325302741457
-0.00258591118191
-0.00106791242792
0.00013224894017
6.779451953e-05
-5.388755039e-05
0.00068346354447
0.00172873677981
0.00253123463568
0.00323526993082
0.004354787807
0.00588515698964
0.00718381371798
0.00796095790424
0.00840808059839
0.00948198617707
0.01155251293989
0.01360978235938
0.01475443481518
0.0145395299216
0.01387229534836
0.01365358756425
0.01402708802503
0.01466009658358
0.01557319330638
0.01673999464095
0.01777449920337
0.01704568115196
0.015325620016
0.01479794576779
0.01553535790401
0.01619759498655
0.01541819433329
0.01381506328528
0.01278061789315
0.01284239807256
0.01322217538166
0.01131395752153
0.00831869987756
0.00729333792452
0.00756862050172
0.00721520915395
0.00596741008934
0.00481288898871
0.004451596798
0.00464809333466
0.00482097292967
0.00400782602082
0.00269951014246
0.00198418931392
0.00172773728167
0.00137354008848
0.0010307040707
0.00102881685829
0.00145802134939
0.00168034187949
0.00143731222769
0.00111859945733
0.00117750044242
0.00168429829293
0.00186076648606
0.00148834868166
0.0014199244783
0.00180717579461
0.00211003332608
0.00229254008717
0.00258856265057
0.00279205727339
0.00286081155102
0.00294361477449
0.0024336596293
0.00118450620474
0.00140059002637
0.00272864591303
0.00305268960667
0.00251953810865
0.00224281305573
0.00203445047717
0.00169681041044
0.00146772431741
0.00088524478761
-0.00035577160266
-0.00125942346785
-0.00146948199485
-0.00149939081726
-0.00201075997246
-0.00289280188827
-0.00322957519022
-0.00304769691356
-0.00303504566591
-0.00333373409074
-0.00361575248581
-0.00342883833772
-0.00313652271302
-0.00331520739323
-0.0032620884649
-0.00256022168092
-0.00185318149457
-0.00136630644058
-0.00073520012689
-8.976300888e-05
0.00032131306472
0.00076972950926
0.00119737142495
0.00126267191676
0.00151133873806
0.00218196520819
0.00156482308291
0.00026287856541
0.00030726763711
0.00121034459096
0.00162266683884
0.00121817042151
0.00084846357591
0.00127991861698
0.00225092418303
0.0031884870211
0.00352570330062
0.00309431510599
0.00197549128131
0.00101243676294
0.00074104839041
0.00144984513477
0.00258405931175
0.00351949201938
0.00404813698019
0.0043788013495
0.00486186759595
0.00558329575791
0.00641817575431
0.00727645200315
0.00816039856261
0.008972397248
0.00962787612392
0.01002437783549
0.01047064016164
0.01114523583878
0.01142998086477
0.01130961250321
0.01133649660437
0.0115021126465
0.01148369469439
0.01126129916194
0.01091930448171
0.01040198663343
0.01061666124264
0.01194443615038
0.01234005670439
0.01136584346895
0.0102503923508
0.00965921558799
0.00935990187711
0.0093848397555
0.0095136134966
0.00941952473973
0.00907415415459
0.00864134907139
0.0083088456255
0.00804142949846
0.00768793179404
0.00718033866285
0.00665147461205
0.0065285283449
0.00642189708578
0.00562337803211
0.0044782458172
0.00353527129641
0.00283848196298
0.00214358927722
0.00131987119629
0.0004244764651
-0.00036291649512
-0.00055667680567
-0.00036309912342
-0.00031219780161
-0.00049873357968
-0.00070256131525
-0.00078247255082
-0.00078327134974
-0.00079916161104
-0.0008586890016
-0.00093318487629
-0.00099514432568
-0.00104401722599
-0.00109214538025
-0.00114592957454
-0.00120285523146
-0.00125874796703
-0.00131269096158
-0.00136611949445
-0.00142019922035
-0.00147481403757
-0.00152941142354
-0.00158373902498
-0.00163797275355
-0.00169224310374
-0.0017466301953
-0.00177797605616
-0.00139538815829
-0.00040798730451
0.00064070069623
0.0014219642541
0.00207841080414
0.00282918902908
0.00370064426059
0.00459409324877
0.00539128017132
0.00582043268852
0.00621530002073
0.00727258834314
0.00815676358778
0.00799185598993
0.00752952972968
0.00772811321845
0.00899588465468
0.01027968324348
0.01072405052115
0.01081864782267
0.01095710630095
0.01064015184772
0.00961208085492
0.00831424291546
0.00832540051309
0.00940736124718
0.01022808035393
0.01002999421544
0.00908225728591
0.00813070627148
0.00757696511179
0.0073566373411
0.00730363995174
0.00733402469519
0.00746096255811
0.00759750519836
0.00766885337355
0.00783330040266
0.00791022977547
0.00725742475697
0.00658374382053
0.00683321535777
0.00841536973842
0.00999316790638
0.00900815369424
0.00783714966989
0.00932714232609
0.01138475397375
0.01173719300974
0.01055808585407
0.00922661200361
0.00849970019505
0.00876441207993
0.00913253284193
0.00859096317078
0.00786758558764
0.00770406769201
0.00690158582811
0.00576896573072
0.00577277181963
0.00637921451723
0.00663810532494
0.00663348204635
0.00656890327215
0.00633701810457
0.00600943378872
0.00591358111754
0.00649324526098
0.00701509683283
0.0067976859975
0.00650442844576
0.00664213530144
0.00688013739763
0.00702084594612
0.00714326607746
0.00710861147796
0.00716794328672
0.00796438018587
0.00912869796747
0.00997302601987
0.01022516821615
0.01043706821853
0.01131210405218
0.01205067560623
0.0120264637633
0.01304277586038
0.01490168887709
0.01581819828634
0.0160386507944
0.01677111501503
0.01886011410266
0.02109121783779
0.02138107229827
0.02038262962872
0.01969975650779
0.01957326002324
0.01979684375908
0.02040986395403
0.02064748863973
0.02011591554917
0.01872264712654
0.01746932443541
0.01713483638601
0.01560613836426
0.01473190372832
0.01568423515089
0.01436586192245
0.01077380633814
0.00778882193585
0.00665356796096
0.00548472605099
0.00240707137959
-3.243577759e-05
-0.00032801721848
-0.00057812763494
-0.00156401612809
-0.00209609632402
-0.00216140912965
-0.00214244105376
-0.00170958959385
-0.00113346255439
-0.00088211835743
-0.00090668026459
-0.00058899993582
0.00091731476487
0.00250599930665
0.00302925817188
0.00332703345521
0.00394150412187
0.00401133785748
0.00370291991796
0.00378002200404
0.00451582534805
0.00543290247225
0.00705883647061
0.00710789503769
0.00674470779851
0.0065481904723
0.00690429166947
0.00777991760682
0.00839480886229
0.00845749098882
0.00837391535318
0.00848934059674
0.00881369933219
0.00946869844901
0.0102940696199
0.01078834783667
0.0105079990033
0.00925088941362
0.0079348734016
0.00714653643537
0.00664719676002
0.00604079724074
0.00538511846519
0.00547857873763
0.00577932053144
0.00474088354354
0.00330408657713
0.00285962334763
0.0025095175401
0.00172775487284
0.00105176629509
0.0003640129046
-0.00058131099653
-0.00160688756181
-0.00245021291769
-0.0031088661997
-0.00393850722665
-0.00497206026684
-0.00581578222357
-0.00630152392664
-0.0066182496947
-0.00721580405524
-0.0072951738027
-0.00585363201872
-0.00524825758474
-0.00657161231191
-0.00778553718516
-0.00756400841751
-0.00640595469065
-0.00593245324161
-0.00623397864196
-0.00577167157208
-0.00495482412132
-0.00516361208629
-0.00527123804596
-0.00446587762742
-0.00378020111411
-0.00358220293145
-0.00346780597159
-0.00378540809962
-0.00454386886705
-0.00495504161212
-0.00498386553926
-0.00505886787966
-0.00509664571094
-0.0050170456791
-0.00496600090932
-0.00531776188577
-0.00601190774651
-0.00649041628144
-0.00679005622851
-0.00735132161019
-0.00808352036411
-0.00846496243731
-0.00792775377645
-0.00738706526286
-0.00774425231481
-0.00859505391677
-0.0090372942624
-0.00842841758694
-0.00797970689014
-0.00880259450806
-0.01034570929098
-0.01135348807275
-0.01126230985446
-0.01092484250101
-0.0110210645867
-0.01124468190567
-0.01131549914746
-0.01140296243106
-0.0118739403472
-0.01259436261424
-0.01296152225883
-0.01235105118393
-0.01046455521696
-0.0087310144493
-0.00801983873945
-0.00791336260244
-0.00776992902222
-0.00752995991368
-0.0070105966924
-0.00622546451701
-0.00544185637638
-0.00506739639738
-0.0052961983131
-0.00541079997019
-0.00511144627939
-0.00492681738385
-0.00489325823432
-0.00460387713616
-0.00412281628278
-0.00368599721506
-0.00332242616859
-0.00258097765909
-0.00103747826929
0.00051875888473
0.00134642122519
0.00133642448468
0.00093038500214
0.0003354344542
-8.90117381e-05
-0.00013988598551
0.00024448268221
0.00067390098595
0.00084852658427
0.00080784924887
0.00079958731729
0.00103511929376
0.00123517868146
0.00109010160646
0.00054864787709
-0.00018900365892
-0.00088876557977
-0.00174602729803
-0.00301112327764
-0.00462972495765
-0.00626419067213
-0.00764549870022
-0.00860023211673
-0.00938435679799
-0.01080613250677
-0.01225048727831
-0.01252560353902
-0.01230374373758
-0.01248476164625
-0.01297593102401
-0.01344536091743
-0.01384387761725
-0.01405604468553
-0.01410550625027
-0.01416628693153
-0.01405146938285
-0.01357213246386
-0.013040297105
-0.01269308424488
-0.01247534077658
-0.01198497099733
-0.01106292196959
-0.01022536811578
-0.00962728282182
-0.00880869384551
-0.00772970761788
-0.00666126009864
-0.00565007022962
-0.00460470232182
-0.00349934213689
-0.00257599136277
-0.0020930482545
-0.00179122860189
-0.00148173440277
-0.00136790851616
-0.00148728377636
-0.00168318685099
-0.00173349439095
-0.00162423085353
-0.00149018392016
-0.00161717359707
-0.00200611270592
-0.00189927674957
-0.00138673154488
-0.00125088535494
-0.00141664324585
-0.00137239378405
-0.00100672395141
-0.0005445368213
-9.010096719e-05
0.00083566632157
0.00230387839407
0.00257068522705
0.00157558040153
0.00055954544529
0.00067963650608
0.00198698471032
0.0036685691659
0.00469979857281
0.00430010166559
0.00336945215626
0.00289213502311
0.00260823117476
0.00218214751665
0.00185073152473
0.00175872971998
0.0018246374269
0.00193811005089
0.0020028983199
0.00193420161337
0.00171187644559
0.00139388139485
0.00118287230514
0.00125295247701
0.00181148083299
0.0023128354966
0.00229739045174
0.00213980557707
0.00233492360588
0.00309523304508
0.00368143150755
0.00351345664982
0.00292045200481
0.00262734637678
0.00312540349612
0.00351875798795
0.00318229972782
0.00353557354465
0.00457524031506
0.00472786288138
0.00415159863081
0.0038409146291
0.00365961526176
0.00336433632498
0.0031765618089
0.00297511255906
0.0025393361678
0.00203774802143
0.001680711294
0.00154935516954
0.00175532023193
0.0023273402136
0.00308266975326
0.00387732354773
0.00479847382674
0.00572903058265
0.00651928018852
0.00727728838319
0.00807394277314
0.00878444362185
0.00906628770443
0.00883021903744
0.00857038310429
0.00849390310584
0.00832537172754
0.00757113124105
0.00630489823236
0.00595450137097
0.00637710517635
0.00618998153346
0.00537175397567
0.00470027833192
0.00433251898845
0.00398553641271
0.00343312258655
0.00259756612981
0.0016694817325
0.0014980802753
0.00186588551573
0.00188766657919
0.00140317848667
0.00078504166084
0.00018016745568
-0.00015914685839
-1.94522328e-06
-0.00030909599906
-0.00169647297986
-0.00330875303404
-0.00427918416853
-0.00458630196087
-0.00524051587195
-0.00653718639759
-0.00752334723399
-0.00786973171005
-0.00797479735528
-0.00787423824726
-0.00769274697628
-0.00797614867677
-0.00825345263901
-0.0077845504806
-0.00735899615671
-0.00721398896662
-0.00612997326435
-0.00485441693701
-0.00494746301742
-0.00576398583119
-0.00613400643925
-0.00572565947532
-0.00528114347233
-0.00548115184564
-0.0059048974777
-0.00604433146616
-0.00596248616171
-0.00582501438799
-0.00558860829042
-0.00511551463662
-0.00443047460372
-0.00359817251293
-0.00283278562318
-0.00233087443902
-0.0020585039996
-0.00202054705825
-0.00268419943016
-0.0036251589627
-0.00402963267143
-0.00382779801511
-0.00359288236918
-0.00419095327035
-0.00500568178506
-0.00490475326252
-0.00432767022308
-0.0040475372813
-0.00410246650066
-0.00423550210183
-0.00435436561899
-0.00412504876183
-0.00339721901417
-0.00251587114987
-0.00194454521971
-0.00185777438843
-0.00196743612591
-0.00201613487366
-0.00179939410189
-0.00156943724608
-0.00178836124163
-0.00207270646836
-0.00193691864911
-0.00163840133836
-0.00151573573028
-0.00159649853827
-0.00197484040812
-0.00263183532282
-0.00291341393871
-0.00302076483649
-0.0036698053452
-0.0046099764736
-0.00534764608054
-0.00593859575737
-0.0066061069917
-0.00735495018824
-0.00774750028396
-0.00771343418897
-0.00765070088814
-0.00768764713697
-0.00763367743583
-0.00742156953784
-0.00722694246251
-0.00759226143132
-0.00827058003913
-0.00865660701019
-0.00879148648554
-0.00891211231781
-0.00868668310861
-0.0082448057807
-0.00804909444979
-0.00820142276385
-0.00841893914618
-0.00828429795119
-0.00800150074718
-0.0080015439255
-0.00807334147506
-0.00797692908492
-0.00794736153115
-0.00813454434434
-0.00846026879405
-0.0087797915577
-0.00901909060268
-0.00905591851093
-0.0090585172061
-0.0092614313204
-0.00948065724435
-0.00956478620215
-0.00972267652346
-0.00996682113542
-0.01009852940307
-0.01002287299109
-0.00986658826359
-0.00990609642605
-0.01024254988859
-0.01080253751186
-0.01118873239861
-0.0112062563996
-0.01092568687703
-0.01081231820085
-0.01118537088647
-0.01161959925502
-0.01157602593372
-0.010765071524
-0.00973038945071
-0.00900596599271
-0.00869472706964
-0.00854656946141
-0.00843385005922
-0.00829026455529
-0.00808235454948
-0.00789691486105
-0.00773708951134
-0.00730137548876
-0.00673737388097
-0.00641146072601
-0.0061635244179
-0.00576674444605
-0.00527780434894
-0.00496995572356
-0.00502909882707
-0.00519626129272
-0.00519839462155
-0.00484834798431
-0.00427754499158
-0.00369925455838
-0.00358348548747
-0.00406410336327
-0.00461111510188
-0.00484172570944
-0.00479111752044
-0.00460330942121
-0.00447756615847
-0.00490391368408
-0.00541958595863
-0.00526237209767
-0.00496481270593
-0.0050837721749
-0.00540176130861
-0.0054667766636
-0.00513143624218
-0.00480403423479
-0.00471075147323
-0.00461680824329
-0.00437906361781
-0.00409108341625
-0.00390562133906
-0.00376467451021
-0.00324341144286
-0.00268070678386
-0.00271779536122
-0.00298467255887
-0.00298339320125
-0.00268454805511
-0.00234215357562
-0.00211262082687
-0.0020625851504
-0.00208900228603
-0.00195736278386
-0.00174505178784
-0.00167999965133
-0.0017286360304
-0.00175429034905
-0.00169826887812
-0.00150575258294
-0.00112502998848
-0.00075897362992
-0.00048470894163
7.387853667e-05
0.00058244898514
0.00040062907917
9.521809381e-05
0.00025457809318
0.00052005999142
0.00057695254497
0.00053446315942
0.0004744166695
0.00038686798878
0.00035072117854
0.00032171526277
0.00018971993926
5.938423044e-05
1.982967527e-05
-0.00010141090433
-0.00035195879712
-0.00060069470373
-0.00056008517428
-0.00026035631186
-3.313804897e-05
2.295255524e-05
4.400235387e-05
0.00018393308492
0.00046703477604
0.00086868366315
0.00118457880828
0.00123480015152
0.00124387143672
0.00140586545751
0.00159189460996
0.00164749437263
0.0015268039328
0.00151755593633
0.00180426845442
0.00216665769428
0.00236098891817
0.00230702561381
0.00223404945604
0.00230326750081
0.00235173916258
0.00231553813957
0.00231705257915
0.00237406555222
0.00240517952951
0.00230314916023
0.00216354245848
0.00213664396455
0.00216033287006
0.00214747372679
0.00220214547543
0.00230664820331
0.00234510889172
0.00234854716532
0.00237589663282
0.0023395868644
0.00226574873944
0.00225737054624
0.0022380490478
0.00210334548413
0.00183462920991
0.0016097965012
0.00158583765124
0.0015893576438
0.00149854564164
0.00141590393706
0.0013976625363
0.00141204587424
0.00145900133732
0.00153856714634
0.00162667442658
0.00172532409336
0.00185352052434
0.00195913949175
0.00201915735603
0.00207059392909
0.002142848849
0.0022332146752
0.00232092263594
0.00239406031261
0.00244811796959
0.0024964073229
0.00255071605382
0.00259244550094
0.00262021395806
0.00268436254825
0.00277386480806
0.00283703628887
0.00283610075861
0.00279062279366
0.00272638624763
0.00267450030021
0.00265431683458
0.00265641338188
0.00265723376995
0.00263146590831
0.00258684511297
0.00254409857653
0.00252084785101
0.00250255783466
0.00245388467405
0.00240281751551
0.00239252028587
0.00239232198544
0.00237336350473
0.00235083081867
0.00233914388683
0.00233746153156
0.00234629069832
0.00234864951393
0.00230985299415
0.0022625999205
0.00225237785313
0.00226090477166
0.00226169157659
0.00226047938525
0.00225283202508
0.00222964046985
0.00223113891746
0.00225857953919
0.00225764560812
0.00222974281846
0.00220939143714
0.00220175367216
0.00219503384627
0.00218586245134
0.00217392284636
0.00215968839366
0.00214474709587
0.00213218060566
0.00212556632677
0.00210976466098
0.00207718581922
0.00205619955669
0.00205857116587
0.00206953206227
0.00207238822815
0.00206402442772
0.00204047145396
0.00200762874469
0.00197960921365
0.00196970058889
0.00197382811641
0.00195574599567
0.00191643453444
0.00189580329364
0.00189223068749
0.00188243080813
0.00186465253482
0.00184558370952
0.00182416086619
0.00180702706928
0.00179806676836
0.00178555625005
0.0017669943702
0.00175011164722
0.00174279692004
0.00174219722116
0.00172803473232
0.00170206217346
0.00167946232113
0.00166423316787
0.00165191295401
0.00164373625963
0.0016382718034
0.00163242194069
0.00162686792942
0.00162278358023
0.00161938208816
0.00161703446693
0.0016166218741
0.00161477959912
0.0016104409776
0.00160694193451
0.00160428566826
0.00160001421301
0.00159480290967
0.00158997221522
0.00158496800789
0.00158022910736
0.00157651529211
0.00157061409517
0.00156228835563
0.00155633630423
0.00155375136216
0.00155203686303
0.00154816216856
0.00154236763807
0.00153681954384
0.00153310540875
0.00153113535794
0.00152801340551
0.00152313537483
0.00151946281886
0.00151678112537
0.00151284758046
0.00150808021421
0.0015037222424
0.00150030555796
0.00149678812411
0.00149211830888
0.0014863831086
0.00148024826897
0.00147468050462
0.00146962464323
0.00146452048609
0.00145924393551
0.00145397090317
0.00144886354763
0.00144395881036
0.00143920359801
0.00143431869079
0.00142924731719
0.00142424566858
0.0014192467386
0.0014140267996
0.00140880893955
0.00140373372788
0.00139839496853
0.00139283759896
0.00138738545655
0.00138189045565
0.00137619395594
0.00137060987977
0.00136513310972
0.00135955127243
0.00135412743581
0.00134893628235
0.00134364917707
0.00133825572519
0.00133294894979
0.00132762874113
0.00132222777303
0.00131685974838
0.00131159023427
0.00130639204434
0.00130121960149
0.00129602892779
0.00129076964854
0.00128549309796
0.00128025604755
0.0012749846144
0.00126965049273
0.00126432212817
0.00125900255919
0.00125365132611
0.00124827562532
0.00124289544677
0.00123750295441
0.0012321019863
0.00122670261739
0.00122130212905
0.00121589252527
0.00121046804897
0.00120503349773
0.00119959478857
0.00119414744375
0.00118868394704
0.00118319678221
0.00117769282582
0.0011721813532
0.00116666156475
0.00116112962241
0.00115558568609
0.00115003135499
0.00114446726878
0.00113889230804
0.00113330487356
0.00112770368598
0.00112209098419
0.0011164685273
0.00111083487602
0.00110518891093
0.00109953015227
0.00109385955954
0.00108817697284
0.00108248287192
0.00107677693694
0.0010710591679
0.00106532988464
0.00105958924709
0.00105383725524
0.001048074069
0.00104229952847
0.0010365141134
0.00103071798371
0.00102491081956
0.00101909326063
0.00101326498708
0.00100742631874
0.00100157741555
0.00099571843742
0.00098984922442
0.00098397025632
0.0009780813732
0.00097218273498
0.0009662746615
0.00096035699284
0.00095443020875
0.0009484939894
0.00094254881454
