3.602842972e-05
4.521540572e-05
3.355653194e-05
2.525730026e-05
5.437191462e-05
7.194224224e-05
5.92795899e-06
-1.104678057e-05
7.260539535e-05
0.00012048998877
0.00011672743021
-5.57875945e-06
-6.414856692e-05
-1.181442784e-05
-4.674094657e-05
-4.395024474e-05
0.0001682729071
0.00024838901516
9.09693901e-06
0.00015517393904
-4.918540738e-05
0.00018471511539
0.00041094093679
-0.00012559356701
0.00024500167981
0.00046656201
0.00043595802787
0.00050402892848
0.0004719401087
-1.13578133e-06
0.00036575850066
-0.00016488828529
-0.00041602129913
0.00060945503991
2.79170659e-06
-0.00067080282719
-0.00037968517583
0.00067975730501
0.00084035223186
-0.0003261708701
0.00055191420782
-0.00023653224845
-0.00132913359097
0.00080626179455
0.00130906842102
-0.0011170126343
-0.00167576053248
0.00098517572409
0.00145109997525
-0.00071655035941
-0.0014580338407
0.00098589406019
-0.00043118030136
-0.00169856563079
0.00108350862457
0.0018807501378
-0.00125992986001
-0.00225550902045
0.00108088402195
0.00209683061129
-0.00080281559031
-0.00161873158082
0.0013843927072
0.00245908984279
-0.00195686587509
-0.00252874507777
0.00207775965468
0.00234810653858
-0.00052168341374
0.00133498656034
-0.00082324633529
-0.00307005165485
-0.00215946303678
0.00131295934541
0.00246773776521
0.00182914074181
0.00256078151102
-0.00060873278424
-0.00295686510152
0.00187876774122
0.00831949282405
0.00490508154666
0.00301755507986
-0.00109856730095
-0.00538571171313
0.00080182891459
0.0079778723761
0.00474063458958
-0.0058162407633
-0.00407185312851
0.00219656023453
0.00316544714109
0.00418183392799
0.00381959354056
-0.00172916539184
-0.01011275520281
-0.0043839931534
0.00958006338257
0.0079118276657
-0.0046534935615
-0.00800298775787
-0.00576552231512
-0.00314471639845
0.00285601463275
0.00352640462397
-0.00158556676442
-0.00411185306742
0.00460358917732
0.00673518107495
0.00188652848464
-0.00137660181327
0.00166081416679
-0.00325871173944
-0.01104534842293
0.00057158010953
0.00704527990975
-0.00219831876351
-0.00352932470167
0.00727326682292
0.00363834445338
-0.00934404512508
0.00034267172114
0.0114478201545
-0.00667909960333
-0.01209466183714
-0.00246813725958
-0.00281571544995
-0.00378055012685
0.01497788806645
0.0158502556262
-0.00790648348633
-0.01798571131275
-0.00122467410516
0.00870385163173
0.00251273816758
0.00676432758102
0.0062071799216
-0.01225311788623
-0.01540265610632
0.00761831990738
0.01936703469719
0.00801273391292
-0.00821385294545
-0.01172609436343
-0.01018062401957
-0.00037153119428
0.00719731012962
0.00375093025764
0.00332213787733
-0.00155626422942
-0.00493497126301
0.00480362580624
0.01113126232491
-0.00268167001427
-0.01732869383018
-0.00695334645678
0.00468118229001
0.01055358593133
0.01278920163978
-0.00426298857066
-0.0157947108338
-0.00025010465503
0.01289267821869
0.00388269254532
-0.00474470867837
-0.00281039689852
-0.00650069295626
-0.01188494236926
0.01007309219595
0.02185497255592
0.00249445413951
-0.01065535146832
-0.00270080654825
-0.00239834559351
-0.00984102365636
-0.00428282308914
0.00352251294582
-0.00192642440426
0.00656436406711
0.01012216970216
-0.00193167888584
-0.01010305427354
0.00011966484446
0.00700069709206
-0.00148837581482
-0.00996824376845
-0.0114708023871
-0.00526114560041
0.00523953597016
0.01572133200982
0.0096012441217
-0.0073395806267
-0.01068399446074
-0.01128981636319
-0.01789131757749
-0.00716654529447
0.00853310924642
0.00682539896343
0.00172723425114
0.00286111157787
0.0026515406013
0.00597405611387
0.00829979699795
-0.00063391238662
-0.01426179818083
-0.00626115010318
0.00739108449588
0.01038521036171
0.00555863925726
0.00258250345195
-0.00220912923186
-0.00319828331684
0.00202714221074
0.0097014041436
0.01087576683258
0.00434256935627
0.00272433827404
0.00448078385487
-0.000618774339
-0.01013166711543
-0.00491445308152
0.00375527570109
0.00715017054797
0.00292997310045
0.00211411665721
0.00434975648607
0.00332624663922
-0.00022018139623
0.00180990998746
-0.00175197652025
-0.00394681591394
0.00128139326024
0.0028300218709
0.00325363363839
-0.0011857090828
-0.00941054963089
-0.01102761991815
-0.00542975332902
0.00267684442381
0.00631260045518
0.00308594625436
-0.00194448682603
-0.00145861273065
-0.00917358163207
-0.01217663355885
0.00382783593851
0.01242407132516
-0.0093099072007
-0.01444772135212
0.00242320771093
0.00443293724357
-0.00553686153787
0.00045455396306
0.00726431965661
0.00309474191432
0.00644581147527
0.014513735912
0.01096407016314
-0.00215218922423
-0.00991084471918
-0.00386690874897
0.00244111410376
-0.00220864079346
0.00203275020715
0.01376092269506
0.01694652847271
0.00545342073215
-0.00616566341162
0.00029459332773
-6.530016597e-05
-0.00395614523808
0.0040401619187
0.0071319046102
-0.00175957595839
-0.00367875896191
0.0052844150167
0.00019555505587
-0.00967551238598
-0.00320214785953
-0.00231599774408
-0.00697083074236
-0.00357928335678
0.00093516807438
0.00305190104282
0.01068908989833
0.01307160646972
0.00323570764772
-0.00447582107955
0.00045870259901
0.00340186715424
-0.00177650321315
0.00188540613159
0.00392946504441
0.00394978272495
0.00197549588037
-0.00277093740765
0.0060698465719
0.01639262576282
0.00465641213167
-0.00987440028015
0.00124149960191
0.01177776481422
-0.00793642295103
-0.01581785889425
0.00105632416348
0.0086471761949
-0.00844557475408
-0.01211731995166
0.00463516355388
0.00010274520271
-0.01789161154504
-0.00142209593038
0.02104619243933
0.0065624758909
-0.01094953761331
0.00390053562207
0.00325779968626
-0.01700654307944
-0.01643502492922
-9.57552573e-05
0.00207673302953
0.00456622288619
0.02105571246549
0.01156517350947
-0.01234072775487
-0.00671369958441
0.00990210860649
0.01238449123222
-0.00036810134669
-0.00938940657991
-0.00954025716075
-0.01617790884653
-0.01891166388121
-0.00468018883043
-0.00166096115056
-0.01587675039418
-0.00787372494816
0.00598658817681
0.00018681351609
-0.00417862289779
-0.0006513228788
-0.00677267098321
-0.02416638666746
-0.03243736730751
-0.02820217676099
-0.01888316410376
-0.00525409791675
0.00280969062262
0.00275688425106
0.00654801871736
0.00741101323473
2.602100535e-05
-0.0088350139241
-0.01227316798092
-0.01755545587854
-0.01860602807689
-0.00133974883471
0.01911255678485
0.01846423018918
0.00690528276175
0.00880311467571
0.01613439411095
0.00553210378607
0.00136247026532
0.00798516880154
0.00180387837626
-0.02006229057464
-0.01665429457378
0.01308492546119
0.02135628298273
0.00917005402142
0.00492678916609
0.00331232237609
-0.00264467758956
-0.00351722152985
0.00386759542703
0.00306071177804
0.00109196659873
0.00759614420115
0.01494537827005
0.01605360579708
0.01368180773496
-1.258926602e-05
-0.01053856343557
-0.00024555697698
0.00664850059604
0.00324881709309
0.00912831816642
0.01682382340073
0.01052511630439
0.00269240510632
-0.00128325053217
-0.00877181843768
-0.01098352478509
-0.01055859091737
-0.00449768171287
-0.00348406048226
-0.01348681679528
-0.0187109820312
-0.00634175525265
0.00457933007027
-0.00180928888678
-0.0183177514335
-0.01370983264175
-0.01120066128048
-0.01226848711294
-0.00367363186627
-0.00140222372374
-0.0030103385533
-0.01097219572783
-0.01131317547726
-0.00215872811789
-0.00730787811044
-0.02117991752575
-0.01789065426609
0.00391416968646
0.0154443618108
0.01265314742581
0.01731044522896
0.02242082994632
0.02110142818891
0.01774436395115
0.01537846785299
0.01510928402533
0.00778974821698
0.00206004019505
0.01203763213172
0.02139886305224
0.01897310309994
0.01104610972352
0.00971652462854
0.00827161380094
0.00433569503809
-0.0076774902996
-0.01706007532474
-0.00842321060711
0.00312741376974
0.00508689595606
-0.01204544865359
-0.03121098743678
-0.0294274033744
-0.02143047587071
-0.01950761902654
-0.01548070072302
0.00244881605367
0.00064094363824
-0.0146737748633
-0.01420714282873
-0.00985494565819
-0.00999636666443
-0.01683391628674
-0.00737616451188
0.01155095000245
0.01939436614206
0.0153947792834
0.0110609588538
0.00994255552683
0.01287087185631
0.01552983099264
0.01850632031277
0.01191491198448
0.00251371202933
0.01066039414251
0.03174741038366
0.03418619535988
0.01932508778856
-0.00351423512101
-0.01447989949281
-0.00946815219616
-0.00889569937987
-0.024750982605
-0.02655423988059
-0.00219950367888
0.01833619601309
0.01924237737915
0.01977510688754
0.0110482956361
-0.01188589211059
-0.02204641327206
-0.00959724164039
0.00741508280094
-0.01021248557982
-0.02373483476096
-0.00021452583738
0.01554011231939
0.00137435710718
-0.01556995379491
-0.01392110486132
-0.00346528726202
0.00094905540313
0.0055548289855
0.01901162038711
0.01258789416651
-0.01761138509005
-0.02366307652733
-0.01451960018782
-0.01553048676641
-0.02792764121633
-0.02390976053068
-0.01183201313433
-0.01528122489374
-0.00787251892743
0.02308993778675
0.02462601624415
-0.00270974843822
-0.01447405782988
-0.01625330775524
-0.02649587601473
-0.02750421487453
-0.0229747552691
-0.0108308500979
0.00612859033429
0.02742063010008
0.02832240949047
0.02558410926515
0.02432249851374
0.0128918415418
0.00443356362059
0.01440417646602
0.03154448232004
0.02343600543615
-0.00165600817416
0.01832670613745
0.04861094201703
0.03567881938274
-0.00054489569479
-0.01702377410067
-0.03054059066169
-0.04194271016803
-0.01689219723867
0.01457288369134
0.01088897275961
-0.00608290777644
-0.00421321458747
0.00431718261983
0.00556723818508
-0.01710216544833
-0.0333918648792
-0.01613275844533
-0.01215222671426
-0.02858846520185
-0.01112752366064
0.01577711800636
0.01423980337771
0.01005910989307
0.01050920436834
0.00354402081807
0.00053318334906
0.01220743231332
0.02084935478041
0.02530297075697
0.02888755834369
0.02732233941032
0.01794021418059
0.01427388853868
0.00802518607699
-0.00085169787191
-0.01010902407617
-0.00713816385781
0.01708680375924
0.03868782603689
0.03122135921508
0.01742373580159
0.01021971416659
-0.0069297634751
-0.0211584503567
-0.01417611794536
-0.00186552261852
-0.01249861848173
-0.03260273536293
-0.0349579581776
-0.02250899759955
-0.01209860401741
6.900102903e-05
0.00441207308488
-0.01348604795707
-0.03221507507349
-0.03487070257755
-0.02312643498919
-0.02391371024858
-0.03383039663069
-0.03519927538869
-0.02175262662145
0.00071827376303
0.0164817733079
0.01651816498352
0.00432697249313
-0.01134682345572
-0.01301144111039
-0.01312827436892
-0.00718157683539
0.00197523281709
0.00336737119246
0.01005145919905
0.01593455647545
0.00256934124317
-0.0156776815969
-0.01621818240139
-0.00976876040155
0.01479727138638
0.03306917895676
0.01870763532367
0.00181775439856
0.00287048612779
0.01487013765156
0.00299985597184
-0.02015154364653
-0.02107041838081
0.00357558614947
0.02884775212186
0.03559443561956
0.00494249532486
-0.01401968951863
0.01144930506753
0.0274551599812
0.00803292722258
-0.00463438491674
0.00354307861437
0.00517824072016
0.00351517883223
0.0029562183729
0.00315822458442
0.00203424642662
0.00516319485775
0.01722504388579
0.03402136247617
0.03678467255644
0.02104462461237
0.00257694821895
0.00781417767446
0.02497408136539
0.03290054710774
0.02452970041334
0.00985906874158
-0.01265188864167
-0.02330442103653
-0.00708426528371
0.01332774266057
0.00512567404521
-0.01519164770378
-0.01356912771033
0.00531773963085
0.00927329693382
0.01936565531098
0.02401326726011
0.00698767432943
-0.01145789042762
-0.00623610180631
-0.01033228112678
-0.01334213199544
-0.00348329390533
-0.00341137059762
-0.0007201201054
0.00458878451906
0.02354376338867
0.02820743802644
0.01747064247048
0.02390712989796
0.02803066553747
0.01634970649998
0.01834602508207
0.0310278682637
0.02908181059567
0.00298035913916
-0.00633370732554
-0.00668710305842
-0.01928460318007
-0.03663511844789
-0.03700168091213
-0.02716123011562
-0.02345971128119
-0.01441956830563
0.00113778935649
0.00581128175679
-0.00817286331578
-0.01149378461969
-0.01022773420447
-0.01096135661649
-0.00492125579222
0.00245319617022
0.00313003309602
0.00303379414904
0.00379114501899
-0.0003445626109
-0.00791540050212
-0.02374599045274
-0.04045907099964
-0.03129250690072
-0.01265848406755
-0.01101201702492
-0.00559202794126
0.01680102207124
0.02660481737509
0.01931093965784
0.01549054486725
0.00754817472648
-0.00976511972646
-0.02872895907964
-0.05216599717104
-0.06873555371306
-0.05990003476778
-0.03809161461216
-0.0245183261303
-0.00315557887644
0.02761537229798
0.05316182356573
0.06666139403027
0.07908865377275
0.0878300427998
0.08292319669406
0.06882048018557
0.04712100892794
0.02457543121202
0.01397866973844
0.01874770536253
0.03062952715314
0.04194298906033
0.06955851964853
0.08108823614844
0.07154102175559
0.07277774325411
0.07608822494106
0.06998534546128
0.06934231781921
0.06075673913326
0.04128755447996
0.01985043041996
0.012402219737
0.01592572991121
0.01338747837501
-0.01247390259433
-0.04839936829228
-0.08069009855389
-0.1059487706618
-0.09906925151797
-0.05392100607967
-0.01370854370709
-0.00599714387328
-0.0151491279353
-0.01752382044719
-0.01773718812778
-0.02240749587959
-0.01709226100306
-0.0182308651773
-0.03923039215188
-0.07684658585337
-0.10659278573335
-0.12476276947651
-0.13473196298629
-0.14003385625846
-0.11198920088049
-0.04534325899086
0.00139831923162
-0.02071336086747
-0.07094168975221
-0.0938792166688
-0.07677053117088
-0.03560552347268
-0.00377143864021
-0.00331469296059
-0.02369795313941
-0.0348464087974
-0.02414202504864
-0.01900764051869
-0.0293527205405
-0.03871611476072
-0.03082420905
-0.01406517911317
0.0094501749496
0.02924432188947
0.04055586170111
0.03313820856848
0.00992678680575
-0.00861049808935
-0.01273336287983
0.00310356320222
0.02289859505979
0.03081528449658
0.03194730832019
0.03130578820404
0.02599526434599
0.02477826882409
0.03708188882852
0.04739589120356
0.03555441080648
0.01672441714179
0.00799214864653
-0.00047801159396
-0.01422564770935
-0.01242190802547
0.01740321083623
0.02587299645653
0.05357424496835
0.09672519947034
0.09433215283043
0.06690167858611
0.03800256505627
-0.00073023937312
-0.03740866014619
-0.03289048437225
-0.01562970458461
-0.01492729549669
-0.02747195381991
-0.02921203822197
-0.0205199754429
0.00450447462465
0.02369870690237
0.02686156411393
0.02557542591587
0.0201602496087
0.00816784325448
-0.00128699522655
0.00119220576573
0.02460040337883
0.03956059309101
0.0324167518906
0.01601710105701
0.00859421680945
-0.00560626200096
-0.02440098785059
-0.04808672249244
-0.04558205863367
-0.0206416930854
0.00130371368896
-0.00991061859029
-0.02929968577875
-0.0375044408053
-0.04106207382863
-0.05999157174143
-0.08188775251828
-0.10454043995057
-0.13451932645576
-0.16388849410401
-0.16800818555243
-0.15851476722191
-0.15025473122001
-0.15643196941562
-0.14800030158812
-0.13168879579487
-0.11687245420564
-0.09684987186364
-0.06101843055711
-0.03335643802016
-0.01993345740981
-0.01524512718567
-0.01273839801639
8.892164232e-05
0.00999490436429
0.01770960040351
0.03828317593037
0.06526805566428
0.09352668173322
0.11167020839655
0.10804920652132
0.09098521916682
0.08920362503866
0.11922102883101
0.1514560032466
0.16008395094844
0.15187132663661
0.14287848228668
0.13296619788025
0.12407970948372
0.12964949011127
0.13111970476137
0.12029385964952
0.10452446017585
0.10088272981927
0.10140229862641
0.09490591719426
0.0984472463248
0.11257020136872
0.11615110305457
0.10558915035441
0.08409363981566
0.05927127585851
0.02006050415643
-0.04370130698834
-0.10797556388029
-0.13732588745458
-0.15581622045501
-0.17765838657827
-0.17172672435446
-0.11826699105473
-0.05606096173109
-0.01887842293475
-0.00330830331199
-0.01259301975463
-0.04501017867723
-0.08201069125677
-0.09808325419226
-0.09309334340851
-0.10858030790171
-0.13783158702328
-0.14388739400632
-0.11589633117468
-0.06595942966249
-0.0095795357485
0.05145948761263
0.08165227697012
0.07511724257347
0.06913894503544
0.07173396999765
0.06655837724677
0.04873246368116
0.03809995123048
0.04037317217292
0.0457057963609
0.04679730542551
0.03814195090251
0.01180743292426
-0.01815688334295
-0.033989214486
-0.01615412008757
0.03945861650039
0.09037316364471
0.10420237726379
0.08957387340376
0.07518083001663
0.06698619802662
0.0571423552968
0.04122361276821
0.01000050482307
-0.02789279475477
-0.05624524169913
-0.03412916565446
0.0191288757529
0.07813423911499
0.1042454171287
0.06559007827531
-0.00745253125223
-0.05685406357815
-0.07331510086707
-0.08105514595458
-0.09368828851147
-0.08960364704061
-0.08113707998814
-0.07305272351892
-0.05815519412146
-0.03869710485891
-0.01669655806286
0.00567472779799
-0.00347461206358
-0.01781497646508
-0.01696556852503
0.01173947365594
0.04217023351699
0.06842013406554
0.07669033079212
0.08290925207933
0.08083760996482
0.06036350099793
0.01827361107467
-0.02051142023332
-0.05047451540454
-0.07763087621145
-0.08881754765143
-0.07517766421221
-0.0398953693713
-0.0102146714924
-0.00799203558209
-0.01052407611151
-0.02561328742926
-0.05130920235401
-0.04988590944806
-0.02060427629215
0.00845094154634
0.01210140047799
-0.00666176004024
-0.03012373713288
-0.03410150255389
-0.01560764194282
0.00399676929271
0.00552624177155
-0.00210151977065
0.00037369049903
-0.00039017152611
-0.00525210195244
0.00100206755198
0.02035835358939
0.04222865768388
0.05850933457214
0.06543703424427
0.06874416922367
0.06712150601526
0.05561968628243
0.05521312915563
0.0467140598444
0.01736399254951
-0.00945589601046
-0.0332888254828
-0.0565429403795
-0.06014392984819
-0.03424650393417
-0.00524637712277
0.01144200864209
0.02052218396837
0.00781108724633
-0.01888009628852
-0.05893600209467
-0.09896877491563
-0.12482126148207
-0.13133173828153
-0.12152897563294
-0.10827654142953
-0.08718813826454
-0.04611044646742
-0.01604970130496
-0.01520921038071
-0.01858770409938
0.00693533227584
0.03985566867629
0.05869700647349
0.0770412074492
0.10054338573546
0.10284839286185
0.07595405513449
0.05023874588882
0.02730771640893
0.00707764724494
0.00255081525718
0.01211400339465
0.01126059297329
-0.01167636862108
-0.03806596405869
-0.03866767041539
-0.01777592400621
0.01486623315944
0.03566057078152
0.03198476280159
0.02691137277022
0.04113402804062
0.04295495351995
0.02930022095045
0.01329017511473
-0.00711859692517
-0.01376226439313
-0.00984629245943
-0.00972689640684
-0.01735995991769
-0.02086394009365
0.00094474387901
0.02794040242322
0.03344149263237
0.02344794504141
0.02790855593823
0.00584119107098
-0.02770995447398
-0.05168622704811
-0.08097848826172
-0.09961135783756
-0.0978512459537
-0.08045085419093
-0.04525611645525
-0.00331081786522
0.05645427524271
0.11325808544444
0.11126453317241
0.0538841169205
0.03929779363561
0.00745033554074
-0.0522762877671
-0.07361840754384
-0.06272793479595
-0.04596660588209
-0.05189740127849
-0.03938665475076
-0.03077595314541
-0.00670642878691
0.02594920942924
0.05481140364939
0.0547658236033
0.04153452491324
0.0302148067735
0.0446328901661
0.06656914098181
0.07984904984505
0.09024442093143
0.10143825311951
0.08824649683424
0.07314279819243
0.04771117517375
0.00496275345812
-0.02471094271666
-0.03035588104877
-0.01571157831714
0.01407311623712
0.03212507577627
0.04174498306882
0.05317873046889
0.06074899798768
0.06034086549629
0.04914444790127
0.0282712289856
0.00039706627127
-0.02316866079011
-0.03401893535944
-0.03107481262074
-0.03400184755318
-0.02396965453535
-0.00094971871453
0.02286316820076
0.03401042537564
0.03088819598753
0.00884144352213
-0.01378511848602
-0.02519925297391
-0.02770846202333
-0.03741851936568
-0.04913414396163
-0.06160283051629
-0.06206334953327
-0.03921959826632
-0.01900944954979
-0.01645258006852
-0.01437700331137
-0.00706886289142
0.00118487089839
0.0228328593922
0.02212064384819
-0.00799837472857
-0.0405935950748
-0.04870685835347
-0.03657943044054
-0.01684424283927
0.01008239363085
0.02765810312009
0.02326824041453
0.01468977725091
0.02709626328625
0.04930282103643
0.0562376663814
0.05527998793003
0.0466907459561
0.01966526101163
0.00025804622619
-0.01021505591151
-0.00745338074309
-0.00490627399966
0.00773305770489
0.01558982298649
0.00626541941657
-0.00996914074637
-0.0046551254583
-0.00970187901426
-0.01260348952212
-0.00593474436054
0.00094785767379
0.00897808567121
0.06429731450084
0.02480697211754
-0.00639437996734
-0.00523583499404
-0.03094138903949
-0.04298108648172
-0.05757803782431
-0.05822831666604
-0.0382657790813
-0.01254828392305
-0.00526226644593
-0.00385919775391
-0.00479107113041
-0.00170960524307
0.00436029484599
0.00508305251874
-0.015042749369
-0.0331699344514
-0.0394647596685
-0.02972553923729
-0.02344901538481
-0.02297336834525
-0.00275443527521
0.02412174882507
0.03030147443844
0.02449827603561
0.01014430018262
-0.02013137294976
-0.03472741223918
-0.02001236885391
0.00042250049477
0.00493366348427
0.00143971438576
-0.00824986020197
-0.01237269484193
-0.00303749286387
0.0016139602613
0.0018335404562
0.01531521960316
0.03327372007312
0.03249576132389
0.016518745381
0.00560145374705
0.00648953575696
0.00757315443092
0.01411847015431
0.02700923381509
0.04294678272948
0.05061357713271
0.05272470135097
0.03868924311125
0.01074107692957
-0.00409550847143
0.01152703310378
0.01987309607211
0.00847210721021
-0.00906616287288
-0.0115667337988
-0.00352815863037
-0.00836652009502
-0.02808812488778
-0.05006120456163
-0.06811868918327
-0.08113406493631
-0.07496202770511
-0.04164031554443
-0.01073357698813
0.00425577958172
0.00325720647482
0.00618250850622
0.02184425404666
0.04418601425866
0.05193355174997
0.03686926737325
0.01994384426338
0.01878062219092
0.02169983306385
0.02231759457156
0.00655166768384
-0.02005344139751
-0.01769541458464
0.00683622299951
0.01067687140078
-0.00778245179154
-0.02170284811568
-0.02689990049799
-0.02370819677801
-0.01986794787111
-0.01920150081392
-0.01707727619545
-0.02953277943597
-0.0368341420194
-0.02599475932481
0.00296486704908
0.04535137701792
0.05798844667983
0.05348815016326
0.06141512092679
0.06422199096842
0.04865389896802
0.04251623332772
0.06473271059843
0.08860551413127
0.09412109920211
0.07788097476101
0.06584068184605
0.06674768481373
0.05938611918283
0.04262032799226
0.01750902408031
-0.01459368754899
-0.04981777681426
-0.07075679169855
-0.06156657451799
-0.03773567266801
-0.02797301020879
-0.03163545397147
-0.02595686012327
-0.01301677775214
0.00153516791175
0.00478849853743
-0.01080579501716
-0.02048448828283
-0.01293803967352
-0.00076363800679
0.00849989845048
0.0239816695169
0.03632605302212
0.04748512920019
0.05489419697272
0.04722069407917
0.03081297044429
0.00693245290134
-0.01284484442136
-0.01893648529543
-0.01111352628251
-0.00531729943328
-0.02212875433762
-0.04920888709657
-0.04636178118822
-0.01952941031366
0.00390939836693
0.01518478092323
0.01513517578295
0.01539472652
0.02738202236136
0.04325850893851
0.05530776409504
0.06198850840915
0.06312508496103
0.0535209539272
0.04158791394357
0.03254964030015
0.02424163482358
0.01006351186875
-0.00238405801664
0.00441705998062
0.01181622180035
0.00534421856981
-0.00888033015315
-0.00465246316754
-0.00626145839223
-0.02915910144941
-0.04187911518724
-0.03042910158254
-0.02852623453201
-0.04348978602699
-0.05059198936159
-0.04557064666248
-0.05675818492986
-0.08528518830009
-0.10253113403271
-0.10619140695807
-0.10741785466747
-0.09970565358364
-0.06719347530251
-0.0178211497837
0.01584781343421
0.04233069457554
0.06456866916582
0.07705334303283
0.05924363537083
0.02856332720719
0.02231746643186
0.02242746306036
0.00786443858851
-0.0052356179103
0.00623547542929
0.02866033649992
0.0523972667219
0.07123137593234
0.07959005689259
0.07236665601193
0.05605377083247
0.02778988349808
-0.0061351669161
-0.03501427934584
-0.05596457052399
-0.08106569863599
-0.10455016349273
-0.10967763601636
-0.08820767804189
-0.0615062659437
-0.04370266376167
-0.03455803416483
-0.04233182521998
-0.06437345209726
-0.07540177301496
-0.07076562580042
-0.06842879480193
-0.08487159856489
-0.09349871712747
-0.07940041013229
-0.06037685013992
-0.05719872922845
-0.06233323436048
-0.06927831580642
-0.07601548681559
-0.0732565560981
-0.05060606965365
-0.02054045518248
-9.428790694e-05
-0.00143517597899
-0.00998992952876
-0.01177264676374
-0.01085670416736
-0.00549672893668
0.00424269651806
0.0161837354342
0.03684177010053
0.06756280407681
0.10766780246443
0.13877461986038
0.15694422672206
0.16357485333707
0.1481108032378
0.12408393055629
0.10668482019055
0.09002869397278
0.08373959735416
0.07537409483913
0.05619483003248
0.04010581245162
0.03211335476227
0.02326060479576
-0.00456549701246
-0.05179059306731
-0.09677253578412
-0.12697446074866
-0.13701970894093
-0.11511075941957
-0.06641617986469
-0.02663217897047
-0.01526593858095
-0.01577728383421
-0.01182795035198
-0.00525086427366
-0.00212965020425
-0.00638417250936
-0.02217771124176
-0.06282672296926
-0.08852651977324
-0.0668223827229
-0.02845017984952
0.00739839072023
0.03385330348699
0.03966415258385
0.02536167381616
-0.00023031588996
-0.02049917912288
-0.02081900074608
0.0049960388766
0.0414039053302
0.06303145252635
0.04715400113262
0.01658856644382
0.02220117588266
0.0393376149327
0.02413180402293
-0.00605547457357
-0.02247904305959
-0.01707170588719
0.00125287840753
0.02294645147001
0.02853617666543
0.02612232616787
0.01578418076528
0.01370374223705
0.01491824280356
-0.00543792864207
-0.05639853447195
-0.10307293884711
-0.1167106212985
-0.09776599536312
-0.07627990686135
-0.07283873021507
-0.06273881159544
-0.03182331431356
0.01162359767637
0.05228439825653
0.07101503842568
0.05838114210583
0.03207381235748
0.00696099036694
-0.0150875681145
-0.03645707209952
-0.05958018299407
-0.08221006155924
-0.09725403956186
-0.09889792119755
-0.0746902584705
-0.02279349789052
0.0427935502577
0.09591882385758
0.10588266565036
0.07905126713002
0.06651072435254
0.06052616304432
0.05920235931123
0.05775187817538
0.04760797748713
0.029592462387
0.02466843802344
0.03685612928489
0.05337225910842
0.070940920914
0.09126275468806
0.09560088664179
0.07838614669564
0.05591959348827
0.04748198600865
0.03427035299417
0.01561156904783
0.00433465559897
-0.00914496879017
-0.00812847421517
0.01851293835155
0.05326897097025
0.07382001652229
0.06684614133134
0.0427481963405
0.02072379294682
0.00789023989458
0.00422571499237
0.00282119606042
-0.00182950330179
-0.00377860692594
0.0052118585481
0.00541396802515
-0.01672123626211
-0.03892741713081
-0.04574163778956
-0.0483514214305
-0.04996711233155
-0.054475021854
-0.06336408058221
-0.0757334287166
-0.08764499399355
-0.09748928898114
-0.09610937513344
-0.09078456746733
-0.09941108301954
-0.11536296850541
-0.12007240409238
-0.11465239616465
-0.11396782864594
-0.11027408864524
-0.0948708672167
-0.06252052184272
-0.04180970115642
-0.04405969112448
-0.04828804504097
-0.03749240321085
-0.00406308158897
0.04182358547011
0.08108733163289
0.11422636934063
0.11152684268188
0.09107567072181
0.08484167417544
0.10255027961185
0.10859651380531
0.10489810047427
0.10483553814873
0.10561839635719
0.08470222802816
0.04961890399535
0.01090473394307
-0.02362080550063
-0.03325882571706
-0.00994766603969
0.01590313963535
0.02521017499918
0.03010303880205
0.04000148412056
0.04304190761482
0.03089078139448
-0.00124885934344
-0.03586295613581
-0.06278177608406
-0.08210174582213
-0.0844197930477
-0.06861395667263
-0.04443115304795
-0.02316018095683
-0.01096002245605
-0.00684073954715
-0.02125428377922
-0.04868774292485
-0.07619096283227
-0.09667251143956
-0.10081752932338
-0.07986849692937
-0.03928739924442
0.00960435716272
0.04642044655926
0.06160880785655
0.06192788325441
0.04065060970497
0.0060944463798
-0.02617760714323
-0.04192722787687
-0.0434264699385
-0.0244099350169
0.01081961902982
0.05459429730452
0.08969847042076
0.10736418674484
0.09061911649799
0.05076766135664
0.00929869874551
-0.01087791505701
0.00305390228347
0.03919892254838
0.06561890970847
0.05076770658242
-0.00178553253962
-0.02303161914667
-0.01344930201285
-0.01633394531652
-0.03912791807771
-0.06501089435581
-0.08430077387659
-0.1083005110916
-0.11514377423714
-0.09007007555919
-0.05355885312874
-0.0234251135614
0.00365287021934
0.02275487507654
0.03777793615708
0.05007780242197
0.05251588639864
0.02952704329986
0.00439612270692
-0.01070632845719
-0.01201939106813
-0.00489780170401
-0.00287527704515
-0.00797608595789
-0.01513994710247
-0.01798365353988
-0.00513855208535
0.03159666532964
0.08440652681964
0.12534588050103
0.11598964702891
0.08137202790223
0.05102281011801
0.02540163832821
-0.01158004525264
-0.05684354104725
-0.09496757500425
-0.10666160429144
-0.09153071741972
-0.06373056013252
-0.03848369195253
-0.02332534549625
-0.02227664263004
-0.0236177904488
-0.01907009731741
0.00039588813976
0.00726865530114
-0.0103692833504
-0.03036558951567
-0.03526783012974
-0.02966336133086
-0.00858130484998
0.01696902075938
0.04130074533173
0.05363476459627
0.04293539337118
0.00949546102814
-0.01519906473129
-0.01536999555734
-0.0066473985946
0.00311686108833
0.00639485559177
0.00813655455408
0.01582582616872
0.01742387147892
0.00982047607811
-0.00596552803976
-0.02824838996797
-0.04049832697451
-0.03119376395318
-0.0221814649813
-0.01431145608452
0.0075993929195
0.02966162013843
0.05918775892273
0.08469521803265
0.08112765795116
0.06267554073272
0.03657753849551
0.00688123470832
-0.00817292361682
0.00409330446854
0.03064984860249
0.05244311812265
0.05279475608032
0.04519983297516
0.04915435988417
0.05583764437944
0.05345567805501
0.04745519727312
0.03241926945888
-0.00249859229815
-0.03076157134817
-0.0346091392934
-0.02272302105392
-0.0118350884872
-0.00536565709587
0.01059158312205
0.03826763333817
0.07451306387427
0.09949158490349
0.10659406713038
0.0962075904469
0.08361040238311
0.08538476038688
0.08737476997301
0.08437720544056
0.07797300921821
0.05699576347668
0.03060858761816
0.01191811547705
0.00392990750326
-0.00090908259969
-0.00656134147765
0.00063932282175
0.00819887567547
0.00464849686685
-0.01465989054961
-0.04033861214128
-0.06471933884355
-0.08736014697162
-0.10268527855768
-0.11939446968771
-0.13366712205514
-0.14079010663449
-0.13084081246681
-0.11061162369795
-0.09400155239693
-0.07407843661491
-0.0598449271579
-0.05895922553141
-0.05091718531467
-0.03207004354269
-0.00870821591926
0.00704123220266
0.01544088696356
0.02445531154699
0.02733062326524
0.02714802418859
0.01998193944329
0.0085562648445
-0.00060596036871
-0.00954902342395
-0.01206019225706
0.00146930259693
0.02275162635819
0.03266853886918
0.04040678246323
0.05258419239792
0.05420592094027
0.03529463394054
-0.00426163028981
-0.04439141466479
-0.07392514384208
-0.0959420397567
-0.10144413247059
-0.0859406605686
-0.06073775184434
-0.04440887935253
-0.04154780621657
-0.04480884859108
-0.04531751798583
-0.04565135206242
-0.05110574665631
-0.04942012916562
-0.03617428285047
-0.01004406478442
0.02265368993702
0.04644768755258
0.06097735801351
0.06815752305088
0.06688388224266
0.06330543782406
0.05991421304902
0.06206159326558
0.06584959886184
0.0632884027812
0.0561221672833
0.0516145517284
0.05322985067272
0.05457304872672
0.06711406637486
0.07984384888064
0.07335881158102
0.05707312970671
0.05164162689387
0.05301442521924
0.05431569897751
0.04269574951386
0.02915568690321
0.01483189925669
-0.00584299331821
-0.02891463350915
-0.0464408659978
-0.0595945120279
-0.06747355854255
-0.05932630055446
-0.03639319822644
-0.01750898639217
-0.01295959729412
-0.01540890480124
-0.01993075140079
-0.03770719550344
-0.04431464390749
-0.0390658984615
-0.03421485342756
-0.04015476935576
-0.04654867671372
-0.04657165140869
-0.03813430020849
-0.01987805583238
0.00194117780664
0.00702866546662
0.01185532702263
0.02026455532686
0.02218304788351
0.02063303988664
0.01122414099663
0.00465340763252
-0.00065407780704
-0.0088973124326
-0.01697698049622
-0.01571025169433
-0.00220736994912
0.01580294192531
0.0263446711653
0.01551974564426
-0.00894713616414
-0.02936498426383
-0.0474148332667
-0.06110731428515
-0.06928665996237
-0.05994451431995
-0.05166469957802
-0.05086712037898
-0.0558059109589
-0.05691978417048
-0.0480854637083
-0.02721719701528
-0.01168948409655
-0.0007617716897
0.00324637791616
0.00527934294575
0.01237236318622
0.01516715040764
0.0101972444928
-0.00022144198941
-0.01171885823903
-0.01834095225736
-0.01606529666056
-0.00511151686933
0.00275503903933
-0.00518498840616
-0.01414975131708
-0.01524827037721
-0.0147088851419
-0.0158837377768
-0.02326032590347
-0.03756361873515
-0.04160956201574
-0.02564352086152
0.00050374867941
0.01039558214001
0.00542446342058
0.00871612289269
0.02727684227816
0.04311092968891
0.04213154286434
0.04154508513229
0.04543900196182
0.05350913492402
0.0647064344217
0.06767803935787
0.05479430076787
0.0338177108001
0.02796301531196
0.03539581908006
0.04589242053174
0.04745051640515
0.02728120656569
-0.00579266531925
-0.03067841621861
-0.04151724112861
-0.03554995606739
-0.03087034688068
-0.03307616633939
-0.04723609345641
-0.05261309920737
-0.04542540407805
-0.03304087515768
-0.02719500623378
-0.03168011442675
-0.03167588581655
-0.02979002365837
-0.02108723483241
-0.00245083387711
0.01305881511232
0.02396858419195
0.03023243728909
0.03409719102977
0.04923059546977
0.06639162980514
0.07564614296603
0.08461102271021
0.09268412549847
0.08406122800845
0.07270735686907
0.0570594941348
0.0378164685195
0.02456625791682
0.01246863379125
2.691689785e-05
-0.01017591300109
-0.01384223110537
-0.01214253332262
-0.01001487908268
-0.01072165245813
-0.01097325099597
-0.00454826372995
-0.00088723628787
-0.01657445600125
-0.04478021313629
-0.06638221530579
-0.07752406800027
-0.08048349212702
-0.07178070330106
-0.06782857335826
-0.07812225428395
-0.09623962537262
-0.10486704544039
-0.09197317627623
-0.0691867109941
-0.05459802843116
-0.04564459080869
-0.03612066015362
-0.02872552945818
-0.02139435554975
0.00225399244937
0.03725131966628
0.06994891609751
0.08368766308633
0.08403386641307
0.08756946694513
0.09744376169846
0.1007793135414
0.09925535559237
0.09356708342778
0.08915214302861
0.08268545985702
0.07689264077012
0.07455525952468
0.07907651818912
0.0880756187716
0.08851325354518
0.08240196960841
0.06766845903067
0.04106849588903
0.03420662987368
0.02297244121682
0.01309479221832
0.0165650942653
0.01781983069853
0.01698201563278
0.01406117663186
0.01625230525051
0.01492042871614
0.01412450025798
0.01733323902082
0.02555082309291
0.02344825408422
0.0177718461486
0.01430326268116
0.02242855601665
0.04219665290867
0.06023242161949
0.06485453376774
0.06345751703852
0.06253258958768
0.06396427187536
0.06891222821285
0.07126123248311
0.06006346565239
0.04105285530765
0.02933373325158
0.02790930970119
0.02792896030151
0.02363647623253
0.01285738703698
-0.01158186182137
-0.04413901713821
-0.06609060703012
-0.07369011301406
-0.08731763474077
-0.10410536797106
-0.11638733236569
-0.11942213278828
-0.11998323393442
-0.10643864120838
-0.07313149928569
-0.03924087699463
-0.02192811771339
-0.02965062273686
-0.05177923385953
-0.06870467958229
-0.07516442813466
-0.07521242775984
-0.06898723516483
-0.0686382806033
-0.0748833951533
-0.08203865586253
-0.0742578397366
-0.05995930314919
-0.04777534301438
-0.04358901138282
-0.05198149107412
-0.05713466691463
-0.0526205463854
-0.05226633809605
-0.06272890715016
-0.07365706050834
-0.07939264637382
-0.07745012385406
-0.06643586061553
-0.04533557814631
-0.01669578922464
0.0102571460351
0.03325465740791
0.05177192235883
0.06634282365359
0.07047413812683
0.06984660785118
0.06084947459001
0.05226751396626
0.04687098575468
0.04650844084701
0.05040805612451
0.0505539017193
0.05098689331305
0.05420491843553
0.05624677183793
0.05842401614289
0.06007987507199
0.05757751019024
0.04383140647494
0.01982260902917
-0.00571068907496
-0.01487240647806
-0.0107153509998
-0.00521529419966
0.0038610233678
0.00677227525766
0.01207160422824
0.02032624328737
0.02242208873046
0.01820054883112
0.01144759402561
0.00469162492203
-0.00188980659974
-0.00481111368747
0.01015607396002
0.03418204212598
0.04923509543463
0.05061840875327
0.05134162169884
0.05610710709939
0.06222192618443
0.06651954337916
0.05935051895831
0.03755002838901
0.01186330183473
-0.00797691509715
-0.01000254752068
-0.0098962744812
-0.01873755971311
-0.03104826508935
-0.03413928115336
-0.03766527874533
-0.03912824219578
-0.03903085602157
-0.04224781080065
-0.04567994229143
-0.03784088290172
-0.02374619396874
-0.00940178336768
-0.01214747800762
-0.02013506638826
-0.02164168778925
-0.02279187730016
-0.01687483054012
-0.00530930426958
-0.00082918297235
-0.0099875174873
-0.01836278877026
-0.01472557345379
-0.00991388992153
-0.01006763495213
-0.01306017188564
-0.01680716523935
-0.0206579743653
-0.02535249298333
-0.03200210688726
-0.04242991239374
-0.0493168787156
-0.04740847904496
-0.04379696704538
-0.03629670149252
-0.02386752719213
-0.01768179408798
-0.01804718821963
-0.01474099544392
-0.01054876184839
-0.01223615821966
-0.01911810448022
-0.02291283364208
-0.01352873355339
0.0023154723713
0.01286478898923
0.02407051555679
0.04020405037797
0.05879764890368
0.08021575552425
0.08697452184216
0.08254390317345
0.07868501370859
0.07339245955947
0.05738732825824
0.03449847935349
0.00955794043975
-0.00896537722773
-0.00588849421919
0.01120104569959
0.02636874635419
0.03143398067035
0.02877219492293
0.03631975156378
0.05536809528222
0.06582299856705
0.06639560213593
0.0680630991651
0.0816653170693
0.09772069420933
0.10635610416445
0.11328416564279
0.11132370356463
0.10134252522381
0.08817277881693
0.07363257828746
0.0499751248318
0.01597628479282
-0.019486996072
-0.04696902770266
-0.05222700674489
-0.05503226373379
-0.06132164678233
-0.06699364520465
-0.06462189990593
-0.05538952476312
-0.05231102870185
-0.05634479117303
-0.07179718809696
-0.08283070997908
-0.08588556049635
-0.09106255524634
-0.10258020400129
-0.11975506988695
-0.13418367581044
-0.13881539843642
-0.11578123157095
-0.07501815289498
-0.0349641239586
-0.00324348798898
0.01307138787846
0.02094699723402
0.02834937912911
0.02864629389601
0.03154193460124
0.04458976738725
0.05508130355186
0.04984376656106
0.03038467479378
0.01101973555761
-0.00456166714287
-0.00899350766134
-0.01233303183506
-0.0229817878775
-0.04529004332601
-0.05698340930179
-0.07051160014585
-0.08552759846747
-0.09880204254926
-0.09793709955465
-0.07545016459688
-0.05799762751266
-0.04643993886936
-0.03514283361837
-0.03112543534101
-0.02749961692048
-0.0225246532562
-0.01827674672857
-0.0120061851411
0.00231806230083
0.00832449027246
0.00570459942402
0.00216137684093
0.00129574339944
0.01714810730064
0.03571099752343
0.04219575593075
0.03990903509373
0.02949831739352
0.01056513357985
0.00529714155048
0.01776900446225
0.02901276590869
0.03282085175016
0.03171122222403
0.0318529070473
0.0284178132681
0.01337874979996
0.00338458789219
-0.00676785142285
-0.01902712529116
-0.02570944496985
-0.0324316311714
-0.04087314314314
-0.04286327333134
-0.02746151420294
-0.00270752936008
0.02562585265778
0.04283097458858
0.04935365481033
0.05385151667255
0.06243138183528
0.05186471811662
0.02070815990306
-0.01343830461129
-0.0479453240991
-0.068115357551
-0.0766131454652
-0.07476289860679
-0.06572409732929
-0.07055610231091
-0.08650997773098
-0.09856769764554
-0.094048964087
-0.07376992143609
-0.05101199361956
-0.03621573981317
-0.02411764081694
-0.02118743254245
-0.02994233653934
-0.02569681190267
-0.01312747538019
0.00080054148746
0.00526443125315
-0.01133563761342
-0.03113956085885
-0.04754816639639
-0.05565219607882
-0.06095940337985
-0.0648246847546
-0.06706279541844
-0.06243295719986
-0.04112071658678
-0.00723165232376
0.03549788612223
0.07435434400815
0.10356552294034
0.12330755470927
0.14670872875912
0.16163609963211
0.15657774717175
0.14277024192587
0.11983225521387
0.09619417346624
0.07945136450827
0.05201963147981
0.03435708096015
0.03204166436731
0.03053410830025
0.01607362574125
-0.00651355064481
-0.02580377086645
-0.04539499728031
-0.06673018243784
-0.07853456262212
-0.07190155411616
-0.05555510387217
-0.04276422887862
-0.02955950787047
-0.01891439250312
-0.01651762227419
-0.01660233015544
-0.02041475767156
-0.02570905301311
-0.02769918320131
-0.02158618822263
-0.01584264262032
-0.012741865326
0.00159717923656
0.02732017611063
0.05077454321245
0.06373943946017
0.06915231679032
0.06693173865288
0.05998678534665
0.05228537061075
0.04576514765623
0.04442534153554
0.04460451099072
0.04366468918383
0.0349902418451
0.01350331666644
-0.00785275526266
-0.02270635535492
-0.0319455520525
-0.04131866227725
-0.05510196419454
-0.0636011691831
-0.07337233408849
-0.08832654646041
-0.092865933124
-0.07548461156408
-0.04788428437474
-0.02495793576282
-0.0113386149771
0.00624689569187
0.03296791090332
0.06675933798907
0.09847634157499
0.12126319881385
0.1205037072571
0.09959281526878
0.07619850046185
0.05222057714685
0.03548644400053
0.03208689014481
0.03168276767236
0.02790079217976
0.02719253389128
0.02992289699265
0.03016685237409
0.02926217099632
0.01941207957158
0.01151458847734
-0.00214418426161
-0.02309847038344
-0.04340826656306
-0.04748127747147
-0.0405608516119
-0.03327896626331
-0.03197092371368
-0.03157138412002
-0.03050261608386
-0.02735877631173
-0.02684985817519
-0.02149947533191
-0.01192287925895
-0.00095029760448
0.00813544652253
0.01577869337094
0.01895942983988
0.01317402778049
0.00873198960296
0.01473806330601
0.02574198491676
0.02734498998722
0.0171315094403
0.01104548410026
0.00740922003265
0.00429120493324
0.00661825585734
0.01313896272767
0.01223455270456
0.00616915710294
-0.00067733847967
-0.00564918804767
-0.00880620510384
-0.01139206430848
-0.01480535926293
-0.02051071169614
-0.01730440758766
0.00063426145424
0.02002532603917
0.0267629493061
0.02416282890629
0.01703292478298
0.00513434156547
-0.00609426698422
-0.00334076863637
0.00109935046067
0.00237713771892
0.01359983601325
0.03419110235674
0.03979003099788
0.03383477599348
0.0272989426081
0.03247052534005
0.04750576722999
0.06561961070802
0.08165785481601
0.09326369383708
0.09186749870948
0.08050346684542
0.05221916761012
0.02088201532939
-0.00573523008936
-0.01393697910922
-0.0105493497835
-0.00459188323858
0.0008686854277
0.00234599524853
0.01033002737553
0.01874254208626
0.00984906630712
-0.00677869204172
-0.02230768258866
-0.03996749694878
-0.06452327002284
-0.07869368198261
-0.07721261314591
-0.06201034492205
-0.04847338027715
-0.0359455836313
-0.01747545901578
0.00015961955759
-0.00525158863986
-0.02027472358917
-0.0398898141383
-0.04524946826596
-0.02389903448379
0.00340140509755
0.02407907076637
0.03025935416433
0.03230260956583
0.04200927497488
0.05300228963562
0.04939864692131
0.03155035413348
0.00592825220018
-0.0046565297187
0.00106484696125
0.02279995010145
0.04128066508653
0.04429828725129
0.03375520123797
0.02276351320004
0.0082753750781
-0.01028964829386
-0.03351196946897
-0.05283928085826
-0.06396756581949
-0.0651992144933
-0.0545749783599
-0.03270226976157
-0.01146495318654
0.00709842924346
0.02456005444767
0.02807627573407
0.01419101230142
-0.00196410501454
-0.00374703405691
0.00999952493122
0.02585301420051
0.03103870737504
0.03850759377594
0.04913519169214
0.05301203579067
0.05171640771696
0.04108317919146
0.03364132273024
0.02995781129288
0.0273906454096
0.02120325402694
0.0069552120201
-0.01283701282422
-0.03110265662442
-0.0381155767366
-0.03035647652151
-0.00870074612834
0.01202199155033
0.02261285105994
0.00773673606812
-0.02087949022348
-0.04211796005583
-0.05052908784272
-0.05653492034162
-0.05885690220983
-0.05662027645901
-0.04812185538393
-0.04336527946155
-0.03997188384919
-0.03288961754485
-0.02409430431576
-0.01854065421552
-0.01165620546194
-0.01254006036918
-0.02069677054476
-0.03142491290197
-0.03544950961557
-0.03214067113188
-0.02255402739868
-0.01148273445473
-0.00654734409952
-0.0042108432492
-0.00900623118007
-0.01113184272239
-0.01507590740154
-0.02046124977082
-0.03002822029081
-0.04134387564821
-0.04441575367071
-0.04332401093958
-0.04282505001172
-0.04137127493174
-0.0331412462332
-0.02389347925078
-0.01818872982793
-0.00192073047887
0.01418208774799
0.01846606183317
0.01129751982062
0.00665634726844
0.00085164284722
-0.00986371945903
-0.01905377834936
-0.02216545505606
-0.01885458141238
-0.0124122070962
-0.00303090874443
0.00498122441941
0.00789421222537
0.0068082433185
0.00695982429564
0.00794587513853
0.00562731083157
-0.00625783656121
-0.02889894770199
-0.049162523137
-0.04878436779847
-0.03982683724313
-0.02226263771427
-0.00809545939759
-0.00689164266725
-0.01118800560041
-0.01643191942584
-0.01230720791611
-0.00348715467921
0.00229268988589
0.00297840764686
0.00699374965887
0.01536564634507
0.02456349914439
0.03084869880852
0.03168306163991
0.02838234118328
0.01404739030735
0.00626467017619
0.00900748242658
0.0146109411831
0.01496481027912
0.00892455342591
0.01188577904614
0.02344098027168
0.04029447932007
0.05973144814453
0.06990329082564
0.0696183382769
0.0652278273352
0.06024354716075
0.05508861505255
0.05540125331475
0.06193576007733
0.0652518799112
0.06356934531101
0.06521822439511
0.06508658723208
0.05983642471173
0.05516004163048
0.0483565168681
0.0357262536857
0.01902380873414
0.00079066643894
-0.01548621826787
-0.0239583556286
-0.02952416392536
-0.04134478770139
-0.05076497796051
-0.05713234532471
-0.05687012626679
-0.05098028281191
-0.04619737794939
-0.05258409440874
-0.06390953360933
-0.0763277708092
-0.08591503262802
-0.08645774195797
-0.08297505558559
-0.07652842250869
-0.07008917630878
-0.05707735831691
-0.03376760063864
-0.00456022745562
0.02420333612767
0.04272173172303
0.05319772529544
0.05668075839879
0.05538211527324
0.04254605219035
0.02865626617994
0.0278757295614
0.02731874396101
0.02765595489565
0.02753396589849
0.02955057577941
0.03655739794927
0.04501639722164
0.04819686233591
0.04003829790345
0.02443619611837
0.0065942590598
0.00263304024325
-0.00637211004074
-0.01417093205621
-0.01422863261067
-0.01660591806712
-0.01653722011111
-0.02078527739132
-0.02571668109425
-0.02353922573566
-0.01936519551557
-0.02050272180879
-0.02921899545407
-0.04056069332167
-0.04533698768305
-0.04624353839296
-0.03684105402572
-0.02747858693394
-0.02173655639518
-0.03416503723364
-0.05050133429059
-0.06450071743513
-0.06725246479163
-0.05873134791387
-0.04611205198252
-0.02688690562459
-0.00383348614564
0.02055917865436
0.04580484835124
0.06560125657998
0.07686437465919
0.07970892531111
0.08165499051677
0.08098082492689
0.0820626255246
0.08679248808774
0.09119951397586
0.09373276052601
0.10141126840561
0.10617580406483
0.09860350138605
0.08188767714199
0.05203239268669
0.01864457551458
-0.00901979137569
-0.02439124169554
-0.0321315807506
-0.04268038028714
-0.05856756276067
-0.06847928184488
-0.08525307799807
-0.09468423550823
-0.09864586286431
-0.1003565278981
-0.09962394567896
-0.09695645394594
-0.08811315616693
-0.07341843423101
-0.06527026418975
-0.06565715564097
-0.06790021852745
-0.07101643288716
-0.06180076866913
-0.04636286660688
-0.03109687526253
-0.01705260553382
-0.00480232707266
0.00160921984605
0.01301499133393
0.02587730798065
0.0350999068179
0.03955850516762
0.0372858495474
0.03877285049858
0.04780630759671
0.05720635730959
0.06872909396451
0.07538888366838
0.06551374470053
0.05374521348255
0.05230167450353
0.05447570777829
0.05220725815538
0.04319330844262
0.03751753366788
0.03022977650585
0.01969570549751
0.0093488918209
-0.0002880689817
-0.01649293653731
-0.03183550266059
-0.03866612520132
-0.04329503629146
-0.04228332811125
-0.04092846180664
-0.04200077252871
-0.04381302973402
-0.04221628843374
-0.03582044390497
-0.03179185978531
-0.02444937943251
-0.01253362323352
-0.00401382770222
-0.00178823477983
-0.00257717208655
-0.00847686345448
-0.01660132011308
-0.02783533540446
-0.03433896803627
-0.03415951215116
-0.0334635401989
-0.02404058362972
-0.01275651094028
-0.00018770340864
0.00842828343182
0.01109634802469
0.00971225079256
0.00972598435366
0.00989860360874
0.00987636760147
0.01554584091787
0.0175674708601
0.01959572637873
0.02612465529541
0.03223997940163
0.03845581026071
0.04091710259886
0.04513969022872
0.0427448345577
0.0321885275421
0.0268258583626
0.01869044199059
0.01136967001099
0.01089270388625
0.00574414333634
-0.00126053362414
-0.00344743815517
0.00231973414707
0.012361501462
0.0203277809638
0.02488871017274
0.028783833023
0.03035437352285
0.02754070453933
0.02227264014873
0.02187925126081
0.02120484446678
0.02515222570295
0.02959841711437
0.02828566354625
0.01950470196389
0.00689783030738
-0.00834807551543
-0.01877698905346
-0.02197157214794
-0.0203356276362
-0.02033670551723
-0.01682934094558
-0.01186217119029
0.00071913448496
0.0097918330857
0.01204161200014
0.00880798398442
0.00367392960264
-0.00075744282903
0.00089724776748
0.00617901933748
0.00932648244815
0.01283536962097
0.01734845749494
0.0176323170874
0.01525873260707
0.00838226620322
0.00266137570038
-0.00425406929357
-0.0092756109861
-0.01773944187903
-0.03126099207143
-0.04136362423771
-0.04632022623633
-0.04526895303843
-0.03680460958669
-0.03174269182754
-0.02476603525128
-0.01774032378169
-0.01503873181244
-0.01094468337985
-0.01053124439724
-0.01069230846617
-0.00611283291964
0.0005315840902
0.01204692602899
0.02537568626956
0.02403631733138
0.01228250710397
0.00536563523674
0.00356483748969
0.00866234944325
0.01539946015138
0.01924939491229
0.02076036552555
0.01957584211189
0.02189725112025
0.02217537457659
0.02128356747015
0.0223487928204
0.02610428862028
0.02336106632284
0.01854649587845
0.01233351424335
0.00976068760026
0.00838257524603
0.00590702322023
0.00898087459416
0.01503772177007
0.01576703265798
0.01095005017212
0.0043983086195
-0.00959658586662
-0.02460405159155
-0.02973982304535
-0.02360430562947
-0.01509693738807
-0.01417855259972
-0.01722174994166
-0.02375782453119
-0.03817155871151
-0.05208495257777
-0.06591894505401
-0.07541639601635
-0.08022540369011
-0.07843114634425
-0.07173412828787
-0.06660986679444
-0.06019061792582
-0.05594323903227
-0.04593169911949
-0.02678581093663
-0.01024434714007
0.00525106251332
0.01578656265622
0.02366502877339
0.02810898150883
0.03507039699808
0.04860543200981
0.05359278753712
0.05328487536867
0.05325041332622
0.05257128043845
0.05114936691871
0.04673178081155
0.03334955616435
0.02364988567556
0.01646262019113
0.01074342867
0.0060137115831
0.00659909821799
-0.00085604030031
-0.0159163003366
-0.02521398903975
-0.03231659940634
-0.03398040299702
-0.03668333666434
-0.04227390607427
-0.04457680266437
-0.04578546156796
-0.0403192027451
-0.03058604256808
-0.02115870663611
-0.01279526943159
-0.00478526790939
0.00408042190582
0.01737531406915
0.02893434441051
0.03995547442959
0.04227760705039
0.03564472668414
0.02829684938855
0.02678861493483
0.02314821120105
0.01667414115248
0.00866332179747
0.00486938634801
-0.00074409790811
-0.0099219853357
-0.01809686873621
-0.02538255305011
-0.03904922522486
-0.05015093250418
-0.05202713142124
-0.05190802179858
-0.05678616461087
-0.05668015538842
-0.05471998727781
-0.04848657112892
-0.03555338568885
-0.02024744490771
-0.00615747000827
0.00440643267667
0.01358751198888
0.01949659147446
0.02059429647059
0.02774968531952
0.03632156813251
0.04304685229982
0.04545612745623
0.04953776141289
0.05158586351021
0.04671836383089
0.03925655526417
0.03196276046084
0.02101877808054
0.00248396326665
-0.01352512302882
-0.02052153573222
-0.03096867525858
-0.04137259401692
-0.04314426862455
-0.0399255877283
-0.03410404273506
-0.02441983946217
-0.02121328661192
-0.02238648850595
-0.02201657933417
-0.02225800960971
-0.01771345966986
-0.0133825563029
-0.00566527636425
0.00749306636284
0.0230239835279
0.03297997111065
0.0414755806499
0.04560587754315
0.0432938227331
0.04084230670051
0.03625720431351
0.0314029331741
0.02878888323482
0.02698988471995
0.0195202973195
0.01330531067493
0.01040640617609
0.00759022716193
0.00413406118546
-0.00247568921066
-0.00928631442011
-0.01071711480512
-0.00773474613391
-0.00984001361399
-0.00763489515483
-0.00548887698794
-0.00926160607033
-0.01098198710866
-0.01254918090097
-0.01136201931696
-0.01002614030128
-0.0109329246777
-0.00682944591675
-0.00314292847271
0.00466374926031
0.01227469811972
0.01896394488
0.02191576353851
0.02520495895951
0.02656011923166
0.02619348892876
0.02761795770493
0.03096318786425
0.03475432911442
0.03639300224807
0.03317596455506
0.02996505495491
0.02724156617172
0.02275503336676
0.02196134358459
0.02226682863632
0.02219581662802
0.02150543759691
0.02124628635423
0.02099295416159
0.02172800872323
0.02160437652282
0.01970592652323
0.02049885500481
0.02838941147983
0.03480656488743
0.04248233660749
0.05003363945025
0.05068992578275
0.04763515064177
0.04350468792068
0.03715693346865
0.02202551896286
0.00146049864557
-0.01832259812932
-0.03516356963735
-0.04473713558323
-0.04590391541685
-0.04979519407603
-0.05186038397961
-0.0532759658905
-0.05215806004709
-0.04649503140398
-0.04208670904358
-0.03856747270534
-0.03476595213924
-0.033781349275
-0.03256740649307
-0.02771333886967
-0.01966129621847
-0.01680522806855
-0.01768753776172
-0.02035343151727
-0.02033577085116
-0.02041638579955
-0.02149751554822
-0.02137173512338
-0.0206094847942
-0.01818801375312
-0.01519420296021
-0.00736112844839
0.00062837682683
0.00577082880635
0.01275317177037
0.01529933028
0.01554530574617
0.01834196983735
0.02034397179214
0.02046252363022
0.02076396097486
0.02177309128577
0.02801737669652
0.02955817371003
0.03025293210393
0.03227398918631
0.03105945093165
0.02818598593265
0.02680448918273
0.02427638329596
0.01752761187487
0.00845639879016
0.00325376630067
0.00251638487278
-0.00083517991044
-0.00223269713828
-0.00343376941769
-0.00873657248175
-0.01084701831335
-0.0145303488476
-0.01732254312444
-0.02041750890635
-0.02633922899674
-0.02782421740083
-0.03094545182184
-0.03071040591856
-0.03086625394781
-0.03234942578317
-0.03870152190984
-0.04497712617151
-0.05064166234054
-0.0544305347642
-0.05651093560429
-0.05812872950399
-0.05786611848933
-0.05709981291544
-0.05699741421755
-0.05321252166231
-0.04769269290601
-0.04283147207213
-0.03480279607264
-0.02420600444854
-0.01652503176407
-0.0092729351276
-0.0032838640556
0.0019111720108
0.00278987042564
-0.00270263140837
-0.00937439915941
-0.01030035172787
-0.01309855349548
-0.01657535297917
-0.01424334606361
-0.01061375129066
-0.01033173841745
-0.01086944276136
-0.01043181552542
-0.01062152258675
-0.01352059291344
-0.01665116645751
-0.01795930699633
-0.01760312384803
-0.01740175607372
-0.01491106698019
-0.01337075237497
-0.01123126405659
-0.01074945123603
-0.00560711450687
0.00478703623729
0.01761654082868
0.02568811347813
0.02809068768184
0.03264720737747
0.03423454925366
0.03101247642409
0.02827616613298
0.02678368532509
0.01963208036621
0.01532418938236
0.0170659245253
0.01688842842388
0.02021143011356
0.02104872508287
0.02245732714876
0.01894367619405
0.00959871901579
-6.403792959e-05
-0.00475147445468
-0.00922415912657
-0.00880004686047
-0.00423349081105
0.00083061286068
0.00559624976759
0.00865304800834
0.01549264032828
0.02472550541701
0.02664666629453
0.02676533873468
0.02790861623927
0.02636500768991
0.0226709586464
0.02474467360904
0.0265143658201
0.02886744794796
0.03631041997836
0.03825888215023
0.03704438158372
0.03535086465722
0.0342893930465
0.02970000174826
0.0223420918677
0.01610345967914
0.00861285736741
-0.00112856179035
-0.00894354825246
-0.01191075875058
-0.01589292614727
-0.02523758935797
-0.03331437804709
-0.0378507647341
-0.03545042920638
-0.03148559835774
-0.0275817695453
-0.02256593685342
-0.02740997189185
-0.0323303480427
-0.03278754296504
-0.03639886652388
-0.04147417111317
-0.04589058888775
-0.05076765381901
-0.04716324226649
-0.03615741363546
-0.02794796266569
-0.02101479067449
-0.01470502587555
-0.01074790602197
-0.01027719612979
-0.01088745769606
-0.01313661098724
-0.01469425460288
-0.01183052068367
-0.01029120858318
-0.00446397418714
0.00223016901731
0.00541784161299
0.01282892494768
0.01990200288156
0.02550096167322
0.02789301334603
0.02899211280363
0.02664620649913
0.02696444522011
0.0305799069376
0.0379142089623
0.04795511547993
0.05732897193001
0.06569728598087
0.07323293316698
0.07609960676173
0.08378128044575
0.0962165602261
0.10513244537799
0.11296562541663
0.12316207845833
0.12746433129524
0.1300065476246
0.13447553282788
0.13714686875199
0.13283368635218
0.12507256605236
0.11433815238734
0.1020074949056
0.08405459489442
0.06661515067278
0.04593798550256
0.02161179355032
0.00257312061065
-0.01101796421466
-0.0228953614167
-0.03717250621136
-0.04914226198869
-0.05941157375793
-0.06448332812369
-0.06778236015129
-0.06745799333746
-0.06012826665391
-0.05185653978853
-0.04496814885468
-0.04538940435916
-0.04559599571077
-0.04589404865973
-0.04646484319751
-0.04584855152756
-0.04316324083821
-0.03931555229091
-0.03323221034701
-0.02779754926737
-0.02278649543264
-0.02068137116753
-0.02170760435995
-0.02544960780287
-0.0310770965225
-0.03859036448639
-0.04481337116883
-0.05010563135039
-0.05709496621961
-0.06307838934577
-0.06437925607204
-0.06255672507761
-0.06247710509633
-0.06252117007887
-0.06361313140125
-0.06504260516346
-0.06751564866614
-0.06975551559767
-0.06789926878612
-0.06639956692909
-0.06565692197445
-0.05905468961008
-0.05234998317153
-0.04294614203097
-0.03276762101005
-0.02760265631688
-0.01929743222562
-0.00663947277709
0.00227376063672
0.01202384580721
0.0206388890872
0.02620475014736
0.03204513921455
0.03609806234013
0.03940719479138
0.04090792930366
0.04163463217173
0.04429281493221
0.04115247262021
0.03749974486207
0.0368327174074
0.03507246984622
0.03181040989171
0.02775700435784
0.02186092728329
0.01679841405141
0.00996960054178
0.00013844364255
-0.00869054017789
-0.01360918267393
-0.01713210491303
-0.01522917756147
-0.01314732195888
-0.0122253643341
-0.01083456614928
-0.01345163114039
-0.01682007719883
-0.01829514608238
-0.02080239534811
-0.02520980565533
-0.02622245603925
-0.02945417703468
-0.03258799175946
-0.03369891022025
-0.0390398333384
-0.04135004896683
-0.0442144085093
-0.04950700034656
-0.05468817848097
-0.05701074828429
-0.05420463954324
-0.0479979141407
-0.04050948266629
-0.03104618470358
-0.02147858102271
-0.01248226936317
0.00022990267711
0.00281296421515
0.00958386234788
0.020855264282
0.02885592291233
0.03137418465487
0.03293723275092
0.03774186106189
0.04480833603226
0.05305735955735
0.0541445721731
0.0629258503359
0.07369664813891
0.07649073436077
0.0775197715514
0.07616058618505
0.07124579541773
0.06461626929664
0.05579608188992
0.04462393546215
0.0307075868451
0.02111141554811
0.01098219062466
-0.00035048160991
-0.00849506682992
-0.0111691992146
-0.01705292211427
-0.02603005050652
-0.02800965062619
-0.02782741335577
-0.0279900829398
-0.02805754472456
-0.02238101618687
-0.01932524607878
-0.0190021154362
-0.01358176077751
-0.00454968834194
0.00182531087222
0.00359843571979
0.00549741109216
0.00819123251907
0.0140598123209
0.02418342171031
0.03577313774171
0.04343349500927
0.0491384931739
0.05125594146338
0.05480543384676
0.06151396940114
0.06487670193635
0.06633198454225
0.06947439216476
0.07005980970393
0.06965589828511
0.06700916518396
0.06333998278043
0.05471520842065
0.04590419430914
0.0400525817115
0.03206859631781
0.02711600433813
0.01937354720915
0.01917933264532
0.02128284385771
0.02092748984866
0.02105553910001
0.02078032516869
0.02543149487899
0.02313820122897
0.01687959432201
0.01142021735497
0.00372140159375
-0.00462424680496
-0.00996608800639
-0.0104368054362
-0.01049713662338
-0.00534760221173
-0.00319559539813
-0.00380652705968
0.00094624688235
0.00328140452706
-0.00223776393288
-0.00894631456252
-0.01341203597219
-0.01611924347549
-0.02065305983081
-0.02188384921485
-0.02503477435879
-0.02654740325056
-0.02696435476855
-0.02329808189005
-0.01849511185758
-0.01526497376436
-0.01129886151869
-0.00436022926861
-0.00229774688157
-0.00418048544606
-0.00327232695976
0.0010885038117
0.00331187765594
0.00571093178663
0.00947316471983
0.01461425774012
0.01810673549333
0.01757925971277
0.01668722647743
0.016287234626
0.01202974777117
0.00607760053145
0.00035172004245
-0.00868080156047
-0.01074118245638
-0.00995251273551
-0.01010122262955
-0.01028756790809
-0.01246861117837
-0.01374219922318
-0.01634177691366
-0.02101217511702
-0.01841383359779
-0.01597406872972
-0.01480802004617
-0.01253976640163
-0.01060357549072
-0.00456886331783
-0.00595507485505
-0.01003042921251
-0.00985335521835
-0.01483596957666
-0.0206456428033
-0.02172934288367
-0.02604499008835
-0.03084224659759
-0.03069880550663
-0.03077592299489
-0.03155841939713
-0.03370178959475
-0.03756843528045
-0.0386601327858
-0.03494252111221
-0.0340072294207
-0.02934342664322
-0.02275430975432
-0.01805902983571
-0.01186871385277
-0.00022750669079
0.00304902091456
0.00155900943412
0.00229492705435
0.00204729406343
0.0023104176369
0.00297473305244
0.00363841832215
0.00426372047449
0.00835367597421
0.011176435339
0.01233340871654
0.00781417767446
0.00422620946087
0.00312452459632
-0.00174185725253
-0.0059926748127
-0.00930339468874
-0.01019450833327
-0.01376682465902
-0.01523434083774
-0.01317715589677
-0.01386108271695
-0.01581861265721
-0.01466148098945
-0.01598876710741
-0.0178720815468
-0.01749124281213
-0.0210385417453
-0.02214600043411
-0.02219730907868
-0.02128965787485
-0.01605463845233
-0.01319756026005
-0.01411324657701
-0.01161570577819
-0.0116016179485
-0.01127534411439
-0.00561600212591
0.00153544906533
0.00218481811517
0.00185667645644
0.00933662055994
0.02352151230614
0.0300934207867
0.03541505511075
0.04149817846339
0.04211679926087
0.04152913550809
0.04311398242889
0.03989968089542
0.03510630626541
0.03467455838055
0.03422738850555
0.03454812971956
0.03470705310168
0.03537514336211
0.03313756786997
0.02791921414646
0.01796798280798
0.01577895718798
0.0096506231331
0.00269682291102
-0.00726999323039
-0.0111441516715
-0.01176383527475
-0.0140001369075
-0.01362865237114
-0.01429444365455
-0.0131556585772
-0.01337570459761
-0.01225216060727
-0.01091117861636
-0.00503700589338
-0.00181995689393
-0.00217612270568
-0.00235417282287
0.00124314054387
0.00513378754969
0.00649781508929
0.00877992138948
0.01035971809846
0.00975027059618
0.0092309203803
0.01047816440972
0.01021176950501
0.00919323223239
0.00832634452934
0.00838748978052
0.01304350618664
0.01962628392906
0.0260621005075
0.02223146207832
0.01738490193398
0.01522745898193
0.01144301114683
0.00544832077197
0.00250018575304
-0.00085198354807
-0.00259503626866
-0.00408638341706
-0.00676554867702
-0.00967172849593
-0.01034881868608
-0.01007475801209
-0.01027592227039
-0.0101709230903
-0.00984847837201
-0.01233332580262
-0.01692957634377
-0.02007416987886
-0.02134740365508
-0.0280533764154
-0.0336105842768
-0.04121970073846
-0.04566051028237
-0.04518771246679
-0.04620932509228
-0.0460646553677
-0.04544632100014
-0.04540235400679
-0.04989367320653
-0.05416642376126
-0.05697975355144
-0.0566172915577
-0.05382415507716
-0.05149948227519
-0.05121625584362
-0.04718777725078
-0.0457116304862
-0.0465857693889
-0.04444782628458
-0.03994008258998
-0.03488409694532
-0.03279939211874
-0.03113393024955
-0.02764317861351
-0.02291990393862
-0.01991590980814
-0.0184003563161
-0.01657836049337
-0.01452820062317
-0.01310251828864
-0.01327547673705
-0.01331801911841
-0.01332530800622
-0.01072475796152
-0.01062863810908
-0.01113305628076
-0.01040026300798
-0.01008414989855
-0.01010900900091
-0.01054992264335
-0.01373331989553
-0.01657595598953
-0.02007785577973
-0.02073618480985
-0.01948517196564
-0.01785096864633
-0.01421562266201
-0.00683260870612
-0.00248633008234
0.00186663668017
0.00468276066964
0.00571275740052
0.00721327030649
0.00769503790127
0.00815787850817
0.00729474906723
0.00671391666814
0.00531323815846
0.0042536170358
0.00277710469618
0.00281689810403
-0.00172200087492
-0.01186327168421
-0.01945609932834
-0.02496110156725
-0.03227859467798
-0.04040746084989
-0.04400045289359
-0.0453543016182
-0.0463894970522
-0.04616952640808
-0.04350688137089
-0.04059265287111
-0.04164000650162
-0.03990498738665
-0.03901161999088
-0.03564450809288
-0.0291658777784
-0.02328075287964
-0.01777529838295
-0.01177263168848
-0.0035095489767
0.00165389763788
0.00462062045136
0.01158198242344
0.01694428979672
0.01625909665476
0.01610258531411
0.02025220868961
0.02874969509862
0.03219998473907
0.03324600420914
0.03608347702688
0.04277558054877
0.0463628213811
0.05049558307922
0.05770955438527
0.06279327096917
0.06506543664347
0.06792085655724
0.07406619550446
0.07608769730699
0.07596016061445
0.0752456159429
0.07536783106895
0.07518452345513
0.07043136207895
0.06604754455232
0.06387808661871
0.05701539146411
0.05352797146034
0.05408307265333
0.0527659849482
0.0506414738998
0.05059510994023
0.05099440832975
0.05427936006529
0.05287140623554
0.05134209656951
0.04811874234291
0.0414277543902
0.03533976926648
0.03386684860735
0.03294799648596
0.03060131380561
0.02762887973019
0.02663291012054
0.0202378118171
0.01513800993167
0.01246040269975
0.00870005266642
0.00553727912254
-0.00127714957479
-0.00564840338043
-0.00897561332871
-0.01231635106079
-0.01911442611699
-0.02170984303594
-0.0248968281998
-0.03162299426977
-0.03786467919831
-0.04022600749294
-0.04003641349605
-0.04208058848836
-0.04401185732715
-0.04534730669795
-0.04960459003677
-0.05178099012722
-0.05413715514559
-0.05735199185075
-0.05764582372715
-0.06115367824471
-0.0662513017552
-0.06763696681427
-0.06332918135724
-0.05378040667507
-0.04045986998838
-0.02814266717544
-0.01872609497851
-0.01473316384678
-0.01129967558268
-0.00448025772833
-0.00166416313561
0.00379538719692
0.00648223480894
0.00784144881829
0.01807259756895
0.02606469345208
0.03220084402884
0.03848727986421
0.04399494288637
0.04954267594738
0.05467501777972
0.05798718035806
0.05932871259593
0.05852971632253
0.06190243621694
0.06299356086244
0.06388176498195
0.0651556696072
0.06362597552206
0.05680955387547
0.05152499715133
0.04635049735674
0.03972996362774
0.0352192802576
0.02931417310281
0.02282072380858
0.01863048014726
0.01411381943686
0.00624260678064
-0.00144188145427
-0.00593073584913
-0.00932196740803
-0.01512834669055
-0.02082237760413
-0.02878947870756
-0.03756735739942
-0.04145859083282
-0.04879931491793
-0.05454932780643
-0.06135732238315
-0.06504116547621
-0.06777063913729
-0.07023231589456
-0.07446261451948
-0.07124429542944
-0.06366041495162
-0.05688482464448
-0.04655447315087
-0.03605264812189
-0.02797646244314
-0.0170416684333
-0.00495372413164
0.00384155442435
0.01271946349088
0.02008846122455
0.02602098273813
0.03346785172302
0.04046293780362
0.04466332711435
0.04567178657622
0.04554938300943
0.04614826275503
0.05086081892065
0.05283656731161
0.0531164093475
0.05251724317197
0.05133659409991
0.04720148819899
0.04574126844571
0.043345877603
0.04158607476196
0.03661546784757
0.03107860404842
0.02822109621125
0.02321125593488
0.01979183288758
0.01638445497235
0.00910027818437
-0.0010523231897
-0.00848218502096
-0.01208713174518
-0.01439167153854
-0.01650282590732
-0.015411595735
-0.01435267184308
-0.01223687429447
-0.0107491120427
-0.00400450893077
-0.00215245153374
-0.00286842986244
-0.00253836987698
-0.00322539014035
-0.0086646559579
-0.01101895918176
-0.0123590065066
-0.0146785386452
-0.01400012183224
-0.01147913146779
-0.01244874952441
-0.01172200143057
-0.01001460772802
-0.01047979253771
-0.00743205452771
-0.00333912694065
0.00112621381874
0.00473487810187
0.01123294494798
0.01925298282397
0.02543794708991
0.02850529499703
0.03097498425454
0.03819913889816
0.0456370004157
0.05006330756029
0.05114745989842
0.05107927450122
0.05156262499821
0.05137661137537
0.05454438312142
0.05503261046475
0.05419189341162
0.05228727763103
0.04356297641024
0.03624536269743
0.02933280612314
0.02706783888509
0.02311426171741
0.01492127293065
0.00827516402448
0.00352845636674
-0.00704560704287
-0.01360353698937
-0.01781754679676
-0.02558926500378
-0.03241242529122
-0.04166039578964
-0.04477301470004
-0.04520522991794
-0.04902063479774
-0.05362850082609
-0.05733044930541
-0.06219767009244
-0.06303105303199
-0.05859770574137
-0.05510374307512
-0.05254872031311
-0.0505837130443
-0.04676296398513
-0.04413877593406
-0.04254935367211
-0.04106720695437
-0.04052231924947
-0.04028012767335
-0.0406914636573
-0.03803670298065
-0.03462869944217
-0.03200702142175
-0.02915365174322
-0.02275745294586
-0.01920682238041
-0.01522760973452
-0.01364324522201
-0.01349708304678
-0.01097133643806
-0.01350900757678
-0.01664297305415
-0.01928596749103
-0.02129314025972
-0.02504124164497
-0.02626491550669
-0.02702555278314
-0.03073120977621
-0.02978458902744
-0.03049706085085
-0.02803032634414
-0.02914306137365
-0.03220830628212
-0.03301278994986
-0.03312996993935
-0.03341995008702
-0.03172331258188
-0.02632638487593
-0.02256377355373
-0.02060941695553
-0.01900410537041
-0.01633593525073
-0.01729362877736
-0.01744564015315
-0.01640716585029
-0.01202462218306
-0.01036347183799
-0.00838586165253
-0.00416647600772
0.00101245063673
0.00608456907
0.00921237781153
0.0101983148362
0.00786672249028
0.00438335094736
0.0027663334235
-0.00171071553591
-0.00651049112096
-0.00912904177886
-0.012514688708
-0.01616484613446
-0.01634910348961
-0.01613792925922
-0.02014920698136
-0.02139432539923
-0.01772038675144
-0.01190066586457
-0.01025240486609
-0.00772612308567
-0.00210312151693
0.00208787967616
0.00552191291088
0.00761005866536
0.01207186804528
0.01491296646285
0.01586628816432
0.01703375392224
0.01790931743693
0.02021382707977
0.02567930198915
0.02982367917445
0.02917682995418
0.0301896838541
0.032234213115
0.03251149989446
0.02982676960258
0.02870391907417
0.02813515969637
0.02387068545893
0.02147958352744
0.01848580288505
0.01630200084235
0.01524768997973
0.01131698951783
0.0104729106819
0.0060679274914
0.00461930588876
0.00858275961249
0.01025866109864
0.01350616589042
0.01979266202684
0.02152136460822
0.0253406890554
0.02714182071945
0.02663082219715
0.02328060966467
0.02151200287228
0.02251652769151
0.02222043452624
0.02186942219183
0.02562028988714
0.02387934619532
0.02073593606807
0.02109543577339
0.01713495413701
0.01232032339158
0.0057886779132
-0.00010782375602
-0.00288571590836
-0.00433932591426
-0.00891693288241
-0.01035342417776
-0.01025670885258
-0.01323318309746
-0.01495936811056
-0.01647709243993
-0.01979289569335
-0.02100175811294
-0.02088435953219
-0.02194467788559
-0.0215601909382
-0.01990685711501
-0.01512488691857
-0.01102829830481
-0.00036719788641
0.00465163327452
0.00584782343125
0.00919195083536
0.01407414889237
0.01695044804009
0.02085324419727
0.02703673862544
0.02766400508405
0.03017846786128
0.03382915292181
0.03929884136612
0.04205299322646
0.04200436797802
0.03937343374847
0.03685529260801
0.03538384178665
0.03245988220708
0.02823112879622
0.01929750760192
0.01169337351341
0.00476977657307
-0.0005257385077
-0.00917837556448
-0.01564838283071
-0.01904157492707
-0.02143743310282
-0.02539128916279
-0.02801981135087
-0.02970374041253
-0.03349216057843
-0.03346376632779
-0.03098724797788
-0.03072034805198
-0.02842825288507
-0.02585116748126
-0.02622410678013
-0.02691509635923
-0.02722695070796
-0.02731349777082
-0.02627849831519
-0.0262169912578
-0.02730415864777
-0.02911074755563
-0.03073697606284
-0.03103608427994
-0.0274147733619
-0.02545813286193
-0.02302939554594
-0.02091441959896
-0.02215997519936
-0.02049063898856
-0.01817528269676
-0.01395054684247
-0.01445436954141
-0.01482322344504
-0.0122466129119
-0.01096690431186
-0.01063657523303
-0.0042461427223
-0.00217987719898
0.00079520786077
0.00386874717683
0.00605251982277
0.00681563622559
0.00397147451536
0.00337947511804
0.00287673859153
-0.00184115647713
-0.00291818274026
0.00175351344292
-0.0002644704725
-0.00363754244959
-0.00327481362376
-0.00284911770168
-0.00174638510662
-0.00811957981226
-0.01058266610626
-0.01184518891084
-0.01573408567907
-0.01716595640749
-0.01817308170892
-0.02058339705821
-0.02195825315646
-0.02168539096557
-0.02188531905262
-0.01992894990732
-0.01962718844461
-0.02000068552806
-0.02047569940673
-0.0190145223745
-0.01534215155366
-0.0122743363135
-0.010552432674
-0.00531034596999
-0.00182073854612
0.00127148806121
0.00361422554624
0.00330713874822
0.00424863014006
0.0043212265581
0.00420889552572
0.00394318880659
0.00635237200391
0.00561615740108
0.00571399734059
0.00799811844916
0.01021623931935
0.00986218932022
0.01051211389336
0.01339191803884
0.0114513628404
0.00753201178737
0.00346800080867
0.00231300455138
0.00261310622806
0.00249512121972
0.0026497783035
0.0056452926007
0.00753208414861
0.00710566762915
0.00776314792218
0.00901990444013
0.01212636510716
0.01482182144594
0.01484201475559
0.01446070868789
0.01475600286442
0.01136057209208
0.01031166570987
0.00775657510919
0.00490961467709
0.0036862679485
0.00695916626058
0.00986723953204
0.00926279701581
0.01033115801997
0.01454338140915
0.02083062377089
0.02222820582234
0.02146633991227
0.02228159485267
0.02318008783656
0.02215092250623
0.02165791630574
0.02021464114376
0.01752465712407
0.01593344090627
0.01484160018596
0.01481711042745
0.01207409164601
0.00859776703299
0.00660639765848
0.00537961753962
0.00390910439938
0.00392067466079
0.00374907976958
0.00621583312036
0.00807978866569
0.010088800616
0.01294694915168
0.01228205484619
0.01476645755665
0.01784654405777
0.01656388824457
0.01600026199252
0.01594121974
0.01674733153572
0.01736257547515
0.0185260990528
0.02207013419236
0.02302647094566
0.0211843873401
0.02508020365228
0.0274810969646
0.02687051881788
0.02949742795323
0.03016373933308
0.03075090560231
0.03024066084297
0.03190788651748
0.03139869702628
0.02785683272403
0.0266973116277
0.02324831092191
0.02153432179347
0.02618194128024
0.02709218542865
0.02194695424972
0.02109410161296
0.02226595427129
0.01875355456308
0.01746875806308
0.01565706617999
0.01452976845012
0.0131205482986
0.01229045930318
0.01031319584867
0.00506411045559
0.00278553553486
0.00284994910223
-0.0011638235753
-0.00345805867525
-0.0083735225529
-0.01167849423262
-0.01349010320178
-0.01475035717986
-0.01697345288558
-0.0178724132025
-0.01428073270634
-0.01700740990685
-0.0188733651853
-0.01937945671074
-0.02005188110819
-0.01916581013785
-0.01980264938603
-0.01921753335205
-0.01957121400733
-0.02071109204097
-0.02152756053974
-0.01807928344639
-0.01632067155083
-0.01757766927292
-0.02016471188541
-0.01876201932111
-0.01693692553262
-0.01407719409472
-0.01318653270797
-0.01477534442193
-0.01461302910649
-0.01466157144101
-0.01324866538862
-0.01361160225303
-0.01438997557188
-0.01436738529602
-0.01572709075882
-0.01496941577079
-0.0132799239385
-0.0138082740841
-0.01821230753327
-0.02154947996656
-0.02513230374796
-0.03222889908614
-0.03371212368491
-0.0389615324423
-0.043638028588
-0.04817145298658
-0.05084982905672
-0.05019774118389
-0.05071210148899
-0.05106414647865
-0.05314154734216
-0.05409584139784
-0.05314077850394
-0.05506331123004
-0.05254060982368
-0.05031099406837
-0.04643081833757
-0.0410432372923
-0.0356682365508
-0.03186587930781
-0.02435653844894
-0.01698393772833
-0.01189939200517
-0.00444031809046
0.00137025889797
0.00865231685828
0.01501969929774
0.02442554544777
0.03001639374999
0.03304701832579
0.04079246789371
0.04918627420782
0.054719678235
0.06126473767898
0.06430611091457
0.06655885965506
0.07035893299629
0.07421789029981
0.07540878301047
0.07472147179461
0.07498030645685
0.07542197386224
0.07552373186161
0.0687635409317
0.06389231766337
0.06358844566437
0.05620257117806
0.05152194441135
0.04518393611437
0.03385472056135
0.02797099766169
0.01770812302811
0.00842671560487
0.00361653055336
-0.00698727182001
-0.01442438485093
-0.01590057684129
-0.01969948184994
-0.02100242896197
-0.02443765841851
-0.02275415900173
-0.02133358718006
-0.02130285626425
-0.0210186424032
-0.01976612957071
-0.01839783874782
-0.01557166483682
-0.01465490063883
-0.01156679409983
-0.0061218464171
-0.00319728156587
-0.00302942081635
-0.00252729106902
0.00217875107712
0.00645870986702
0.00632506543322
0.00776109014931
0.01089674405571
0.01402778493281
0.01500439037206
0.01701136716238
0.01956918638497
0.01850843084906
0.01788482767842
0.01761054087553
0.01843396660641
0.01805483891366
0.01987782216586
0.02232841107001
0.02566394030006
0.02688603125956
0.02661792531293
0.02833547220253
0.02798313324532
0.02832176125432
0.02757971931006
0.02704792446774
0.02345160079176
0.02112297073426
0.0183651932741
0.01696520671881
0.01556773773181
0.01219260579594
0.0107497753541
0.0096039199802
0.00980731537686
0.00979300141828
0.00849674018369
0.00548150820126
0.00689176628438
0.00770501772284
0.00895805818941
0.00967518826791
0.01047165943539
0.01398748122743
0.01710080113738
0.02061185160988
0.02152621130404
0.02194405979996
0.0260000808913
0.02711436867251
0.02322136389615
0.02160283884638
0.02118595516705
0.01869592938492
0.01588177799311
0.0126290420864
0.0102389275844
0.00783363229641
0.00440297441221
0.00296540146702
-0.0003320564774
-0.00893944024434
-0.01353987416992
-0.01642163809909
-0.01954146298336
-0.02134778053656
-0.02184897260277
-0.02157669080936
-0.02192584134926
-0.02143330248181
-0.02017325201973
-0.01955445031913
-0.02049446810439
-0.01820569703213
-0.01790234512957
-0.01572114356908
-0.01343717396685
-0.01335211181701
-0.01059031680028
-0.0105209404576
-0.0110171350754
-0.01062048239387
-0.01071622536483
-0.01372868425333
-0.01474020399281
-0.01548570570906
-0.01856754094024
-0.01970447929835
-0.02112709381764
-0.02427290844872
-0.02702999998459
-0.03034919517133
-0.03239450834571
-0.03340635220326
-0.03716832282695
-0.03886314376336
-0.03840199912312
-0.03820161124066
-0.0334179300023
-0.03027478369209
-0.02982078472469
-0.02726731471437
-0.02288624842254
-0.01990201795682
-0.01948006145278
-0.01843131336079
-0.01869228117221
-0.01716114739981
-0.01441151811723
-0.01340361643995
-0.01535914890837
-0.01495843344449
-0.01444647010561
-0.01164825326273
-0.01373895804246
-0.01163526592696
-0.01006960227345
-0.01291389664596
-0.01390113768056
-0.01147968925237
-0.0111982718519
-0.01144566439244
-0.01246133736582
-0.01089926916162
-0.00988507356364
-0.01054539252797
-0.00601595628919
-0.00363387162398
-0.00538764888394
-0.00336875962382
-0.00085833023218
-0.00244168470232
-0.00227599026755
0.00165221373143
0.00270956904264
0.00216082282515
0.00259420260683
0.00244797485421
-0.0009861970729
-0.00278324183418
-0.00811202710742
-0.01072825542165
-0.00951799854059
-0.01176574229504
-0.0110755592423
-0.01022483221708
-0.00985496073345
-0.01027758808653
-0.00995469864809
-0.00998105020111
-0.00995256549892
-0.01257571335711
-0.01148685753811
-0.01079933526861
-0.01112240561015
-0.01129285402791
-0.01029919847054
-0.01113145830328
-0.01295533099578
-0.01113399094682
-0.0121777415904
-0.01532416676947
-0.01550907236077
-0.01338537537636
-0.01294984360144
-0.01393235100466
-0.01144652368221
-0.0102174754906
-0.01031217826868
-0.00606590589915
-0.00341533991336
-0.0032098852363
-0.00150454855285
-0.00106907331016
0.00194972547859
0.00345931142929
0.00430385835202
0.00842563018621
0.01384326376062
0.01741236905618
0.0207042704862
0.02275747555875
0.02574456278607
0.03006420493444
0.03077123458929
0.03175306360585
0.03424948129786
0.03404486480521
0.03359143116003
0.03506136691784
0.03561548821898
0.03413677112271
0.03198826779935
0.03148834959253
0.02999470045206
0.02711568775769
0.02270529254915
0.01929165086373
0.01919242550791
0.01302901132495
0.00728165997346
0.00473599140976
-0.00155536197516
-0.00905783379219
-0.0102272593338
-0.01010663464759
-0.01310281225619
-0.0158897754181
-0.01721678264376
-0.01726891288996
-0.01870914284958
-0.01917346083188
-0.0178135292402
-0.02051942519594
-0.01990773901768
-0.01877510464606
-0.02018452077595
-0.01820045837957
-0.01443521642464
-0.01373091539169
-0.0141409398281
-0.01086304331384
-0.01008690867097
-0.00826712137371
-0.00280596100351
0.00182936385565
0.00245707352688
0.00265016799895
0.00408272239037
0.00601557790019
0.00663926624604
0.0070386083538
0.00460094271557
0.00276856003928
0.00307783953374
0.00259139333228
0.00255900489173
-0.00095120664261
-0.00165183081985
-0.00284231348346
-0.00857737774496
-0.0115369752372
-0.01349182178133
-0.01755936037067
-0.01975192867657
-0.02444969601295
-0.02720680262408
-0.03161967771275
-0.03341976918391
-0.03315248483891
-0.03673985381095
-0.03857354049716
-0.03465195302943
-0.03965635867486
-0.04265785784995
-0.04087293208951
-0.04407891961755
-0.04587543071466
-0.04509433631152
-0.0417420735438
-0.04047880451389
-0.03939902400091
-0.03490800630635
-0.0337134729206
-0.03244346524985
-0.0283338063864
-0.02264088350436
-0.01883670215501
-0.01665492773467
-0.01152985971488
-0.0035375836824
0.0020178762027
0.00415256531232
0.00547058919105
0.00962013342143
0.01468670943567
0.01731416881797
0.02043350375633
0.02066662002643
0.02137105673671
0.02546484135226
0.02692291288111
0.02720780512882
0.02982598568911
0.02821039277724
0.02759487748315
0.0280085576699
0.02708917791444
0.02322083626208
0.02227893406943
0.02192419814601
0.02134901670781
0.02185351025578
0.02123125632084
0.01684985837331
0.01578770837592
0.01260434881189
0.00593680439471
0.00403245921503
0.0032465377139
-0.00434297337321
-0.00983364431699
-0.00977342619426
-0.01280751054203
-0.0148626301725
-0.01451154999942
-0.01340268931151
-0.013479761574
-0.01372006874272
-0.01314400540186
-0.01369336292111
-0.01154713596188
-0.01233943882021
-0.01171704920793
-0.01111242578859
-0.01055014123461
-0.00984348846123
-0.01085135245036
-0.01024315619459
-0.01002786641845
-0.00995108812352
-0.01026422386928
-0.01032909270946
-0.00775632636741
-0.00408231309709
-0.00507058151059
-0.0043712485293
-0.0032683071419
-0.00333737745682
-0.00287670467219
0.00110505267745
0.00595068795464
0.00612816596574
0.0061532285841
0.00848808698493
0.01148655603292
0.01236416224524
0.01403774214148
0.01541562836683
0.01674219840998
0.01858300061852
0.02189421345553
0.02627946313178
0.02779726283744
0.02905265504444
0.03365694069873
0.03457782798011
0.03745775272766
0.03798853752762
0.03798219084351
0.0380171729824
0.03978620941968
0.04085738195968
0.04364817423741
0.04252584380544
0.04347650472367
0.04277081676688
0.04160056962364
0.03977068190274
0.03571026637336
0.03320640904095
0.02902605474964
0.02755625466916
0.02677285375138
0.02297971502936
0.02046715173479
0.02118398784573
0.02126122593606
0.02257660259928
0.02256865040007
0.02160874081034
0.01778348424868
0.01978876507234
0.01894551537567
0.01725339291065
0.01685720002452
0.01626819457367
0.01299988592424
0.00985985265505
0.00741724233182
0.00515208891432
0.00323526066629
0.00247560931179
-0.00032149882115
-0.00342847875548
0.00143657270175
0.00311092143622
-0.00136975236926
-0.00375096945331
-0.00434139800863
-0.00891120428392
-0.01047406393923
-0.00986216670733
-0.01067280108081
-0.01051246816195
-0.01048811408077
-0.01023187236311
-0.00514534348961
-0.00250519903048
-0.00209214522074
0.00178880688591
-0.00094916017618
-0.00279181061149
0.0016458451882
-0.00061243632316
-0.00321101437321
0.00182279481147
0.00283026835138
0.00216549087915
0.00256427294104
0.00224370660004
-0.00077947155149
0.00128902058762
-0.00050927368652
-0.00385184102744
-0.00272966436311
-0.00310812949822
-0.00618274744907
-0.00980910179507
-0.00662940853407
-0.00894951805509
-0.00535497853604
-0.00192496361164
-0.00223765237596
-0.00173411610695
-0.00242086576942
-0.0030920155537
-0.00858772691038
-0.01340681993252
-0.01442673659136
-0.01676504496524
-0.01721755148198
-0.01856203847065
-0.01828726172184
-0.01695775200315
-0.01693747577958
-0.0181252252987
-0.01867597727942
-0.01666425932009
-0.01624538570655
-0.01718560700781
-0.01469436012969
-0.01344526938102
-0.01429987074785
-0.01372310640744
-0.0110496976352
-0.01207009670233
-0.01180870678366
-0.01003958743245
-0.01087611356354
-0.00475445257213
0.00163522617564
0.00264244343615
0.00263653619585
0.00888210903373
0.0124933873668
0.01412530678435
0.01627494075215
0.02050327205575
0.02563986511117
0.02931338918933
0.03093826092322
0.03379296476218
0.03665193489949
0.03761147514537
0.03817600591297
0.0384542801219
0.03587971228638
0.03638657265003
0.03493747843802
0.03243669645848
0.02900306497941
0.02654552638079
0.02319025609887
0.02070162477821
0.01686629794343
0.01109414703685
0.00976946893873
0.00621864314867
0.00552849627656
0.00326648002049
0.0019560231681
0.00278421268087
0.00245154618311
-0.00151301180335
-0.00375515886783
-0.00595403993851
-0.00982376248461
-0.01013633290815
-0.01046477757958
-0.0107217730602
-0.01392205460265
-0.01486535125678
-0.01391793151927
-0.01495062446024
-0.01491096145338
-0.01517930106652
-0.01661950841326
-0.01512666579915
-0.01667863357971
-0.0178558530303
-0.01886764412445
-0.02128355993252
-0.02173546343889
-0.02154196494987
-0.02183256318317
-0.02511586417784
-0.0227037021093
-0.02094498468692
-0.0184357228741
-0.01432780520309
-0.0159424935994
-0.01199000185038
-0.00965679645172
-0.01029868591173
-0.01015925483971
-0.0101165240176
-0.01002055491776
-0.01025029432981
-0.01029443468864
-0.0079695131449
-0.00510704856251
-0.0033068930215
-0.00212362688445
-0.0014069008229
0.00153206617717
0.00343641814072
0.00505470575516
0.00627830348682
0.00929428169457
0.01244413649511
0.01491211471071
0.01981207896064
0.02537871639665
0.02742472303295
0.02923505814271
0.03124231382532
0.0335886196242
0.03777574270687
0.03825111085413
0.03894263560493
0.04024381137402
0.0389492762566
0.03809267741793
0.03875435315559
0.03535290735484
0.0326834483005
0.03003060971939
0.02736013308505
0.02263039866161
0.01840074827284
0.01244516161273
0.00812217275684
0.00540058421006
-0.00077416506026
-0.00897938968113
-0.01147736012483
-0.01239318211913
-0.01365555417112
-0.01742439911299
-0.01774202728598
-0.01968831108289
-0.02188974364119
-0.02489612720025
-0.0267258490933
-0.02763047770766
-0.03037549396094
-0.0310939883504
-0.02821357365692
-0.02933468299291
-0.02750053651129
-0.02642181126645
-0.02699235706245
-0.02230178816233
-0.02024170123397
-0.02127944438676
-0.0219714364706
-0.02055484451735
-0.02150625166091
-0.02075016711273
-0.02107898112801
-0.02180481716868
-0.0257745851647
-0.02304964915663
-0.02483740152817
-0.02770874845325
-0.02950715903302
-0.02970625044318
-0.02950942785952
-0.03066480325959
-0.03025746221931
-0.03333570200118
-0.03789197295503
-0.03961535396993
-0.03982884979023
-0.04400196795714
-0.04350114523477
-0.04412487654511
-0.04286059747284
-0.04214431914648
-0.04180493737452
-0.04059667042767
-0.03884561877458
-0.03456947628653
-0.03367673451402
-0.03391410200721
-0.03107156390239
-0.02913291572424
-0.03125599462302
-0.02824493773362
-0.02238247094938
-0.02042642592215
-0.01975237339672
-0.01576180908068
-0.01161082139422
-0.01075958934782
-0.00506777675862
0.00150768646805
0.00316574186241
0.00531725496126
0.00994425149349
0.01408542518622
0.01905097435116
0.02167626289615
0.02544476110705
0.02442362335222
0.02129467793615
0.02202186321251
0.02260594659125
0.0258646824511
0.02259881599366
0.02141172224831
0.02609242439132
0.02237013184975
0.01810893648117
0.01683087862202
0.01364412712468
0.01078123741998
0.00831169137743
0.00926477941239
0.00842353472518
0.0082589656585
0.00955249827119
0.01094499242267
0.00875259748224
0.00701688339782
0.0074061341271
0.00724059572126
0.0056623879446
0.00536056241203
0.00354320675407
0.00345486272031
0.00407950683759
0.00231282666332
-0.00166122647512
-0.0031440417806
0.00149926919709
-0.00061571587042
0.00108235461348
-0.00043182680385
-0.0033808454591
-0.0034691133628
-0.00580320895551
-0.00644420369888
-0.00684335811967
-0.00931543982081
-0.01036453464376
-0.01355877854491
-0.01380300528102
-0.0138906754507
-0.01657631025812
-0.0174047560503
-0.02014069699756
-0.02176577224744
-0.02184616106694
-0.02184947008633
-0.02176547827989
-0.02003703951554
-0.01783571248406
-0.01662278728213
-0.01431185557889
-0.01062769590538
-0.01008277804996
-0.01056257078579
-0.00826317919344
-0.00358362427766
0.00141182892512
0.00391342270737
0.00403914584623
0.0058162935267
0.00700469429702
0.00868083171099
0.01246367403099
0.01585461991373
0.01718570499699
0.01693207129917
0.01870841923714
0.02044762173654
0.02109407900007
0.02239070957851
0.02558115451435
0.02737942187915
0.02805638392961
0.02856028954247
0.02738181884536
0.02756373953534
0.02760149552192
0.02760916129121
0.02868603227917
0.0302889016723
0.03252187921039
0.0372695682675
0.0432660239552
0.04508457508121
0.0420087699537
0.04242061849646
0.0451760442162
0.04654569181241
0.0464282781564
0.04974149600288
0.04780789049892
0.04943533256449
0.04805057955859
0.04592339265169
0.04632443223364
0.04570084413826
0.04441074114704
0.04171133509036
0.03900130097598
0.03504238716655
0.0345194264261
0.03253137662367
0.02840111741857
0.02376761591201
0.02127070827408
0.01815158438935
0.01315926156414
0.01035298699524
0.006680054621
0.00427456486217
0.00382829724144
0.00297362426713
-0.00041074985788
-0.00310293984025
-0.00604757966035
-0.00962634442821
-0.01286919096491
-0.01647085128263
-0.0196625022392
-0.02144821191312
-0.02194977332318
-0.02592217195193
-0.02312655559126
-0.02121806546907
-0.02556839330747
-0.02334693326737
-0.02069881324238
-0.0180872356456
-0.01678071569715
-0.0180132914994
-0.01713334108428
-0.01399041336533
-0.01467293818642
-0.01483045956944
-0.01355565042863
-0.01417961540549
-0.01399167214947
-0.01393037614571
-0.01097414797389
-0.01098473080583
-0.01064835654807
-0.00797546033464
-0.00435338283966
-0.0050502140817
-0.00326189412665
-0.00823496584591
-0.00573205750107
-0.00262009964078
-0.00942555705139
-0.0081470318592
-0.00668815606528
-0.00946891349675
-0.01067301213443
-0.01111463431405
-0.01055506330672
-0.01155434947339
-0.01459746390141
-0.01484946193362
-0.01535898308052
-0.01392742893254
-0.01574266350154
-0.01912374262715
-0.01787839808039
-0.01427342120565
-0.01749400912219
-0.01730908845563
-0.01586354446715
-0.01639907043611
-0.01687738579654
-0.01646344179275
-0.01650311233724
-0.01809091400884
-0.02027987179017
-0.01871841413397
-0.01859360606334
-0.01808875070915
-0.01676310025681
-0.01797920633842
-0.01654665722334
-0.01443083706185
-0.01500180496511
-0.01541638966742
-0.01338529246244
-0.01263844904812
-0.01086225940037
-0.0104861844476
-0.0054679163476
-0.00164394872059
0.00132272359077
0.00245059568802
0.00202737210844
0.00225672333257
0.00220651216687
0.00227663096606
0.00212694570276
0.0023393357528
0.00385809198365
0.00580557652496
0.00520221264352
0.00465630208228
0.00649933769047
0.00727214145482
0.01013109425559
0.01009611965432
0.00877989123896
0.00994361079498
0.00988129721122
0.01019053600248
0.00720155004626
0.00482404825983
0.00680051800194
0.00622599082999
0.00542651968593
0.00572872285374
0.00618361352271
0.00611061308773
0.00684105989641
0.00745095061131
0.00628994837076
0.00382660655112
0.00372020009559
0.00447041735291
0.0041206442048
0.00266679073347
0.00197898128029
0.00236324134502
0.00214611992489
0.00226337981326
0.00216875165771
0.00220569508782
0.00213803958598
0.00248587028694
0.00209048091212
-0.00049942924078
0.00108508323539
0.00278182099101
0.00187357582196
0.00239536898359
0.00229234390869
0.00244724295038
0.00218945978746
0.00259825785154
-0.00153259908758
-0.00286812308091
-0.00299765423024
-0.00336313202958
-0.00653381330065
-0.00488646284783
-0.00491095788268
-0.00537501883181
-0.0088711191698
-0.01083096316234
-0.00996127146109
-0.01036933611381
-0.00995015345745
-0.01046033791576
-0.01261728338425
-0.01109312945686
-0.0102515154258
-0.01366615961595
-0.01412401784969
-0.01456730584545
-0.01480227637243
-0.01494329034666
-0.01411110589021
-0.01332517986651
-0.01393884844136
-0.0143273755582
-0.01164347440558
-0.01019090534632
-0.0103043617468
-0.01032689925926
-0.01035442668249
-0.01010595626093
-0.00998474363961
-0.01264762234332
-0.01597372953639
-0.01418572088545
-0.01353939176162
-0.01201069264359
-0.01059083689672
-0.01072567755233
-0.01124234437207
-0.01092186697511
-0.00988544290749
-0.01057504556275
-0.00996676639305
-0.01049304369052
-0.01043501148036
-0.01024201801253
-0.00522721269956
-0.00865545251218
-0.00524471959803
-0.00183475627585
-0.0025601611641
-0.00111287070685
-0.00189935677643
-0.00256510434158
-0.00258951495499
-0.00215088219926
-0.00222286053167
-0.00286013922366
-0.00281855562878
-0.00587491668702
-0.01014592831061
-0.01138506938822
-0.01135220532324
-0.0107323709674
-0.01072866245364
-0.01036305726836
-0.0083357364158
-0.00386891903478
-0.00251414619679
-0.00255301850631
-0.003592660388
-0.00274842401561
-0.00192672892449
0.00132995820765
-0.00100181579515
0.00058741041306
0.00377945038669
0.00555614279434
0.00768027168492
0.00891131734837
0.00959538738351
0.01039777559022
0.00991967128342
0.0104177201581
0.01100477336289
0.010403376049
0.0147032545326
0.0176808066585
0.01506284468947
0.01303941325377
0.01432869464338
0.01140939331889
0.00938296190661
0.00601678090587
0.00388013276631
0.00304368276529
0.00208624627182
-0.00147382969725
-0.00352319208624
-0.00419357906241
-0.00933079397227
-0.01047347600412
-0.01113481254845
-0.01298494634241
-0.01465949105524
-0.01471155346277
-0.01475790234707
-0.01699612607536
-0.01781668750699
-0.01880612952942
-0.01960769613451
-0.01739163303719
-0.01885024727537
-0.01743866030816
-0.01616639134853
-0.01317127654569
-0.01071035355139
-0.00563640573542
0.00122107111822
0.00404112975033
0.00747920993838
0.01308148076448
0.01721273493668
0.02022119134387
0.02678862247246
0.0332722879235
0.03471921129819
0.03821454581302
0.04472060556155
0.04964374048482
0.05124960985453
0.05255130572005
0.0554762527291
0.05619926215867
0.06115006772014
0.06325054880544
0.06230441046496
0.06266658602877
0.06269084212077
0.06298285742844
0.06018709031518
0.05685060380617
0.05372501263526
0.05215846707909
0.05117634409498
0.0474007680499
0.04188353977581
0.03855396527313
0.03791124667387
0.03820053335963
0.03449245678746
0.03151585440288
0.03083087985218
0.03003427300736
0.02722396580664
0.02785947089439
0.02856023677906
0.02700814839643
0.02645939388755
0.02659134009339
0.02319740177171
0.02142604374452
0.01993587698891
0.0178835990448
0.0162312828016
0.01617277572078
0.01426214491179
0.01070724051037
0.0059516776454
0.00420213954832
0.00316745818066
0.00198888195674
-0.00146456218168
-0.00268365919471
-0.00242752677268
-0.00256362545866
0.00145279744943
0.00231347188441
0.00235321479015
0.00251689818535
0.00250100509338
0.00232447531608
0.00414156791076
0.00667834357908
0.00934498732878
0.01075732805895
0.0136089716203
0.0160167166379
0.01718758940439
0.01954070922041
0.01936253473233
0.02087270635685
0.02101644141537
0.02140093590038
0.02190719325367
0.02532655599994
0.02240322204362
0.01978458168792
0.02167868247524
0.02135117246987
0.02153163085971
0.02129937387938
0.02165647661849
0.02102479310894
0.02143609140475
0.02509255782717
0.02681262982268
0.02656561416363
0.02922997778037
0.02837946180878
0.03060619818958
0.02860691731907
0.02641366308887
0.02669742469214
0.02682698146941
0.02361916983501
0.0218549424054
0.02137243612293
0.02077287045303
0.01909000419714
0.01936926583555
0.02066996673397
0.01846470505985
0.01835598982837
0.01664126201224
0.01454319296841
0.01170804927821
0.01026047766737
0.00837606273407
0.00633011338376
0.00622552575824
0.00353374853647
-0.0011731272715
-0.00313833504124
-0.00625088988179
-0.00968664546487
-0.0125400905197
-0.0157258621252
-0.01924408842107
-0.02099069287271
-0.02481777354073
-0.02765346747789
-0.03023035690333
-0.03278168622685
-0.03680266487826
-0.04033314735983
-0.04280893455968
-0.04566849263209
-0.04450397408734
-0.04506660537229
-0.04616008929585
-0.04632292470772
-0.0461479235617
-0.04633901754688
-0.04590048579539
-0.04534668107469
-0.04476797202585
-0.04393764936391
-0.04205316659194
-0.04085836185152
-0.03560324710854
-0.03307695025286
-0.03346249246839
-0.03195845647435
-0.03033090134433
-0.02783471731884
-0.02748631300427
-0.02721083525591
-0.02746005944043
-0.02791206847362
-0.02751058417152
-0.02746447649137
-0.0300077330136
-0.03340353312979
-0.03268751862047
-0.03321764010903
-0.03439902786878
-0.03719504372382
-0.0383361051653
-0.03820814636551
-0.04013168913398
-0.03552456933096
-0.03850802342083
-0.04018922386058
-0.03989330406079
-0.04090842678721
-0.03850913145237
-0.03880434271498
-0.04026838404646
-0.04117987944137
-0.0419852525494
-0.04454379538443
-0.04629151540525
-0.0462859224841
-0.04490019712399
-0.04584273247753
-0.05085466067728
-0.05060688371764
-0.04999950152587
-0.05073368172248
-0.05023025098028
-0.05111299785597
-0.05055081882881
-0.05098830284978
-0.05051282917571
-0.05056749960307
-0.0505903612336
-0.04721191274071
-0.04493578227325
-0.04557229740336
-0.04477046698124
-0.04351463759173
-0.03996586128316
-0.03506992966505
-0.03331068460859
-0.03307127441779
-0.03094674829413
-0.02738746452992
-0.02678178584243
-0.02745214492937
-0.02170519985611
-0.02036007970656
-0.01831434442493
-0.01652372775415
-0.01550378848243
-0.01108938325495
-0.01015326242419
-0.01083842541563
-0.00814238867938
-0.00390210646407
-0.00276455002034
-0.00191738829391
-0.00246500838954
-0.00199074148996
0.00162847019825
0.00213076351214
0.00305210531258
0.00383521753916
0.00306548385133
0.00370442609816
0.0059662049189
0.0038274779011
0.00535030445193
0.00722043180836
0.00645303930828
0.00744906017381
0.01040285595256
0.00987430229096
0.00895338485907
0.01007653689267
0.01110596604003
0.01129906503468
0.01385689179491
0.01579044453546
0.01448439945767
0.01719244363784
0.0192298799893
0.01535757354378
0.01483385904038
0.01970322051421
0.01627195585083
0.01521518018334
0.01509927405324
0.01298922771601
0.01329835344283
0.01383598994807
0.01172350895649
0.00934471597411
0.00954921186469
0.00814561478484
0.0067072224993
0.00616100214149
0.00434802961513
0.00372326941836
0.00433934777338
0.0026411137983
0.00242857676448
0.00212908111322
-0.00096945976641
-0.00281640137424
-0.00314362796474
-0.00896673400106
-0.01080816183285
-0.01241894573704
-0.01179553854478
-0.01380176910977
-0.01761466395892
-0.01764939735603
-0.01756493067893
-0.01844837855417
-0.01915475997288
-0.02073209941462
-0.02154433930319
-0.02164789879603
-0.02207510902788
-0.02605346992163
-0.02353091173023
-0.02137502152987
-0.02229862989553
-0.0211805657619
-0.02131225568834
-0.0198782141226
-0.01831800771291
-0.01794530208056
-0.01861952043384
-0.01764439990762
-0.0154037716755
-0.01365713707334
-0.01085015396726
-0.01031680637324
-0.01078566954618
-0.00714766730118
-0.00201853122271
0.0015666548518
0.00359204531743
0.0032569584868
0.00600287624058
0.00792944310604
0.0089190961821
0.00951200612507
0.00916093348963
0.00913475530209
0.01165730595586
0.01523383581656
0.01827486985881
0.01751379539984
0.01916394080571
0.02148430208356
0.02097211261579
0.02530651344288
0.02801726363207
0.02866727111914
0.0311280056727
0.03425009184586
0.03467837242112
0.03369433487909
0.0362667318773
0.03982450057796
0.03795185942207
0.03948474192452
0.03792972140398
0.03911501365586
0.04408794969779
0.04566891473935
0.04315819062639
0.04374658552925
0.0456881658453
0.04942897080512
0.05099038323555
0.05021654003207
0.05100785546092
0.05087055753807
0.05065826020088
0.05068013440193
0.05076015387758
0.04728569859669
0.04614740346526
0.04653438536804
0.04525304864001
0.04611981574099
0.04446762009987
0.04181974127902
0.03994560767247
0.03982823924224
0.0376608616944
0.03380505512003
0.03380254508938
0.03246580678393
0.02971332073973
0.02882377492216
0.02868658252613
0.0267107662965
0.0266677038187
0.02331569733038
0.01884029760432
0.01542915841193
0.0135815044981
0.0090767909306
0.00765891004268
0.00504076717054
0.00216795719155
-0.00125640677194
-0.00316543281959
-0.0083544372748
-0.01211741794085
-0.01241415180463
-0.01485376592011
-0.01607483929962
-0.01522965243214
-0.01381709311071
-0.01785435304202
-0.01717886836696
-0.017017743997
-0.01798547010861
-0.02037021028072
-0.01978855401871
-0.01731186984095
-0.01650548669056
-0.01467418943293
-0.01381325645725
-0.01130173335556
-0.00463232412882
-0.00214355260825
-0.00299480877507
0.00097574916453
0.00334139802844
0.00233978047294
0.00606736819929
0.00748561843105
0.00612081300808
0.00668921208718
0.0091063987396
0.00934674359647
0.00730670224022
0.00633018046866
0.00697455734643
0.0060708355089
0.00548911517704
0.00478727065757
0.00372785681972
0.00245596474157
-0.00109453693041
-0.0023572082263
-0.00184252003432
-0.00285377294171
-0.00271785139003
-0.00861862365404
-0.01095638178097
-0.00996475384596
-0.01038212747121
-0.01021648806113
-0.01009445383818
-0.01236901647869
-0.01600665390241
-0.0187334290921
-0.018237973162
-0.01996553002369
-0.0207153281888
-0.02043099372568
-0.02188797983586
-0.02569467121587
-0.02759640762195
-0.02823125693592
-0.03120503270941
-0.03330837055631
-0.03398693812186
-0.03374045763451
-0.03832026106792
-0.03895493701641
-0.03487623519766
-0.0337395380437
-0.03350310521658
-0.03320935625411
-0.03320860249116
-0.03179035225939
-0.0312195803345
-0.02781217226876
-0.02280103552011
-0.02179189013394
-0.02178805348049
-0.01849372493374
-0.01459372523713
-0.0137483197784
-0.01580930368468
-0.01456697418974
-0.01102103956753
-0.00990204830546
-0.0104946944314
-0.01038486363075
-0.01075159192283
-0.0066885585747
-0.00304270438097
-0.00287869385264
-0.00314931510626
0.00111110840905
0.00256509906524
0.00254792683753
0.00271735239895
0.00250480028987
0.00260810124201
0.00316315193288
0.00692247835611
0.00753042511634
0.00710734249044
0.01029141209918
0.01328358722648
0.01525381053495
0.01678755986481
0.01791368172446
0.01737832912098
0.01715322535112
0.0192623144094
0.02120643490663
0.02243992276206
0.02586658193376
0.02271045582541
0.02475463081772
0.02351228624753
0.02512842186873
0.02716758433736
0.02289483378263
0.02137205170382
0.02193386138713
0.02228624557013
0.02529229747348
0.02675625589103
0.02767318591688
0.02800775868117
0.02726068913797
0.02713968757028
0.02723622952997
0.02685887318017
0.02613478586957
0.0268609686412
0.0264023566445
0.02682411717017
0.02631245533646
0.02658400597981
0.02799808790241
0.029867133609
0.02766208298851
0.02628871180328
0.02660490782664
0.02679863244455
0.02240488785976
0.02085582206659
0.02242932485486
0.02542461302318
0.02293306463988
0.02489627795284
0.02366370968822
0.01965152745053
0.0207793603521
0.02056412333937
0.02105036828612
0.02126701483558
0.01885669948629
0.01663676204738
0.01699293765805
0.01670057561942
0.02030243191551
0.01984603598191
0.01703281925617
0.0168075345832
0.01997024104218
0.0178129186922
0.01727383496208
0.02014274723281
0.02136039852848
0.02148333726698
0.02186636191422
0.02163426322411
0.01965518320088
0.02023182693921
0.02061161040574
0.01941161977617
0.01685659701415
0.01444844496456
0.01198452953131
0.00991355826583
0.00802857047268
0.00468621968786
0.00305042668247
-0.00041160017787
-0.00156215111813
-0.00246205590003
-0.00293680973048
-0.00305949595839
-0.00460673538391
-0.00938566037801
-0.01167588621278
-0.01115037775354
-0.01089271142388
-0.0109494848499
-0.01055632209086
-0.01331825278493
-0.01419794692063
-0.0138834920897
-0.0147270282163
-0.01468249590073
-0.01378104062842
-0.01757345573799
-0.02092274867965
-0.01891311110609
-0.01780327806396
-0.02042224253773
-0.02107903389142
-0.02012133282716
-0.02061516062927
-0.02092769336466
-0.02027321606325
-0.02076485795278
-0.01953544041733
-0.01859408847163
-0.02094946203889
-0.02013493071093
-0.01838691672255
-0.01921136003342
-0.01779716504637
-0.01881709678047
-0.01883288057681
-0.01843475805751
-0.01875234854235
-0.01802156781668
-0.01484136651944
-0.0143328026515
-0.01360231589338
-0.01409427436335
-0.01738751749144
-0.01807837139321
-0.01658731519731
-0.01480251003894
-0.01470853841094
-0.01659674477192
-0.01653180055544
-0.0165385693468
-0.01886348335292
-0.0199210956973
-0.02073738329295
-0.02165384598577
-0.02138145866554
-0.02191225854075
-0.02576612794431
-0.02310117639246
-0.02511584156495
-0.03053361835433
-0.03191208497715
-0.03395512932503
-0.03397067191723
-0.03392591347276
-0.03371470909186
-0.03798659281918
-0.03939050647948
-0.03931255231433
-0.03847327494845
-0.03893010806457
-0.03863101492273
-0.0348869461693
-0.03369860117744
-0.03382549717146
-0.03282274369519
-0.03158378352068
-0.03074454384294
-0.02866846960224
-0.02293775304548
-0.02050967150326
-0.01759024203907
-0.01471942274805
-0.0141141360173
-0.01151485229438
-0.00491959902124
-0.00312276531358
0.00089797137992
0.00329130068094
0.00534060427642
0.00720697487827
0.00986645561857
0.01108371495751
0.01357163020335
0.01295559481281
0.01489576559214
0.01730310357775
0.01974326040255
0.01772163046032
0.0155905918247
0.01350508800939
0.0148817154506
0.01684215491587
0.01720283802904
0.01811071536175
0.01627433020415
0.01692407387418
0.01719711696818
0.01624145860154
0.01458077558951
0.01643755003513
0.01993926892222
0.02079495570771
0.01990422648229
0.02040690346153
0.02184800778619
0.02575842448688
0.02704368831991
0.02681887851761
0.02751645598497
0.0304811489148
0.03116057577013
0.03171703373644
0.03177584232245
0.02926577398326
0.03147728435231
0.0327075008765
0.03155060287526
0.02835135398807
0.02820369182454
0.02735345474524
0.02370390786678
0.02173193582824
0.02117570399082
0.01982497584486
0.01747032589004
0.01531249851888
0.01519740645278
0.01212076464838
0.01068662509346
0.01019345306512
0.00917624241531
0.0071232197534
0.00561933375818
0.00567519437726
0.00504644903572
0.00376483718422
0.00353127770149
0.00433154632676
0.00422211351296
0.00358035822276
0.00329546371376
0.00414595782623
0.00427192819934
0.00365548502305
0.00334072642564
0.00282598697778
0.0032246544677
0.00412024772549
0.00364383561653
0.00365690963504
0.0027881375246
-0.00051654734832
0.00147322593312
0.00296172235002
-0.00118862313039
-0.00257271508617
-0.00245116025647
-0.00547238239313
-0.00661981237785
-0.00664788929428
-0.00953882501113
-0.0104929381637
-0.01032997461213
-0.00768808066917
-0.00508259498462
-0.00673367882538
-0.00635644760023
-0.00385735103466
-0.00380945844382
-0.00405029400038
-0.00589893835874
-0.00675622236793
-0.0059109307274
-0.00391657042148
-0.00439259585004
-0.00418803965843
-0.00197591949515
-0.00449764327096
-0.00519009891902
-0.00875391656742
-0.01068767282397
-0.00988403337075
-0.01009486087018
-0.00993846259397
-0.01244912640589
-0.01394306951393
-0.01508536712666
-0.01496594846119
-0.01449574359019
-0.01469839276152
-0.01513634411553
-0.01638353538154
-0.0169687720176
-0.01694490034472
-0.01462141095059
-0.0144833894153
-0.01241125735487
-0.01037942146219
-0.01125041717336
-0.01056370143023
-0.00510850106373
-0.00312328013368
-0.00315863840029
-0.00205030459269
-0.00210430869359
0.00148566528322
0.00374040169664
0.00337197216155
0.00530736106867
0.0078160243937
0.00920795322296
0.01016345329938
0.01072183336124
0.0120236649041
0.01387103992563
0.01417199486198
0.0157909646319
0.01783149141149
0.01534965903272
0.01609367583594
0.01910839601332
0.02074616463142
0.02064651716834
0.01598849575275
0.0152644235174
0.01546294206772
0.01112373223296
0.01091061329414
0.01082837021776
0.00617659975839
0.00553767032552
0.00471626543314
0.00234168297065
-0.00019439056748
-0.0022364734907
-0.00273716581207
-0.00875451204016
-0.01050179487846
-0.00988823936806
-0.01125923619997
-0.01063493202978
-0.00983684027194
-0.01021669911476
-0.01025587971333
-0.01013210429795
-0.00758792064727
-0.00926346032721
-0.01049289293793
-0.00987684247213
-0.01026674143756
-0.01039932080429
-0.00737463437308
-0.00319171427266
-0.00254302360948
-0.00316923630748
-0.00225745222135
0.00154247036728
0.00267880571502
0.00274377631321
0.00260625829158
0.00265719909983
0.00350124703147
0.00560045953371
0.00734098488709
0.00890296565479
0.0104128282365
0.00994480927808
0.01212918418063
0.01425347663777
0.01494160945526
0.01288793704968
0.01512322110243
0.01555958955423
0.01909776795561
0.01894112093762
0.01847471503193
0.02066410245815
0.02070175291792
0.02093512546743
0.02049191284796
0.01802728887753
0.01722714688444
0.01777262252445
0.0171679463417
0.01510487451202
0.0103361856189
0.00948438825028
0.00684017120988
0.00683789710704
0.00486492407129
0.00228210328514
-0.00047331889191
-0.00215347137502
-0.0025730075462
-0.008505890866
-0.0055990168314
-0.00434762182937
-0.00715330620188
-0.00404126542767
-0.00848206441889
-0.01067188902763
-0.00988526954201
-0.01002329107729
-0.01015884780771
-0.01003514776863
-0.01001562530801
-0.01030465571436
-0.01045186562011
-0.00587179535461
-0.00284702299442
-0.00347969544097
-0.00241512812578
0.00164715522822
0.00266803218106
0.00223096423724
0.00221809599601
0.00257596078947
0.00425539064004
0.00606179939855
0.00535299010935
0.00595750272554
0.00550486656158
0.00730114248464
0.00712330945119
0.00670566673256
0.00807693944171
0.00970384633558
0.00987075206743
0.01223224618991
0.01380534194619
0.01423454211226
0.01499809645136
0.01596735270177
0.01751124768104
0.01631252337325
0.0172130213666
0.02018122683182
0.01857911120165
0.0162016222292
0.01521585857
0.01418227618873
0.01311367398042
0.01495330031875
0.01546233905735
0.01091094494984
0.00966645215522
0.00917127511741
0.00786119740779
0.00535772072568
0.0040582379082
0.00319423787104
0.00023099736705
-0.00176702690523
-0.00425341502732
-0.00936115554423
-0.01072968757127
-0.01312951054018
-0.01307308384512
-0.01521869271872
-0.01864337703147
-0.02051762370247
-0.02065202717556
-0.02133082840763
-0.02146673940664
-0.02539225397938
-0.0294717623245
-0.0315281407391
-0.03088681660132
-0.03133691107659
-0.03090422852565
-0.03198144624457
-0.03369617406071
-0.03312756543551
-0.03317028118236
-0.03231841597507
-0.03187768323574
-0.03058777622288
-0.03221157007573
-0.0338865067453
-0.03160288387404
-0.02865949982304
-0.02988045260047
-0.02881174486535
-0.02585820762729
-0.02275317910988
-0.02155647488682
-0.02183538979427
-0.01777820037034
-0.01752138579283
-0.01430988071994
-0.01030083413616
-0.01002208505656
-0.01055248543741
-0.0078496045335
-0.00411984898488
-0.00212805674936
-0.00226419161596
0.00117669935415
0.00298683999308
0.00456314677956
0.00527157089589
0.00355435415446
0.00458741493176
0.00758198853279
0.00767230441045
0.00789896846963
0.00755017973595
0.00536403349045
0.00661175691311
0.0083262314649
0.00759965673653
0.00641716019147
0.00395773341663
0.00516357701557
0.00564715364145
0.00592904817387
0.00428672531998
0.00321336234482
0.00329449738965
0.00257104550122
-0.00013425731845
-0.00254156960074
-0.00246710385056
-0.00222223792347
-0.00198255110166
-0.00194169865684
-0.00280535045551
-0.00229342405101
-0.00212556933159
-0.00207589032254
-0.00155841396138
-0.00267007261739
-0.00258881697049
-0.00311360558611
-0.00294785461911
-0.00200839084963
-0.00188562246156
-0.0016457494603
-0.00216041579316
-0.00240320058073
-0.00205165684343
-0.00324353773733
-0.0050917667723
-0.00442683854747
-0.00289542286773
-0.0063660814446
-0.00673319038698
-0.00658752041895
-0.00697202470289
-0.00936910774344
-0.01027277907885
-0.01094187184402
-0.0115733593752
-0.01322132640612
-0.01361075050088
-0.01292129859821
-0.01120615621245
-0.01100273066527
-0.01410527176492
-0.01483305251401
-0.01459374031239
-0.01383703014096
-0.01300276529874
-0.01539165870476
-0.01708111284891
-0.01632903078203
-0.01480719844454
-0.01324959251706
-0.01381511071413
-0.01334694854075
-0.01062080651194
-0.01101369791631
-0.01068470299792
-0.0096999267682
-0.01021190518234
-0.01114751345429
-0.01061075885171
-0.00972388135501
-0.01026493240646
-0.00986622195205
-0.01021614133017
-0.01004450950457
-0.01004485623553
-0.00780918022604
-0.0094244640951
-0.0054169785544
-0.00299361481455
-0.00276169099744
-0.00152400166728
-0.00210396648521
-0.00239358859548
0.0011093920908
0.00291082149121
0.00270192513248
0.0040485294413
0.00274192356386
0.00328390551256
0.00581076769046
0.00795367658514
0.00810157241519
0.01046263689278
0.00828491771716
0.00971023070784
0.01033950217592
0.00890265661198
0.00979628028715
0.01049542558147
0.00741721971893
0.00483048011915
0.00716439707004
0.00765097291873
0.00435680718478
0.00341774592472
0.00391925381761
0.00396948231986
0.00461521069461
0.00411890979624
0.00270903839352
-0.0003728498272
0.0016509730376
-0.00032398269623
-0.0022652672357
-0.00268598153839
-0.00287063085027
-0.0022312559435
-0.00270678162722
-0.00306501199572
-0.00365032400807
-0.00560940896131
-0.00735771390219
-0.00490302829636
-0.005561489235
-0.00731417504619
-0.00969009016159
-0.00478633448398
-0.00480453936694
-0.01005158733875
-0.01044148630417
-0.00572524951403
-0.00430912414004
-0.00417945957467
-0.00231259148927
0.00116867328618
-0.00108818949254
0.00048992428988
0.00333296266717
0.00206241680966
0.00321649422991
0.00525883079437
0.00820194349071
0.00728567149993
0.00897935199298
0.00875568037274
0.01332443364118
0.01574323636138
0.01470770173405
0.01174869971455
0.01158074625219
0.01092361570517
0.0102988065138
0.00989521921305
0.0096280479325
0.00848910456492
0.00806593450252
0.0074473408405
0.00676160498922
0.00769213591388
0.00704553242034
0.00647419215818
0.00739071665955
0.0042014340262
0.00454648635689
0.00605136731921
0.00472441662577
0.00312126834034
0.00416408054904
0.00398681208404
0.0027889086241
-0.0002750251137
-0.00143527698323
-0.0020285329034
0.0014363458191
-0.00035176775564
-0.00318506080703
-0.00198041192238
-0.00220922345223
-0.00147614751835
-0.00323475263005
-0.0090475675407
-0.00613374381163
-0.00436298050341
-0.00944203430965
-0.01035298699524
-0.00993951786211
-0.01000712286184
-0.0098781087939
-0.01049504869999
-0.01335462184766
-0.01464433288215
-0.01238874245531
-0.0131437340472
-0.01340936765132
-0.01345032713047
-0.01512408792983
-0.01539691243258
-0.01574402027486
-0.01695420931725
-0.01841975063701
-0.01845115993949
-0.01472774429111
-0.01488206971919
-0.01448481402729
-0.01124096498586
-0.01163155741321
-0.01056774159968
-0.00496971822786
-0.00613405888455
-0.00782007963842
-0.00349418653384
-0.00186893565719
-0.00254775121076
0.00107916393488
0.00304967744209
0.00367805570107
0.00631778559057
0.00612408132427
0.00510967693395
0.00492770423433
0.00618216855912
0.00769214345151
0.00901114571456
0.01013297112535
0.00677646241089
0.00688780526003
0.01051788771762
0.01115877467289
0.00890501589004
0.00671459279351
0.00684562920747
0.00637925872864
0.0060483273932
0.00376205127632
0.00519743604765
0.00662538343987
0.00649130559238
0.0035192777952
0.00369888367913
0.00467715644205
0.00328215075239
0.00370522659443
0.00377679487979
0.0037213375239
0.00345860364587
0.00569534321489
0.00859578463641
0.01001942427332
0.01054637995744
0.01093508043977
0.00989597297601
0.00993084205046
0.0128929118852
0.01345785722243
0.01413007810387
0.0158006730988
0.01619979812284
0.01623177274753
0.01618034350088
0.01627125485128
0.01629293307396
0.01576578141147
0.01481574611649
0.01430688828099
0.014734543233
0.01530707896321
0.01358648687126
0.01115955104874
0.01288697223309
0.0138971728874
0.01367645601796
0.01305107396674
0.01036595925575
0.00943304191756
0.00997690450484
0.0067774227049
0.00557222281953
0.00352375288588
0.00433359354696
0.00450393493037
0.00293803158024
-0.00075408406129
-0.00353071991691
-0.001636236218
-0.00130328479784
-0.0058070531466
-0.01006111490254
-0.00971505479077
-0.01040882575519
-0.01377878687717
-0.01627167695854
-0.01424976058639
-0.0146934706894
-0.01418005258801
-0.01680514515462
-0.01747352184498
-0.01486500452581
-0.01379203049235
-0.01446486192179
-0.01428795375548
-0.01392752692173
-0.01082141298566
-0.00966338433998
-0.01056692753569
-0.01030733157286
-0.00506388281918
-0.00294153582423
-0.00307994479368
-0.00242602301558
0.00106712031033
0.00326668429025
0.00298637039875
0.00394038405462
0.00451545468966
0.0064908759475
0.00769515096572
0.00756435047957
0.00707524801744
0.00916884046306
0.00844183608981
0.01006967011212
0.01069948428953
0.00968493442296
0.01014021478738
0.00984507890107
0.01009177797968
0.01065533639306
0.00981072992306
0.00820551632713
0.00780649682991
0.01068792910338
0.01137952923048
0.00985166678933
0.01011209189141
0.00983942567888
0.00940769286928
0.01086500309754
0.01055563616657
0.00715036652634
0.00751866264538
0.00973046924327
0.00665593119128
0.00630752009285
0.0072800393831
0.00740449695396
0.00920886527614
0.00738320541167
0.00602062434319
0.00737881323492
0.0079654880507
0.00748342045826
0.00696546168881
0.00922734754388
0.0103132787626
0.01039710474119
0.01034653478432
0.01085601824307
0.01039791880518
0.01354549724159
0.01523299913967
0.01470728716443
0.01488825811308
0.01545393460037
0.0158375170322
0.01587424036353
0.01560212439797
0.01529186048908
0.0146997118467
0.01296083346537
0.01424909727498
0.01222179149768
0.00945277543181
0.00903178374436
0.01062715319605
0.01027809310771
0.00985969436483
0.0100707856813
0.0108063904899
0.01301645363407
0.01100581355577
0.00825382499513
0.00904630875656
0.00992931944929
0.0107250594667
0.01013490829616
0.00994917356561
0.01122292743827
0.01415028648878
0.01495333800689
0.01241856131794
0.01531150355178
0.01784646868147
0.01681149937636
0.01604134207375
0.01658803880975
0.01617349933322
0.01623408679981
0.01716361974232
0.01697080717759
0.01485938899178
0.01500549840361
0.01482205511245
0.01382277648342
0.00959947277875
0.00937002733425
0.0087149017967
0.00627764771305
0.00438918055008
0.00327050586845
-0.00088592700161
-0.00320693726937
-0.00287225973203
-0.00413617925937
-0.00914714716512
-0.01034005996051
-0.01022765882817
-0.01252613082971
-0.0156477421322
-0.01627812916946
-0.01696422682697
-0.0178213532997
-0.01970875313432
-0.01841378083439
-0.01775572315893
-0.01947002133018
-0.01972134851335
-0.02121227656955
-0.02173498856822
-0.02119552795662
-0.02162319044625
-0.02532423441002
-0.02312807065481
-0.02051386996294
-0.0216940366267
-0.02592434278925
-0.02720325240055
-0.02227582102841
-0.0246073003099
-0.0271381649691
-0.0269366690551
-0.02611480361355
-0.02600636727437
-0.02704339435236
-0.02740375334745
-0.02753424479078
-0.02645863258696
-0.02570575153135
-0.02279434210504
-0.02422895653062
-0.02323443414585
-0.02030833387948
-0.02002445167413
-0.0197082631884
-0.01973747904066
-0.01717849148548
-0.0163360030894
-0.01435008643613
-0.01452462024912
-0.01233077054619
-0.0114247097822
-0.01042323770295
-0.00992858076159
-0.0103442358073
-0.01040311223197
-0.0060205346454
-0.00303011955461
-0.00277922880019
-0.00350838215164
-0.00265274737579
0.00156114409081
-0.00091427075013
-0.00275245589368
0.0017523782759
0.00254227813792
0.00386417861954
0.00367365900173
0.00396500798294
0.00430942112265
0.00603760210007
0.00452598701948
0.00254821552874
0.00212485928689
0.00261539540616
0.00254945320752
0.00219908458668
-0.00159483503376
0.00327170058274
0.0009039502277
-0.00278428654964
-0.00561490313951
-0.00497103279046
-0.00326337376334
-0.00420736538691
-0.00237307041399
-0.0026614058509
-0.00428130953312
-0.00397692346779
-0.00193738713272
-0.00223098157378
-0.00177566125992
0.00126920491321
0.00287980037666
0.00202179501632
0.0033095952617
0.00318744269798
0.0062255408335
0.00908144918568
0.00980640332368
0.0099656055981
0.01058195003145
0.00949740573657
0.01076620738659
0.01129897458313
0.01285479409241
0.01089350287499
0.0132840771724
0.01545692703931
0.01458305195364
0.01190587436661
0.01058226661189
0.00988420673623
0.0096145178874
0.01045966706673
0.00832169381189
0.00547527307407
0.005983487196
0.00369275407876
0.00296406730658
0.00316242002905
0.00233733074333
-0.00187451048803
-0.003601691222
-0.00359860682398
-0.0061803640506
-0.00394157726138
-0.00315869644004
-0.00873231372104
-0.01068241909615
-0.00972067032481
-0.01114298333892
-0.01089255313366
-0.01241394828863
-0.01095837925281
-0.01013869218621
-0.01015159660805
-0.00468407975482
-0.00823262164311
-0.01127368583588
-0.00750121227913
-0.00422442907276
-0.00327863746325
-0.00336673275523
-0.00252559359484
0.00104951693021
0.00386033442845
0.00328398390391
0.00407066595185
0.00345776169265
0.00651516595883
0.00759683012544
0.00717318594614
0.00699888353838
0.00802623380751
0.01008786594993
0.0081886923379
0.00594662140348
0.00789371474181
0.01059973129963
0.01066287402265
0.00987526710755
0.01372536769632
0.0146715060368
0.01542786947727
0.01620748650501
0.01520734104857
0.01570297034415
0.017654078224
0.01797235463313
0.0174105147993
0.01851500366205
0.02095737654996
0.02147191775816
0.02197386358733
0.01957288736109
0.01939482593746
0.02083126446941
0.02127611275449
0.01941284087216
0.01805580373024
0.01681695662018
0.0181995764769
0.01719964961172
0.01574940214238
0.01329328815575
0.01215965881703
0.00946323766167
0.00785422510043
0.00412688008576
0.00207404812587
0.00211270109037
0.01734052037099
0.00414997462903
-0.00676673283862
-0.00760362906732
0.00386492785992
-0.00388422268413
-0.01281080448616
-0.01171080051301
-0.01478897245621
-0.01293984116699
-0.01372226973056
-0.01493493111545
-0.01736110563738
-0.0158071177721
-0.01812803683453
-0.01759410884304
-0.01850723236595
-0.01880943854881
-0.01701860328678
-0.01736778397719
-0.01868866311001
-0.01761917899904
-0.01799324894234
-0.01709524590437
-0.01740238923461
-0.01612684894374
-0.01757959136847
-0.01700131950214
-0.01518266284932
-0.01490135851329
-0.01512952256076
-0.01385645461239
-0.01417954756682
-0.01133143161611
-0.01014569464409
-0.01008034339561
-0.01039545400031
-0.0077734970876
-0.00641755290197
-0.00399644818969
-0.00438567479856
-0.00620266563525
-0.00608333742132
-0.00354312233262
-0.00192229302948
-0.00162258029449
-0.00348816698286
-0.00276251410659
-0.00243485485616
-0.00277047384343
-0.00357275576956
-0.00214445260123
-0.00312810723166
-0.00228537084756
-0.00273527235952
-0.00255136399662
-0.00209927355703
0.00130257173808
-0.00099920928285
-0.00266107118014
-0.00131801558733
-0.00227530283573
-0.00234431134208
-0.00203077308691
-0.00178495892601
-0.00204962846731
0.00155250521355
0.00269649803918
0.00222376806227
0.00236983903219
0.00235301881178
0.0024162489713
0.00269659150579
0.00249485966398
0.00221590179204
0.00267415876639
0.00252561243891
-0.00046519016141
-0.00189206638109
0.00177170249686
-0.00046915148726
-0.00229848481551
-0.00208775832032
-0.00285737894371
-0.00349132600342
-0.0033726060762
-0.00246906589555
-0.00484022552044
-0.00920594821349
-0.0103933359264
-0.01090781683356
-0.01155361078569
-0.01197026079851
-0.01437785506351
-0.0135104397264
-0.01259393934544
-0.01359193657745
-0.01749965480674
-0.01776635875427
-0.01598730480727
-0.01415050508004
-0.01365602904179
-0.01714360733578
-0.01489709221495
-0.01324887644225
-0.01417058532525
-0.01453463022121
-0.0118705831849
-0.01034331621649
-0.01036972053292
-0.01025199783409
-0.01060720862818
-0.00456251060362
-0.00082775911412
-0.00254635599552
-0.00246964026292
0.00235398965847
0.00572204752898
0.00710084505374
0.00776956998259
0.00616088756952
0.0091580993409
0.01108725010578
0.00995980916095
0.009612836996
0.01219580928851
0.01635556323816
0.01611579124114
0.01458571273689
0.01089843248473
0.01440848799014
0.01609212308425
0.01436878729513
0.01370987786753
0.01412233695829
0.01193775853974
0.00955483493636
0.01097550474722
0.01123400775376
0.0103130752466
0.01220899260265
0.01388844431234
0.01099277345659
0.01054702065596
0.01309279474648
0.01396636078934
0.01505448545826
0.01704043979968
0.01724634522699
0.01807008000067
0.02103013728832
0.02135295888808
0.02101837858617
0.0226198459802
0.02612613267081
0.0267820571971
0.02653550133345
0.02648004699261
0.02665555315981
0.02771598457765
0.02836070818638
0.02837022067491
0.02865288932189
0.02744052190455
0.02846318226055
0.02848879512588
0.02737234404498
0.02766623622241
0.028058064821
0.0231816782764
0.02573022621461
0.02779369000102
0.02649294387682
0.02304052862484
0.02533081476065
0.02333192584687
0.02175040302072
0.0187410722485
0.01626293330822
0.0177590020278
0.01986428458313
0.01670038717868
0.01459641617089
0.01530306894427
0.01426910968152
0.01159576121032
0.0090989590992
0.01138644123681
0.01042180555333
0.00934024615977
0.00972137132436
0.01018062401957
0.00929422893117
0.01118700309568
0.00894633717541
0.00800965856005
0.00440750754265
0.00549730405782
0.0070799658198
0.00785601151864
0.00555188780244
0.00346015489004
0.00426087200427
0.00382927185694
0.00371812573993
0.00414988040866
0.00412284368511
0.0031799110985
0.00372678346127
0.00357055402796
-0.00104261020022
-0.00266799373915
-0.0019865731808
-0.00183299548558
-0.00610094984661
-0.01001949211198
-0.00998532403709
-0.00614038446329
-0.00981979769145
-0.01157412821342
-0.01141241590835
-0.01426134592305
-0.01569794274522
-0.01659176239877
-0.01844405195479
-0.02109710158953
-0.02089793480307
-0.02098485120978
-0.02030709770823
-0.02103497644651
-0.01988538240833
-0.01717277796226
-0.01631023193385
-0.01412980674921
-0.01373665906543
-0.01574926646505
-0.01453820305763
-0.01297275799537
-0.0132941926713
-0.01058954042444
-0.00972964010401
-0.01045092341641
-0.01037793654916
-0.00469816909204
-0.00191651468264
-0.00311717993006
-0.00461373934932
-0.00622388029371
-0.00365631340854
-0.00254627232783
-0.00575927512773
-0.00463230603851
-0.00230071369258
-0.00168981971918
-0.00257080354331
-0.00526914453293
-0.00368799708073
-0.00211540408434
-0.0054076771195
-0.00741775941321
-0.0070204042246
-0.00437853666334
-0.00297886367345
-0.00268384009782
-0.00233960936875
-0.00485728166866
-0.00511367338515
-0.00530639474456
-0.00493253057855
-0.00282626587008
-0.00413123080555
-0.00422463635758
-0.00303424339176
-0.00212022515222
-0.00210686621131
-0.0021824874801
-0.00206751450855
-0.00199540276009
-0.00204127601997
-0.00278577523148
0.00149906944991
0.00278058858857
0.00215319323649
0.00269005864223
0.00420299130047
0.00323679231262
0.00227826361663
0.00279329778581
0.00326033760614
0.00245106151352
0.00242379941485
0.00392400780059
0.00342694635539
0.00244698064087
0.00243124357783
-0.0008418024718
0.00147939548294
-0.00026557473524
-0.00301908597243
-0.00276926254636
-0.00274779010097
-0.00845460483432
-0.01101423308801
-0.00640867432808
-0.00591965176483
-0.00913479299023
-0.01055462612421
-0.01087252565186
-0.01058516859928
-0.00958105081205
-0.01120683459911
-0.01185929935342
-0.01415947485924
-0.01144027498729
-0.0108254230046
-0.0105975830752
-0.01047711667921
-0.01033024596679
-0.00986870183218
-0.01008733831586
-0.00997393467879
-0.01003947436801
-0.01000995701056
-0.01000523091681
-0.00991499041545
-0.0102056263369
-0.01024213107697
-0.00745101166611
-0.00589130123244
-0.00960030945563
-0.01059539716262
-0.00499137383765
-0.0023124852087
-0.00146600940656
-0.00153358877835
-0.00317236743881
0.00138185177227
0.0044698030361
0.00263646684966
-0.00187385848307
0.00135177663024
0.00380358512285
0.0030734571559
0.00485002745395
0.00690054762284
0.00711407057861
0.00769780421133
0.00969378360009
0.00843089898928
0.00691749673672
0.00894800299155
0.01077281788774
0.0104063307998
0.00857913401266
0.00835548500531
0.00991921148802
0.01024828178271
0.00870964806888
0.00838084159122
0.01022689752758
0.00990789750601
0.01214550314867
0.0104088785186
0.00917990570329
0.01207183035713
0.01363899399893
0.01347756058616
0.01229034623873
0.01059730418291
0.0104425114218
0.0104236824231
0.01066819558913
0.01037431848696
0.00872908761558
0.00817518490569
0.00776758758601
0.00346893924356
0.00501908216399
0.00662757915137
0.00427874221648
-0.0001931395471
-0.00194901920269
-0.00171733508221
-0.00159627245972
-0.00809504482797
-0.01086495033413
-0.00934908026164
-0.01052154346797
-0.01290641931742
-0.01584043409485
-0.01673802256319
-0.01748347151603
-0.01446350514846
-0.01494776769863
-0.01744692155018
-0.02066633359651
-0.02153836950056
-0.01869200981754
-0.02040144621771
-0.02056691979994
-0.02062846454548
-0.02097426837785
-0.02117296783128
-0.020931959663
-0.01772437415749
-0.01848775513111
-0.01861068633197
-0.01778608473089
-0.01889227709792
-0.01514776362435
-0.01256627624487
-0.01325177842964
-0.01288250241875
-0.01356670813123
-0.01387427356872
-0.01511710808484
-0.01246886745777
-0.0123944484409
-0.0146698251454
-0.01349848504588
-0.01032230130521
-0.01045366711358
-0.0115545303765
-0.01041316742983
-0.00971153471775
-0.009963796567
-0.01035619802544
-0.01038563246896
-0.0039652469258
-0.00112746506525
-0.00309008893557
-0.00251208390134
0.00155830994209
0.00316038260777
0.00264683259786
0.00339471545129
0.00362774051608
0.00556573065917
0.00951132020078
0.00899573879969
0.00946293615649
0.01073819755507
0.01026005556012
0.01249087733615
0.01079154135962
0.00943044897299
0.008696886862
0.00956991019552
0.00623015763162
0.00347615350883
0.00525639463249
0.00365085314967
-0.00093255930079
-0.00137579754819
-0.00121425031721
-0.00222556804822
-0.00271931670522
-0.00611750775751
-0.00951963420621
-0.01015765686224
-0.01083268174188
-0.01090130432161
-0.01245050579211
-0.0141049627221
-0.01113898085761
-0.01002054738013
-0.01252564088379
-0.01502753089488
-0.01340285513936
-0.01516855994437
-0.01591100892064
-0.01445040474825
-0.01386521333797
-0.01438162387831
-0.0145973357617
-0.01371256126366
-0.01497584536883
-0.01623083054383
-0.01418153750103
-0.01284581677557
-0.0137896486014
-0.01400667203234
-0.01078787053402
-0.01006894649968
-0.01042819746322
-0.01227864783762
-0.01160282396924
-0.01025890984042
-0.01098430869857
-0.01119624422955
-0.01074157441312
-0.00953537277678
-0.00777212523901
-0.00907704721
-0.01053545793218
-0.00672915323258
-0.00892958856247
-0.00792286275541
-0.00922786764032
-0.00835972115313
-0.00500533805021
-0.00250242518279
-0.00829169404615
-0.01097899466971
-0.00523787090779
-0.00626895984119
-0.00725316471859
-0.00512869889596
-0.00642344054443
-0.00621110476533
-0.00274485570177
-0.00287773431239
-0.00358807826298
-0.00303227757796
-0.00258699814047
-0.00253778043435
-0.00262098003592
-0.00349400789202
-0.00271784309863
-0.00234827990406
-0.00199723063527
-0.00242571020395
-0.0025109389354
0.00163214780772
0.00298171892754
-0.00197507754192
0.00103811098912
0.00342162252761
0.00221530179673
-0.0015743387114
0.00091590716951
0.00329019415692
0.00230390889376
0.00272177095741
0.00384502098019
0.00400845940243
0.00321383344667
0.00598497286279
0.00618273915768
0.00522375669639
0.00494754176786
0.00641917424609
0.00711900923351
0.0080089047971
0.00994823889954
0.01067096189919
0.00977556688106
0.01084621932462
0.00991242008376
0.01204394112768
0.01525439093243
0.01631455853323
0.01615229598121
0.01697660361474
0.02084563119139
0.02133599922152
0.02171799121352
0.0259718750814
0.02690164922805
0.02757657611852
0.02726537754357
0.02677744416779
0.02769906259924
0.03065255461151
0.02992741203277
0.02917467419212
0.03064579335778
0.02912496352503
0.02904714503721
0.0305380957063
0.02837937135722
0.02764514593483
0.02851375975505
0.02820771691874
0.02734225382768
0.02662376697586
0.02358615501744
0.02564015154109
0.02287965299665
0.02008190348681
0.02038664231321
0.017612952917
0.01550484375057
0.0137478373701
0.01424074558141
0.01081747834302
0.01060559557545
0.00927129192435
0.00790236794057
0.00668026492087
0.00515534969288
0.0047176478344
0.00295420808709
0.00254433666456
-0.00012813231603
-0.0011827950352
-0.00113115699622
-0.00228565727749
-0.00597491163483
-0.00971093170739
-0.00999928372707
-0.00979434311635
-0.00996895230563
-0.01105419760006
-0.01098017053993
-0.01226103239729
-0.01318063828164
-0.01354276108205
-0.01435092311302
-0.01305308651384
-0.01546199232639
-0.01701970378069
-0.01411131694384
-0.01344694273479
-0.01689700624635
-0.01549487146663
-0.01475502297257
-0.01493045376348
-0.01360623546076
-0.01428722260541
-0.01638848760418
-0.01657671729012
-0.01457291384186
-0.01328957210436
-0.01400621977457
-0.01412535201012
-0.01424343651517
-0.01491066748583
-0.0119543865506
-0.01019713896599
-0.0103950695812
-0.010362250742
-0.01021184488131
-0.00998988430298
-0.00452808398803
-0.00815276045768
-0.01110748110358
-0.00750669741218
-0.00409636926873
-0.00229079869463
-0.00265366998165
-0.00359938696864
-0.00169022599742
0.00271726496244
0.00275637169225
0.00226431146427
0.00371088358543
0.00299532887151
0.00302717309521
0.00368730738762
0.00558032275628
0.00749704472374
0.00732205337663
0.0073321756594
0.00720199250511
0.00921113410265
0.01048806131736
0.0110370344175
0.01099345938088
0.01255154771666
0.01573189222886
0.01641746978993
0.01494543857109
0.01545752251205
0.01736927642785
0.01808532108769
0.0172141670863
0.01790305366675
0.01843637111024
0.01730043525687
0.0171639212475
0.02012416697588
0.01821424470407
0.01734917356975
0.01892991248243
0.01824268418049
0.01757562657531
0.01717524276713
0.01876088113904
0.01966633889266
0.01908818762841
0.01812068010806
0.01590420244112
0.01563448344176
0.01602536983666
0.01363177294979
0.01325396434222
0.01269960183693
0.01067565784242
0.0074690838868
0.00705154971003
0.00669433013767
0.00388604377543
0.0035743055062
0.00293433588046
0.00266303397889
-0.00076348876172
-0.00234814121168
-0.00271022933899
-0.00339336696936
-0.00848275034318
-0.01064197217581
-0.00954574455508
-0.00997489195774
-0.01053011375281
-0.01153628177528
-0.01063053005411
-0.01070758724133
-0.01306929241744
-0.0133618428968
-0.01275413658696
-0.01449480138649
-0.01254434928041
-0.01137830813449
-0.01399453644872
-0.01397174265686
-0.01088389239727
-0.01294294667037
-0.01358641149496
-0.01351915322619
-0.01152128189241
-0.01048292065399
-0.0102105182585
-0.00991239747087
-0.01122493998537
-0.01041086091518
-0.00977004179858
-0.01007210476647
-0.0099384701316
-0.01003278095294
-0.0099108748697
-0.01004496176234
-0.00990774675342
-0.01005415767044
-0.00989309360151
-0.01006887112338
-0.00987809371864
-0.0101025341771
-0.00981366206097
-0.0101282450316
-0.00996094734302
-0.01002032878887
-0.00777223830346
-0.00915223506509
-0.00523940556917
-0.0058293577463
-0.00526428502313
-0.00199987031315
-0.00335593585462
-0.00867636943427
-0.00494285486979
-0.00121020336389
-0.0023317883243
-0.00157038145587
-0.00278502674487
0.00153978621739
0.00288302422083
0.00267365902155
-0.00028005173274
-0.00290719212257
-0.00243005187859
-0.00141802108782
-0.00181282780387
-0.00218045759645
-0.00208081691724
-0.00193715949631
-0.00210631144177
-0.00227773221374
-0.00203526400662
0.00178320567337
-0.00010316730997
0.0013824148332
0.00279273773993
0.00232970944606
0.00277450722902
0.00240796662391
-0.001010560953
0.00116144922198
0.00463038695801
0.00305166285373
0.00219868509231
-0.00018992452195
0.00129030801475
0.00302710073397
0.00339844431665
0.00279561033056
-0.00098074661295
0.00158422506636
-0.00035688128355
-0.0027875473282
-0.00111796765197
-0.0016308030946
-0.00197287806161
-0.0015714796885
-0.00210634837616
-0.00342176272752
-0.00880863222056
-0.00737583587123
-0.00539020187908
-0.00940675820321
-0.01025561589629
-0.00987717412783
-0.00990257593953
-0.01003468043559
-0.0099598996125
-0.00998279139355
-0.00998282908169
-0.01041602419144
-0.01074122014453
-0.01308144307633
-0.01352467830868
-0.01219081937772
-0.01158948236488
-0.01077288572641
-0.01194839413509
-0.01177754622296
-0.01144665935954
-0.01024217630275
-0.00976646142452
-0.01035433623094
-0.01030492706902
-0.00518289445266
-0.00218824773663
-0.0034604752393
-0.00223502928087
0.0016856966358
0.00286091936832
0.00220747547593
0.00250550053566
0.00239368507714
0.00330869602249
0.00368291219581
0.00525707377291
0.00421482387139
0.00264138063038
0.00338704214438
0.00543745301764
0.00665550606897
0.00723251538235
0.006956471558
0.00537852835214
0.0044974307098
0.00436285990134
0.00453548970909
0.00411284501947
0.00314271214274
0.00244401533739
0.00241194799986
0.00272601087405
0.00421263418999
0.00394693802354
0.00257748866699
0.00233079486472
0.00271120018568
0.00262703049118
-8.211048947e-05
-0.00195421187571
-0.00178075669752
-0.00113280773709
-0.00185440009231
-0.00344297437093
-0.00254885924231
-0.00153889451581
-0.00144160708455
-0.00615986094437
-0.00551320694871
-0.00333725685475
-0.00444437861151
-0.00523918773167
-0.00495884595095
-0.00885584039464
-0.01040778556231
-0.00976519510275
-0.01002292927107
-0.00992194010993
-0.0098188931759
-0.01114548583194
-0.01287862053952
-0.01189421365365
-0.01026407311668
-0.01114651848719
-0.01211793049966
-0.01347122897731
-0.01315996256369
-0.01400838307426
-0.01406768914382
-0.01539939985034
-0.01500954611069
-0.01597187527952
-0.01663929469092
-0.01641797481111
-0.01495520733903
-0.01558404916223
-0.0183014173902
-0.01835209287388
-0.01661857374719
-0.01589624270428
-0.01440719905548
-0.01346191246714
-0.01395698397814
-0.01421859248806
-0.01374715898344
-0.01465036298582
-0.01450215057533
-0.01363397393763
-0.01205518727101
-0.00992461596843
-0.0108258828
-0.01003304476997
-0.00482081009416
-0.00581159758347
-0.00783325541493
-0.00256984475683
-0.00277296503001
-0.00229181627462
-0.00237091389817
-0.00216395094143
0.00162591268053
0.00382551208731
0.00334858968082
0.00292887260653
0.0051238265722
0.00630269977873
0.00590878099545
0.00722873526111
0.00793389784512
0.00931164839313
0.01011010949483
0.01333409688231
0.01599723940306
0.01789488287628
0.01993839455719
0.01865856535508
0.020581203608
0.02337855362347
0.02174432769128
0.02555087585632
0.02704576116805
0.02686955400129
0.0272386566467
0.02784252630309
0.02849822470048
0.02842939106713
0.02711790382078
0.0277962075693
0.02786859142618
0.02692013149579
0.02673814296715
0.02734021866769
0.02291907479937
0.02137817225904
0.02114627708493
0.02094424599922
0.02007755427454
0.0189444525699
0.01644878110321
0.01504657848483
0.01457894394552
0.01315148273041
0.01140325015078
0.01057873900124
0.01062373864985
0.0106794492701
0.00739281438187
0.00692240071853
0.0070735151164
0.00717249399174
0.00586595670674
0.00574621241566
0.0044743813923
0.00525226325771
0.00459341789996
0.00224615934471
0.00255999759754
0.0033927903407
0.00350749271135
0.00269672642936
0.00353024655377
0.00423101394597
0.00395992385179
0.00405899920879
0.00338174997465
0.00325564769302
0.00328314270445
0.00239641445281
0.00251126908358
0.00228140982322
0.00358902046668
0.00427325331462
0.00290455169092
0.00278773576894
0.00444279947812
0.00350612840039
0.00324759373581
0.00256236365947
0.00242848706669
0.00267000477872
0.00276415278726
-0.00094277806521
-0.00256580986371
-0.00101386318852
-0.00147788720326
-0.0026984593304
0.00134302393476
0.00321400153581
0.00238989440322
-0.00140855759388
-0.00227504655632
-0.00123602577531
-0.00238651226883
-0.00268965688657
-0.00262583276184
-0.00224116265006
-0.00223095971466
-0.00283591252842
-0.00279027218129
-0.00153322772589
-0.00112164601521
0.00181024993455
0.00272692594228
0.00229204391103
0.00241126961319
0.00347941579491
0.00349759128113
0.00246113706299
0.00234759624106
0.00403416724189
0.00464623783926
0.00403762852139
0.00353471410682
0.00367505120192
0.00545323229141
0.0048470840096
0.0048149345119
0.00653811804091
0.004583836819
0.00479508642568
0.00483929386942
0.00350479348619
0.0030874613179
0.00560174469955
0.00395384023095
0.00295580832585
0.00430698043819
0.00329212680515
0.00322782253341
0.00354322484438
0.00430334730073
0.00360538918308
0.00536010487791
0.00734344969197
0.00735418930659
0.00713142973954
0.00925882468502
0.01091981673986
0.00991125175118
0.00926885726999
0.01144538550014
0.01459742621326
0.01495065461076
0.01354905500275
0.0134879172892
0.01285505790944
0.01270335557646
0.01326935618182
0.0135148492397
0.01394913730574
0.01533358880645
0.01515416307187
0.01466777491015
0.01381352781192
0.01429620745987
0.01219745249176
0.01281210849608
0.01153541494788
0.00935596211745
0.01046036052865
0.01121755310838
0.01070372797498
0.00832000538286
0.00677676843865
0.00780163505883
0.00983380260722
0.00736222517349
0.0059996546577
0.00563806929027
0.00669105428385
0.0045902875224
0.00320266569468
0.00419852450118
0.00372696436438
0.00343776285384
0.00280020602332
0.00262010491712
0.00273262363648
0.00244376207304
-0.00101415640231
0.00152691043854
0.00319643509007
-0.00160898391825
-0.00221963894879
-0.00129356577826
-0.0023032772404
-0.00274538107455
-0.0026595010919
-0.00253678471348
-0.00482580829634
-0.0057431408316
-0.0058932007151
-0.00425607354928
-0.00458295114752
-0.00413026749649
-0.00545396042643
-0.0067619004643
-0.00296899993138
-0.00222538413005
-0.0025502635027
-0.00219380899973
-0.00117707095929
-0.00100841423609
0.00161997001337
0.00373656730447
0.00426582648819
0.0036970203771
0.00343389454234
0.00604062242824
0.0068656845785
0.00726510130879
0.0082562898
0.00985576725982
0.00994697257777
0.01126419596023
0.01363817239731
0.01171741101415
0.0101883500899
0.0102906281857
0.01068660248057
0.0105722038764
0.01008246146952
0.00744713581698
0.00672700953072
0.00675146687743
0.00554018563251
0.0044823562044
0.00572043598377
0.00359816059631
0.00269173576481
-0.00048026647585
-0.00277229342721
-0.00160694197439
-0.00091696846776
-0.00142855492516
-0.00238413640799
-0.00174964588518
-0.0023552770856
-0.00316149214685
-0.00316502654136
-0.00279085860887
-0.00178708755261
-0.0022237492182
-0.00229661171456
-0.00161610170186
-0.00092642442407
-0.00201329407767
-0.00290324391219
-0.0024516826142
-0.00147494526643
-0.00137094029969
-0.00174254091554
-0.00269948595555
-0.00278081396369
-0.00259260538312
-0.00186078521833
-0.00078023360584
-0.00281099086373
-0.00320021295001
-0.00126878732853
-0.0024516562325
-0.00284059867273
-0.00126999711808
-0.00300346800394
-0.00251013165527
-0.00243036167516
-0.00231633618365
-0.00199759319525
-0.00234241336696
-0.0054842096877
-0.00604791131605
-0.00282471161086
-0.00193517709973
-0.00166414278401
-0.00170431910345
-0.00309730169332
-0.00221996683567
-0.00158449340597
-0.00258412781112
-0.00327738621673
-0.0051874803465
-0.00430807113319
-0.00306833156778
-0.00292170205951
-0.00412998257409
-0.00642979778122
-0.00942704196441
-0.0100932855056
-0.00980496363643
-0.00976923527221
-0.01049865168693
-0.01244495809673
-0.01313477934325
-0.01292826336795
-0.01285884179949
-0.01109256413464
-0.0134398347501
-0.01374188264273
-0.0137966058335
-0.01348543740907
-0.01325702461983
-0.0140089031707
-0.0129907277043
-0.01241568194344
-0.01147913900542
-0.01098536396671
-0.00992940990084
-0.00985277482087
-0.01020379469291
-0.010320514887
-0.00490330869618
-0.00142790819655
-0.00175508202364
-0.00190572230461
-0.00114507221419
0.00183281081365
0.00304108906695
0.00356703772376
0.00494044358208
0.00666268641492
0.00950054139048
0.0122062036797
0.01171004675005
0.01039655449423
0.01341092040302
0.01220826145258
0.01436666922121
0.01427407697942
0.0122358114887
0.01549704230395
0.01792831980111
0.01391034866391
0.01335879015682
0.01553357719454
0.01325094929038
0.01155829919129
0.01057047022159
0.01002369810929
0.0097307330603
0.00992117880934
0.00847985589342
0.00819602645149
0.00824465169992
0.00773930639981
0.0073812290452
0.00690486517707
0.00647187132203
0.00752509148965
0.00760120948823
0.00575462817909
0.0037975648181
0.00444325173589
0.00324319100637
0.00280716627048
0.00345289389146
0.00295782162671
-0.00082045515105
-0.00182988319832
-0.00211584805072
-0.00241822156896
-0.00216520369547
-0.00234278572586
-0.00575310859296
-0.00594145812721
-0.00856248338891
-0.01044754655836
-0.00952823464156
-0.01003475581189
-0.01091521124819
-0.01096004506894
-0.01145660903059
-0.013633559368
-0.0142331778013
-0.01401696843435
-0.01343311118451
-0.01362773278033
-0.01408297545661
-0.01748162479678
-0.01760103592463
-0.01833600757235
-0.0174433336385
-0.01830605303239
-0.0208749601081
-0.0199157967437
-0.01826553073575
-0.02043735548504
-0.02185469366363
-0.02118518632883
-0.02158700982426
-0.02102394889443
-0.02122111820905
-0.02510427884117
-0.02698716363567
-0.02228939629929
-0.02094432137552
-0.02473547770095
-0.02666188476866
-0.02599992260108
-0.02629602330397
-0.02692998317766
-0.0264100525643
-0.02237546095387
-0.02466950836684
-0.02758598308024
-0.02260318781882
-0.02418988145887
-0.0262641542061
-0.02639179642545
-0.02679657467167
-0.02252868588802
-0.02123127893373
-0.0217622974002
-0.02160021575129
-0.02160883879953
-0.02158930126365
-0.02096587899612
-0.02101261229954
-0.02112806617186
-0.02068981331266
-0.01813316996028
-0.01605417865693
-0.01606504038116
-0.01497715691638
-0.01375299310874
-0.0120404813557
-0.01171064976042
-0.0128726808874
-0.01061403018295
-0.00950272730305
-0.0101666417167
-0.0100725193361
-0.00770017102702
-0.00485183497752
-0.00376676003352
-0.00251928761393
-0.00177623261224
-0.00208723897764
-0.00201654354978
-0.00161539014963
-0.0012234605468
-0.00143432196556
-0.00163764424721
0.00175386620398
-0.00120124941371
0.00083432589701
0.00344988110092
0.00246864906463
-0.00047903256588
-0.00239162428921
-0.00137822391115
0.00180787030489
0.00301198929418
-0.00126815266012
0.00160907813862
0.00321496032229
-7.005604843e-05
-0.00221975352076
-0.00211472343639
-0.0011422252515
-0.00137396665796
-0.00304089987244
-0.0032582263161
-0.00474330743303
-0.00366448721406
-0.00478026141582
-0.00498875903395
-0.00614694521608
-0.00498421685836
-0.00841776843855
-0.0107753053055
-0.00951168954463
-0.00621917078274
-0.0084056027044
-0.0106404646499
-0.00946015477117
-0.01003281110346
-0.01034170316376
-0.01028555536099
-0.00960515615145
-0.01007759216081
-0.00972544164433
-0.00993635959532
-0.00983161669464
-0.01100200705283
-0.01007992882598
-0.01222002769236
-0.01323100472251
-0.01101696924755
-0.0103887002842
-0.0112027039781
-0.01141997615082
-0.01263081342936
-0.01128170587376
-0.01004640898722
-0.00997021108977
-0.01053485492181
-0.01079194085399
-0.00975892379494
-0.00988713887414
-0.01232082841277
-0.01084064901635
-0.00937691672769
-0.0101499006414
-0.00969100221477
-0.00989880712474
-0.0101045467242
-0.01018566669377
-0.00441811977134
-0.00288041469347
-0.00319805266538
-0.00164700749068
-0.00140214382487
-0.00250608997829
-0.00197728757492
0.00195054783397
0.00312291305112
-0.00085342700414
-0.00142165045647
-0.00141706004005
0.00163574099574
0.00332170370987
0.00219930845428
-0.00173651910326
0.00097286074488
0.00028631957325
-0.00295915654091
-0.00200514590009
-0.00262685938699
-0.00172522622662
-0.00123680818126
-0.00159762998681
-0.00273405427858
-0.00231606633651
-0.00243366089563
0.00167630022676
-0.00054002412479
0.00110030397081
0.00341960696546
0.00400486621441
0.00417098727902
0.00496591473997
0.00716114759793
0.0058795545905
0.0063681467551
0.00759787031832
0.00775147967159
0.01005597423917
0.00889052856598
0.009873752044
0.01021807096334
0.0096411709456
0.01051301840891
0.01064201740159
0.00995340971343
0.01039392386151
0.0101867445748
0.00966932399209
0.00870216320271
0.00944405439438
0.00876104716501
0.00793651340258
0.00973372549925
0.01046829011497
0.00883992845859
0.00974680328657
0.01034176346479
0.01024987222255
0.01095017077419
0.00872269570569
0.00755146867061
0.00680001373452
0.00809704983744
0.00792710644086
0.00676987452263
0.00544962101308
0.00701871278052
0.00756901627228
0.00653668212247
0.00524541305995
0.00453286962905
0.00399993811219
0.0037214596335
0.00366245205407
0.00384091372583
0.00500786541741
0.00413789482387
0.00347628014101
0.00596840138416
0.00530337441639
0.00543726231561
0.00369212694797
0.00535994508017
0.00848529806198
0.01028144735287
0.01040735591742
0.00952690801876
0.00983442823047
0.00978639845477
0.01355846196447
0.01581610262656
0.01635824663429
0.01656074505303
0.01789884766944
0.0170697988669
0.01611793192794
0.01696363889186
0.01809081601966
0.02041522500459
0.01936316789321
0.01712266780079
0.01723763172719
0.01928137707461
0.0210903930992
0.01831573134877
0.01611450984411
0.01651048413898
0.01566261387537
0.0141262112999
0.01571489487415
0.01684587850489
0.0151715222328
0.01174567712509
0.01390727331104
0.01447622112957
0.01270553395141
0.0102481008796
0.0082654630952
0.0103893862085
0.0115438797059
0.00767720386968
0.00716534228879
0.00781974044509
0.00439193027735
0.00570770040483
0.00719064385001
0.00430299830848
0.00387814358587
0.00405676354785
0.00309226278795
0.00266645154014
0.00352835008616
0.00301758749167
0.00276128095039
0.00282597190252
0.00250573269465
0.00269422845891
0.00288750911044
0.0028065187881
0.00247824145204
0.00269154355526
0.00291690209699
0.00305712009754
0.00249835184776
0.00367351578677
0.00444976952419
0.00327058049098
0.00333774604691
0.00610703949755
0.00515829690605
0.00547688235799
0.00448126475564
0.00563231657138
0.00599885868401
0.00864339984248
0.00863172405426
0.0064076281051
0.00725674358511
0.00675507061813
0.00741565641455
0.0077750272264
0.00846475802137
0.00801834190933
0.00643332916068
0.00621904565809
0.00824052861654
0.00967109533504
0.0088188607839
0.00682180200659
0.00739815554619
0.00702113989725
0.00734414616894
0.00706826364987
0.00662678845403
0.00546354904502
0.00402732232046
0.00553619822646
0.00571363553437
0.00502200148793
0.0064906377584
0.00647457733105
0.00441466075312
0.00511726958823
0.005915138986
0.00658477898307
0.00715983303533
0.00511807008449
0.0077369094336
0.00964911560718
0.00998588182168
0.00966445468338
0.01107081053566
0.01013517965082
0.01294937626841
0.01335107162413
0.01467581756092
0.01578340438943
0.01636784203675
0.01628477735875
0.01635956571947
0.01896175142979
0.02148596036207
0.02203267971096
0.02562133761766
0.02388200697856
0.02568539993148
0.02752605892506
0.02646938124675
0.02788298076106
0.0282587692839
0.02824681460338
0.02842495140331
0.02816466951619
0.02904484606019
0.03127814771636
0.03046003601434
0.03030612515589
0.03117005810814
0.03123156516554
0.02846678524749
0.02709111508525
0.03001040133448
0.02962880883685
0.02846435059314
0.02763678670363
0.02696987231341
0.02714041118272
0.02359191376644
0.02183725158877
0.02161146943225
0.02008996121284
0.01787354384693
0.01659972213561
0.01535249318145
0.01211927219773
0.010011494687
0.00933264069152
0.00867207298541
0.00761385009304
0.00588423395095
0.00641729285375
0.0052526114962
0.00336016747986
0.00507314656594
0.00368484107522
0.00284657450546
0.00272882994751
0.00257862911034
0.00284427778973
0.0028706873825
-0.00066520764475
-0.00248824388649
-0.00150844550735
-0.00159331921645
-0.00284349010744
-0.00325748385958
-0.00272519756382
-0.00133566193195
-0.00570925843287
-0.00999894453374
-0.00615090925548
-0.00313798755652
-0.00621860772181
-0.00586935994649
-0.00420390335365
-0.00329602375964
-0.00579673337794
-0.00986024461179
-0.01001518058786
-0.00550761478132
-0.00499439416582
-0.00702338309581
-0.00907044424649
-0.01013949871257
-0.00953697829188
-0.00994776402888
-0.00969642930807
-0.00993512342407
-0.00969796698451
-0.00991357334109
-0.0097216879048
-0.00992609334383
-0.00964965831651
-0.0099141612762
-0.01036880847974
-0.01059480922751
-0.00990650304454
-0.01214536747134
-0.01117498811412
-0.01199983091936
-0.01376558848777
-0.01345040250677
-0.01298386092375
-0.01394740365094
-0.01386531886478
-0.0133668101947
-0.01497258911285
-0.01457702938761
-0.01351158544609
-0.01464629266584
-0.01651034846164
-0.01661557377062
-0.0160157216708
-0.01581133884466
-0.01586204447887
-0.01579459776936
-0.01720812190737
-0.01675110035052
-0.01445553033636
-0.01290357763106
-0.01531530251709
-0.01618874795787
-0.01394897901552
-0.01475431443539
-0.0136992196593
-0.01078800621135
-0.00996472369544
-0.00971624573624
-0.00990440758352
-0.00998414816687
-0.00984963162934
-0.00661714631827
-0.00857672950882
-0.01068363265452
-0.00985513409893
-0.00477413030792
-0.00217780133579
-0.00412507256218
-0.00354089722437
-0.00822376492835
-0.01029236937814
-0.0096930222995
-0.01033579366216
-0.00563985043214
-0.00135141180896
-0.002844337337
-0.00870830637082
-0.00782718762312
-0.00854096345645
-0.01027257556285
-0.00960716869855
-0.00991337736272
-0.00969867552169
-0.00991423665249
-0.00972361000035
-0.00988438010172
-0.00977038852954
-0.00981015706321
-0.00973233103777
-0.01048619198523
-0.01065152989012
-0.00994012087248
-0.00977197143175
-0.00985892552661
-0.00965945723497
-0.01004924313595
-0.01228620054246
-0.01175385545319
-0.00975323288461
-0.00456595153153
-0.00468971865551
-0.00967479631117
-0.00987070684165
-0.00976141875033
-0.00966263057702
-0.0099471836314
-0.0097213562491
-0.00990830453801
-0.00966134164236
-0.00992131448667
-0.01034430364596
-0.01014700619164
-0.00959404568545
-0.00995842977474
-0.00973001698549
-0.00988964890479
-0.00957526945016
-0.01059609062454
-0.01140813453475
-0.01045678769223
-0.00946421755352
-0.00985210397184
-0.0096863213468
-0.01246965137125
-0.01058334449292
-0.00936666555146
-0.00988508110127
-0.01217985966431
-0.01126493464793
-0.01208213429677
-0.01196389150151
-0.01052692533549
-0.01001346954595
-0.00969872828509
-0.00988569918689
-0.01042583064753
-0.01003843417513
-0.0097267833424
-0.00985438787361
-0.00974468521266
-0.0097829160699
-0.01096151490671
-0.01085802325254
-0.01096493699054
-0.01086555334449
-0.01110067462407
-0.01024880187915
-0.00952350101018
-0.00993842490582
-0.0109759343921
-0.01029530151605
-0.00955314650733
-0.00996941210104
-0.00976108709463
-0.00969686649059
-0.01029724622448
-0.01250341995178
-0.01248128193369
-0.01079921466654
-0.00969424339549
-0.00976597901623
-0.01229572056863
-0.01199906208114
-0.01011028286031
-0.00966304514665
-0.01081211155075
-0.01405301337902
-0.01404697573772
-0.01111503380842
-0.00968294448875
-0.00978289345701
-0.01050557876851
-0.0118827112309
-0.01036644920168
-0.00954441039465
-0.00998625870315
-0.00972468788138
-0.00971746683224
-0.01017695319397
-0.01014970466303
-0.00440265406296
-0.0028910729017
-0.00879822275411
-0.0103001557495
-0.00973613754071
-0.00983849855045
-0.00663504065089
-0.00639606010498
-0.00531161681434
-0.00302022641579
-0.00326409812954
-0.00201379909885
0.00180281557049
0.00334910826974
0.0024872059549
0.00255784635806
0.0028868789646
0.00410089033896
0.00380765845788
0.00360051535179
0.0054142763142
0.00761241794342
0.00821747854528
0.0069945162358
0.00641367554531
0.00997237438946
0.01041882818965
0.00970392924951
0.00812460741119
0.00792363159363
0.00734745895714
0.00782184344374
0.00763380219854
0.00696196121363
0.00772906276121
0.00647417708292
0.00484363177525
0.00380748810745
0.00388889601447
0.00382381084431
0.00327659401187
0.00255824660619
0.00262080893173
0.00284290518738
0.00285685357092
-0.0007359450572
-0.00240878521048
-0.00207680463701
-0.00592564493411
-0.00738123432154
-0.00331904217286
-0.00293142560167
-0.00208373247236
-0.00217166570531
-0.00419933027378
-0.00867865333604
-0.010224508099
-0.01006416010489
-0.01079677247455
-0.01096880379452
-0.010333049965
-0.0107162178272
-0.01049976725611
-0.00951429756446
-0.00985451601331
-0.00965931402001
-0.01232577309777
-0.01158880397821
-0.01107965217516
-0.01015425739129
-0.00961977161521
-0.01012180789594
-0.01011968982203
-0.00577553605602
-0.00231271284511
-0.00204670763585
-0.00150740229941
-0.00100890418201
0.00178936165545
0.0044283701938
0.00486989966058
0.00323231269936
-0.00102963944723
-0.0022831133275
0.00179367242581
0.0039261341659
0.00311133675961
0.0035993553106
0.00272495862096
0.00252645363837
0.00569942031874
0.00534062085921
0.00384207301326
0.00353435003931
-0.00131842337309
-0.00317149835012
-0.00176029957083
-0.00161198389482
-0.00227596463961
-0.00290990566922
-0.00849086083261
-0.01052166407004
-0.00948181791859
-0.00737858258345
-0.00887521964029
-0.01031688174954
-0.00959054068769
-0.00991105577281
-0.00973099687734
-0.00991526177012
-0.0097387078724
-0.0103201832313
-0.01065310525471
-0.01246246047263
-0.01126305777817
-0.00963881920517
-0.01047965686038
-0.01070565007053
-0.01067203224259
-0.00988495296156
-0.00968838665731
-0.0101842496194
-0.01009424278456
-0.00478052146404
-0.00245561047298
-0.0033515693058
-0.00263287592293
-0.00124572821211
0.00203660721221
0.00360672334351
0.00418107036612
0.0057896608201
0.00742915027903
0.00641796445654
0.00535171474243
0.00655683472892
0.00634864539985
0.00944786089732
0.0116292358233
0.01099018804964
0.01315649525408
0.01499879745091
0.01493180299918
0.01418663293863
0.01560868967333
0.01645070319876
0.01632927198618
0.01510415843721
0.016048947542
0.0185839126717
0.01715785345569
0.01514847969916
0.01512072614704
0.01327910233687
0.01565013156078
0.0163494577582
0.01630139783198
0.01768869855668
0.01640879397828
0.01506800796574
0.0144643041372
0.0114180088295
0.01161908263625
0.01190865575193
0.00929186211548
0.00962470876259
0.0107746947575
0.00889600088505
0.00676112936479
0.00725619635321
0.00734092533982
0.00458408405325
0.00343100838397
0.00377863783022
0.00378509607125
0.00632004461816
0.00456327944184
0.00307506493229
0.00470494843608
0.00452805459127
0.00405395578083
0.00379183848091
0.00369666083217
0.00509083738257
0.00487031950655
0.00381088682463
0.0036143423795
0.00433420635624
0.00583562603906
0.00670903680675
0.00614069802868
0.00664805738342
0.00689358812945
0.00556830400591
0.00518806451279
0.00624282084932
0.00563856149748
0.00679035803102
0.00717313092144
0.00803442721086
0.00738613981087
0.0040134598659
0.00468428176329
0.007252505176
0.00843225576261
0.00822812167825
0.00686992374137
0.0078974307932
0.00995558055075
0.00802572878632
0.00559243497325
0.00688356911221
0.00655109557776
0.00754004916179
0.01033227358915
0.0099377314439
0.01118232222771
0.01153337978789
0.00848459706243
0.00901925620399
0.01161480880027
0.01038103451492
0.00786395618022
0.00590538453956
0.00793344558734
0.01046020977606
0.00900240960187
0.00669181558444
0.00742052120069
0.00702730718577
0.00739495959124
0.00643775977935
0.00641822751982
0.00589053314799
0.00668558648735
0.00409969260961
0.00344732659825
0.00447744770002
0.0036880098947
0.00443958844791
0.00458942446381
0.00399511779807
0.00335809010915
0.00313663304448
0.00297592701297
0.00275882217562
0.00249858249923
0.0026297915249
0.00341616377627
0.0039230022808
0.00436343502248
0.00379302113499
0.00252146674264
0.00264182535053
0.00348220697915
0.00367350674162
0.00326276698416
0.0030915617884
0.00276702914671
0.00438274793699
0.00517162494267
0.00418903764058
0.00412280901202
0.00469256335692
0.00386374520584
0.00552830180571
0.0043397035495
0.00587817595805
0.00654459814106
0.00620010359495
0.00644942727618
0.00663242810848
0.00764229710708
0.00825060642729
0.00784934825409
0.01003773317557
0.01043364716941
0.01039829568666
0.01101855968739
0.01068177839764
0.00908279088374
0.00967279883933
0.0090700899779
0.00987681232161
0.01180893291255
0.01134640134846
0.01044696616088
0.01030580143405
0.00976196145966
0.00942501434206
0.01045326761921
0.01046731776075
0.01106951406337
0.00942801431863
0.00710838795967
0.00642538902168
0.01013780274591
0.0100722404438
0.00839422842136
0.00696816920535
0.00730940674172
0.00709934958803
0.00734133237182
0.00585212440269
0.00501779021428
0.00525029819768
0.00579983963509
0.00717641280536
0.00713225360245
0.00653035654372
0.00436337924402
0.00396269543819
0.00518210526285
0.0039849020487
0.00572216963858
0.00378128203068
0.00303677226648
0.00382838844676
0.00358659259619
0.00295739725816
0.00263790352186
0.0027361150665
0.00254736151531
-0.00050026652068
-0.00142617378798
0.00209292235035
0.0024733909874
-0.00158205121399
0.00092105763181
-0.00033039345019
-0.00357576403753
-0.00424246737412
-0.00692387884769
-0.00549930529847
-0.00656512989028
-0.00989958350058
-0.01027366098151
-0.00460510574839
-0.0081220370795
-0.01084822433408
-0.01034690412817
-0.01146606875572
-0.01090004553747
-0.01082816670176
-0.01076884555695
-0.0107022279867
-0.0112263495221
-0.01286600254759
-0.01303527509513
-0.01139512458609
-0.01234556691306
-0.01378878931163
-0.01369867694997
-0.013830721145
-0.01249128436815
-0.01089193504803
-0.01068835874826
-0.01132555980267
-0.0102852010924
-0.01039009474568
-0.01053636998536
-0.00990571913106
-0.00993402293015
-0.00985376225035
-0.00988652832615
-0.00994694242725
-0.01002844681593
-0.00773190444756
-0.00567126727224
-0.00310737724279
-0.00166025788972
-0.00200387731703
-0.0018767393651
0.00126881898657
0.00274831924256
0.00357527635289
0.00293781826532
0.00185804528997
0.00275740133245
0.00315409773223
0.00355160668848
0.00284131248625
0.00344003318787
0.00356437543299
0.00300059390578
0.00223276573071
0.00225536429796
-0.00042477565288
0.00139527402927
8.532310258e-05
-0.00150300183126
-0.00207008333271
-0.00210880187459
-0.00244183470115
-0.00310373355265
-0.00310068835029
-0.00363890525302
-0.00625976016428
-0.0071079537922
-0.00505182487314
-0.0086596358966
-0.01023050051452
-0.0095009031967
-0.00975336856194
-0.0102290156015
-0.00996886185408
-0.01015020214658
-0.0104256949702
-0.00994368617127
-0.01190826379519
-0.01257618069014
-0.01298296394583
-0.01377111357026
-0.01271803887889
-0.01272553882032
-0.01329744892728
-0.0129440999277
-0.0124405410458
-0.01224712547071
-0.01289604753911
-0.01070732342429
-0.01136683586226
-0.01146452354165
-0.0116631250059
-0.00993372142496
-0.00888663914911
-0.01171137337286
-0.01000688165769
-0.00913192115336
-0.009243787114
-0.00910634597619
-0.01026930423161
-0.00944324786802
-0.00869279392913
-0.01004401955865
-0.01176392572631
-0.01238265958823
-0.01006194404179
-0.01105723526478
-0.01274471454998
-0.01043796623116
-0.00934473104937
-0.01179143053666
-0.01266427296707
-0.00994563841733
-0.00936527862761
-0.00886874481648
-0.01028331668501
-0.01154127922369
-0.00905766042671
-0.00826684248142
-0.0092120913816
-0.00872024597607
-0.00828353833094
-0.00836658039605
-0.00870958023021
-0.00835957793817
-0.00442804607573
-0.00474727750253
-0.00612923329409
-0.00292408621175
-0.00215120405604
-0.00104120367854
-0.00115273044584
-0.00085082652193
-0.00045880006056
-0.00023040882893
-0.0005036094594
0.00227212346357
0.00358530667658
0.00298212143696
0.00326736041563
0.00305154752799
0.00324061087576
0.0036705421919
0.00326443129277
5.424475481e-05
0.00205494400369
0.00372862264289
0.00297343507263
0.00321015282215
0.00300556421872
0.0035513255349
0.0031751005833
0.00015255664792
-0.00041015762632
0.00303693658681
0.00098644958349
-0.0006358384771
-0.00109462964326
-0.00080148142987
-0.00116411226651
-0.00144136889546
-0.00373905019965
-0.00289469021014
-0.00401417141813
-0.00305689773747
-0.00394447547996
-0.00484634155308
-0.00443121640274
-0.00724790722195
-0.00764042023732
-0.00753420523758
-0.00737224946708
-0.0074705529708
-0.00755443849667
-0.00754365968636
-0.00505220627719
-0.00456050107157
-0.00706629255974
-0.00504725028574
-0.00145098238822
-0.00128360103195
-0.00086673016659
-0.00064043771255
-0.00056718823428
-0.00015756397063
0.00285921284898
0.00380763207617
0.00360253091394
0.00500966691088
0.00540536080593
0.00464006075182
0.00414394527913
0.00561464535258
0.00930057561528
0.00847088611422
0.0071125344097
0.00933957531074
0.00994528414874
0.01057275412335
0.01027618608742
0.01195636140955
0.01223779388528
0.0137739024932
0.01478740462926
0.01421863017621
0.01416472104943
0.01523731820142
0.01791224203721
0.01706918831891
0.01676739670567
0.01887713400009
0.01862777413824
0.0176395532118
0.01838408257383
0.02229354953319
0.02311612351192
0.01874619783661
0.01814361711488
0.01886150849397
0.01819240819117
0.01828438988497
0.01804344201773
0.01900093202836
0.01821649091769
0.01809992147619
0.01810792643881
0.02106468224469
0.01862331939915
0.01709786899947
0.02115125945808
0.02177424454309
0.01751604915109
0.01691092824819
0.01751197129348
0.01696920166249
0.01712025575933
0.01678966286346
0.01513797224352
0.01544577888516
0.01388905486034
0.01406886501403
0.01587131576325
0.01334166466241
0.01312158849148
0.01221703525341
0.0111983472282
0.01138480557119
0.01080602868368
0.00912763977976
0.00781643896333
0.00718955617006
0.00706302575107
0.00554802702857
0.00436083378651
0.00401723094198
0.00201464180584
0.00135514444313
0.00158758232657
0.00094814711876
0.00073072524872
0.00066611163267
-0.00193166079553
-0.00336255238586
-0.00320725158852
-0.00402585926656
-0.004899706463
-0.00419321197985
-0.00577120342654
-0.00873554736413
-0.00888363163491
-0.00871297970116
-0.008685165848
-0.00929704800463
-0.00932628646978
-0.00864459832558
-0.00891301331502
-0.01068792910338
-0.01103907711512
-0.00940249944249
-0.01050002353551
-0.01148874948313
-0.01116048571481
-0.01151224427454
-0.00932492969646
-0.01077919472237
-0.01184604066298
-0.01040186852309
-0.01102137876086
-0.01103331836612
-0.01116949318216
-0.01042117993008
-0.00907511757683
-0.00888479242986
-0.00846034097043
-0.00788304899595
-0.0083980349243
-0.00790560912129
-0.00921139791968
-0.01006083601025
-0.00829518396865
-0.00748959603818
-0.00742246967793
-0.00745838271408
-0.00735737244757
-0.00725598756087
-0.00720963490775
-0.00755614953858
-0.00717042415866
-0.00330247144799
-0.00408686431783
-0.00561307752563
-0.00292550403987
-0.00245534062584
-0.00189804372135
-0.00161011380892
-0.00147578721966
0.00101403881529
0.00193195777813
-0.00096403041182
0.00080510853722
0.0019138275177
0.00149525088676
0.00152164012793
0.00156688324198
0.00153284104549
0.00154355729347
0.00148891777039
0.00152895464368
0.00145970568694
0.0015240174963
0.00141469699318
0.00145174971892
0.00151159774404
0.00156819026695
-0.00030939263428
-0.00141397714955
-0.00166997690931
-0.00140058127426
-0.00145754314101
-0.00183752032462
-0.00136478808642
-0.00118267594065
-0.00186276535362
-0.00223688806032
-0.00183576782574
-0.00169612042375
-0.00178404536531
-0.001519709741
-0.00128003724068
-0.00135655397986
-0.00128679774065
-0.0015677922801
-0.00177015803656
-0.00118256212244
-0.00136061223963
-0.00176779951227
-0.00099765879244
0.0011060039263
0.00156414934373
0.00133448153916
0.00140415712573
0.00139047557428
0.0014180052588
0.00154394095882
0.00136317352616
0.0014814148139
0.0016675249184
-0.00070294606865
-0.00158968080265
0.00086690353207
0.00165971744168
0.00133487048084
-0.00049175955193
-0.00162056096352
0.00072822908731
-0.00031664933641
-0.00156699706018
-0.00139629537808
-0.00226868479696
-0.0016773841379
-0.00202494197667
-0.00186465955993
-0.00157727084931
-0.00165018309402
-0.0051677581387
-0.00473601553017
-0.00334940902116
-0.00171865341362
-0.00162929782997
-0.00227946436102
-0.0013674481159
-0.00115541836455
-0.00127938297443
-0.00156895307506
-0.0008073494745
-0.00130545638892
-0.00109409748661
-0.00093756353307
-0.00093669670566
-0.0011633494584
-0.00095165211652
-0.0010018127801
-0.00101710436924
-0.00065431403635
-0.0010023826249
-0.00141232490115
0.00076973745664
0.00021990996619
0.00083657814073
-0.0002762538227
-0.00164008870048
0.00090697432469
0.00156769956726
0.00125700149091
0.00130558226734
0.00131641459481
0.00132626476915
0.00145256378291
0.00134514879254
0.00122968889012
0.00144243999262
0.00130275716377
0.00135428666089
0.00124547117894
0.00167962884399
0.00184677351869
0.00160303974356
0.00151536505131
0.00168511246951
0.00175160793016
0.00227385561085
0.00200964134238
0.00285495258074
0.00330418776624
0.00275866916174
0.00290763684271
0.00332649462723
0.00289552462573
0.00344040554677
0.00350546961157
0.00350404424581
0.00459564602327
0.00457370322979
0.00455758702398
0.00432022028455
0.00417725104921
0.00568767292303
0.00494743096471
0.00501046966843
0.00537885850032
0.00604226713902
0.00518582282176
0.00412191655668
0.00436185588908
0.00491639100608
0.00420955129949
0.0035280847616
0.00349773901867
0.00337666810478
0.00366683292438
0.00282253775848
0.00272596112569
0.00234916256048
0.00231074401626
0.00224220359671
0.00191240290571
0.00120453205139
0.00061701256883
0.0003619066212
0.00020656851258
-0.00015655407901
-0.00011720267776
-0.00021316868718
-6.463185711e-05
-0.00013305649868
-0.00128636281943
-0.00225078669551
-0.00222092939097
-0.0020552266648
-0.00230985759103
-0.00298918118083
-0.00360353266491
-0.00349990533341
-0.00377123813926
-0.00526250991137
-0.00533441814382
-0.00527896983309
-0.00516389736483
-0.00522633833453
-0.00509091275886
-0.00514339048978
-0.00489870395827
-0.00499591299818
-0.00586715217479
-0.00599805366517
-0.00508729545043
-0.00532796065656
-0.00526530863323
-0.0050577615102
-0.00503046699972
-0.00522682828045
-0.00478654704513
-0.00477774309378
-0.00440937687478
-0.00457908358979
-0.00434329221494
-0.00470305422977
-0.00432001299974
-0.00410527950066
-0.00407292196439
-0.00407730961857
-0.00395118397029
-0.00398754323411
-0.00383130023306
-0.00388331892234
-0.0038200789639
-0.00377495569817
-0.00278653577831
-0.00335554992798
-0.003713301657
-0.00361360444556
-0.00346241617892
-0.0026591490846
-0.00304822418711
-0.00356483372087
-0.00330493700662
-0.00333562571171
-0.00211096743557
-0.00287689914304
-0.00333139257893
-0.0030770081332
-0.00220794280896
-0.00275010566077
-0.00308107920693
-0.00291356744967
-0.00282779450136
-0.00285328148826
-0.00283985546245
-0.00276082417004
-0.00167390326056
-0.00232349316294
-0.00284693103534
-0.00249109084919
-0.00137928973197
-0.0021274514777
-0.00259598525622
-0.00164822104904
-0.00213996997291
-0.00176070057273
-0.00076911409468
-0.00104783076247
-0.00049806696499
-0.00082820006545
-0.00053612603965
-0.00085275238629
-0.00115307039294
-0.000300069491
-1.328504199e-05
9.98746472e-06
0.00113848734099
0.00039389609502
3.17358477e-06
0.00126092181206
0.00057645122728
8.904706847e-05
0.00121766335588
0.00142953858583
0.00133336370869
0.00136539034302
0.00135892230308
0.00058140819862
0.00107895438878
0.00144878969178
0.00126781798937
0.00056309756271
0.00104115694524
0.00142049267656
0.00119284797177
0.00046519694528
0.0009879714309
0.00061720206484
7.206582168e-05
0.00018342859278
0.00091331347117
0.00077438440528
0.00090884591812
0.00047492885421
0.00015477097736
0.00055273452805
0.00094786445765
0.00128811381078
0.00106531127923
0.00119734341406
0.00107968403132
0.00116773334377
0.00113467103913
0.00115581785892
0.00103168063732
0.00116535748292
0.00118342668856
0.00123308006967
0.00103830696749
0.00108703698898
0.00107404060805
0.00115493369497
0.00112715225362
0.00101286822141
0.00093858940445
0.00103334720723
0.00094521799591
0.00092908972989
0.00096786932657
0.00100014922525
0.00089335382804
0.00087427759509
0.00090606754785
0.00091034289135
0.00036994904583
0.0001145104626
0.00070956297678
0.00091392703422
0.0007779715632
0.00081994334601
0.00083580477994
0.00079705985636
0.00034967960612
0.00062232893435
0.00084795694635
0.00073035077928
0.00076421991179
0.00072313734315
0.00075270633335
0.00075214673973
0.0007478969488
0.00066870284359
0.00075642977162
0.00072105921867
0.00068116985679
0.00017080065118
0.00050932102284
0.00082750057343
0.0006489859875
0.00020681921414
0.00045155383574
0.00022173030374
0.00041952365872
0.00022420355076
-0.00010639884252
0.00014108301892
9.630595651e-05
5.219353213e-05
-1.97403358e-05
0.00012654270533
0.00020004333741
7.860398419e-05
-2.002712e-05
0.00021696395905
0.00050567808646
0.00025130049997
0.00040397390577
0.00065091170111
0.0005584161671
0.00058958765736
0.00049601914178
0.00059800334541
0.00074162978668
0.00068910690536
0.00050685847925
0.00083470202473
0.00085173932887
0.0008966063152
0.00084573108433
0.00093169247338
0.00111627017779
0.00111890231804
0.00108046116093
0.00111328376895
0.00099429776341
0.00106004926002
0.00107340593964
0.00106777683787
0.00106255024552
0.00121193777245
0.00117253255252
0.00103623864193
0.00096514371971
0.00088236245658
0.00084183865242
0.00077349345747
0.00082121343659
0.00080205127467
0.0007363854809
0.00064126964072
0.00066619424509
0.00066846405148
0.000599164668
0.00043253119533
0.00034455831445
0.00036957306887
0.00031247823833
0.00027937658726
0.00023820047663
0.00011441134277
8.29479955e-05
8.44402954e-05
1.423225067e-05
1.735684688e-05
-2.524589583e-05
-0.0002833923348
-0.00034209773065
-3.999466257e-05
-0.00018890468067
-0.00042404555808
-0.00040744995903
-0.00045299450288
-0.00062678744225
-0.00062740688465
-0.00060837143028
-0.0005859618314
-0.0005782051583
-0.00055785853327
-0.00059704101624
-0.00054553171998
-0.00055936236574
-0.0005362960132
-0.00048692054449
-0.00056081011826
-0.00049251979725
-0.00046369085151
-0.00044954535896
-0.00039150380214
-0.00040142528245
-0.0003967017515
-0.00040525349377
-0.00035065022668
-0.00034407243885
-0.00032269662587
-0.00032117357244
-0.00029713230288
-0.00029654180498
-0.0002735388439
-0.00027339781485
-0.00025095550266
-0.00024933860574
-0.00022757746913
-0.00023635119459
-0.00020153767247
-0.00013968199971
-0.00016982091009
-0.00019787453525
-3.094293425e-05
-0.00012162696482
-4.400378453e-05
-3.835586129e-05
-5.709871996e-05
-1.363172019e-05
2.792297542e-05
4.228179797e-05
2.969152945e-05
3.932192913e-05
6.431132695e-05
6.320565468e-05
6.620299309e-05
6.97515508e-05
7.253870994e-05
7.638430303e-05
5.94691914e-05
5.83238109e-05
5.942202091e-05
5.763215047e-05
7.494305549e-05
5.927670295e-05
7.272844716e-05
7.317818736e-05
6.24314346e-05
5.788690727e-05
6.702258216e-05
7.393410608e-05
7.02916295e-05
2.750453899e-05
1.342640269e-05
2.996513033e-05
5.848861363e-05
1.6595803e-07
-2.707819559e-05
2.404585243e-05
3.576336144e-05
3.182783689e-05
6.41713984e-06
3.222736895e-05
5.596230924e-05
2.131655967e-05
1.402427994e-05
2.367484277e-05
2.622137816e-05
2.96323666e-05
3.39739734e-05
3.760573147e-05
3.86966526e-05
4.5519534e-05
6.870128011e-05
5.511400933e-05
4.824719863e-05
9.788380851e-05
0.00010008389184
8.065866664e-05
7.995623494e-05
9.230754552e-05
0.00011782490908
0.0001160272598
7.514856896e-05
0.00010007137937
0.00011889766452
0.00011327512049
0.00011833083478
0.00011547226413
0.00013511871876
0.00011786674292
0.00011067132172
0.00011322876407
0.00011165234421
0.00010465893149
0.00010772471157
0.00010760456175
0.00010716948977
0.00010650120353
0.00010280625751
9.821893152e-05
9.748913823e-05
9.955211207e-05
9.947605739e-05
7.866307921e-05
8.829632057e-05
9.644879459e-05
9.308595653e-05
8.615797043e-05
7.508715989e-05
7.552750068e-05
8.557086446e-05
8.555480931e-05
7.559398257e-05
7.671912454e-05
8.557734682e-05
7.938194294e-05
7.462200523e-05
8.657291694e-05
7.954558488e-05
8.01258316e-05
7.760735881e-05
8.269480652e-05
8.543073993e-05
7.495396244e-05
7.325920181e-05
7.720364337e-05
7.443120522e-05
7.641121237e-05
7.624651516e-05
7.540931064e-05
7.820682649e-05
7.55464955e-05
7.242012796e-05
7.304011306e-05
7.284999897e-05
7.122356695e-05
7.074491993e-05
6.889589417e-05
6.809983003e-05
6.637938869e-05
6.600277857e-05
6.351319751e-05
6.220121278e-05
6.277167566e-05
6.22070469e-05
5.992729084e-05
5.888374371e-05
5.732615286e-05
5.623180211e-05
5.429616898e-05
5.360841304e-05
5.179020865e-05
5.009701584e-05
4.866457225e-05
4.799124334e-05
4.586982272e-05
4.411008018e-05
4.275372896e-05
4.131702661e-05
3.956366091e-05
3.830380642e-05
3.672375343e-05
3.540120849e-05
3.365722713e-05
3.214789218e-05
3.079745046e-05
2.958293482e-05
2.804033632e-05
2.655933532e-05
2.514182377e-05
2.393770252e-05
2.243362884e-05
2.107630527e-05
1.975029301e-05
1.847910193e-05
1.709555495e-05
1.587527302e-05
1.462983802e-05
1.34973544e-05
1.220313586e-05
1.104767755e-05
9.8819756e-06
8.78739118e-06
7.66405071e-06
6.59693793e-06
5.48952447e-06
4.46480182e-06
3.38839967e-06
2.36751066e-06
1.32322183e-06
3.3761789e-07
-6.8018537e-07
-1.651065e-06
-2.63949773e-06
-3.59856914e-06
-4.56358999e-06
-5.5017799e-06
-6.44820241e-06
-7.36802839e-06
-8.29146792e-06
-9.19468699e-06
-1.009921762e-05
-1.098617803e-05
-1.187147263e-05
-1.274320702e-05
-1.361059975e-05
-1.446654281e-05
-1.531672713e-05
-1.615702961e-05
-1.699034471e-05
-1.781495385e-05
-1.863180677e-05
-1.944051905e-05
