-0.00164859708308
-0.00164391165968
-0.00163920047451
-0.00163444420622
-0.00162965788252
-0.00162484365024
-0.00161999184869
-0.00161507886292
-0.00161009825248
-0.00160503391626
-0.00159986975315
-0.00159457248752
-0.00158916680774
-0.00158377722908
-0.0015787912516
-0.00157421746257
-0.00156991309881
-0.00156589426142
-0.00156228331885
-0.00155887310347
-0.00155400198059
-0.00154662874501
-0.00153795239281
-0.00152872645602
-0.00151822960484
-0.00150775207499
-0.00150001280747
-0.00149673784143
-0.0014963868372
-0.00149649095772
-0.00149842094427
-0.00150460913806
-0.00151046135532
-0.00150800325232
-0.00149053891356
-0.00146562834752
-0.00144234828734
-0.00142449859532
-0.00141195046255
-0.00141113681973
-0.00141864423124
-0.00142610977986
-0.00143201996113
-0.00143496109746
-0.00142339405908
-0.00140065499625
-0.00137827015786
-0.00135926118582
-0.00134857541494
-0.00136765308505
-0.00140899751873
-0.00144853540773
-0.00146784064021
-0.00146122201005
-0.00140857137599
-0.00132756990509
-0.00124942477134
-0.0011847004506
-0.00113455300264
-0.00116137745413
-0.00125741736301
-0.00135755983506
-0.00145231058163
-0.00152901734943
-0.00149617537594
-0.00138392057454
-0.00128301276299
-0.00121613948059
-0.00115933261299
-0.00114527097576
-0.00117157482464
-0.00119644138098
-0.0012048182525
-0.0012104579351
-0.00122609533443
-0.00125034682832
-0.00127943831628
-0.00137118674229
-0.00155881835969
-0.0017028470942
-0.00168510474292
-0.00148744213315
-0.00125314305465
-0.00107685091325
-0.00093671145586
-0.00083379433296
-0.00088738291043
-0.00104853764568
-0.00119137167773
-0.00128707561009
-0.00134381485302
-0.00130228364644
-0.00120030135407
-0.00110575884854
-0.00095910026585
-0.00075955769032
-0.00082232433061
-0.00115376806891
-0.00150143829253
-0.00183638541797
-0.00209772899648
-0.00191360956815
-0.00141982283259
-0.00098093348016
-0.00061538715869
-0.00019353600228
-0.0001283128691
-0.00058512522728
-0.00114370809455
-0.00158359367641
-0.00194270212952
-0.00184044075122
-0.00134254179182
-0.00087638391925
-0.00050494180018
-9.78695211e-06
0.00039520660802
0.00045689501055
-8.609649583e-05
-0.00098163999692
-0.00178326033783
-0.00237628788321
-0.00272040083464
-0.00247113201623
-0.00187590935267
-0.0013863593562
-0.00107037375819
-0.00074630572431
-0.00030787954718
3.886393941e-05
-0.00017440498381
-0.00076129907918
-0.00127359468627
-0.00160504465033
-0.00172322573411
-0.00149189140692
-0.00113986100235
-0.00089005268937
-0.00072291971882
-0.00060376483983
-0.00068213581849
-0.00089782834539
-0.00108756137251
-0.00121447033205
-0.00133853476191
-0.0015014769352
-0.00169197991746
-0.0018360129456
-0.00154345682607
-0.00075165998787
0.00011817260386
0.00052037439337
0.00014327455845
-0.00046384811447
-0.0008146986296
-0.00096311985462
-0.00099135111387
-0.00076224453644
-0.00042027206676
-0.00021547011688
-0.00057566797119
-0.00133307755857
-0.00204520287768
-0.00285497070294
-0.00359474807065
-0.00318365556949
-0.00192923838022
-0.00080653321934
0.00015322848016
0.00138503584485
0.00233133143356
0.00236797756295
0.00134901658539
3.87409913e-06
-0.00104134978756
-0.00183540002996
-0.00241592237887
-0.00222270045561
-0.00151966689737
-0.00096973730404
-0.00098592804489
-0.00137847195846
-0.00168224518555
-0.00195588571948
-0.00241763983075
-0.00231840975501
-0.00135529279858
-0.00022634137257
0.00066470250121
0.0014883030059
0.00170717829315
0.00080452498139
-0.00041524046947
-0.00128286677958
-0.00187478656851
-0.00234306807031
-0.00269388981812
-0.00264553388716
-0.00228106161716
-0.00194060791164
-0.00172960392102
-0.00153963334884
-0.00128004157125
-0.0009656042561
-0.00067390589645
-0.00084782763224
-0.00163480809134
-0.00181393617515
-0.00111006106549
-0.00031745466341
-0.00014585374181
-0.00059682300669
-0.00106525768373
-0.00124901687652
-0.00128877052041
-0.00113229562684
-0.00063063373038
-3.256226498e-05
0.00026925684536
-0.00014042176355
-0.00090438868954
-0.0015386307863
-0.00230318347072
-0.00304133140596
-0.00250260324844
-0.0010053281666
0.00030813115388
0.00089741197066
0.00102045054505
0.00072669253123
0.00021965565444
-0.00019730484308
-0.00050607070277
-0.00084519789139
-0.00127637803172
-0.00175297629423
-0.00221874602267
-0.00269623628675
-0.00312417162377
-0.00287765072837
-0.002050196369
-0.00126492906815
-0.00074236181076
-0.00028837047462
0.00028209426142
0.00095810392908
0.00162194974383
0.00187178210113
0.00149669812535
0.00098046944613
0.00067811719579
0.00051423010194
0.00029271294435
-3.637652165e-05
-0.00040082492981
-0.00089899374383
-0.00190476469099
-0.00308670004407
-0.00378679890641
-0.00321256135796
-0.00185201852367
-0.00071192856352
0.0001120205839
0.00099668927632
0.00142057851141
0.00111370421028
0.00066842958646
0.00048277271669
0.00044518574569
0.000326928772
8.345637514e-05
-0.00019229256712
-0.00043868068203
-0.00066857288635
-0.00090610764418
-0.00115699580503
-0.00141376237428
-0.00166998257916
-0.00192547930743
-0.00218305951951
-0.00245682886233
-0.00275849284383
-0.00275136112492
-0.00219490564382
-0.00148767398915
-0.00076347959902
0.00048183874489
0.00236544324803
0.00461761517782
0.00618023017957
0.00645272109415
0.00434156591764
0.00078307583226
-0.00231995009466
-0.00420508860434
-0.00497104101204
-0.00423512898446
-0.00284426990435
-0.00189211458452
-0.00186127558928
-0.00233946678841
-0.00258966625105
-0.00248183281482
-0.00227196770948
-0.00170720405493
-0.00066917388717
0.00044104582794
0.00132424234208
0.00184567468581
0.00105366799645
-0.00111005355164
-0.00335899881872
-0.00485580535823
-0.00552508669348
-0.00489669896079
-0.00314164777002
-0.00141157584336
-0.00058361472836
-0.00084540784989
-0.00126882017006
-0.00123142265546
-0.00092016101618
-0.00036504053189
0.00080589486395
0.00225464935413
0.00332654756553
0.00270497060294
0.00087050540351
-0.00072133805298
-0.00168077891101
-0.0023867858078
-0.00245995247793
-0.00200892385362
-0.00162492093557
-0.0014860177215
-0.00151599799081
-0.00229240860702
-0.00368089975036
-0.00508754328662
-0.0069828051017
-0.00863093954618
-0.00693925052214
-0.00288166741894
0.00075825564712
0.00376763965733
0.0069061423436
0.00852293329136
0.00788837990644
0.00500714077706
0.00145867374083
-0.00163089230106
-0.00542155118057
-0.00912085879481
-0.01081705935025
-0.00987316926758
-0.00739939666909
-0.0053153181948
-0.00401783375294
-0.00277491812421
-0.0010955142481
0.00087084180939
0.00279260787852
0.00440308289701
0.00554391211285
0.00566369042687
0.00445581618344
0.00299457592546
0.00199786990398
0.00126428180347
0.0003813117783
-0.00072920709546
-0.0018953659356
-0.0029682463148
-0.00393561933166
-0.00488965311447
-0.00588713413611
-0.00691137949842
-0.00792854788559
-0.00861017662642
-0.00712582912686
-0.00390135616674
-0.00087937496904
0.00131183053206
0.00329542841096
0.0055801031175
0.00762906399456
0.00646293241896
0.0025960369241
-0.00103123410335
-0.00340081555167
-0.00518963828677
-0.0066444080448
-0.00717682671349
-0.00641253272026
-0.00535381487859
-0.00470250131018
-0.00431813987405
-0.00426871375589
-0.00475979013771
-0.00533057024086
-0.00477068200283
-0.00199821446777
0.0023320903326
0.00715589312194
0.0103751503954
0.01143922776033
0.00953165503552
0.00521825103501
0.00109144710738
-0.0007214208127
-0.00025636092859
0.00019024600853
-0.00071871722142
-0.00288743591043
-0.00516485652961
-0.00688518406368
-0.00846133902665
-0.00971878537166
-0.00965141402821
-0.00754044133096
-0.00405142389141
-0.00076433950571
0.0018773885081
0.00440980457428
0.00710745883224
0.00946306108102
0.00881963813057
0.00487813437942
0.00064801198186
-0.00262003294703
-0.00532576674265
-0.00496408855217
-0.00201947008154
0.00074337360459
0.00330885137077
0.00648100967336
0.00844647984771
0.00779421738714
0.00327321102413
-0.00369030709301
-0.01001641548807
-0.01317386488875
-0.01256616601072
-0.00788930733045
-0.00239543532481
0.00170694321693
0.00530236109381
0.00882086932888
0.01027965792431
0.00878520644069
0.00443333044476
-0.00040406962576
-0.00426751261298
-0.00761523206652
-0.01111470449437
-0.01409568571483
-0.01458357085639
-0.01274580074284
-0.00966313671067
-0.00674933469373
-0.00442793013202
-0.00248583340428
-0.00083591871359
0.00023889787792
0.00045597552975
-0.00022296969252
-0.00103155752101
-0.00153444664417
-0.00189770274356
-0.00238219484426
-0.0030134968781
-0.00366115442083
-0.00354617101776
-0.00169556939188
0.00165996446768
0.00520070082366
0.00609115561145
0.00256884536728
-0.00574783912833
-0.01495319870224
-0.02118843993879
-0.01877470087061
-0.006500510266
0.00732180863379
0.01741516596589
0.02335101240423
0.02333607057292
0.015402065484
0.00320807773516
-0.0084888236237
-0.01509861320573
-0.01516749376001
-0.0089644364982
-0.00192499949431
0.0030932703709
0.0074131813672
0.00995336890313
0.00926840401203
0.00492005845312
-0.00086037694575
-0.00572890958844
-0.00825546485011
-0.00868760794423
-0.00776417056657
-0.00579271614584
-0.00333811675073
-0.00104809078617
0.00076207987574
0.00209165673069
0.00289598989418
0.00302602246931
0.00229212308064
0.00098666064546
-0.00016711665475
0.00227702667866
0.01132673466248
0.02373603291252
0.03230559180208
0.02968338627843
0.01485016232377
-0.00472269103039
-0.02139288111643
-0.03545255401224
-0.04545580952532
-0.04374425065648
-0.02569888719298
0.00771963596603
0.0414330327312
0.05572163122795
0.04958876085726
0.02491817650664
-0.01158861387129
-0.04131280036583
-0.04826123496187
-0.03204172678954
-0.00843926977005
0.00760600934994
0.01363697578701
0.01020363599044
0.00513834121947
0.00551170559655
0.01102350779977
0.01911210502564
0.02731694154127
0.03114809364237
0.02464908399995
0.01186936358257
-0.00070116690273
-0.01083245201269
-0.02018266791822
-0.02588102296439
-0.01834378146095
-0.00331777997371
0.00434969912568
-0.00401446110682
-0.0184011443536
-0.01946696278536
-0.00285425688701
0.01660803872289
0.02646315327762
0.02534870948962
0.02242283700622
0.02353614298235
0.02607611476338
0.01924887859939
0.0001567342288
-0.01537556305474
-0.01318814120747
-0.00226092771414
-0.00019452493253
-0.0137043965072
-0.02607741358636
-0.01460714288338
0.01436520758448
0.03474404070911
0.03322247495401
0.02368560423182
0.02318652345085
0.03214623373617
0.04071194982716
0.03761901221255
0.01691649307974
-0.01130168133325
-0.03505919312828
-0.05123580794002
-0.05631749042211
-0.04774540902511
-0.0204900273995
0.02483481568622
0.07000707390688
0.09726764009034
0.09600503387585
0.0675740564414
0.01671914712516
-0.02697132581946
-0.04727415096452
-0.05190146008478
-0.05754917176877
-0.06806085744146
-0.07322531036988
-0.06086326351457
-0.02836045456681
0.01217727050164
0.04758155338211
0.07071803457893
0.07849523631161
0.07506762099683
0.05891044559351
0.02469714045025
-0.0157505150014
-0.04863644452632
-0.06418860457016
-0.06562609032188
-0.05919099135738
-0.04330442196521
-0.02363489646519
-0.00630325340423
0.00859600657503
0.02355121362256
0.03659657017472
0.0402757385189
0.03271296065289
0.02356570462276
0.02134049883422
0.02465912035935
0.02034495638639
-0.00413530531442
-0.03617481766444
-0.05814382874661
-0.06446220538802
-0.05420922163816
-0.02111204553255
0.03778705414451
0.09144089478239
0.11135796950213
0.10657520951898
0.09182758980626
0.05176281878212
-0.02257068814456
-0.10681408560673
-0.16593451116018
-0.17390391722588
-0.14600348214395
-0.10628192240901
-0.05058935905405
0.02514972122169
0.08899945106865
0.1170838467146
0.11665169288641
0.10515356726082
0.08782229881905
0.05111778679395
0.00780075229152
-0.02005379462311
-0.03230422857465
-0.03119191013335
-0.02484872704642
-0.02025635733776
-0.01688022264294
-0.01105233952313
-0.0020734946771
0.00842184836759
0.0179455902436
0.02538096538266
0.02988577724789
0.02856663466447
0.01582491286984
-0.00663917088999
-0.02868831612986
-0.03992643027556
-0.03156857953189
0.00093493153167
0.05066262984469
0.09739294967281
0.12295506329205
0.11307209381471
0.06825456454488
-0.01002410323203
-0.08113547507996
-0.10939363391942
-0.1068690655349
-0.0956434029153
-0.07215530564917
-0.0269769719425
0.0174022958109
0.03771903231616
0.03529688846787
0.02426906557026
0.01684261044687
0.01558824800138
0.02281825883243
0.03773803162753
0.05303526814267
0.06486889799216
0.07342436304226
0.07568639743945
0.06444937816932
0.03311344896213
-0.00710418171938
-0.03522074094533
-0.04030525722302
-0.0366430487161
-0.03746489237487
-0.04374006436753
-0.05000377236892
-0.05274262507715
-0.05212961283238
-0.04635688138592
-0.0285655827252
0.01009704985363
0.04994563662293
0.06696723775746
0.06237603806289
0.04903887570299
0.02615404414224
-0.00836248893714
-0.04291738345097
-0.06104045087776
-0.0538442201783
-0.03482355873095
-0.02049816382777
-0.01045420041161
-0.00697620257265
-0.01079424944253
-0.01689080644013
-0.02117751265123
-0.02285319824402
-0.02375667453725
-0.02348446914904
-0.01470218237654
0.01539627981799
0.06059776692275
0.10135359764533
0.12646446151833
0.13079083013369
0.12088220621896
0.10288139989756
0.07681961512327
0.03930662336181
-0.01287638075575
-0.06118361122567
-0.08862345791679
-0.09248270109013
-0.0807127135667
-0.06296657315624
-0.04640529206066
-0.03190752939361
-0.01695413747804
-0.00265300050919
0.00813199938158
0.02256586854523
0.05843240359801
0.10525257836144
0.13335380503578
0.12710678851981
0.08296551666006
0.01312320005842
-0.04577223929932
-0.07270159488857
-0.07101589440453
-0.05968689485239
-0.04121925290898
0.00069522001093
0.04835983816768
0.06594944357376
0.04740308866408
0.00506018857187
-0.03901395882813
-0.0620042204659
-0.0610002517698
-0.04997707672633
-0.03330683404332
-0.0035888260819
0.02692659693217
0.03741708280828
0.0332940175587
0.0322117652593
0.03991070485682
0.05063890754066
0.05832033986313
0.06285670990657
0.067220690718
0.07224370075039
0.06968607141726
0.0465100888273
-0.01064934373416
-0.10029016217804
-0.19033553070485
-0.23571704970247
-0.23295731921988
-0.2012910488785
-0.15240989966213
-0.06210612976657
0.06874239601607
0.17932365864154
0.24521069430777
0.25353271471168
0.21041855421206
0.11467758929616
0.0126813962975
-0.05957297412266
-0.10664094498952
-0.13683819286913
-0.14417965559282
-0.13090074705373
-0.09406745834018
-0.02677620181824
0.05423546644963
0.11259850646002
0.12211265314707
0.09002943916066
0.02360774999149
-0.02860203564126
-0.04599048449641
-0.04911367073217
-0.05309856697836
-0.05672218648845
-0.05213657924655
-0.02874043006021
0.01390261192179
0.06356638248971
0.1000584886541
0.10984231822192
0.09753059270656
0.05298068537525
-0.00520966699586
-0.03936656243226
-0.03966838313125
-0.03059941070442
-0.03332829145769
-0.04529384307937
-0.06227390334666
-0.08254663014761
-0.09495128054351
-0.0942400944559
-0.08306508593255
-0.05320664837171
0.00672764220314
0.0802989257395
0.14568800770256
0.18185990569881
0.18860594932539
0.17901322921502
0.14615837483498
0.0927871945736
0.03894358623753
-0.0038047441317
-0.01812871354983
-0.0036106924645
0.02760576327638
0.06408636251319
0.09298538852004
0.1035279883265
0.09278393141503
0.05977951917885
0.00425191492973
-0.04875662322131
-0.07218789429851
-0.06480094056826
-0.04867817860689
-0.03433561991902
-0.01631111276174
0.00988480393063
0.04171557503288
0.07350485786486
0.10267661522954
0.1253287964656
0.1320179494988
0.11282971841877
0.06430817142293
2.07760475e-06
-0.04655621314423
-0.05383631989967
-0.03531931194892
-0.01356186946967
0.01343863156352
0.05260955475901
0.09433825756466
0.11996594564333
0.11454717029436
0.0787784441259
0.03779870061504
0.01725777223557
0.01413930899247
0.01207185115871
0.00553668593408
0.00033831440453
0.00545415163739
0.02613026816783
0.05449018603093
0.0757986436536
0.08461277842431
0.08311346440507
0.06898948367059
0.03967997593141
0.0066629339835
-0.01005888055911
-0.00374480720806
0.01367655231866
0.03868556056137
0.06846014353439
0.08348601191911
0.07370011067496
0.04786552331566
0.02041428777179
0.00065430171999
-0.00969445981266
-0.01646801272465
-0.02078891769623
-0.01498832059309
0.01304226513879
0.05872602346429
0.10576354176258
0.1397506692279
0.14604738450752
0.1300851720943
0.10135514335202
0.06232153043399
0.02177362946317
-0.00984034768883
-0.0201905037924
-0.00993194154417
0.0133985397963
0.04429392112926
0.0802607017012
0.11715791182674
0.14185637256811
0.13961445382602
0.11081493268722
0.06998865423552
0.0338797437868
0.0034964711807
-0.01464462627056
-0.01171609173675
0.00748347345225
0.0331911636595
0.05458333632703
0.06767052356644
0.0702850220248
0.06788787783537
0.06660525257245
0.0659174452985
0.06090236774696
0.04985459020538
0.03721959731074
0.02639256600553
0.01688853081639
0.0077535019702
0.00578315959956
0.01616837104273
0.03084259115593
0.04218367727565
0.05033500443127
0.05480494128935
0.05366677519733
0.04953945925435
0.0491923622303
0.05512141399965
0.06342740843075
0.07010785612976
0.07762069908249
0.09207349671262
0.10860414276036
0.11589440395002
0.10766738010297
0.09119173545154
0.07786166831471
0.06743502871207
0.05068239127534
0.02625560995253
0.01099328064676
0.01959655526345
0.05723866720373
0.11450079909372
0.16654474327972
0.196804420535
0.20802947131237
0.20959213783768
0.20570876446548
0.18566309553656
0.14698060492042
0.101455217126
0.0599358609699
0.02846750548903
0.01987339777172
0.03192963085244
0.05249594531744
0.07532494895816
0.09693912374876
0.1167953147995
0.13282955285076
0.13993261178597
0.13262356596643
0.10389319373377
0.05682675783952
0.01033288175793
-0.01425438900221
-0.01569135951836
-0.01075341702419
-0.0076057281172
0.0007956080786
0.02272787792747
0.0567642211231
0.09115499271548
0.1117580284484
0.1173055053473
0.11435986069918
0.10433895836808
0.08215053207473
0.0520857534051
0.02806153206786
0.02757817670562
0.04866920492084
0.07363247527329
0.08219845971613
0.07066755222786
0.05601841764613
0.05182171664738
0.055232533136
0.05700320455159
0.05413916033571
0.05115954234267
0.05440211295193
0.06196030736825
0.06582681750984
0.06074616549888
0.05257593563854
0.04819004658163
0.0476292341398
0.04459994958534
0.02800036931294
0.00294085188398
-0.01248136682437
-0.00672973856783
0.01825469937898
0.04840065985195
0.06903672433125
0.07652030619765
0.07609535493325
0.07093491654859
0.05978525117449
0.04053205747726
0.01245825636257
-0.01907542669403
-0.04443611541048
-0.04864302451381
-0.0337422832323
-0.01805770764885
-0.01291961760672
-0.0153129941361
-0.01582483773132
-0.01170768695664
-0.0075425140807
-0.00554203364986
-0.00341970322867
0.00226924232803
0.01241136992636
0.02326481778823
0.03247450319404
0.04077099796945
0.04954982837005
0.05907377526688
0.06813127296836
0.07041514047252
0.05754025175309
0.03272053890929
0.01072539465002
0.00100092891362
0.00430421133934
0.0133961246296
0.02381065619651
0.04034793590212
0.07055467270334
0.1085981316788
0.145806082519
0.17690666714887
0.20433297817239
0.23018395646303
0.25050860398099
0.25872328364268
0.25606370207259
0.25073015527294
0.24875487093453
0.24971761005154
0.25051643985518
0.250042637819
0.24819433757864
0.24510067004699
0.24031413166972
0.23282078179578
0.22103025998836
0.20209256220069
0.17373356746797
0.13778257671922
0.09538511962136
0.04872093242452
0.00804755656649
-0.01606013937235
-0.02589512753792
-0.03114255486008
-0.04088937333998
-0.05575968352107
-0.07239382751246
-0.09069541332765
-0.1156330292427
-0.150061391563
-0.18669560613602
-0.20889238353912
-0.20131756204183
-0.16718062983666
-0.11827715374591
-0.07900936626464
-0.07056737111314
-0.09051707741851
-0.12506956857313
-0.16010676758333
-0.18920458864477
-0.21070461729009
-0.23115184793567
-0.25533432172917
-0.27762867186695
-0.28787745859379
-0.28807367747058
-0.2854677662716
-0.28437782837505
-0.28639851784743
-0.29858330220103
-0.33079518553514
-0.373326271123
-0.40296315739189
-0.41127186754377
-0.40351971914032
-0.38555130825493
-0.36017252188934
-0.32754136561609
-0.28703129152284
-0.24306742170777
-0.18848905525711
-0.1122135825584
-0.01797010686912
0.07552438805721
0.14366560077831
0.18233306369054
0.20249444593957
0.21677076465542
0.22648005681184
0.23249543200609
0.2358477907265
0.2430263102035
0.25902212026904
0.28020581574702
0.30372835865733
0.32809975215714
0.34840486366002
0.35958740750347
0.36550703475566
0.37294639223626
0.38331003355729
0.39398195748998
0.40270017257344
0.40289950433175
0.37926940599773
0.3385298373976
0.30065959417787
0.27270022902846
0.25015266207978
0.225604693059
0.19598068767917
0.16775823037057
0.15457227891424
0.15756343603707
0.16205875898068
0.15317158956896
0.12582063174647
0.08617569183332
0.04276243708957
0.00393310755829
-0.02870852839162
-0.05546721220073
-0.06914040475416
-0.07024201058939
-0.06997316496641
-0.07432794667623
-0.0812132005114
-0.08738181534925
-0.09288910387426
-0.09975607758103
-0.10991960355632
-0.12505239405437
-0.14333949960343
-0.16267468015956
-0.18306909915997
-0.20303673136929
-0.22556723113996
-0.25332458101251
-0.28633572351322
-0.32616804816007
-0.3589809323099
-0.37206662751299
-0.36610277587501
-0.35082550473792
-0.33238619001639
-0.31367873812078
-0.29985464595193
-0.29142743162064
-0.28305238489007
-0.2719638715368
-0.25971597082677
-0.24837563609225
-0.23814348718046
-0.2282317503842
-0.22065113248683
-0.21818540829719
-0.21938054012112
-0.22337275700593
-0.23073311170025
-0.23902615010377
-0.24410766084067
-0.24102923569442
-0.22387639976844
-0.19760743662758
-0.17460850185784
-0.16408910911986
-0.16437120059042
-0.16605795301373
-0.16453113829634
-0.16210598890726
-0.16167458646426
-0.16323950714515
-0.16535787669295
-0.16729505506787
-0.16942941838626
-0.17298486579096
-0.18126717012025
-0.19402365126694
-0.20626897579915
-0.21093110625618
-0.2027909210696
-0.18918032963703
-0.18181933089825
-0.19263970707744
-0.22047251749177
-0.24810159517735
-0.26645761348292
-0.27695081507981
-0.28028997088892
-0.27792976264889
-0.27550901423025
-0.27538117140626
-0.27577500458948
-0.27490168031074
-0.2728142248967
-0.27044553673804
-0.26911397483075
-0.27115516638488
-0.27793555904897
-0.28598450460467
-0.29230215132902
-0.29584160496313
-0.2943670651872
-0.28681124300128
-0.27715433312706
-0.26949202892486
-0.26815917892866
-0.2715179780936
-0.27405980686948
-0.2728218460894
-0.26448608607048
-0.24918895689609
-0.23171098586192
-0.21618146398061
-0.20223189048409
-0.18786358075216
-0.17330828344728
-0.15946465526334
-0.14603375223326
-0.13237958045935
-0.11828112535337
-0.10408579522754
-0.08998884289195
-0.07603431025315
-0.06679309887135
-0.06996015526846
-0.08890002133913
-0.11752555386886
-0.15004099682198
-0.18400543245439
-0.21372239491699
-0.23647208448328
-0.2527594320047
-0.2595830829879
-0.25426327580326
-0.239999623295
-0.22359548904604
-0.20880575956014
-0.19574872433523
-0.18997744198879
-0.19286834285838
-0.19648014415274
-0.19553694105082
-0.18766768389761
-0.17689668445984
-0.16932057487365
-0.17407544773196
-0.18998935681118
-0.2014090163542
-0.19517638349768
-0.17255131653311
-0.14688442761539
-0.1269791603773
-0.11067259886303
-0.09449024132158
-0.07790636499977
-0.06484675359704
-0.06199497842799
-0.07405805984806
-0.09901354799669
-0.12598851266731
-0.14605962135214
-0.15577020159747
-0.15310879523475
-0.13832679428229
-0.1207829160324
-0.10763947150999
-0.09885846209233
-0.09227748705914
-0.0857180231107
-0.07806635637605
-0.06998481143694
-0.06240060835878
-0.05539198780858
-0.04849367060508
-0.04168293271317
-0.03764784393592
-0.04056758726294
-0.05416111151749
-0.07490955101983
-0.09486784458458
-0.1089667397876
-0.1106702373667
-0.09682872379538
-0.074094351753
-0.0538206481513
-0.04039073265605
-0.03269258738002
-0.03044169495187
-0.03360350238668
-0.03933334047255
-0.04491517714303
-0.04919386500069
-0.05110168568261
-0.04754451009196
-0.03815157257103
-0.02588133425254
-0.01340671916086
-0.00409884488451
-0.00268008150504
-0.01154640749144
-0.03067201598246
-0.052311201166
-0.0707495283527
-0.08600476243541
-0.0921535407041
-0.08545595068856
-0.07509255625125
-0.06884041958187
-0.06672495896818
-0.06544039083784
-0.06238047123554
-0.05769340552409
-0.05153791845901
-0.04485063315473
-0.03862110244566
-0.03188780016519
-0.02372519149755
-0.01677586597335
-0.01441457359183
-0.02342095563187
-0.04447940593182
-0.0664372535768
-0.07859354969741
-0.0772325549586
-0.06422035596171
-0.04147776161848
-0.01501169940675
0.00899342171882
0.02444817433273
0.02821899020263
0.01856379778029
-0.00419572205118
-0.0300672045704
-0.05058088986949
-0.05634930621811
-0.04363699578684
-0.01791165983498
0.0079391209487
0.02838145041599
0.03919536468249
0.03930564656105
0.02817683749316
0.01173365268218
-0.00150571904133
-0.01077262028297
-0.0194826452678
-0.02729882242398
-0.0331170019407
-0.03702461285249
-0.04057219218078
-0.04464925118824
-0.04895539680776
-0.05283365002655
-0.05565085074253
-0.05506653067815
-0.05203472361625
-0.04944868118865
-0.04809388001067
-0.04707595701808
-0.04666231946792
-0.04936722029938
-0.05801755309746
-0.0724309996115
-0.08613024376307
-0.09129380576332
-0.0875423219611
-0.07834302713914
-0.06783188890422
-0.05913232964176
-0.05518721387464
-0.05837614631501
-0.06415146467335
-0.06782937713086
-0.06968521269132
-0.06799064586197
-0.06150225221896
-0.05328739007801
-0.04601219952856
-0.04083347028143
-0.03727481338854
-0.03625092225068
-0.03685619522794
-0.03706515545082
-0.03671418342597
-0.03624700431359
-0.03306251577995
-0.02738628366075
-0.02188399721433
-0.01886478122149
-0.02596233357662
-0.04790043052503
-0.07748947502512
-0.10425675682768
-0.12485059345899
-0.13939912829711
-0.15120940080109
-0.16107583980413
-0.16448262028085
-0.15923043776381
-0.14850849304524
-0.13563350771914
-0.12350851215896
-0.11241130420558
-0.10202376883534
-0.09201551124367
-0.08224122426783
-0.07294149071337
-0.06507880281358
-0.05872620594355
-0.05527288252101
-0.05480635818715
-0.05745312327262
-0.06217422673343
-0.06735089503832
-0.07101892141346
-0.07241705604908
-0.07189137623219
-0.0693476367911
-0.06516652166812
-0.06097599276206
-0.05739083343991
-0.05392128009714
-0.05011082329114
-0.04602918083398
-0.04195066199243
-0.03740077774954
-0.03091682801325
-0.02272810334303
-0.01381317561537
-0.00619602966342
-0.00095600702768
0.00171028258742
0.00241815935994
0.0008666577746
-0.00200056952365
-0.0045677618435
-0.00657786537188
-0.00866336289078
-0.0110872467325
-0.01132577932988
-0.00669041428692
0.00492230294803
0.01998216614582
0.03354086906359
0.04507110030519
0.05579833692234
0.06576906819053
0.07521132878252
0.0843099272542
0.09337521789357
0.10249268686774
0.11157243630509
0.12056501432568
0.12951562211606
0.13848093558813
0.1474716888161
0.15651042335585
0.1656353525116
0.17479012239369
0.1839169836828
0.1929728927413
0.20204264875555
0.21186915700248
0.22267751101854
0.2342505604822
0.24638006435356
0.26070736992196
0.27752079442102
0.29645623805311
0.31594534523359
0.33482786987977
0.35256163390266
0.36498557342994
0.36821663711163
0.36505394948273
0.36113676377674
0.35733164180563
0.35072277964761
0.34014069991616
0.32501563795155
0.30117697655539
0.27082487892106
0.23855578297134
0.20595274997256
0.17610687127855
0.14943076470244
0.12575697868633
0.1084255277653
0.10414202030832
0.11259507155626
0.13099842712915
0.15557183590584
0.17940298345004
0.20163357318693
0.22104013533665
0.23207057734837
0.23722196690846
0.2435418677884
0.25359754851998
0.26524487777727
0.27694351590933
0.28751904785551
0.29625304202808
0.30267008627974
0.3054501041626
0.3038970983041
0.29749433037116
0.28563511048873
0.26855183136372
0.24782519276613
0.22813009870131
0.21598953873351
0.21385259923731
0.21676571964053
0.21774810211337
0.21588015851718
0.21406717338101
0.2124038212395
0.20886898325731
0.20277986497315
0.19669396691125
0.19340697870286
0.19435511947893
0.19821949353975
0.20444246572946
0.21142337090003
0.21770913742394
0.2224206446224
0.22516513271959
0.2242614310108
0.21818025594157
0.20556449850793
0.18868881637839
0.17134437722754
0.15463024291504
0.13819530187307
0.12666153912106
0.12521072164915
0.13086929621625
0.13584679377394
0.1376419603469
0.1391453747825
0.14219009493569
0.14527013019308
0.14601829516638
0.14366699620796
0.13818231364326
0.13068327470998
0.12337680506825
0.11607076478949
0.1087603235403
0.10316853638301
0.10039026815424
0.09980552946097
0.10017363306828
0.09967435907397
0.09678159047547
0.09035321104143
0.08020442295005
0.06721682645128
0.05188658265791
0.03560051249132
0.01972103832221
0.00421650965932
-0.01149751378336
-0.02716015965318
-0.0414112532946
-0.05144501504662
-0.05775859355685
-0.06261590168546
-0.06763088263033
-0.0726625657947
-0.07673376399763
-0.07847118125128
-0.07762838467963
-0.07642994676084
-0.07612225452326
-0.07617177080764
-0.07757269630256
-0.08185869406477
-0.08938895841996
-0.09727071003557
-0.10223209574784
-0.1020136251352
-0.09795073510571
-0.0908210234642
-0.08127170121591
-0.06916045600481
-0.05654351782301
-0.04500060963977
-0.03418024419465
-0.02370653567656
-0.01574410675909
-0.01576855898017
-0.02212684490954
-0.02700797194885
-0.02750785778539
-0.02535267036301
-0.02306226580765
-0.02124446107215
-0.01932619613601
-0.0168400557372
-0.0140336105636
-0.01065240401872
-0.0059312565482
0.00052178356263
0.00865314834575
0.01772005661011
0.02690089955848
0.03459742398931
0.04027191718848
0.04336375992751
0.04404925937551
0.04209125689659
0.03662810688478
0.02724283349284
0.01710600316014
0.00783304146019
-0.00110180870923
-0.00972835801906
-0.01564209011768
-0.01813790191736
-0.01796917300466
-0.01608509609492
-0.01260508776385
-0.00689130999984
0.00154468587757
0.01129701201096
0.02032381026017
0.02677025514112
0.03016597952139
0.03207223302848
0.03461807634811
0.0380508118163
0.04145466189075
0.04432395506893
0.04689402519408
0.0495487656967
0.0523788687699
0.05521193444757
0.05819477266287
0.06301023937017
0.06938568908422
0.07563172879944
0.0817567847641
0.0889960161649
0.09595449785441
0.10090410828727
0.1033913220935
0.10335010324848
0.10041342155234
0.09485303156215
0.0869800818874
0.07794227047804
0.06817186923707
0.05675288594072
0.04208372157649
0.02359422505797
0.00251437316083
-0.01836637668719
-0.0368628718221
-0.05354225993635
-0.06527898256375
-0.0673386581937
-0.06110110913119
-0.04986995066559
-0.03582974938042
-0.02099148041088
-0.00704146574392
-3.066221577e-05
-0.00422473088676
-0.01213672790331
-0.01669973991897
-0.01797152376692
-0.01499218485981
-0.003280192466
0.01770441706397
0.04089364550152
0.06394085140304
0.08769303909726
0.10687898381948
0.11732139177715
0.11826749307911
0.11660521434502
0.11790468137039
0.12137178734424
0.12456012941053
0.12779516469969
0.1315278316698
0.13545607347224
0.13866298548694
0.14063129267711
0.14171242863279
0.14278240115128
0.14447548667839
0.14616288314616
0.14696267901647
0.14600595098103
0.14268386234992
0.13614552305955
0.12826306299505
0.12116794727476
0.11487788712115
0.10826097440747
0.10161097927704
0.09745687108481
0.09700528858227
0.09945562010947
0.1033014993604
0.10720913174034
0.10815073546521
0.10355838722469
0.09395286136378
0.08161649041401
0.06887250372972
0.05918354190987
0.05378842446049
0.05209276275557
0.05063472125171
0.04767293255596
0.04417740275357
0.04013843897553
0.03448415803811
0.02664270213714
0.01889719812564
0.01384779300473
0.01241694091088
0.01294380147594
0.014287621696
0.01570731035266
0.01691949862052
0.01816511279552
0.01965276961015
0.02130808193007
0.02295516121506
0.0244983668638
0.02573980548392
0.02669811142827
0.02765492533631
0.02873576073792
0.02986184026237
0.03094060398765
0.03196923958632
0.03299015738561
0.03374108101599
0.03384727321227
0.03368791514637
0.03367597885583
0.03367335974172
0.03302430247571
0.03116439870112
0.02887179366054
0.02692262532471
0.0252831350302
0.02351023092718
0.02125093371891
0.01778738072363
0.01261337446915
0.00525277503794
-0.00501523319562
-0.01743508840765
-0.0296769028976
-0.04069332620838
-0.0501393651945
-0.05795823660331
-0.06428967661304
-0.0678825752027
-0.06549059410297
-0.05684036864564
-0.04548011146936
-0.03224004954487
-0.01949493578279
-0.0135352489656
-0.01599022834694
-0.0230229361597
-0.03134831632885
-0.04052852596684
-0.05012248049574
-0.05768354090988
-0.06221948159035
-0.06430081858209
-0.06577547643284
-0.06761872092424
-0.07095221987624
-0.07708226718541
-0.08709743752088
-0.09822944534289
-0.10878715872585
-0.11878412407144
-0.12674751905558
-0.13153169593652
-0.13320020043366
-0.13153738499586
-0.12733134535254
-0.12316588050978
-0.11950974748887
-0.11521923068142
-0.11221036233613
-0.11341644291577
-0.1178983482666
-0.12274746629659
-0.1261577890178
-0.12779076372926
-0.12679292418954
-0.12169745915615
-0.1117061828699
-0.09558292714113
-0.07471731448458
-0.05399942415748
-0.03641277062181
-0.02372565306275
-0.01834541304023
-0.02095061579032
-0.02580899732636
-0.0283778222989
-0.03009427590559
-0.0329020091681
-0.0352477800783
-0.03548819113866
-0.03318831912983
-0.030311555036
-0.02839730464361
-0.02792090496147
-0.02793906701506
-0.02737621509913
-0.02567032382148
-0.02325526446217
-0.02104479655754
-0.01915357075437
-0.01713225870569
-0.01551279819367
-0.0152815110964
-0.01782554035749
-0.02201854883471
-0.02560378329537
-0.02723968840909
-0.02761855829285
-0.02836113081348
-0.02987625612405
-0.03158872738921
-0.0333498991491
-0.03626359919234
-0.04254970920663
-0.05077458623883
-0.05840006183238
-0.06520278137085
-0.07123077983639
-0.07552923985876
-0.07743378664805
-0.07724980461588
-0.0755729060727
-0.07347351436813
-0.07167890596703
-0.07074173541481
-0.07083765510207
-0.07208420314152
-0.07372051615006
-0.07503566565787
-0.07653901568902
-0.07969216072593
-0.08409030809561
-0.08781710352712
-0.08990839100566
-0.09048356563879
-0.09007888030653
-0.08824830202271
-0.08274463088072
-0.07312871443595
-0.06127606380694
-0.05022571008754
-0.04230692591587
-0.03656971352101
-0.03228532586994
-0.02852744455949
-0.02483672635144
-0.02129950540477
-0.01795035617255
-0.01407180239968
-0.00950622386687
-0.00454987887585
-0.0008039382569
-0.00030228473302
-0.00415222221539
-0.01181833379372
-0.02244100979388
-0.03383170880465
-0.04259871025546
-0.04650766292652
-0.04639664039684
-0.04307463763833
-0.03601878716155
-0.02558703813958
-0.01131460515861
0.00358385191191
0.0141029848853
0.02092643192109
0.02395156238883
0.02420720510051
0.02252957664029
0.02014593591623
0.01784134091475
0.01515506370206
0.0116184653317
0.00711448106359
0.00060769082747
-0.00767322934295
-0.01589327818856
-0.02420110814635
-0.03299056528043
-0.04127635818385
-0.04788378197591
-0.05237350173278
-0.05433609839547
-0.05378184447299
-0.05106920437402
-0.04664824709661
-0.04093232037094
-0.03405066245064
-0.02627972941731
-0.01766094406336
-0.00861380903713
0.00043198229769
0.00881569228489
0.01530952703012
0.01913154443406
0.01954334645753
0.01694070915119
0.01161673714575
0.00410628145113
-0.00361017293531
-0.01009704878023
-0.01723050768705
-0.02567395193856
-0.03427621755228
-0.04285341910268
-0.05127788551097
-0.05867325475541
-0.06429471089385
-0.06790247617631
-0.06888256155726
-0.06710375371342
-0.06264396055548
-0.05685418339916
-0.05079629053691
-0.04660616952566
-0.0449000743006
-0.04606403437298
-0.04885924097088
-0.05141822279736
-0.05101243185545
-0.04631602749943
-0.03685892168279
-0.02438946968081
-0.00993921495286
0.00321344584567
0.0114531069183
0.01490632300011
0.01581069022149
0.01640405911044
0.01705706651576
0.0190544093767
0.023398414076
0.03041001869884
0.03824718097013
0.04552599963666
0.05136542188626
0.05592990447009
0.05890925411127
0.06037848052046
0.05994083084627
0.05712568033847
0.05157045343798
0.04161932258933
0.0259868716703
0.00556531371003
-0.01587815387798
-0.03710078184317
-0.05402586218229
-0.06424062189385
-0.06754725345807
-0.06453355477938
-0.05463455932922
-0.04161434197889
-0.02978063699088
-0.0209718585232
-0.01683512879714
-0.01768218679625
-0.02195720360052
-0.02949420895433
-0.03783718227113
-0.04379363813197
-0.04547796465451
-0.04262071510761
-0.0367832142573
-0.02892251216124
-0.02153039534129
-0.01895672930127
-0.0214516072365
-0.02786308050364
-0.03570479402239
-0.04190055533396
-0.04435365625231
-0.04215839853085
-0.03644608918819
-0.02932421342087
-0.02142777759173
-0.0116712662428
-0.0002398702777
0.01200437676814
0.02384070087026
0.03302634194982
0.03933193430882
0.04307067676494
0.04491699120157
0.04564559869164
0.04546341998394
0.04407336810621
0.04147818024738
0.03850240505291
0.03668724089968
0.03763869850468
0.0417298084153
0.04798081800688
0.05521800993358
0.0630312996238
0.07195100401449
0.08176260263233
0.09179589208508
0.10107277279552
0.10977372748764
0.11894567188849
0.12827884208415
0.13604709159893
0.14064996996626
0.14086228995437
0.13692524621107
0.12852486706533
0.1163280605486
0.101516970255
0.08385017612118
0.06286237749776
0.04209397261737
0.02316178140977
0.00533230272044
-0.01165823507669
-0.02705940963253
-0.03861306262407
-0.04501668928295
-0.0456997520961
-0.03941294436698
-0.02613930625833
-0.01053290479062
0.00464465860442
0.01837939711922
0.02870683240789
0.03528289123508
0.03645609334537
0.0327784599738
0.02569248968475
0.01655153455618
0.00620631612675
-0.00232169974876
-0.00701530680504
-0.00745445388259
-0.00469961599103
-0.0003289711443
0.00483543423217
0.00964649352859
0.01268841638204
0.01341176417574
0.01176503911521
0.00801422619262
0.00265059285634
-0.00416171221041
-0.01169168245197
-0.0174189121578
-0.01858521225836
-0.01584140040785
-0.01059254223359
-0.00378175174471
0.00329529745525
0.009129795985
0.01283563421
0.01368303569949
0.01213388337364
0.00873720258736
0.00501657066126
0.00252538632098
0.00217457638065
0.00365841401168
0.00597143955505
0.00812660550929
0.0105264804472
0.01425136199328
0.01948706770638
0.02575897654048
0.0319283534976
0.03733434456418
0.04171166782986
0.04549206922804
0.04895769389965
0.05174813456858
0.05349136969046
0.05487782565332
0.05660196485715
0.05891485729801
0.06189541988958
0.06562342827148
0.06821115594873
0.06850913384914
0.06551423053441
0.05966277538761
0.05191357885458
0.04461809017078
0.0392390845668
0.03594891907243
0.03479749639874
0.03538267518905
0.03680689362503
0.03817590671729
0.03914078191507
0.03951149390242
0.03931477052414
0.03815844237853
0.03616369716355
0.03380639785763
0.03153837384703
0.02929993294498
0.0266363905015
0.0235140522576
0.02029203740047
0.01759750568471
0.01585969127032
0.01535733659671
0.01622701129021
0.01852747367312
0.02439354862901
0.03337051930568
0.04316253897214
0.05223804845017
0.06067039366894
0.0669290781236
0.06944753881989
0.06846560717817
0.06489543262364
0.05921617349551
0.05088039200844
0.03890698304443
0.02379902046006
0.00823417381389
-0.00466951120647
-0.01328235417692
-0.01755191807149
-0.01837788361476
-0.01636569552917
-0.01305740018344
-0.00970963135317
-0.00676300346385
-0.00417447287785
-0.0031178267125
-0.00390278057839
-0.00597169502602
-0.00872017083179
-0.0119180318751
-0.01469827517353
-0.0175072321205
-0.02159478905255
-0.02703816689964
-0.03294493473091
-0.03873100863163
-0.04411786084386
-0.04909914752975
-0.05360860724911
-0.05689744171828
-0.05834626265238
-0.05805076432311
-0.05716614779829
-0.05675160858589
-0.05711156503086
-0.05783329197936
-0.05735957581577
-0.05420974760779
-0.04758595435254
-0.03805640426897
-0.02371602459817
-0.00795627936634
0.00267694930219
0.00649783104107
0.00331218322741
-0.00475163331471
-0.01682648786739
-0.03084774351156
-0.04429461884408
-0.05468860539293
-0.05933545052827
-0.06024323118526
-0.05985284363987
-0.05849764530113
-0.05581395500034
-0.0520616446744
-0.04767306136485
-0.04277338584528
-0.03696124961235
-0.0299732599528
-0.02272415320372
-0.01591300741698
-0.00977117946135
-0.003968439837
0.00173228851298
0.00719544281842
0.01183475692728
0.0157091673475
0.0181198150023
0.01888205234691
0.01832050998804
0.01667149856969
0.01381584839985
0.01019069606396
0.00632744049368
0.0025558904131
0.00024079684299
1.369405959e-05
0.00145040098982
0.0040675775997
0.00788803748947
0.01383397825121
0.02220258453725
0.03379795014122
0.04683813286961
0.0571023873974
0.06086485215756
0.05910340131173
0.05343839703417
0.0451578316249
0.03686565194733
0.03043602736068
0.02608805105392
0.02405787265993
0.02492268481781
0.02869373683734
0.03320890708419
0.03677813704019
0.03723269288129
0.03382775866534
0.02654764117582
0.01727305755726
0.00719413433477
-0.00400994742861
-0.01402444366421
-0.02181895945861
-0.02813647737408
-0.03244043324246
-0.03396339442721
-0.03253512924525
-0.02935327055979
-0.0256806822031
-0.02287721036806
-0.02138434752742
-0.02270551885087
-0.02724908072404
-0.03444268157532
-0.04160301753058
-0.04665350679298
-0.04894950380101
-0.04737589925408
-0.04195826171697
-0.03114824391941
-0.01701903569079
-0.00339745578644
0.00882522736302
0.0201870903568
0.0282626027462
0.03079101392929
0.02961585821749
0.02543851075457
0.01864208138359
0.01013719636463
0.00222837234043
-0.00319930048266
-0.00575467995384
-0.00541640848561
-0.00366742204676
-0.00215242554508
-0.0021381105837
-0.00406010775745
-0.00833048100122
-0.01458625437494
-0.02216357691153
-0.02884793181354
-0.03318173914233
-0.03506124333646
-0.03537978772309
-0.03428367773386
-0.03100917325379
-0.02628998045819
-0.02159040955027
-0.01810990745179
-0.01611138384269
-0.01537108694579
-0.01598742675357
-0.01863144391604
-0.02308228485608
-0.02859634658192
-0.03441693053126
-0.03975588730431
-0.04393814023916
-0.04694062181028
-0.04865851378292
-0.04814750744548
-0.04549005122209
-0.04152420795764
-0.03706876209976
-0.03258476360445
-0.02874550727731
-0.02517211250052
-0.02117576299713
-0.01784646106815
-0.01657797258099
-0.01860950346833
-0.02366389993374
-0.02980460617862
-0.03596467669339
-0.04260038477104
-0.0505093472648
-0.05841438108739
-0.0646281541755
-0.06830837445896
-0.06944210737833
-0.0684006338269
-0.06613062401256
-0.06387135900652
-0.06262067834849
-0.06235089886106
-0.06255926870987
-0.06263338749237
-0.06234430813949
-0.06150108220487
-0.05955015348087
-0.05600311085628
-0.04985593196465
-0.04083307312068
-0.02955308535144
-0.0185612108684
-0.00994145515415
-0.00234987025315
0.00446180365004
0.00695870603166
0.00493380343516
0.00016084301773
-0.00407069370145
-0.00614478519308
-0.00597219523388
-0.00356423109763
0.00125683450278
0.0087948402723
0.01794219827614
0.02559185773891
0.03076293359112
0.03321764462061
0.0331094236843
0.02956337932862
0.02290329416842
0.0152225058904
0.00833216839768
0.00426973456635
0.00380955085014
0.00705247783066
0.01192714510411
0.01639833784888
0.01865399620598
0.01873534975451
0.01644467684729
0.01199794705768
0.0057225689708
-0.00119780782863
-0.008574713392
-0.01706465550623
-0.0246977415584
-0.02974290671999
-0.03183869177562
-0.03125746312463
-0.0287373923172
-0.02383963819691
-0.01787033364922
-0.01352186357504
-0.01105590323578
-0.0094576929705
-0.0086819779223
-0.0095658688237
-0.01253359882953
-0.01627424121679
-0.01885849105399
-0.01769279206158
-0.01179475103265
-0.00116041246085
0.01231270231611
0.0276451465947
0.04233642315183
0.05500833052772
0.06585625034136
0.07446289545736
0.08042949501835
0.08242960727043
0.08223275508327
0.08175889937672
0.08184109018304
0.08247177071398
0.08360439802371
0.08457023928817
0.08484203678156
0.08393375162308
0.08149359599824
0.07709771351822
0.07104022855079
0.06363511276696
0.05447019918473
0.04380239713654
0.03327278555989
0.02466580768759
0.01846022469812
0.01436618438523
0.01271947005877
0.01268012967674
0.01293168270615
0.01186362085287
0.00896083628971
0.00330320954136
-0.00554272921787
-0.01702294289381
-0.0299957478383
-0.04238585356363
-0.05360885413282
-0.06387737008808
-0.07037429732011
-0.06941444566906
-0.06200024885844
-0.04953678646987
-0.0351301024226
-0.02042320778747
-0.00811534868565
-0.00166688150511
-0.00097112972815
-0.00298814621501
-0.00668085130019
-0.01131381083712
-0.0160849350838
-0.01992774438951
-0.02173609240562
-0.02120652685385
-0.01947199706617
-0.01799920694434
-0.01771405626262
-0.01905626637154
-0.02211800003238
-0.02682155328183
-0.03239639133592
-0.03804930904591
-0.04318307325613
-0.04730324030567
-0.05016806810897
-0.05263719500013
-0.05538313219735
-0.05826460854977
-0.06097029296864
-0.06349790983025
-0.06609332310464
-0.06892624923935
-0.07199902826256
-0.0746625063016
-0.0763556777013
-0.07704652271825
-0.07700118198874
-0.07628999590113
-0.07527128932112
-0.07428823060161
-0.07365985789663
-0.07308739898427
-0.07200726129749
-0.07020567574815
-0.06790068358592
-0.06499032183976
-0.0616759617421
-0.05838944583297
-0.05571267901005
-0.05391419560815
-0.05307744232029
-0.05313884122484
-0.05396949755855
-0.05497022456423
-0.05553173472088
-0.05485857945824
-0.05276816143972
-0.04869159619967
-0.04289884570479
-0.03634050883414
-0.03134863835107
-0.02862219423265
-0.02815148360984
-0.02899829472525
-0.03083713824622
-0.03333151167996
-0.03602918847947
-0.03818142403144
-0.03973967885224
-0.04108319851821
-0.04241820606333
-0.04384854292162
-0.04567136046978
-0.04777544296479
-0.04972882979179
-0.05060172470755
-0.05025066681011
-0.04855877276524
-0.04464922972009
-0.03808210164266
-0.03017758305563
-0.02235375250452
-0.01640839567642
-0.01291187833921
-0.01284222493158
-0.01538820779417
-0.01977977517635
-0.02493342962611
-0.03005026620127
-0.03495961312172
-0.03925281344773
-0.04266107522669
-0.04515860447825
-0.0468723638323
-0.04788166736329
-0.04818559194083
-0.04826586134786
-0.04884415959659
-0.04982411616866
-0.05068451662203
-0.0509390000537
-0.05044310729277
-0.04917455440116
-0.04703682058347
-0.0438084082181
-0.03941392116773
-0.03445774148145
-0.02954722454691
-0.02480032710575
-0.020062457021
-0.0151000837739
-0.00991892325895
-0.00501540601421
-0.00057368817854
0.00348742342954
0.00708469722785
0.0099167474621
0.0127003848748
0.01613705974823
0.02024876834728
0.02451337309956
0.02855988293179
0.03246984460583
0.03631494026934
0.03898627565071
0.04002851132141
0.03949299909253
0.03829914462344
0.03737512331215
0.03711208482333
0.03759972308118
0.03965476159106
0.0431303260154
0.04725289749756
0.05137506108491
0.05540697257619
0.05887004253813
0.06162198008284
0.06380737319008
0.06553928386365
0.06678630420236
0.06807963133728
0.06976693119838
0.07185042573903
0.07419234311658
0.07690690461484
0.07931227110513
0.08072566959429
0.08120814476244
0.08123207101388
0.08124972856598
0.08142802153881
0.08177624564066
0.08281452043798
0.08486958041601
0.08785847264918
0.09123684003143
0.09467025174629
0.09772936629302
0.10019331936041
0.10132361737603
0.1015130952542
0.10176207210579
0.10226211895344
0.10260256085148
0.10220591534082
0.10124960593426
0.10033673732609
0.10011343638004
0.10057518405087
0.10150856547488
0.10262978246371
0.10372178130251
0.10430250545202
0.10424942545499
0.10354632212527
0.10253403452165
0.10158506722186
0.10069363455991
0.09965909522043
0.09834946302677
0.09688695614804
0.09532869059317
0.09308997060519
0.09038306250185
0.08796888333663
0.08578745110277
0.083445791343
0.08088852696839
0.0779925488817
0.07454165135993
0.07122283662146
0.06830483221446
0.06538008680885
0.06226894420437
0.05931493771243
0.05717444523766
0.05597068321806
0.05541253282664
0.05535871217849
0.0556080539886
0.05554631159367
0.05464613066123
0.05285743673503
0.05058481854065
0.04832455526571
0.04632887618627
0.04469737204298
0.04339168998864
0.04272121824456
0.0426827258544
0.04299952058692
0.04318903066732
0.04296071690861
0.04216454915538
0.04085431585357
0.03898114476323
0.03686890437182
0.03492337488715
0.0334858569332
0.03287698804109
0.03323748118977
0.03451726192302
0.03637236756643
0.03878101868343
0.04161894689673
0.04462723560201
0.04732381752595
0.04935162368953
0.05038567999568
0.05041987875615
0.04928344085007
0.0471195051572
0.04420377637394
0.0406772036289
0.03765469227527
0.03615915665015
0.03646193268175
0.03763216145348
0.03867160626488
0.03877784139746
0.03800081249857
0.03639278377561
0.03442017222167
0.03259090349491
0.03068090379592
0.02849273056345
0.02641212348877
0.02504925028697
0.02466024743714
0.02517333618498
0.02594114451411
0.02628101750621
0.02599920512158
0.0252910889792
0.02459183918213
0.02422442255557
0.02429798316621
0.02484005391444
0.02586376257304
0.02705469737394
0.02797454313036
0.02837113497066
0.02859052871369
0.02897236120193
0.02961936825976
0.03035114230173
0.03097545752665
0.03137715878628
0.03165827345609
0.0325095392123
0.03394573687512
0.03546713088503
0.03687515160301
0.03827988769428
0.0395296988923
0.04038497919227
0.04063376283052
0.04034383548577
0.03975707878655
0.03939418120524
0.03920652811968
0.03862755362427
0.0373526139585
0.03560886360107
0.03427351256557
0.03365425308961
0.03344368275558
0.03280075464596
0.03130884713793
0.02921619643197
0.02684311803695
0.02418059533052
0.02138315604518
0.01887244535048
0.01737427987718
0.01784021383695
0.02056973863468
0.02488314048837
0.02968463143104
0.03354839364962
0.03623780521198
0.03810144444441
0.03975290323168
0.04125324772205
0.04206371326214
0.04239812261046
0.04312217885306
0.04461090907512
0.04654729312855
0.04797085678601
0.0485149026039
0.04810541914046
0.04690177519567
0.04502522287196
0.04237263991826
0.03894098859157
0.03477801405403
0.03022669144519
0.02562934112609
0.02120181459527
0.01700481304244
0.01312884618146
0.01019076905567
0.00852234184387
0.00811883618636
0.00823400636233
0.0081481992464
0.00744853833429
0.00600044517042
0.00358601053423
0.00069548868481
-0.00209646666935
-0.00451090345235
-0.00635892138656
-0.00753102110743
-0.00800159111386
-0.00795980980335
-0.00757753614466
-0.0071866322903
-0.00696328411432
-0.00693110872684
-0.0067747250729
-0.00612228013307
-0.00484380466325
-0.0030221313674
-0.00112374056968
0.00053199027179
0.00184276360488
0.00270251357335
0.0030341631912
0.00291660575713
0.00250941723876
0.00171053376475
0.00043196104422
-0.00132590719699
-0.00372842164376
-0.00657619192971
-0.00940629070927
-0.01124564946581
-0.01218490242842
-0.01358265063737
-0.01596960819036
-0.0187427669998
-0.02057007139098
-0.02138353173778
-0.02190391965608
-0.02269138207512
-0.02374808727787
-0.02474429523831
-0.02555444949025
-0.02632640117203
-0.02751753992034
-0.0294190167644
-0.03196282060993
-0.03490528797208
-0.03808776923385
-0.04078029367773
-0.04262876566328
-0.04387046190118
-0.04482417366177
-0.04561254847711
-0.04660413005156
-0.04826922111309
-0.05121372794935
-0.05435141591938
-0.056448789618
-0.05774307208552
-0.05893070079156
-0.06012629418068
-0.06096638576563
-0.06130703161108
-0.06121682245131
-0.06086706337685
-0.06034502241111
-0.05971086404013
-0.0589757839033
-0.05797224457017
-0.05673080595005
-0.0554096775629
-0.0537344964716
-0.05147708846039
-0.04930932070302
-0.04769592494295
-0.04673980874973
-0.04673790881859
-0.04790565801918
-0.04987261271599
-0.05234269493977
-0.05577499031091
-0.05946293912781
-0.06227814330598
-0.06367053521189
-0.06390221946991
-0.06304984810405
-0.06171455073893
-0.06043333163974
-0.05951000804327
-0.05866198397748
-0.05746644425873
-0.05589288264809
-0.05415971608784
-0.0522546111267
-0.05027005254815
-0.04842099018852
-0.04690290227347
-0.04575918666507
-0.04483975953754
-0.04418553918183
-0.04412363577579
-0.04426291038883
-0.04406536048684
-0.04362131330441
-0.04305451124916
-0.04197978353579
-0.03959198872501
-0.03558034316586
-0.03057260772109
-0.02524418107485
-0.01994713012756
-0.01471156395741
-0.00958406951995
-0.0049998147714
-0.0015824934338
0.00055350393271
0.00143508990635
0.00094774554746
-0.00051731507488
-0.00241838692232
-0.0039952675087
-0.00507997361747
-0.00598387820026
-0.00694136298794
-0.00787455012521
-0.00841986149045
-0.00853478048908
-0.00858417869865
-0.00843187721314
-0.00755834361995
-0.00625649899714
-0.00499874780442
-0.00372256405945
-0.0020243669662
0.00036164920848
0.00282043811276
0.00478270094574
0.00579825814836
0.00586185002428
0.0050799049194
0.00389984158887
0.00269512745688
0.00169335280555
0.00092094213476
0.00048214799357
0.00111816421812
0.00266377966652
0.00366165570209
0.0033510126675
0.00176433079794
-0.00043256977357
-0.00262136075201
-0.00440893618768
-0.0061217638241
-0.00824421661373
-0.01109364424074
-0.01395297619804
-0.01580050358506
-0.01672398819264
-0.01744589762039
-0.01851070704918
-0.01991530359749
-0.02141836380863
-0.02242458666032
-0.02256345337853
-0.02169158893389
-0.02079183736442
-0.02098228130927
-0.02261932423486
-0.02513750584522
-0.02771708636014
-0.02996295524155
-0.03189656990383
-0.03330349574624
-0.03380403636131
-0.03302760857057
-0.03145031150211
-0.02974110339552
-0.02825496008535
-0.02700315234953
-0.02594716632975
-0.02480064912797
-0.02347198542072
-0.02249632247835
-0.0221059993374
-0.02225945366248
-0.02246615972978
-0.02244107419832
-0.0227706317451
-0.02391004298974
-0.02584061990902
-0.0280743807547
-0.03027478009771
-0.03199150205625
-0.0333840871755
-0.03489841816458
-0.03643983122292
-0.03784965526537
-0.03936255862258
-0.04116152505781
-0.04315191223866
-0.04487689943435
-0.04596401426938
-0.04628986856055
-0.04639641498128
-0.04663299397714
-0.04671856601684
-0.04616197206619
-0.04467790043234
-0.04251193599944
-0.03997129870581
-0.03764937890853
-0.0357078317654
-0.03404593945798
-0.03300600087916
-0.0329005922703
-0.03323429316973
-0.03343983995701
-0.03337904216062
-0.03343865920885
-0.03398520606603
-0.03527578527794
-0.03679984133827
-0.03784509328383
-0.03840464983897
-0.03871925482035
-0.0384801747852
-0.0376142033473
-0.03634336409789
-0.03483771697485
-0.03319881705442
-0.03227842386022
-0.03230698723173
-0.03288641255825
-0.03341414258332
-0.0337537364895
-0.03415188477056
-0.03459189594108
-0.0347998042247
-0.03501273605505
-0.03549773373064
-0.035882764973
-0.03606467532885
-0.03634057323859
-0.03672586209873
-0.03709164714601
-0.03749543081603
-0.03783345754737
-0.03780818953665
-0.03705625690329
-0.03562939788505
-0.03357371533072
-0.03141609127349
-0.02979293823994
-0.02852673611059
-0.02724741694253
-0.02609003685765
-0.02505459585593
-0.0238276911723
-0.02269560056629
-0.02202698581704
-0.02135928346411
-0.020212283229
-0.01833993866238
-0.01609253480835
-0.01388804578307
-0.0119111191313
-0.01022318918004
-0.00906403367928
-0.00836182235113
-0.00799501219976
-0.00778578899206
-0.00753020639119
-0.00695846129477
-0.00577453906456
-0.00361776299919
-0.00057472283595
0.00288563473277
0.00626368223961
0.00934532546132
0.01189958000151
0.01334512704297
0.01334459033926
0.01209271819899
0.0102340735313
0.00879628722551
0.00807997454405
0.00791284178818
0.00881038213837
0.01090842779003
0.01393634911707
0.01737128507047
0.02097225568395
0.02412243811638
0.02636736239926
0.0274349412192
0.02776381178523
0.02766847173798
0.02720751838865
0.02659080288827
0.02640905354354
0.02692803529812
0.02816288319667
0.02947841913115
0.03043225970063
0.03086539032958
0.03069105823013
0.02976131565728
0.02872630401853
0.02806196143083
0.02762041528769
0.02710214198201
0.02645245140562
0.02577618326146
0.02522708169461
0.02498342894383
0.02499851031812
0.0251271474636
0.02530848891351
0.02545816484447
0.02531262153209
0.02472854835142
0.02373713852216
0.02225714583652
0.02043754851063
0.01884286224192
0.01777175191156
0.01723294432189
0.0176386493912
0.01893658144396
0.02072661712944
0.022058651336
0.022297420083
0.02090472762301
0.01855562914981
0.016110127956
0.01392678505694
0.01187383969153
0.00954060725342
0.00684174111849
0.00394153165974
0.0007969193531
-0.00260346383006
-0.00605601439926
-0.00925822381604
-0.01206623723789
-0.01445150954123
-0.01634026650733
-0.01755821897306
-0.01835844420634
-0.01904009012169
-0.01947695620847
-0.01962935859428
-0.01972203659111
-0.0203917140137
-0.02179835003611
-0.02379104504291
-0.02580604545594
-0.027307935653
-0.02835924161642
-0.0293027560065
-0.03030325759662
-0.03077286260978
-0.03027059380876
-0.02955473839887
-0.0294500811752
-0.03032404949839
-0.03095184256337
-0.03022030467103
-0.02839838878511
-0.02626763211566
-0.02430338240555
-0.02242232177066
-0.02039322751817
-0.01849023716964
-0.01704634317561
-0.01664589780267
-0.01717695539075
-0.01814928003604
-0.01908750252753
-0.01984277345797
-0.02000911940619
-0.01968467127874
-0.01927213933823
-0.01894384841221
-0.01863458899979
-0.01853139161021
-0.0185090754699
-0.01820768413388
-0.01742877677201
-0.01618264736145
-0.01460118547218
-0.01299985481153
-0.01169556818684
-0.01029681526854
-0.00831955693388
-0.00566956303888
-0.00271233739808
-3.272349078e-05
0.00242855960446
0.00503249573378
0.00743378649608
0.00937680098716
0.01119135651839
0.01315850442854
0.01520587880943
0.01621674951526
0.01542578778803
0.01345311182965
0.01125146733403
0.00953636836751
0.00861248659919
0.00843177523943
0.00874340151522
0.00942045646702
0.01056810826044
0.0121692521482
0.01401563098928
0.01509892449388
0.01520811149687
0.01463569552081
0.01404329269855
0.01379662367292
0.01375770191979
0.01381289652944
0.01421604688908
0.01509009035079
0.0163073021654
0.01754491945509
0.01822124126963
0.01725641974222
0.01423721448345
0.00959036612789
0.00455206218655
0.00060466585802
-0.00118664975848
-0.000975609272
0.00040178981574
0.00326312314118
0.00729107268566
0.01151828421698
0.01513672990329
0.01799049087607
0.01997729287612
0.02112244685047
0.02165033788665
0.0221287341066
0.02295513974691
0.02440065458615
0.02631321972888
0.02821225993809
0.02970410304167
0.03056804573954
0.03050773097649
0.02958277580074
0.02818474850586
0.0271094733547
0.02693182442632
0.0270336049181
0.02673433892878
0.02597993745835
0.02531054985576
0.02504786559139
0.0247109444697
0.02373869496293
0.02180698023178
0.01909108770832
0.01592656455273
0.01272170274621
0.00953239246642
0.00616809423525
0.00258493574454
-0.00105502671557
-0.00452096020649
-0.00769859825396
-0.01065378227385
-0.01369628154708
-0.01663553942104
-0.01887243461641
-0.01985677069075
-0.01969753069966
-0.01887453849495
-0.01793526406419
-0.01704403534965
-0.01624631115566
-0.01552654854275
-0.01494105846429
-0.01481479354921
-0.01552274868048
-0.01659852833312
-0.01746985607406
-0.01796117611937
-0.01808386658773
-0.01770667121955
-0.01689688192614
-0.01584677817903
-0.01470487662917
-0.01350973407117
-0.01222311573265
-0.01089302439352
-0.00963773237721
-0.00879765904019
-0.00837165476312
-0.00820665594121
-0.0087535505824
-0.01003743495222
-0.0111187297722
-0.01140948364066
-0.01103764457552
-0.01118137382936
-0.01234111541058
-0.01397200771164
-0.01570498105855
-0.01768731768373
-0.02029966932724
-0.0232917710486
-0.0256096440999
-0.02692325863509
-0.02744844468457
-0.02656066160786
-0.02434259397868
-0.02144775370385
-0.01844671049867
-0.01539247995571
-0.0124471251276
-0.01000432140665
-0.00871898149636
-0.00880323861197
-0.01041459811817
-0.01268524983015
-0.01511546570226
-0.01825077070781
-0.02214098168529
-0.02614775397474
-0.02893261292509
-0.03017387980002
-0.03027471569327
-0.02979503138441
-0.02897630060717
-0.02781975778007
-0.02634485304561
-0.0245286369531
-0.02221140794626
-0.01949078169606
-0.01677430953259
-0.0144922882892
-0.01318550062521
-0.01272361341142
-0.01262753271305
-0.01235693743598
-0.01170746154108
-0.0105290984879
-0.00886938519755
-0.00697595461553
-0.00588203759767
-0.00591291201536
-0.00644366582914
-0.00648243945204
-0.00567192024158
-0.00445810254125
-0.00319483296097
-0.00157334478234
0.00061302941929
0.00319636149314
0.00564976081876
0.00770515999354
0.0090117415633
0.00957187883186
0.00959067956286
0.00975167886871
0.01035588273217
0.01127719690995
0.01189018768657
0.01150294522492
0.0096253946323
0.00644508809397
0.00244453405371
-0.00216282042256
-0.00729772673827
-0.01206419776379
-0.01522743283047
-0.01582716702543
-0.01446718128959
-0.01214451010712
-0.00918283733937
-0.00611929928065
-0.00352333320144
-0.00164548742178
-0.00057609776352
-0.00052858209588
-0.00115607374805
-0.00209507553333
-0.00325023259144
-0.00460867691422
-0.00580738640508
-0.00683778775895
-0.00801184108133
-0.00942530397494
-0.01106063696251
-0.01306717892506
-0.01528096365862
-0.01741747379185
-0.0191189963013
-0.02005744420834
-0.019700471836
-0.01756572209094
-0.01373005094459
-0.00943672932354
-0.00572524604891
-0.0032857741846
-0.0015344359101
0.00022957672988
0.0021464981893
0.00386114310448
0.00473369130965
0.00470245837389
0.00405653331074
0.00297491432171
0.00125244748664
-0.00167224210178
-0.00598345635115
-0.01154642895959
-0.01710983522464
-0.02169992930956
-0.02506147639751
-0.02659816646319
-0.02635220588646
-0.02413688618028
-0.02074757004232
-0.0173336728744
-0.0146088818034
-0.01276894340686
-0.01260225396826
-0.01361631269413
-0.01479589084451
-0.01575295163625
-0.01665644939763
-0.01756792257615
-0.01863761600872
-0.02009547503331
-0.022200523595
-0.02516156090556
-0.02926038861554
-0.03409153780528
-0.03886814716389
-0.04281202851248
-0.04555453080594
-0.04690916023874
-0.04687224575749
-0.04522295525321
-0.04157070796717
-0.03657310548847
-0.03089883770485
-0.02603429481021
-0.02294199050599
-0.02106572800228
-0.01938369857162
-0.01683367969712
-0.01375376251455
-0.0112292048641
-0.00982761815021
-0.00941352332848
-0.01011302752311
-0.01205118806583
-0.01511811701859
-0.01892227292302
-0.02304906289636
-0.02661666127307
-0.02920313306364
-0.03070394985327
-0.03051601768179
-0.02867678773414
-0.02609489939327
-0.02344974441893
-0.02066112854261
-0.01770320411358
-0.01474914395127
-0.01215424591244
-0.00987267120653
-0.00765258020436
-0.00538281942055
-0.00318241149028
-0.00166902509974
-0.00102343805258
-0.00082434383933
-0.0011696019018
-0.00280641189797
-0.00583899610685
-0.00987441978722
-0.01471012559147
-0.01955086030949
-0.02358473613635
-0.02601122728471
-0.02650015363146
-0.02487711867273
-0.02229382416814
-0.01989055082233
-0.01845849651217
-0.01806744345417
-0.01860979328833
-0.01965134197828
-0.02100061510804
-0.02240318291632
-0.02355422989741
-0.02413867877068
-0.02373026871466
-0.02239051670874
-0.02015430849412
-0.01762147487245
-0.0155175748567
-0.01358798547225
-0.01136142719037
-0.00909738230108
-0.00713269249392
-0.00560878778404
-0.00470294999448
-0.0045419034587
-0.00536178278189
-0.00717320289004
-0.00970261234203
-0.01243860227266
-0.01504749754428
-0.01726721822089
-0.01904655203437
-0.02030388781841
-0.02054271023579
-0.01970632190645
-0.01780952511875
-0.01512645739426
-0.01197847544705
-0.00949921773663
-0.00841981426052
-0.0086387807874
-0.00947775495522
-0.01001564907517
-0.00996191966665
-0.00953779277916
-0.00887133235862
-0.00797720544404
-0.00666611770992
-0.00510384512514
-0.00360690440971
-0.00242582670916
-0.00174346483106
-0.00189211029089
-0.00260154243077
-0.00337848867729
-0.00376918858425
-0.00402397686362
-0.00500414167672
-0.00699597151714
-0.00970294187811
-0.01283825332411
-0.01612972837553
-0.01927541323086
-0.02123659299575
-0.02147687524722
-0.02012851451377
-0.01837884968144
-0.01712178224925
-0.01659454599159
-0.01645968308306
-0.0164756983218
-0.01657537493503
-0.01678124374454
-0.01720913614527
-0.0178067557276
-0.01830428006781
-0.01849914645125
-0.01822489085486
-0.0170120370744
-0.01471198258631
-0.01154089017729
-0.00790120927195
-0.00254365356849
0.00418696412002
0.01053848865603
0.01570653749931
0.01985965815672
0.02324939292357
0.02578298866451
0.02754456831923
0.02865112256268
0.02917419399954
0.02924143224046
0.02900189064012
0.02873026489192
0.0285407655456
0.02839169072279
0.02802746211628
0.02734136156013
0.02676229045805
0.02638536344173
0.02583424386893
0.02509190749793
0.02444379483045
0.02417362891634
0.02430142880404
0.02492080635482
0.02597585851014
0.02728557657639
0.02848184621219
0.02941364972729
0.03004933233682
0.03055629192827
0.03111307909226
0.03191158687367
0.03299778931238
0.03446508358822
0.03575047824228
0.03630899359223
0.03611444923102
0.03516253006082
0.03301895690675
0.03012872154977
0.0272430589084
0.02477406082613
0.0228303454
0.02153356189319
0.02073901498517
0.02031199204445
0.02090847381492
0.02268251572981
0.02523976937034
0.02778048180249
0.03000362664878
0.03215312501182
0.03432815973744
0.03617889661265
0.03763611159279
0.03884156959612
0.03941757075297
0.03918580062236
0.03850238358476
0.0380819191634
0.03833016609794
0.03936918154637
0.04082789929691
0.04244298030664
0.04406436221794
0.04564484730645
0.04721287013479
0.04869819765532
0.04986778238259
0.05088001631584
0.05200442132472
0.05298592360347
0.05360734062836
0.05392574547202
0.05417896228292
0.05450289517481
0.05465421341912
0.05446995230102
0.05390715405546
0.05273660326151
0.05065070428823
0.04845328901786
0.04673696422006
0.04522086210874
0.04360570596049
0.04197317134607
0.04065516657452
0.03970265703024
0.03906896022445
0.03908599520024
0.03994275680245
0.04084812229274
0.04123517154105
0.04105058840073
0.04094156240885
0.0413861033587
0.04217738710815
0.04293785333051
0.04359673227444
0.04419984770277
0.04479713452881
0.04559037187977
0.04651503723551
0.04728753635508
0.04793359881438
0.04861672603197
0.0491339796006
0.04929526979987
0.04913355023763
0.0488689767762
0.04866554460153
0.0486950418375
0.04885778113678
0.0487899417877
0.04861845421792
0.04865458511175
0.04879115473808
0.04884770184109
0.04886176347832
0.04893340268968
0.04910275417869
0.04942252224977
0.04965347659074
0.0492534069104
0.04798014176021
0.0459503068566
0.04336504801642
0.04046716999859
0.03734673168583
0.03381284903624
0.02977321974559
0.02539715236659
0.02202135042808
0.02059956862694
0.02040082724272
0.02019699790731
0.01956686481415
0.0191272830066
0.01937992017749
0.01990487007734
0.02020517727186
0.02023290338558
0.02045247960787
0.02115009782567
0.02199674792996
0.02269303512255
0.02326129701188
0.02369379433045
0.02393897131977
0.02412950113722
0.02422308079629
0.0238467656222
0.02296897596858
0.02192324098968
0.02145669518768
0.02159455290292
0.02183343972474
0.02144500578085
0.02020769977931
0.01868291380193
0.01719842353919
0.0156086856787
0.01426208533342
0.01335300585345
0.01260326297124
0.01165505779072
0.01041984493365
0.00951694828043
0.00925767745166
0.00931907098918
0.00957815397165
0.01026951637098
0.01072480642275
0.01026565210426
0.00868218723674
0.0064440222004
0.00382811006447
0.00103437886507
-0.00191537210314
-0.00513654540885
-0.00842366564636
-0.01129499400501
-0.01251878580711
-0.01207868876399
-0.01075378198271
-0.00935403186892
-0.00802939021928
-0.00633922114014
-0.00439403192562
-0.0027807596074
-0.00177818312073
-0.001329205778
-0.00127999326791
-0.00143518543961
-0.00178147955492
-0.00216036661319
-0.00230247609523
-0.0017031068588
-0.00045802262505
0.00115871111009
0.00268860221316
0.00380768634144
0.00403612890905
0.00320425855155
0.00140696663189
-0.00084538466428
-0.00313238748418
-0.00515735555854
-0.00669199863627
-0.00752950438274
-0.00796558795551
-0.00824731446755
-0.00839676712976
-0.00861260682082
-0.00924361366762
-0.01037719630995
-0.01183077458574
-0.01359557446273
-0.01534796574991
-0.01641162663276
-0.01656037943334
-0.01583372554478
-0.01441984402227
-0.01222141974892
-0.00964231904713
-0.00711304269765
-0.0048353955895
-0.0028675757263
-0.00129873496151
2.951672904e-05
0.00131847385059
0.00264879167869
0.00371324473621
0.00410347556412
0.00377684949302
0.00280359849712
0.0011339250593
-0.00088009576212
-0.00270134355926
-0.00373642389609
-0.00402432679444
-0.00384022346723
-0.00356268861117
-0.00350488025444
-0.00413823142305
-0.00551166158685
-0.00767646995995
-0.01011248652577
-0.01208204852922
-0.01310826896118
-0.0129357401862
-0.01100228653503
-0.00743745754947
-0.00230341962036
0.0036437813217
0.0094545983369
0.01342852006561
0.01502556783064
0.0145430067899
0.01268190079899
0.00956378856011
0.00558788961494
0.0016430024836
-0.00133469411015
-0.00218620460325
-0.00074639556851
0.00240157628868
0.00647449087008
0.01136404630448
0.01574981728658
0.01879775766204
0.01994598158161
0.01924315733783
0.01674269768401
0.01292106670674
0.0085949750305
0.00480708446874
0.00227663059132
0.00099198367287
0.00014983855218
-0.00066651205144
-0.00136885530136
-0.0023045112757
-0.00397204755935
-0.00667196241333
-0.00994321768914
-0.01327216754048
-0.01623366641623
-0.018660651332
-0.0205563639782
-0.02176170390671
-0.02185008827386
-0.02056328745607
-0.01828615021645
-0.01548554437922
-0.0130731148681
-0.01198812537977
-0.01233888272314
-0.01382895470447
-0.01560103228378
-0.01706079123951
-0.01805074123468
-0.01816311625771
-0.01733926532707
-0.01542939443697
-0.01237783667849
-0.00816266555823
-0.00349672879848
0.00096032244754
0.00464570195643
0.00716629443987
0.00820223457604
0.00834126874581
0.00801101777784
0.00716396299894
0.00601638097701
0.00498521750387
0.00397581736621
0.00284907232916
0.00204545298161
0.00177554361187
0.00184609224129
0.00159429340159
0.00055045008859
-0.0015273503477
-0.00459266596911
-0.00877512499818
-0.01322430430352
-0.01719078087835
-0.02053814825424
-0.02346804601548
-0.02597438794198
-0.02732257693024
-0.0275453304385
-0.02725077670777
-0.02687161700401
-0.02643544863205
-0.02635088559533
-0.02665406952174
-0.026992085519
-0.02676091649655
-0.02583144227556
-0.02410161401239
-0.02203789163645
-0.02032093352828
-0.01950551957997
-0.01940504864525
-0.0194888495627
-0.0191572203396
-0.01799568616799
-0.01620500643806
-0.01428030105738
-0.01274619790358
-0.0118031021424
-0.01156665195543
-0.01243541425262
-0.01429562931537
-0.01666889018965
-0.01909632593654
-0.02135677169074
-0.02338648851954
-0.0252658531707
-0.02712056165337
-0.02886450522414
-0.03035165753729
-0.03150787834216
-0.03239031584991
-0.03311559577698
-0.03364828494434
-0.03382052389931
-0.03320798395381
-0.03230811430952
-0.03225343493543
-0.03265497518394
-0.03248014931708
-0.03130579866085
-0.0295152906761
-0.02730908419894
-0.02515698818994
-0.02342122398372
-0.0220079757716
-0.02055943392343
-0.01868128222265
-0.01657972223509
-0.01466016921004
-0.01318043414218
-0.01215494362726
-0.01161206782346
-0.01164628805208
-0.01221149073027
-0.01260060092083
-0.01230917080569
-0.01116916918697
-0.00945147150108
-0.00749448339218
-0.00581042092787
-0.00461150104915
-0.00393641150633
-0.00370484961676
-0.00378398979919
-0.0036964952868
-0.00333894434785
-0.00307505786717
-0.00301616644236
-0.00302050730197
-0.00321298320708
-0.00369116152531
-0.00434276598714
-0.00511598321627
-0.00590638891845
-0.00585787197637
-0.00469253150204
-0.00232346657737
0.00078238595331
0.00404589584318
0.00672760570728
0.00898823823438
0.01148768137137
0.01427856213736
0.01709048168881
0.02047006202145
0.02440053651133
0.02769862375247
0.03001377034892
0.03163995039139
0.03238075178978
0.03214102771017
0.03070340241549
0.02827655704268
0.02516292413298
0.02134284959648
0.0169498653165
0.0125448159371
0.00885355780511
0.00627970713902
0.00527206953635
0.00550545192491
0.00641309411234
0.00731409834828
0.00797596243824
0.00825605415078
0.00834077927203
0.00847575166811
0.00898717770785
0.01002402702011
0.01141722290818
0.01301194137911
0.01486774473735
0.01718288059972
0.01995104806465
0.02222390240866
0.02363692520522
0.02430347901221
0.02421676916064
0.02331121045702
0.02194416170034
0.02029701801091
0.01795704350079
0.01540075592694
0.01346579950538
0.01271328723202
0.01289777376568
0.01360316345321
0.014365572543
0.01498882509458
0.01497258444028
0.01434938555907
0.01350594494297
0.01283261793515
0.01249119923635
0.01297304109413
0.0141343820524
0.01546747893231
0.01682057339249
0.0182899178765
0.01937652821004
0.02001649371518
0.0205598203501
0.02115657047242
0.02174174926273
0.02245028403401
0.02357450656362
0.02563845435511
0.02789885717302
0.02936418711327
0.02961971175014
0.02906273137281
0.02839333303615
0.02773452923075
0.02683681713538
0.02575327674707
0.02474434890868
0.02410490937317
0.02404254440194
0.02458622526131
0.02576505202649
0.02740403781951
0.02899295989036
0.0299253323114
0.0300026176458
0.02940597486422
0.02846726933939
0.02761264381795
0.02717396367263
0.02717872960158
0.02730906273079
0.027238228575
0.026630100334
0.02523384416137
0.02303364876577
0.02018974167313
0.01684048510017
0.01311002934935
0.00921447924336
0.00542548629218
0.00248781598779
0.00076075003129
0.0001994060381
3.91391718e-05
-0.00015307047459
-0.00037468584896
-0.00063434632463
-0.00110301414576
-0.00172311195293
-0.00228142335546
-0.00232693153653
-0.00180088139408
-0.00092115413272
-0.0001149563532
0.00035194753752
2.388501113e-05
-0.00073063826957
-0.00117241422924
-0.00125691393493
-0.00135543663518
-0.00176036563092
-0.00247987277287
-0.0034066624019
-0.00421822925801
-0.00478264512855
-0.00514730095122
-0.00543900478525
-0.00576685883445
-0.00651679063637
-0.00764143394169
-0.00820542688971
-0.007805680305
-0.00663769388137
-0.00490376412845
-0.00273208702124
4.660759716e-05
0.00287672759798
0.00484993489303
0.00594132833005
0.00647124810626
0.00644183674289
0.00588097707114
0.00490911828467
0.00405376928662
0.00371203607946
0.00414523647989
0.00482830466007
0.00499661279706
0.00435715501363
0.00318375969001
0.00149605300749
-0.00056962168186
-0.00266989916224
-0.00380622650735
-0.00339036056338
-0.00131304992289
0.00194080327179
0.00624656568486
0.0107372944447
0.01476058647439
0.0178882058828
0.0199637679426
0.0208310704057
0.02057448309549
0.01930964419356
0.01793089529599
0.0170802843183
0.01679527317955
0.01658302832995
0.01608621243864
0.0150082215667
0.01342606196261
0.01151726447993
0.00942961263233
0.00723472953007
0.0049900532043
0.0025990016754
6.288445749e-05
-0.00199079400226
-0.00347673443843
-0.00476129505492
-0.00620216740706
-0.0079399893353
-0.01027167821353
-0.0131414050483
-0.01625700229359
-0.01897233664519
-0.02106801436009
-0.02247451083953
-0.02310566366973
-0.02274882010628
-0.02163477347903
-0.02019952041475
-0.01867205091882
-0.01726932209943
-0.01622904003024
-0.01528248789716
-0.01424550118875
-0.01336269872247
-0.01288640638108
-0.01296072911099
-0.01357290409797
-0.01453591156684
-0.01560005548303
-0.01652800546548
-0.01709881133041
-0.01668721325435
-0.01520000727083
-0.01319775893797
-0.01070992362885
-0.00717573827837
-0.00349904413829
-0.00085474939266
0.00014702472197
-0.0002217890517
-0.00199625549922
-0.00534281781955
-0.00973754423978
-0.01390591801665
-0.01701950799005
-0.01895140520046
-0.01922118468789
-0.01843170426291
-0.01748481937352
-0.01678982026984
-0.01637946734639
-0.01671917932739
-0.01783935511102
-0.01969707986854
-0.02181972157788
-0.02368343594883
-0.02466358573423
-0.02461483156911
-0.02363870706154
-0.02213986534157
-0.02034542868565
-0.01878338473666
-0.01769500328087
-0.01699637606011
-0.01624873705644
-0.01523137223571
-0.01404771513713
-0.01299420868849
-0.01225523208272
-0.01153064987049
-0.01060639455638
-0.00970710669891
-0.00896873012789
-0.00828673857535
-0.00751299859681
-0.00666079790273
-0.00595002400357
-0.00555787177638
-0.00554544815887
-0.00573388268503
-0.00596767726204
-0.00635605753556
-0.00680598162363
-0.00703840331254
-0.0070288231513
-0.00682114457687
-0.00626528376349
-0.00549466096009
-0.00477819692819
-0.00454834927027
-0.00498323921399
-0.00607322434046
-0.00756983015278
-0.00929350135097
-0.01139128938486
-0.0140591791284
-0.01733651740407
-0.02048016278529
-0.02275157876336
-0.02371150555292
-0.02372964613836
-0.02330530671619
-0.02289535095349
-0.02260846135175
-0.02242228956843
-0.0221690405553
-0.02172023817799
-0.02135373394774
-0.02121226958356
-0.02094135228426
-0.02038090480096
-0.01970886588204
-0.01933324842278
-0.01948559713821
-0.02025510145107
-0.02154869693784
-0.02337573297717
-0.02517466721018
-0.02648265709048
-0.02716071782504
-0.02684979463111
-0.02525237117348
-0.02219694914828
-0.01796283990087
-0.01331948333965
-0.00932919858821
-0.00642448189169
-0.00421107607095
-0.00235216197799
-0.00093389869905
-5.909001592e-05
0.00017089182866
7.56253528e-06
-0.00050223853093
-0.00182528531182
-0.00362504928877
-0.00531611788333
-0.00716671628898
-0.00944487219225
-0.0118213822708
-0.01420372417188
-0.01659074612931
-0.01795697909635
-0.01794819862363
-0.01697856823097
-0.01594378200778
-0.01514160317299
-0.01420619300895
-0.01294813804193
-0.01153125097864
-0.00993857520204
-0.00807743378868
-0.00626406222584
-0.00507336572138
-0.00501861657581
-0.00620757201343
-0.00822065746762
-0.0108467712677
-0.01375992387315
-0.01654876516503
-0.01886366487777
-0.02061652846422
-0.02176438742527
-0.02225323863351
-0.02209877530544
-0.02150387144389
-0.02090818399491
-0.02108543576255
-0.0218750557305
-0.02259865040791
-0.02237226878256
-0.0209370479205
-0.01840959207001
-0.01562236088926
-0.01324657750754
-0.01164996983954
-0.01077826640601
-0.01052685184617
-0.01099125190673
-0.01218022237206
-0.01326469662482
-0.01394764136315
-0.01479571909932
-0.01578999492639
-0.01642371320034
-0.01628662833844
-0.01547882484876
-0.01399612717641
-0.01254301261263
-0.01176178669072
-0.01145230186274
-0.01085248179519
-0.00917908363361
-0.00684421317578
-0.00462510004778
-0.00284709511269
-0.00133758479634
5.73652112e-05
0.00092785273174
0.00087518363507
-7.827803232e-05
-0.00154099657626
-0.00292543238636
-0.00399664791065
-0.00492668781735
-0.00620528672903
-0.00791181453728
-0.00986687587986
-0.0117309798977
-0.01322619350059
-0.01381801668284
-0.01333109760796
-0.01182739335236
-0.00952215537984
-0.0065404549764
-0.00370595952004
-0.00131129382835
0.00092308959365
0.00288662870805
0.00421251014326
0.00468223001101
0.00466872439883
0.00457989564101
0.00497653256441
0.00614134921592
0.00776481675784
0.00952103903612
0.0115480498048
0.01326498644483
0.01402933840206
0.01390891282336
0.01319684654166
0.01194439476139
0.01047822971016
0.00915699612908
0.00820433308755
0.00736314555362
0.0061837928188
0.00447491317489
0.00234733593822
8.585369107e-05
-0.00247351498071
-0.00572038029307
-0.00885965797949
-0.01092905868069
-0.01138578280478
-0.01054444606722
-0.00856232197672
-0.00616445109046
-0.0038601190738
-0.00159098623332
0.00055617177952
0.00223754246004
0.00384753981222
0.00589060446231
0.00898800423156
0.01272111237212
0.01623144446287
0.01916437996711
0.02149282608151
0.02233829543764
0.02150149921349
0.01940679829935
0.01709725488965
0.01506885835198
0.0135003954266
0.01236104858641
0.0117278133458
0.01187581476118
0.01274007948128
0.01411205517802
0.01586239625702
0.01800061310806
0.02028987985155
0.02247818189291
0.02424686750476
0.02523406957693
0.02510961872039
0.02437886441548
0.0236604220937
0.02323164949888
0.02288678516226
0.02234591663034
0.02148181292136
0.02051694845765
0.01990573953735
0.01988029978145
0.02044857240486
0.02072847412428
0.02020978218971
0.01915660849737
0.0183490089551
0.01827321565701
0.01846891929824
0.01829045458021
0.01742067254597
0.01657668449208
0.01640945834977
0.01643023951747
0.01603685716536
0.01514741030714
0.01425738380891
0.01372188231411
0.01335531367941
0.01299816956188
0.01286386482521
0.01294803070119
0.01303328071866
0.01284018545747
0.01229826498628
0.01145924680876
0.0104797249667
0.00954870074539
0.0094521101785
0.01036731452122
0.01195010528888
0.01384770713214
0.01591096794288
0.01717523793887
0.01716347339353
0.01600691983236
0.01410169679639
0.01154154495582
0.0086627156261
0.0061606093653
0.00468467093949
0.00416117443329
0.00422306066481
0.00477596316735
0.00574464359444
0.00717288516144
0.00907769815577
0.0110882879377
0.0124232203443
0.01319999162541
0.01394357314902
0.01477901687983
0.01545454437287
0.01567946616413
0.01522572611267
0.01385108836552
0.01201214823788
0.01021752588248
0.00861911918365
0.00730826115872
0.00641576152979
0.00621155542837
0.00658357053233
0.00743756811043
0.00844828317218
0.00935929693233
0.01027353842859
0.0112025950941
0.01186462985584
0.01239340108611
0.01317422984728
0.01470472635213
0.01680139160185
0.01905450598337
0.02082771064047
0.0217511308436
0.02179266097677
0.02138542093484
0.0207734820975
0.02034234800635
0.02028425519666
0.02002766788645
0.01942200848252
0.01893681759359
0.01890686952651
0.01929674183634
0.02000506192614
0.02091008392605
0.02195577596865
0.02313473154273
0.02441039039147
0.02539174239318
0.02590560399436
0.02603805173619
0.0258784360525
0.02545447232294
0.02522032996192
0.02499877866997
0.02415090488122
0.02278631422754
0.02135813491817
0.01998444176955
0.01844996292316
0.01646467442757
0.0135708109535
0.010072401199
0.00714175634619
0.00537165598336
0.00448176902809
0.00384551858604
0.00336478233791
0.00343176296106
0.00427069955962
0.00575682032824
0.00764484201026
0.00978987821865
0.01206980095053
0.01427898076625
0.01626230492626
0.01779771763711
0.01883559527367
0.0194854790634
0.01978123501045
0.01973757953059
0.01973292094237
0.02012239609146
0.02116810960221
0.02250259117769
0.02364337638383
0.02419432421145
0.02400118601396
0.02287459125395
0.02121156113466
0.01948790496417
0.01781522491216
0.01619525989866
0.01492128629957
0.01426383498752
0.01414825047629
0.01381552637762
0.01294855667082
0.01178926592073
0.01078771239133
0.01010682537503
0.00973207844918
0.00944344456038
0.00904576857858
0.00855667263345
0.00810196329509
0.00784121867794
0.00785286836869
0.00818362491156
0.00885769579073
0.00975773181317
0.0106470509359
0.01105486203058
0.01053805499943
0.00970328429508
0.00915347213252
0.00885357605304
0.00848987663638
0.00765096901982
0.00623272838978
0.0046023395168
0.00295538045344
0.00117376672259
-0.0007670399841
-0.00268594016275
-0.0040869858793
-0.00493495842154
-0.0057592151002
-0.00681855337136
-0.00795636523893
-0.00887262903478
-0.00952746981998
-0.01012203019116
-0.01092696553622
-0.01202271056692
-0.01325744039065
-0.01437314006533
-0.01504976243394
-0.01558635880432
-0.01637095522553
-0.01718157104267
-0.01779879104453
-0.01828343449567
-0.01885823343621
-0.01958938490187
-0.02013564193905
-0.02033084107879
-0.02016093141792
-0.01955366190286
-0.01851376626034
-0.01752233496293
-0.0168577132893
-0.0165501927969
-0.01670407648495
-0.01738296374323
-0.01823997222915
-0.01910893847375
-0.02026401073268
-0.02193717381803
-0.02404632279607
-0.02613274773898
-0.02819376512821
-0.03057390654407
-0.03255560985887
-0.0333354940215
-0.03291699393571
-0.03196148958473
-0.03090347482492
-0.02953493403193
-0.02756859117734
-0.02554006583079
-0.02383697614651
-0.02241851117431
-0.02121326785246
-0.02028963296785
-0.01986683925237
-0.01976028209757
-0.01959746765976
-0.01911537891828
-0.01832664987849
-0.01758498975417
-0.01697971677691
-0.01627395139679
-0.01574267912722
-0.01575661195556
-0.01607382531698
-0.01631668374627
-0.01636806775957
-0.01619390740531
-0.01575973557116
-0.01504396603386
-0.01408341666799
-0.01279450123758
-0.01165380190404
-0.01112425782042
-0.01107461272714
-0.01116692576546
-0.01120455942968
-0.01134990952873
-0.01177690026722
-0.01229327364177
-0.0129015521598
-0.01404587961044
-0.0156970485777
-0.01738693535069
-0.01820101827379
-0.0179089011779
-0.01633470625689
-0.01349507132579
-0.00968899509547
-0.00600181161807
-0.00293108924348
-0.00042614253195
0.00131660397486
0.00201620477616
0.00151523909176
-0.00012419946452
-0.00266855310933
-0.00496179253369
-0.00616237619392
-0.00653987963002
-0.00645390291572
-0.00567863118479
-0.00473959505047
-0.00435530445924
-0.00488560422168
-0.00606112811222
-0.00729668016604
-0.00814567888577
-0.00856079237114
-0.00865347036798
-0.00852005548606
-0.00823611990154
-0.00795131163679
-0.00769026217192
-0.00685341871784
-0.00532514094612
-0.00378734741761
-0.00257998089588
-0.00143478935228
0.00051262900743
0.00335190252226
0.00619072917757
0.00792980377227
0.00833411233853
0.00833157480338
0.00846108248228
0.00846479754537
0.00830795017942
0.00829804370232
0.00904879236729
0.01056905822601
0.01216415346295
0.01300055252636
0.0128260594158
0.01177423821682
0.00979416540789
0.00643536731636
0.002360869459
-0.00149215546514
-0.00477149349884
-0.00727367167794
-0.00856758918694
-0.00866701891646
-0.00816927667454
-0.00799339564819
-0.00850099069683
-0.00963860827767
-0.01114906426595
-0.01277067159281
-0.01418763379462
-0.01550061501943
-0.01694069841711
-0.0179738208588
-0.0181153603615
-0.01732415175056
-0.01629351961409
-0.01553683178586
-0.01464771768394
-0.01313097152816
-0.01090039870251
-0.00840548856507
-0.00610425869585
-0.00497404869964
-0.00523492212569
-0.00623255449777
-0.00710424612382
-0.00754922931753
-0.00774524854053
-0.00769698814283
-0.00692272004783
-0.00528592507936
-0.00282319676984
-0.00014316056259
0.00209812937744
0.00337448164738
0.00391988639907
0.00395687709225
0.0032393074507
0.00187130980186
0.00062089534888
-0.00026790402998
-0.00103886066308
-0.00169004027025
-0.00207085838847
-0.00211622165955
-0.00208534294823
-0.00220924099994
-0.00239788806077
-0.00258656947064
-0.00293526694516
-0.00298492813955
-0.00230563191305
-0.00147916830874
-0.00110625798299
-0.00132126148967
-0.00156410381784
-0.00136411298737
-0.00070240175063
0.00016049952736
0.0009791467935
0.00165472623946
0.00217703985068
0.00225469873087
0.00157671098802
-0.00012743761269
-0.00242483595411
-0.00469090743661
-0.00625086897521
-0.00730475970371
-0.00837883263855
-0.00910399019717
-0.00884866950771
-0.00752350188843
-0.0056926187569
-0.00382570133821
-0.00172555824844
0.00070429728079
0.00177680808582
0.00132245511872
0.00048252958991
0.00024006359838
0.00074266783921
0.00186290287493
0.00324488916929
0.00475470540676
0.00650157186594
0.0084612016305
0.00988551881997
0.01060773953588
0.01088386822821
0.01071126860835
0.00996611776308
0.00896061731459
0.00801054547857
0.00719195853792
0.00679388324857
0.00705100726249
0.00772269517719
0.00847558851018
0.00919561303451
0.00940787398522
0.00882532504309
0.00811335214784
0.00753181650233
0.0066925814965
0.00571629490442
0.00493878941263
0.00434497183939
0.00382555964843
0.00334655265966
0.00244128699626
0.00091416753849
-0.00123230606977
-0.00363186327909
-0.00583798603047
-0.00722762679316
-0.00782368349429
-0.00827026499164
-0.0089060538685
-0.00958549929864
-0.01027692502901
-0.01101121728479
-0.01169343210607
-0.01202953743812
-0.01189215202215
-0.01166361284788
-0.01147570214454
-0.01094738174539
-0.00990843284821
-0.00857510840593
-0.00761428532117
-0.0073683623137
-0.00783499291489
-0.00859054185785
-0.00927797880624
-0.00962615245794
-0.0095540388005
-0.00897628691614
-0.00810566440389
-0.00717583166481
-0.00616319198356
-0.00491925983799
-0.00337792943202
-0.00220444072195
-0.00197087478072
-0.00257086444665
-0.00372132320047
-0.00537005338608
-0.00700935261407
-0.00814596226533
-0.0086960642479
-0.0091525296808
-0.01004223952384
-0.0106049658511
-0.01003692508369
-0.00898961648951
-0.00830416212463
-0.00823612419517
-0.0085715468401
-0.00901057262262
-0.00896291977351
-0.00848321399651
-0.00802309253793
-0.00751247155376
-0.00667698596007
-0.005841388732
-0.00527634921174
-0.00499593440357
-0.00484680805721
-0.00470456547266
-0.00442653470237
-0.00408333844088
-0.00388084657112
-0.00388657856676
-0.00391336115535
-0.00320689054655
-0.00197970140996
-0.00121789879535
-0.00142161220276
-0.00228467577995
-0.00273305201452
-0.00268581457409
-0.00302906987298
-0.00428643463902
-0.00618309725079
-0.00769381944412
-0.00825931408912
-0.00794593064538
-0.00732662071927
-0.00668621511708
-0.00611872608109
-0.00533417581639
-0.00401128596767
-0.00315832852136
-0.00365139607395
-0.00483575947462
-0.00547667816555
-0.00496963377491
-0.00425236039381
-0.00427632421451
-0.00544565454423
-0.00695260263706
-0.00780604848375
-0.00804916775103
-0.00825569777952
-0.00911646426482
-0.01051171894833
-0.01192533104557
-0.0132218139983
-0.01447519964304
-0.01534039822759
-0.01576827989424
-0.01603067433861
-0.01656294487708
-0.01742988238165
-0.0184020996862
-0.01915875531222
-0.01951424638231
-0.01972511727041
-0.02003741442584
-0.02040678465391
-0.02078332524356
-0.02120917817019
-0.02143868341114
-0.02143005321546
-0.02170733582077
-0.02253931244561
-0.02380315307863
-0.02503611178012
-0.02591450254189
-0.02630062865982
-0.02666055290257
-0.02742794260281
-0.02790947317243
-0.02752369054487
-0.02642796698232
-0.0252851745043
-0.02447722073758
-0.02388737262498
-0.0234622925517
-0.02357244562137
-0.02413790591733
-0.02486011589917
-0.02544162363609
-0.02583215072445
-0.02612398873441
-0.02633932499739
-0.02640774398648
-0.02663311660886
-0.0270939411493
-0.02739487092013
-0.02762909915374
-0.02821463216849
-0.02882251352579
-0.02897566729679
-0.02853038569582
-0.02786854414742
-0.02726976528506
-0.02638144550464
-0.02510473471662
-0.02399453088794
-0.02308523672649
-0.02198419979719
-0.02082124872779
-0.01985892823967
-0.01907641422886
-0.01833043900669
-0.01761005381748
-0.0171990890518
-0.01714109284877
-0.01707638784936
-0.01699457273564
-0.0171752701411
-0.01724095194126
-0.01685235698626
-0.01594228997146
-0.01507702698247
-0.01489897015926
-0.01510977664292
-0.01514647644268
-0.0146541473944
-0.01408286923021
-0.01411199077357
-0.01471368930411
-0.01540899969594
-0.01579925843245
-0.01598088970237
-0.01615176542991
-0.01590303546203
-0.01503989781973
-0.01394262855049
-0.01285216468431
-0.01163771152678
-0.01030133324038
-0.00916945194881
-0.00881378269308
-0.00894608767172
-0.00903384946257
-0.00920136435148
-0.00979834847662
-0.01095209400397
-0.01199229020057
-0.01212524244389
-0.01133157572996
-0.01022487979673
-0.00949463321353
-0.00946132538122
-0.01025255331349
-0.01158523263791
-0.01306986244361
-0.0144155825948
-0.01561694018178
-0.01676124616426
-0.01774989733645
-0.01869478568802
-0.01992792686877
-0.02114627649524
-0.02186764921929
-0.02194867001152
-0.02162503767371
-0.02094038621758
-0.02041844185852
-0.02045286603455
-0.02042729746975
-0.01998843484516
-0.0193960320229
-0.01890060082717
-0.01857454258859
-0.01881887158604
-0.01934838346743
-0.01948814111381
-0.01926013864325
-0.01903825459499
-0.01903171754379
-0.01915673730626
-0.01924620581491
-0.01881689651638
-0.01760782113004
-0.01607509193774
-0.01456483989687
-0.01299615155593
-0.01158120736007
-0.01061377208559
-0.01021569679624
-0.01034394214801
-0.011004884181
-0.01208211293366
-0.01344540476436
-0.01455257085003
-0.01529742972847
-0.01597174427113
-0.01669706713449
-0.01728526219965
-0.01722695470848
-0.01652614847064
-0.01555513338241
-0.01487223158038
-0.01456891884507
-0.0143283038373
-0.0140205364612
-0.01379898516925
-0.01374263127958
-0.01380989098866
-0.01406733702481
-0.0145888949572
-0.01541250973821
-0.0164052827949
-0.01730867321553
-0.01778585648509
-0.01778103688577
-0.01730996130444
-0.01661306226962
-0.01594172106553
-0.01560891109426
-0.01546616937525
-0.01517011287412
-0.0147941841267
-0.01450760581311
-0.01424248491389
-0.01393097134588
-0.0135939643516
-0.01326699371671
-0.01292146386749
-0.01227409185113
-0.01128028832332
-0.01025331543276
-0.00941628305896
-0.00912384179403
-0.00932476219533
-0.00951339959549
-0.00947679425558
-0.00936454589462
-0.00934100499644
-0.00940683707365
-0.0094793854611
-0.00951458034366
-0.00952581140552
-0.00933709564661
-0.008695413763
-0.00787107013835
-0.0071692345028
-0.00659179712681
-0.00599912165907
-0.00533076452761
-0.00462794457745
-0.00394711981878
-0.00376261825741
-0.0046495436816
-0.00595384104037
-0.00694448230991
-0.00732346812167
-0.00718256300276
-0.00679043868415
-0.00626784813382
-0.00537630276409
-0.00395903142094
-0.00234301762016
-0.00216715484173
-0.00320300910531
-0.00375838044491
-0.00329255382588
-0.00243289939066
-0.00186303597745
-0.00165703191861
-0.0015973751543
-0.00143531961554
-0.00112253191292
-0.00083619898027
-0.00083611171225
-0.00147128842485
-0.0024840129053
-0.00338744840904
-0.00374057905622
-0.00350526775452
-0.00280905140683
-0.00200999726104
-0.00133460716415
-0.00115455702337
-0.00139630232915
-0.00183261239089
-0.00219371845521
-0.00232677589246
-0.00205778213926
-0.00153181250236
-0.00100950490222
-0.00061413578032
-0.00034910719414
-0.00042179093826
-0.00083240845664
-0.00143714655498
-0.00238590454031
-0.00382425867864
-0.00515640451957
-0.00595555527202
-0.00622572011272
-0.00608490301322
-0.00574968109547
-0.00565517937942
-0.00571240058229
-0.005549748229
-0.00544480333215
-0.00562387345195
-0.0056173428412
-0.00499203149418
-0.00364668166855
-0.00188376240137
-3.223206339e-05
0.00175661943902
0.00329593505926
0.0043399847885
0.00498144018315
0.00542360675578
0.00611118002691
0.00695313934077
0.00753077851735
0.00809399217158
0.00905001175812
0.01025032706649
0.01134630287979
0.01220559772352
0.01314595629577
0.01442742227867
0.01590334675018
0.0173971756575
0.01896752777994
0.02031182029926
0.02107797558096
0.02122390532002
0.02109949739978
0.02092429584032
0.02037262882973
0.01918225220069
0.01787696730709
0.01675675932124
0.01556186364694
0.0142975721828
0.01317490609395
0.01211713821785
0.01137066922827
0.01140301099391
0.01159638534102
0.01140851757398
0.01167916652143
0.01276581979126
0.01418996308872
0.01537467212658
0.0161422765083
0.01626522459444
0.01609507878394
0.01623832500444
0.01655961731407
0.01662872328391
0.01644008266353
0.01644301306579
0.01727460326395
0.01869795223992
0.02005623125795
0.02065035153209
0.02093282942933
0.02201302078648
0.02332200893569
0.02367432271981
0.02269532148036
0.02118242885722
0.01992963358657
0.0192335074051
0.01895029959082
0.01862619495374
0.01798625091675
0.01694217971936
0.01596281352138
0.01545119534171
0.01525696226866
0.01492581607889
0.01417599805816
0.01312749368811
0.01201199796084
0.01122177688473
0.01094087689641
0.01115059923857
0.0114275812898
0.01161319490126
0.01232631312222
0.01364407101007
0.01512836805947
0.01649993586139
0.01773189629398
0.01854091273405
0.01891683074739
0.01890510913834
0.01821302970285
0.01678102906305
0.01588765353367
0.01583999424412
0.01596927543406
0.01654018863973
0.01781306736325
0.01924829895938
0.0204666271177
0.0215575847513
0.0227241210015
0.02407301843866
0.02564288752776
0.02664308856381
0.02649505494621
0.02600933808764
0.0257486825633
0.02531340511951
0.02470712313927
0.02428542429937
0.02399652742575
0.02372660839535
0.02364331197939
0.02401417424377
0.02487968411647
0.02585325391438
0.02649307987655
0.02635565152428
0.02573910776909
0.02515024719132
0.02480674608213
0.02475946248518
0.02526129118916
0.02589652296757
0.02613370307158
0.02588521998741
0.02539742071844
0.02490680912203
0.02440782494773
0.02387014443585
0.02374795846898
0.02403817563373
0.02433841842381
0.02410867703322
0.02318723189975
0.02204222820244
0.02119405385961
0.02094084778277
0.02076541007368
0.02011887531512
0.01905301394705
0.01836666650719
0.01880991936813
0.01980445281299
0.02054480338026
0.02048127912901
0.01993794176002
0.01946965703799
0.018968837337
0.01811756084671
0.01734450355529
0.01714435600734
0.01766003166706
0.01844550828236
0.01913633183116
0.01977488043851
0.02036810978449
0.02074572378156
0.02093277575896
0.02099178096496
0.0207927604948
0.02050091175077
0.02046934283848
0.02075954926916
0.0211558298213
0.02136144101303
0.0213742789658
0.02130026752404
0.02075214275794
0.0195686788727
0.0178643869721
0.01598816740469
0.01423987653386
0.01284876198278
0.01190175901858
0.01149206087366
0.01130778902148
0.01105250053425
0.01082895270449
0.01079168399879
0.01088666982158
0.0110245382709
0.01122287176031
0.01157851310744
0.01197721956036
0.01203449658041
0.01178439265103
0.0115242308941
0.01154438948549
0.0119701672736
0.01293862765217
0.01421540284463
0.01555397410239
0.01724396821612
0.01921192118184
0.02059101356979
0.02123141917197
0.02144896665424
0.02123158018309
0.02049051043284
0.01933205694054
0.01803750612116
0.0168004148011
0.01602104587403
0.01580297242213
0.01590564384207
0.01623676856368
0.01685877596265
0.0176366099171
0.01838255293704
0.01891250491548
0.01907622101552
0.01885400421097
0.01839530501722
0.01800101026881
0.01814689707156
0.01833971324682
0.01791642576393
0.01700037986979
0.01614591535946
0.01587332354458
0.01601410092801
0.01613468751782
0.01592617812605
0.01552970436057
0.01524035665583
0.01523202701424
0.01551483766778
0.01615016605285
0.01696652459969
0.01772467226202
0.0184469895846
0.01923200463471
0.01988911245638
0.02036853914746
0.02079214865257
0.02120422976197
0.02156896286997
0.02191520116809
0.02199858345665
0.02116785198443
0.01975582745676
0.01850053114682
0.01778609263472
0.01742917393275
0.01715030268446
0.01654179875086
0.0154586555233
0.0141834367716
0.01300067060117
0.01194987987332
0.01092832876364
0.00990427876149
0.00905291639861
0.00836487190162
0.00768089132513
0.00700035423965
0.00642889144938
0.00622212527126
0.00637295404179
0.00669473797201
0.00690277935815
0.00694256198403
0.00698010655544
0.00701194274618
0.00688716664719
0.00682416514536
0.00703536556954
0.00750181583828
0.00825763742673
0.00946728493923
0.01066017119482
0.01143548156843
0.01156635140135
0.01122179835288
0.01063738919569
0.01005772986635
0.00968039710202
0.00976186121152
0.01014547340927
0.01058865971895
0.01092237135245
0.01111757049218
0.01116369480912
0.01107406528936
0.01078388032683
0.01010452291611
0.00924439081459
0.00890853236624
0.00907723337035
0.00932884543716
0.00953484949601
0.00987378647684
0.01055797207415
0.0113437589042
0.01182327146786
0.01171221673596
0.01111337346916
0.0103290733084
0.00970342705827
0.00933579467682
0.00900058671337
0.00845333784773
0.00752520645942
0.00640872319732
0.00537653032646
0.00469228676515
0.00443372009165
0.00462559810882
0.00506495020719
0.00561283023639
0.0066809242919
0.00831129599036
0.00981819577985
0.01092387412284
0.01183190166354
0.01252172694344
0.01269652060808
0.01194483485843
0.01087588207699
0.01027541367136
0.01042627464411
0.01105856528618
0.01179507305488
0.01256468470848
0.01342982962266
0.01390954613374
0.01378657657944
0.01337254186854
0.01291494828443
0.01237615142884
0.0115825705875
0.01042122962923
0.00885276670384
0.00730010326231
0.006154954655
0.00543510938972
0.00483725795138
0.00414460316951
0.00322243670624
0.00203703961423
0.00066317611586
-0.00048212319786
-0.00068711084722
-0.00046745347532
-0.00071793245326
-0.00176774530695
-0.00314172076172
-0.00434519510813
-0.00524179515341
-0.00595308536154
-0.00664980835754
-0.00739660580979
-0.00816200433926
-0.00891187925059
-0.00960498056994
-0.01000418293709
-0.01025017142242
-0.01072117079182
-0.01167250066133
-0.01303961382245
-0.01417200498255
-0.01469038562897
-0.01464431498241
-0.01441048390955
-0.0142226590788
-0.01402991804207
-0.01398542530441
-0.0144177079415
-0.0150644788497
-0.01554838164972
-0.01563684115539
-0.01551039376105
-0.01545860185292
-0.01564967910816
-0.01591376953625
-0.01557053677892
-0.01473510378218
-0.01414126259398
-0.01455284993596
-0.01579079998196
-0.01694586150681
-0.01723409286784
-0.01632765397012
-0.01478406189471
-0.01323935347558
-0.01196052807495
-0.01091784157313
-0.01008504915865
-0.00918785766588
-0.00805562214986
-0.00676978847216
-0.00559125689402
-0.00470881294582
-0.0040027298371
-0.00335649563261
-0.00295412134653
-0.00277740950283
-0.00263171913363
-0.00262836580885
-0.00297437547119
-0.0036440421597
-0.00442907116411
-0.00517257110875
-0.00556881731186
-0.00547723848422
-0.0053002926377
-0.00533668329613
-0.00556921983964
-0.00580119177085
-0.00592459390833
-0.00595476953779
-0.00588681748092
-0.00563226213096
-0.00485180154854
-0.00343384215124
-0.00233967502945
-0.00190068144916
-0.00167328438039
-0.00110253325924
-9.701893159e-05
0.00090251452018
0.00152896797269
0.00158462629435
0.0012443421872
0.00083601220738
0.00097533254757
0.00183653140138
0.00324256631563
0.00470985737125
0.0060264591993
0.00720388087416
0.00811437832534
0.00848973924023
0.0084459871537
0.00816696455496
0.0077690051936
0.00729145803893
0.00672277000685
0.00587240698628
0.00467316508533
0.00367714175097
0.00318319937133
0.00306677008846
0.00300381366974
0.00297702786093
0.0037637592895
0.00522398410406
0.00647703806589
0.00693446741866
0.00683916923431
0.00675829013186
0.00662052580306
0.00594626600419
0.00504496121417
0.00438484355809
0.00417592519809
0.00419861917781
0.00421237489393
0.00439584598417
0.00483276788813
0.00509478019946
0.00491361371495
0.00431192484508
0.00341586365032
0.00256086780332
0.00235911336446
0.00271832057105
0.00324146929325
0.00349825518383
0.00341479346312
0.00314497747984
0.00311876916422
0.00365451646933
0.00420246627001
0.00430488758602
0.00409130205055
0.0041446461058
0.00487710176148
0.00574038002016
0.00618146245129
0.00617972138445
0.00614181400134
0.0063633524124
0.00691838348185
0.00750276043681
0.00752525046912
0.00689632066569
0.00593388210276
0.00499676736773
0.00375379270159
0.00220291863023
0.00099489271432
0.00044194555804
0.00036427004004
0.00040696653771
0.00041583427845
0.000360729513
0.0003735920468
0.00069763013261
0.00131637211886
0.00201714400766
0.0023519752051
0.00203152230008
0.00086568161789
-0.00071420461662
-0.0022855226984
-0.00405677697422
-0.00598142761112
-0.00766492868335
-0.00912757188483
-0.01046735287275
-0.01107387207602
-0.0108139572028
-0.01003740919044
-0.00911723389794
-0.00832973283624
-0.0085498393218
-0.00952870423852
-0.01029625709668
-0.01039240756653
-0.0100705216626
-0.0094635645091
-0.0089008317414
-0.00880498075222
-0.00919856597833
-0.0097937188704
-0.01036787269308
-0.01077928614306
-0.01092281144949
-0.01093462966521
-0.01096108915817
-0.01101159297738
-0.01094719926612
-0.01062650699125
-0.01016791728506
-0.00971953031642
-0.00928774574037
-0.00887863689613
-0.00854813367741
-0.00831480066559
-0.0080247949621
-0.0073490560078
-0.00633785469249
-0.00521650460114
-0.00433582426134
-0.00384255598156
-0.00409456628252
-0.00504339296593
-0.00634368651501
-0.00713204630265
-0.00714294675502
-0.00683742065362
-0.00671396162554
-0.00688930594819
-0.0074620772221
-0.00837789448046
-0.00941554777488
-0.01033604938323
-0.01106074430325
-0.01155344904413
-0.01166911942795
-0.01108192263169
-0.01014711679603
-0.00940193160173
-0.00912235512475
-0.00943297883801
-0.01069598221324
-0.01263899670432
-0.01464052585421
-0.01574478300577
-0.01589385782857
-0.01527919253637
-0.01404929304604
-0.0123580537797
-0.01095893160925
-0.01020842553436
-0.01020097394003
-0.01071800423992
-0.0115284386512
-0.01244545061202
-0.01319304667939
-0.01348513157306
-0.01313872152975
-0.01207945088326
-0.01046768133542
-0.00870377346001
-0.00709306873234
-0.00578413962054
-0.00478274066181
-0.00395842065212
-0.0030857210965
-0.00196991515449
-0.00110446109897
-0.00095476294848
-0.00124941940431
-0.00159965507167
-0.00191786670199
-0.00240999502309
-0.00320752171011
-0.00410023172689
-0.00465768977053
-0.00454827091153
-0.00379140167744
-0.0025249408569
-0.00116028043174
-2.546553915e-05
0.00066902500556
0.00099115940331
0.00109773083443
0.00113781723462
0.00134847451464
0.00213177962672
0.0032834309362
0.00446572802758
0.00599219710779
0.0075940290497
0.00817973810328
0.00743613833174
0.00584653142696
0.00416707710071
0.00266792623939
0.00115455272974
-0.0006331158777
-0.00262011130577
-0.00406149137962
-0.00461426614667
-0.00442329623217
-0.00374042663237
-0.00261128467654
-0.00137784616193
-0.00050854437017
-0.00033370261688
-0.00118495270134
-0.00322064196903
-0.00581548848431
-0.00789492983853
-0.00869233093688
-0.00848948484267
-0.00804961858215
-0.00803313426437
-0.00815240915031
-0.00776197974203
-0.00695448646709
-0.00626687884692
-0.00653514053625
-0.00748133522466
-0.00818198367161
-0.00786110999088
-0.00664375219287
-0.00477151926062
-0.0028103781384
-0.00129640244718
3.042565824e-05
0.0015053959457
0.00265715459591
0.00301690602007
0.00250458797877
0.00166959615248
0.00097818319566
0.00106321563345
0.00191143484472
0.00314736151772
0.00431160818989
0.00522814677804
0.00554731481438
0.0052634425609
0.00434131259349
0.00316057838331
0.00208239107782
0.00100915851364
-8.370171314e-05
-0.00099488058482
-0.00174602383436
-0.00249514521367
-0.00340361392482
-0.00439962652511
-0.00531271625521
-0.00609169016835
-0.00678534858616
-0.00732397369656
-0.00773196405028
-0.00811388241111
-0.00853088938717
-0.00911842323337
-0.01020036317121
-0.01172708342876
-0.01348088087966
-0.01484403316739
-0.0155079141899
-0.01553912887774
-0.01512803530317
-0.01430023423321
-0.01256742189741
-0.01026218070466
-0.00897934183367
-0.00873009663022
-0.00856089649166
-0.00831981884529
-0.00832426597224
-0.00860539996339
-0.00910902555138
-0.00985028744156
-0.01034284405222
-0.01034273456466
-0.01010992215544
-0.00973734458599
-0.00910040072275
-0.00816551438153
-0.0070928894733
-0.00619450542488
-0.00542968868223
-0.00456734643483
-0.00354525647463
-0.00245456719289
-0.00133689137514
-0.00077607453235
-0.0015455574844
-0.00307829741077
-0.00442470883634
-0.0051062978611
-0.0053597315003
-0.00548570766879
-0.00594069716648
-0.00676210394843
-0.00754365618619
-0.00794540145552
-0.00796874806696
-0.0077913481691
-0.00728828289977
-0.00593068764227
-0.00406823667186
-0.00241778044712
-0.00164250549596
-0.00177771404168
-0.00253062991624
-0.00347111407716
-0.00440939023902
-0.00541633978753
-0.00663737829959
-0.00810654352457
-0.00886079149773
-0.00812218307071
-0.00639725491242
-0.00477529980156
-0.00398421677929
-0.00407726510169
-0.00475114276752
-0.00539403223448
-0.00564169630879
-0.00528790658946
-0.00426487632436
-0.00263221397446
-0.00072074381464
0.00124613263078
0.0033368973599
0.00511949433195
0.00617509607187
0.00682102650206
0.00736081625952
0.00766821438347
0.00763927639277
0.00731098761357
0.00651844690402
0.00542717261524
0.00476057372513
0.00480834572246
0.00542878594659
0.00678464443089
0.00880075582061
0.01146862838963
0.01431638901492
0.0168359338527
0.01858016724348
0.01953108814477
0.0199192537368
0.02005103596603
0.01996475547743
0.01978972566316
0.01962352999197
0.01944252129836
0.01932798872641
0.0194181012795
0.01943904345831
0.01913441043188
0.01848612601921
0.01769608742237
0.01689951177432
0.01600342052416
0.0151359355818
0.01487029944702
0.0151113652859
0.01540159318473
0.01556387091882
0.01569870162513
0.01590528961762
0.01596999461703
0.0156760634626
0.01514191446114
0.01450396696195
0.01362994496839
0.01271796728838
0.01210287263321
0.01202542628769
0.01228691906983
0.01257842432349
0.01272367781586
0.01272244339733
0.0125033824106
0.01198527011603
0.0111025320542
0.01002725260941
0.00896889435923
0.00813886382205
0.00782780859901
0.00830071863362
0.00891456384255
0.00913702001696
0.00906233984237
0.00911815702833
0.00953544416372
0.01005784901457
0.01031379764737
0.01004520427514
0.0093996570514
0.00850133526061
0.00714658453278
0.00532857584987
0.00343546192304
0.00182712083851
0.00055606744432
-0.00045998180828
-0.00123150638124
-0.00166179570075
-0.00195473073309
-0.00232815844122
-0.00261556649874
-0.00277388765308
-0.00303296204829
-0.00363557941558
-0.00458118909695
-0.0054684708924
-0.00576852476277
-0.00515061455993
-0.00406052209272
-0.00289552188854
-0.00167026810553
-0.00041328880009
0.00072466701142
0.00190510496115
0.00325568550115
0.00434737090498
0.00493251427284
0.00491179643619
0.0040890682897
0.00236813964747
4.661310374e-05
-0.00232241893173
-0.00429246396851
-0.00531595687222
-0.0054750798619
-0.00519238406295
-0.00447123890128
-0.00302069729508
-0.00174591219998
-0.00125193654471
-0.0012646328077
-0.00155269564376
-0.00232980826842
-0.00353681841889
-0.00491600204647
-0.00631890797808
-0.00747749993994
-0.00805886169346
-0.00826145553693
-0.00838054794361
-0.00843343902094
-0.00854977277054
-0.008941962567
-0.00938867609347
-0.00961950591918
-0.00955577020667
-0.00901877238191
-0.00789417093948
-0.00638068364864
-0.00471740342543
-0.00309109242724
-0.00180052931644
-0.00119788940759
-0.00125437317956
-0.0017275773278
-0.00247630584
-0.00315812028032
-0.00339400907521
-0.0029293277819
-0.00205988387099
-0.00152157863599
-0.00151540546991
-0.00183434809069
-0.00211895992188
-0.00237229695442
-0.00297654053396
-0.00391363165402
-0.00490011239639
-0.00580001424291
-0.0065797191465
-0.0070889124988
-0.00732414114812
-0.00734959593173
-0.00702890473026
-0.00641192624507
-0.00561996839575
-0.00479134831593
-0.00404900121085
-0.00384421546943
-0.0044138856693
-0.00573193445056
-0.00781249858895
-0.01057869742466
-0.01317708511102
-0.0146927471253
-0.01465261242178
-0.01344774479254
-0.01145778697466
-0.00924754019197
-0.00720153333213
-0.00552270158219
-0.00439563022927
-0.003922971372
-0.00417747197818
-0.00502351990092
-0.0060524045301
-0.00692110886329
-0.00753264087923
-0.00776853933478
-0.00738041238542
-0.00561676105437
-0.00276907342079
0.00035249980564
0.00314492595628
0.00533020957597
0.00641537724993
0.00702213796987
0.00799001763503
0.00926389999449
0.01047031869746
0.01177096432418
0.01329958236605
0.01495512010152
0.01663850202553
0.01822687665859
0.01897439758745
0.01869208070132
0.0173319661566
0.01522602666675
0.01276254589862
0.01033872860816
0.00846744564148
0.00763727878156
0.00753317758294
0.00760542863653
0.00773172790064
0.00798268196871
0.00832782002422
0.00853945303159
0.00846994346055
0.00783760773537
0.00657942395946
0.00476914273658
0.00271903760721
0.00062345789442
-0.00153144754383
-0.00357214318374
-0.00532401494174
-0.00694033895726
-0.00868472691871
-0.01081294819982
-0.01334048992291
-0.01612285856803
-0.01889901218418
-0.02109260612413
-0.02203015236894
-0.02150664083504
-0.01997396531311
-0.01753368087938
-0.01474150129042
-0.01236743536057
-0.01041766591658
-0.00860167953326
-0.007036502308
-0.00562507888849
-0.00397895493611
-0.00230466369956
-0.00107130268497
-0.00085436865505
-0.00179080317179
-0.00371113763744
-0.00561521427428
-0.00668681837205
-0.00639542367936
-0.00465005999057
-0.0013975818308
0.00291468543125
0.00797398844199
0.01216703019484
0.01464989670101
0.01482207125153
0.01311849853391
0.01014892763435
0.00654346695763
0.00310291493659
0.00111274351064
0.000689956987
0.00162554565869
0.00369783275244
0.00630268127808
0.00774581959328
0.00714107365907
0.00445224066332
0.00060329833696
-0.00348462398298
-0.0072076313597
-0.01010065972279
-0.01185666517277
-0.01191089371574
-0.01048745350014
-0.00810245920932
-0.00489914096268
-0.00087116125544
0.00235469199929
0.00406388293136
0.00428583997131
0.00317508977826
0.00079932196094
-0.00282876990117
-0.00709130083031
-0.01061828469039
-0.01268155730862
-0.01376736258659
-0.01442787310979
-0.01449222388475
-0.01336460938769
-0.01112421488413
-0.00840080421508
-0.00580609187573
-0.00388053420956
-0.00304888712081
-0.002953002856
-0.00324400360817
-0.0038388741941
-0.00469130567077
-0.00568537647703
-0.0064149961903
-0.00666248207898
-0.00608125986842
-0.00480137072103
-0.00324369124661
-0.00229254922339
-0.00219825038135
-0.00286074456147
-0.004027271151
-0.0055712088636
-0.00708311717212
-0.00823709026185
-0.00886513343075
-0.00905860116432
-0.00891489659885
-0.00809389234469
-0.00658894078966
-0.0050419127371
-0.00384343402883
-0.00301927073662
-0.00291941164413
-0.00375659536837
-0.00546975039405
-0.00750263484814
-0.00937364516934
-0.0106262976768
-0.0111029077468
-0.01071803107511
-0.00958286515682
-0.00793818708424
-0.00644297133453
-0.00542958778194
-0.0050365478468
-0.00535233679657
-0.00635590296489
-0.00764191375481
-0.00888913589412
-0.0100660670218
-0.01087135229767
-0.0109012788966
-0.00966723712703
-0.00764054838057
-0.00554591938473
-0.00416054112291
-0.00379519295246
-0.00417550549579
-0.00468792014376
-0.004973406802
-0.0048922894031
-0.00439986267474
-0.00339150266888
-0.00198285078733
-0.00020984352986
0.00162698724486
0.00320015598838
0.00413167827074
0.00414297051682
0.00287332274964
0.00060130791758
-0.0020867984887
-0.0043081818734
-0.0056832758187
-0.00620951810109
-0.00606047333369
-0.00564964381735
-0.00596124325795
-0.00683843395022
-0.00739463610717
-0.00739017931955
-0.00715625164002
-0.00677100142255
-0.00634768281085
-0.00607035834264
-0.00578429419121
-0.00542597683937
-0.00528637054344
-0.00530043218067
-0.00513605700847
-0.00448235618195
-0.00342411385977
-0.00231716138218
-0.00157933117553
-0.00147928960378
-0.00182268981267
-0.00237610862418
-0.00319396564778
-0.00442821458498
-0.00609291063259
-0.00798376074316
-0.00950493148434
-0.00953521767476
-0.00823886245751
-0.00653953721305
-0.00541082032656
-0.00480386102625
-0.00418826186959
-0.00333723977687
-0.00240966870723
-0.00164521155607
-0.00095883921316
-1.816649749e-05
0.00100298996321
0.00173230998113
0.00193307366494
0.00157710385513
0.00062386718467
-0.00069469844226
-0.00206685887242
-0.00303782887754
-0.00340859238845
-0.00318009400366
-0.00262629520593
-0.0019261544807
-0.00140639557914
-0.0011222689281
-0.00092433753712
-0.00074595053379
-0.00062871029162
-0.00046700886997
-8.00404385e-05
0.00067392586183
0.00191326285756
0.00370789809384
0.00589546055749
0.00783089464535
0.00886909859777
0.00909159448825
0.00872017083179
0.00761932067539
0.0062038805653
0.00516230718698
0.00449894140004
0.00385529625425
0.00308186649045
0.00229798925221
0.0016645951473
0.00129071446125
0.00120030135407
0.00144149814866
0.0019814725322
0.00274235094302
0.0036463854081
0.00459667407242
0.00540027087842
0.00586602235893
0.00579704090435
0.00514489866541
0.00403451128406
0.00261366871442
0.00122896777269
0.00011887461232
-0.00075114142475
-0.00145912349854
-0.00196355950914
-0.00234561955975
-0.00270624903118
-0.00320512371793
-0.00385256335895
-0.00453222561738
-0.00490132642019
-0.00479969298523
-0.0038877131584
-0.0020945796191
0.0004658594653
0.00315349926136
0.00544182999359
0.006489779412
0.00660299598645
0.00651215673653
0.00628420686293
0.00558064518825
0.0042867201654
0.00285556000362
0.00182095518628
0.00137712161192
0.00145751768103
0.00184683181901
0.00225033962333
0.00247706795927
0.00246989115725
0.00226235212579
0.00206740094317
0.00206455856031
0.00229781213998
0.00252640820485
0.00255455509427
0.00229680743063
0.00182106574724
0.00120557071111
0.00062149774512
0.00027186361528
0.00088941122109
0.00199208101776
0.00241335693513
0.00206277992421
0.00153616409605
0.00108342016668
0.00086714542359
0.00108744866473
0.00129339368617
0.00114504233997
0.00075537612437
0.00044806677121
0.00038212842667
0.00024395759848
-0.00020264772852
-0.0008716870104
-0.00136286890817
-0.0013350622889
-0.00090615133187
-0.00029708149788
0.00050046225632
0.00149560861682
0.00265992828069
0.00368506457116
0.00442619979925
0.00493761832514
0.00528672262107
0.00542600904159
0.00528589395054
0.00495876337795
0.00474129210761
0.00460481801454
0.00425930426643
0.00345285004987
0.00226098997177
0.0009472458763
-0.0005233782167
-0.00237622562558
-0.00393582435247
-0.00455257742211
-0.00402195241722
-0.00251349940719
-0.0002794927512
0.00223997050763
0.00467058246707
0.00654776917458
0.00779802905689
0.00841148569234
0.00844859231352
0.0081796973138
0.00818923453875
0.00828013389948
0.00783094402209
0.00722255064946
0.0069326222313
0.00680355572285
0.00674354688091
0.00693342943368
0.00716355295731
0.00723659618558
0.00725656478385
0.00719157640488
0.00683017622692
0.00625831198228
0.00566452124422
0.00511073425397
0.00473647250828
0.00474759944962
0.00503317627409
0.0055743475069
0.00673773759994
0.0083704224914
0.01002127050985
0.01074486196703
0.01012480494935
0.00827675695973
0.0060491510322
0.00401330934066
0.00233498853264
0.0010179448901
0.00027251216805
0.00012807790021
0.00034818513716
0.00016833840708
-0.00059710831838
-0.00171206659055
-0.00248827003913
-0.0024853439305
-0.00173393297315
-0.00092769633628
-0.00087717330307
-0.00138986295803
-0.00188317954114
-0.00216006069208
-0.00244840154066
-0.00308029502198
-0.00418362904316
-0.00557171765871
-0.00648319835109
-0.00669053128833
-0.00649415032702
-0.00638286803274
-0.00646929557816
-0.00646769298088
-0.00617967952156
-0.00563757013066
-0.00505056332751
-0.00455012683296
-0.00425320945908
-0.00400931841186
-0.00358740596388
-0.00322578037036
-0.00320802406479
-0.00338045837991
-0.00348187069294
-0.00344705150298
-0.00347166688198
-0.00372826063264
-0.00450953378448
-0.00556450865447
-0.00634006483837
-0.00635619493171
-0.00571858340904
-0.00463234554788
-0.00331850989076
-0.00193779773101
-0.00084263684862
-0.00021986529091
-0.00052944897972
-0.0015421880585
-0.002639726753
-0.00329802713033
-0.00338424536129
-0.00284594334652
-0.00211737664593
-0.00161119742168
-0.00143999430487
-0.00145216996526
-0.00159791185801
-0.00181038426999
-0.00197376976054
-0.0019041721701
-0.0016356421289
-0.00143087248859
-0.00145510251433
-0.00175919561683
-0.00246743520107
-0.00347749119066
-0.00440374840961
-0.00516200770631
-0.00588784795205
-0.00637000861182
-0.00637802052482
-0.00584901314492
-0.00494336427507
-0.00384989379469
-0.00285760484476
-0.00219784785356
-0.00215618891151
-0.00271862971239
-0.00368345338662
-0.00482225815606
-0.00596801538538
-0.00683886760682
-0.00713247566562
-0.00675558621856
-0.00573384511577
-0.00425316115575
-0.00271035481457
-0.00162023551217
-0.00110866241562
-0.0004250827568
0.00053754762404
0.00078047067245
-9.394470347e-05
-0.00157562684652
-0.00228627945064
-0.00177456466431
-0.00059642187433
0.00035157656791
0.00077070889067
0.0011098742926
0.00169253164888
0.00237083819373
0.0029645580869
0.00344773741032
0.00368595120569
0.00366210653321
0.00352498624887
0.00305971458148
0.00208083678387
0.00119983656866
0.00070078498437
0.00033331189658
-0.00020596101521
-0.00099460031814
-0.00209467944599
-0.00339944910402
-0.00469769459175
-0.0053934998244
-0.00541375394905
-0.00529434703399
-0.00539458718612
-0.00568611712815
-0.00604428527636
-0.00634560362067
-0.00643098674067
-0.00633826366072
-0.00614375686877
-0.005771536744
-0.00523752299187
-0.00476212157864
-0.00455844574049
-0.00475487393172
-0.00525054020368
-0.00587046841247
-0.00648539990971
-0.00672767547877
-0.00634352979753
-0.00538343877663
-0.00418800532522
-0.00330924101767
-0.00288853400622
-0.00273057995722
-0.00268859577272
-0.00271710118022
-0.00269774120395
-0.00244426999549
-0.00190582414412
-0.0013701337296
-0.0009303228569
-0.00036132450273
-4.747230197e-05
-0.00042432031551
-0.00109506878402
-0.00173984959486
-0.0025809813116
-0.00336393434605
-0.00373122967757
-0.00410829086982
-0.00453446367186
-0.00426674297986
-0.0033518509987
-0.00241464609745
-0.00205903051209
-0.00224680381928
-0.00282370771177
-0.00351145916853
-0.00407201506599
-0.00411876839967
-0.00300504594146
-0.00012882209358
0.00326916105793
0.00599624492718
0.00744192936479
0.00767645600566
0.00676672174716
0.00484499936571
0.00211350808558
-0.00079190224681
-0.00315031553495
-0.00448586085719
-0.00496530150256
-0.00503072568494
-0.00466613534012
-0.00390965360611
-0.00304460100497
-0.00279783537267
-0.00329356068204
-0.00401046051736
-0.00454094383247
-0.00481485379166
-0.00462317864849
-0.00412032591384
-0.0039760621031
-0.0042669651752
-0.00464051525177
-0.00482240091925
-0.0048274266128
-0.0047697674597
-0.00472897261062
-0.00468575186077
-0.00456010844858
-0.00432542401682
-0.00401812464635
-0.00383268385349
-0.00393596496885
-0.00392348660756
-0.00337489812946
-0.0021236775475
-0.00076861080852
9.9671375e-05
0.00086485960249
0.00194943990791
0.00309486974796
0.0036288856469
0.00296361992881
0.00094537664461
-0.00168885630186
-0.00353283715076
-0.00384336533075
-0.0028519705292
-0.0012081146867
0.00068712383545
0.00252864089228
0.00413266151194
0.0053290427821
0.00590343490123
0.00596126150588
0.00578387878254
0.00555615110428
0.00537749531973
0.00581948907377
0.00696894741188
0.00819538194305
0.00903414679642
0.00940531283511
0.00914714010213
0.00835944690051
0.00735885514416
0.00653440632558
0.00618783741797
0.00641637551883
0.00695944024234
0.00733832837402
0.00734929108402
0.00702617505519
0.00666007120591
0.00641948195991
0.00626331191405
0.00605173365046
0.00570502305308
0.00524072925984
0.00466963572173
0.00393200302205
0.00344283086499
0.00351516349755
0.00350286117508
0.00307458771472
0.00271572829213
0.00256932732722
0.00235829328119
0.00183468406721
0.00112915698353
0.00068561752281
0.0009791955262
0.00204465758671
0.00306849076056
0.00351817333196
0.00335321959316
0.00260695025737
0.00129917183833
-0.00022349083182
-0.00172057334437
-0.00322855190833
-0.00435429652967
-0.00466891331853
-0.00416917131859
-0.00325304169867
-0.00220165844991
-0.00102848821982
0.00030706665574
0.00131577208411
0.00199410653756
0.00282153298833
0.00388433085161
0.0049674923271
0.00608916551409
0.0072972243836
0.00854680909265
0.00936718755029
0.00941285781588
0.00881361738834
0.00779676887658
0.00646078023708
0.00552997928451
0.00558932583407
0.0063555283457
0.0071829590901
0.00779617313546
0.00818436126905
0.00834648228566
0.00808440449648
0.00752815081598
0.00697400316084
0.00672256605944
0.00686618904594
0.00724941696383
0.00764500946182
0.00795684183183
0.00828672784128
0.00870836871718
0.00902301663486
0.00893215913701
0.00822561124288
0.00685968312355
0.00495485832174
0.00341928889341
0.00277808789632
0.00297297682131
0.0035188442116
0.00404125228267
0.00431590611321
0.00433803762744
0.00415094056693
0.00399213315903
0.0039381998031
0.00381544707711
0.00377713287258
0.00418622668912
0.0048871263134
0.00542409300934
0.005367091855
0.00499700029714
0.00470131090135
0.00405785360186
0.00281832994058
0.00142093058905
4.542264124e-05
-0.00140066036329
-0.00251442790461
-0.00311550493225
-0.00316836702757
-0.0026110624812
-0.00150550758007
-0.00052204032169
0.00020810439515
0.00118053348298
0.00210471473198
0.00238421177681
0.00203084498
0.001468156222
0.0008714846731
0.0001842895634
-0.00069836949565
-0.00197328565379
-0.0034377418404
-0.00471677226186
-0.00584268755498
-0.00700512338882
-0.00819787332168
-0.00932247905774
-0.01029678306632
-0.01092507633915
-0.01117433227667
-0.01120070589704
-0.01122936587521
-0.01136719138823
-0.01169622296537
-0.01210318392136
-0.01225976186204
-0.01204029298049
-0.01154642895959
-0.01086501919388
-0.01002957116944
-0.00911286512973
-0.00820526909882
-0.00739132357186
-0.00703596023725
-0.00717649395719
-0.00739638039423
-0.00763030485354
-0.00803509752654
-0.00819458547475
-0.00779589190272
-0.00691453424283
-0.00583652726978
-0.00468616941625
-0.0032271457446
-0.00151663666822
-0.00017816631076
0.00056560144904
0.00091482188766
0.00081756892105
0.00022179731693
-0.00065296382498
-0.0013277598982
-0.00157799800351
-0.0017249453328
-0.00185152475626
-0.00149942994724
-0.00084344780793
-0.00034741110307
-5.80357366e-06
0.00039153974092
0.00093572993211
0.00165528548473
0.00253268012441
0.00343371334235
0.00422439276343
0.00477257334671
0.00513893159355
0.00550324392584
0.00634964714643
0.0076931507113
0.0089532279779
0.00950563134598
0.00929570935004
0.00912308611521
0.00921178713755
0.00886416521726
0.0080093786847
0.00711087012103
0.00641369307369
0.0058350835368
0.0052830526411
0.00498843665273
0.00517342017402
0.00569268638157
0.0062278293583
0.0065690612842
0.0063521739475
0.00540294044268
0.0042165364945
0.00330500320516
0.00279193377866
0.00243696116435
0.00209781808929
0.00189302376061
0.00191270039207
0.00212719832385
0.00235894054586
0.00254172572876
0.00287454106706
0.00332408516891
0.00363712512227
0.00366319282152
0.0034395923948
0.00279622633495
0.00183827783526
0.000875960138
0.00025135230221
0.00018137740906
0.00092882867377
0.00234629365962
0.00426045603259
0.00595858657458
0.00710396274426
0.00776462032428
0.00789330362628
0.00720876702475
0.00610752829486
0.00506334224287
0.00418822859396
0.00363515541965
0.00374730610054
0.00458831652223
0.00585424815292
0.00712204858592
0.00803505029661
0.00835294634516
0.00803137172938
0.00719392609373
0.00595337088792
0.00453190574197
0.00312284274539
0.00235393417365
0.00240450025049
0.00283743122566
0.00317718292273
0.00333235469969
0.00343446580095
0.00348908399082
0.00326906230444
0.00291798937929
0.00268066007164
0.00234357686543
0.0018181965292
0.00146504334047
0.00141980565807
0.00154299526088
0.00174911417432
0.00195030078066
0.00201870474205
0.00190528529359
0.00171122396573
0.00191312760822
0.00260349603228
0.00363932990112
0.00448048737963
0.00472021682628
0.00425959730665
0.00344271493699
0.0025153241998
0.00200582922002
0.00232143783735
0.00352230917076
0.00511868390934
0.00673186176771
0.00821158180787
0.00957888388869
0.01097833881544
0.01214181585449
0.01222861157865
0.01108229832429
0.0091206258654
0.00657275165892
0.00365933392184
0.0010561683917
-0.00048535329547
-0.00075318004012
-0.00017280582143
0.0007186942505
0.00175502864922
0.00282371629903
0.00385722946102
0.00476849332509
0.00548835361808
0.00583551397318
0.0058595389781
0.00690178752969
0.00671640684765
0.00646570395692
0.00614914322721
0.00583021241392
0.00555658046725
0.00528221538331
0.00494201607534
0.00447931629213
0.00401298409821
0.00362936009298
0.0030690457122
0.00233585262562
0.00175635323398
0.00162655466167
0.00191513917373
0.00206660769508
0.00184877790666
0.00139922521756
0.0011337071576
0.0012468442999
0.00142383308272
0.00145025607982
0.0014094268817
0.00136662798096
0.00132305300666
0.00143348301544
0.00173037355414
0.00212196546266
0.00249795646771
0.00289520845357
0.00347002886226
0.004051625692
0.00435872111506
0.00406643120058
0.00318011225158
0.00197170774488
0.00064954470032
-0.00062462415158
-0.00102362450345
-0.00061709537926
-6.397796983e-05
-1.793296697e-05
-0.00056531077031
-0.00102562093392
-0.0010469616689
-0.00076007034971
-0.00031742890163
0.00027446330072
0.00098375503891
0.00171111555158
0.00225547265762
0.00246868679412
0.00240729647683
0.00260787768138
0.00338730779267
0.00472900910647
0.006099161084
0.00706867662207
0.00786269541364
0.00865868498123
0.00911748614869
0.00877631111338
0.00726348182128
0.00515447775324
0.00321329556864
0.00247663644949
0.00299606688837
0.00395842065212
0.00454861654872
0.00454602856343
0.00429276022896
0.0041231543424
0.00412228273557
0.00419434808968
0.0042655042677
0.00423844796021
0.00418847655108
0.00438645366922
0.00471980571124
0.00490793324287
0.00478721999098
0.00447615081365
0.00425316652279
0.00421710325362
0.00421186287859
0.0035681458145
0.00235291551
0.00163517304986
0.00187721354269
0.00265926598831
0.00301230432245
0.00272506264307
0.00210896327856
0.00134872461857
0.0004386339888
-0.00031773203189
-0.00062975493172
-0.00038924179031
0.00015052800177
0.00085388250882
0.00190355281401
0.00304804556939
0.00375748307631
0.00377581150804
0.00313924119058
0.00210459558376
0.00095653503679
-0.00018013086102
-0.00121965059627
-0.00199593777062
-0.0021777805018
-0.00188171219319
-0.0013449258297
-0.00090308170866
-0.00061099971319
-0.00024596057673
0.00030114595508
0.0009736973187
0.00163400840281
0.00213050012508
0.00226916826292
0.00208598269905
0.00162887966214
0.00086463010798
-0.00017948810466
-0.00135484948132
-0.00208163217877
-0.00195399759582
-0.0009471676249
0.00063788835444
0.00235412309335
0.00386724113204
0.00497672041071
0.00506579283202
0.00408050893892
0.00271256066683
0.00183890470519
0.00171766655707
0.00194230389536
0.00218820543469
0.00245866438902
0.00273689373968
0.00288877015585
0.00241593847999
0.00114402796996
-0.00065851097986
-0.00232016799637
-0.00342383155362
-0.00389029577666
-0.00384213842607
-0.00329727681854
-0.0023620405465
-0.00115088704339
-0.00020576007334
9.091665333e-05
-0.00031918649895
-0.00092459075393
-0.00139699360353
-0.0017519447497
-0.00191224634073
-0.00163455369378
-0.00109936670734
-0.00063619505423
-0.00061749940982
-0.00101104073356
-0.00158740856639
-0.00204360350062
-0.00233967932308
-0.00269267901455
-0.00311559080484
-0.00339610007287
-0.00332835196341
-0.00288813255185
-0.00211363045403
-0.00094619629852
0.00079168778001
0.00254949934531
0.00386421734334
0.00451406893084
0.00459738466814
0.00423730800153
0.00384796595496
0.00365976865184
0.00368921436425
0.00386302693451
0.00414583222101
0.00424491631334
0.00413905257973
0.00423038667047
0.0044181374361
0.00422043618367
0.00333563717959
0.00197279081297
0.00061577981113
-8.93272697e-05
8.592863638e-05
0.00074937749433
0.0014222541004
0.0017154714389
0.00174627823191
0.00182465951529
0.00225893869019
0.00285706599423
0.00294735995318
0.00181630840555
-0.00048508064999
-0.00224928875746
-0.00250012153048
-0.00096981920503
0.00115095896169
0.00263846549928
0.0026827940056
0.00169901932334
3.830044345e-05
-0.00242249807274
-0.00555840096623
-0.00734605905428
-0.00645230461207
-0.00281309171236
0.00170630453951
0.00552391775279
0.00727655055665
0.00737567114483
0.00632519921898
0.00483854604028
0.00336122721253
0.00194027944897
0.0002793541743
-0.00181627727673
-0.00365874784139
-0.00445750465331
-0.00367036962355
-0.00225019900695
-0.00129335289669
-0.00111119565714
-0.0013315200444
-0.00182624064443
-0.00268442129125
-0.00402219930093
-0.00566095109113
-0.00724429788383
-0.00834134603114
-0.00851391022857
-0.00767277207138
-0.00623804819696
-0.00491030547328
-0.00469630882276
-0.00549979828802
-0.00663978487903
-0.00769464811465
-0.00851504482021
-0.00868514340078
-0.00801271268816
-0.00675665318554
-0.00600328003942
-0.0061329583901
-0.00701143073084
-0.00803553010973
-0.00876402489202
-0.00896251402551
-0.00859380716323
-0.00762609280281
-0.0064825779216
-0.00555993915907
-0.00546217321105
-0.00601763149666
-0.00677497625023
-0.00740719604742
-0.00781843989903
-0.00779078033657
-0.0073030240039
-0.00626358563294
-0.00528526815401
-0.00504492793854
-0.0059104743071
-0.00725216918046
-0.00821887775812
-0.00821971286909
-0.0072559057117
-0.00605339957878
-0.00508257555707
-0.00425190956269
-0.00352223832587
-0.002988059269
-0.00256243605157
-0.00229497512417
-0.00250759888659
-0.00295442190061
-0.0031804042184
-0.00288500356921
-0.00229474541498
-0.00199817260488
-0.0021203371036
-0.00243596826248
-0.00255668366119
-0.00240695083964
-0.00220753106192
-0.00220211357466
-0.00248031286991
-0.00286894002714
-0.00316190296807
-0.00324022521404
-0.00327274301849
-0.00344385060204
-0.0037366718532
-0.00407650298242
-0.00446857041043
-0.00471654577289
-0.00462809485449
-0.00411583370378
-0.00324550315834
-0.00215104943677
-0.00113772170135
-0.00052042301873
-0.00077998141334
-0.00179852633819
-0.00284042388556
-0.0031519718026
-0.00234013552123
-0.00087614132918
0.00059018119092
0.00158084897363
0.00191731497057
0.00150407243434
0.00072737865325
2.132007189e-05
-0.00018055925793
0.00022886248459
0.00119353996072
0.00225401926397
0.00304791998072
0.00303111042049
0.0022438712702
0.00103892538955
-0.00021553516537
-0.00145598163501
-0.00261085209335
-0.00341438664171
-0.00351815830426
-0.00289635699951
-0.00191599038582
-0.00112500074999
-0.00079265577882
-0.00095446250174
-0.00137972355151
-0.00185092794173
-0.00231602786394
-0.00288849965718
-0.0036640579879
-0.00442350984025
-0.00495002369471
-0.00497215950258
-0.00464790780869
-0.00432673786751
-0.00423399546623
-0.00429327546453
-0.00427951223456
-0.00414251431866
-0.00395787858137
-0.00360387096033
-0.00305062067379
-0.00251359064682
-0.00232729220143
-0.00271173521652
-0.00316516827345
-0.0032501832147
-0.00303346977
-0.00283819012471
-0.00284221754936
-0.00300534220191
-0.0031851765878
-0.00302842368171
-0.00244031985617
-0.00155612196025
-0.00083443590858
-0.00056408923266
-0.00088027641659
-0.0015602803406
-0.00233623797888
-0.00294838076364
-0.00329638267015
-0.00324701344258
-0.00293256088505
-0.00257605866516
-0.00226441521485
-0.00194063474682
-0.0015543937743
-0.00113338728218
-0.00073829649483
-0.00050038829855
-0.00050642192167
-0.00076015192867
-0.00106931548581
-0.00119960900628
-0.00115293725157
-0.00106593296434
-0.00109375600675
-0.00121640675904
-0.00132107149656
-0.00124478872469
-0.00091684633406
-0.00038298865538
0.00016647250296
0.00053108807285
0.00061161788853
0.00042821055869
4.046906993e-05
-0.00040795943958
-0.00063265431251
-0.0006737632406
-0.0007419682996
-0.00096245799161
-0.00127602702749
-0.00159442006367
-0.00173970575827
-0.00165554632273
-0.00167360747602
-0.00192511864253
-0.00228828886933
-0.00263035697962
-0.00289675308685
-0.0029098046477
-0.00275931614732
-0.00269868580249
-0.00275165094492
-0.00277273803373
-0.00259253976272
-0.00228868066304
-0.0020591335592
-0.00202497236799
-0.00216700671151
-0.00237048289588
-0.00255647005311
-0.00272434023988
-0.00270851928788
-0.00239393362783
-0.00203183251482
-0.00181479275427
-0.00173536382525
-0.00168690162695
-0.00160460992033
-0.00141987220933
-0.00115788673319
-0.00092696878073
-0.00077704972299
-0.00067947333872
-0.00048484900866
-0.00018465666874
3.837177137e-05
0.00011463336491
8.9059315e-05
1.529302876e-05
-0.00011753424847
-0.00037600120242
-0.00066561715167
-0.00084152501322
-0.00089029044911
-0.00086992404605
-0.00079711385453
-0.00070367567056
-0.00062634922465
-0.00064236886436
-0.00087125142166
-0.00149851111049
-0.00226244873246
-0.00283659611469
-0.00321343081797
-0.00346482176285
-0.00347692657835
-0.00320208382811
-0.00270301592803
-0.00202660931431
-0.00130093544672
-0.00082183271001
-0.0007444327357
-0.00112628025164
-0.00177281715702
-0.00240556292384
-0.00276621386342
-0.00278582823725
-0.00253582413475
-0.00212301740194
-0.00168840976437
-0.00133284570257
-0.00110305493525
-0.00106219707715
-0.00130099877776
-0.00175595285301
-0.00221757815539
-0.00254043656645
-0.00270552126095
-0.00266359718726
-0.00246586802623
-0.00214470345209
-0.00175494707026
-0.00135489993147
-0.00104242158487
-0.00089139627344
-0.00097272835382
-0.0011542865247
-0.00128280988899
-0.00132424985593
-0.0013168691065
-0.00126805161034
-0.00121266700758
-0.00117486374498
-0.00109177342324
-0.00092561682408
-0.00070479083353
-0.00050586632599
-0.00037173837952
-0.00031289676081
-0.00030856684995
-0.00032816845023
-0.0003708127803
-0.00045922527073
-0.00055107792459
-0.00059174181797
-0.00054943013686
-0.00046923125269
-0.00040876138226
-0.00046120377529
-0.00061944227725
-0.00077486802241
-0.00085072207535
-0.00085017721374
-0.00077839835208
-0.00066333025716
-0.00057134042182
-0.00052988789601
-0.0005407986531
-0.00065114074981
-0.00083727206567
-0.00097834120123
-0.00102650155737
-0.0010157181064
-0.00095853704897
-0.0008475097963
-0.00068526769933
-0.00053096065939
-0.00043624694538
-0.00043794507592
-0.00053401353744
-0.00070529179277
-0.0008661830065
-0.00095356685059
-0.00095358799671
-0.00090131724154
-0.00084680220613
-0.00080435591973
-0.0007589271708
-0.00068848770692
-0.00059331092494
-0.0004921520434
-0.00042421748308
-0.00040567458454
-0.00040400640207
-0.00040467953586
-0.00043149776158
-0.00044802447896
-0.0004094809946
-0.00032647407662
-0.00024283717582
-0.0002052746785
-0.00022781580501
-0.00031034398328
-0.00040274911995
-0.00046577670559
-0.00049108411036
-0.00048590738838
-0.00045805107035
-0.00041683490885
-0.00036628729461
-0.00030966655586
-0.00026002747366
-0.0002276558673
-0.00021889976094
-0.00023044715596
-0.00025204668948
-0.00024765484301
-0.00019930782133
-0.00014540698964
-0.0001177240269
-0.00011959647881
-0.00013745980311
-0.00016590306032
-0.00018849764252
-0.00019171936755
-0.00016684486799
-0.00010693246098
-1.780125988e-05
5.461008564e-05
9.165066006e-05
0.00010213164628
9.9219288e-05
8.380706808e-05
5.4909942e-05
2.113366396e-05
1.017157438e-05
1.650235103e-05
1.459428346e-05
-8.5375628e-07
-1.67497285e-05
-1.290193859e-05
1.082518504e-05
4.237062191e-05
6.402072365e-05
7.162316392e-05
6.647945996e-05
5.364010102e-05
3.667270696e-05
2.209097163e-05
1.357181996e-05
1.707063439e-05
2.62857405e-05
3.024065648e-05
2.672246704e-05
1.928134917e-05
3.57169879e-06
-1.564363582e-05
-2.78794607e-05
-2.915651498e-05
-2.373361775e-05
-1.412330449e-05
-1.88519003e-06
1.164491409e-05
2.327226724e-05
3.157013597e-05
3.475864978e-05
3.312058712e-05
2.808569447e-05
2.502442237e-05
2.6275629e-05
3.118914074e-05
3.686063913e-05
4.09071275e-05
4.153796904e-05
4.010541023e-05
3.999774746e-05
4.190555741e-05
4.456467742e-05
4.892908759e-05
5.44085534e-05
5.729397989e-05
5.846223359e-05
6.13619364e-05
7.008810543e-05
8.487462543e-05
0.00010358063896
0.00012253096002
0.00013946041986
0.0001514209694
0.00015981286863
0.0001698768146
0.00018223785245
0.00019449079818
0.00020631652775
0.00021875678307
0.00023251024503
0.0002475813146
0.00026347246744
0.00027927463481
0.00029444735606
0.00030841109854
0.00032240650653
0.0003383338332
0.00035685300944
0.0003761336609
0.00039280442955
0.00040562209492
0.00041387208968
0.00041702876623
0.00041514633163
0.00040754864656
0.00039622269548
0.00038474142235
0.00037644151414
0.00037553641701
0.0003829924123
0.00039757250532
0.00041729454191
0.00044263586636
0.00047207986131
0.00050215222897
0.00052994961694
0.00055479062619
0.00057588812705
0.00059071327898
0.0005983492847
0.0006019877065
0.00060448906781
0.00060655720189
0.00060878903061
0.00061299689504
0.00062032096857
0.00063084572834
0.00064343647538
0.00065657229871
0.00066918612401
0.00068080382722
0.0006908485592
0.00069947832551
0.00070729573709
0.00071495782661
0.00072331108317
0.00073281299301
0.00074349769049
0.00075477769973
0.00076640506361
0.00077828242408
0.00079020293552
0.00080153843992
0.00081216431468
0.00082219090607
0.00083142403469
0.00083988184113
0.00084805820015
0.00085629295253
0.0008649747791
0.00087418021382
0.00088377561744
0.00089360480921
0.00090349196498
0.00091333328625
0.00092302937549
0.0009324998345
0.000941750567
0.00095081216512
0.00095971618703
0.00096847798245
0.00097711966359
0.00098568234193
0.00099419424811
0.0010026758842
0.00101112413732
0.00101952966882
0.00102789011721
0.00103620580451
0.0010444595562
0.0010526366666
0.00106072854845
0.00106873670453
0.00107666628718
0.00108452684973
0.00109232730147
0.00110007193602
0.00110775967998
0.00111538516631
0.00112293980774
0.00113041501703
0.00113780650054
0.00114511425827
0.00115233829022
0.00115948289003
0.00116654913109
0.00117353808681
0.0011804497572
0.00118728521567
0.00119404446221
0.0012007242766
0.00120732358543
0.0012138423887
0.00122027853961
0.00122663311155
0.00123290395771
0.0012390921515
0.00124519769291
0.00125121950855
0.00125715759841
0.00126301088909
0.00126877938057
0.00127446307287
0.00128005981917
0.00128557069288
0.00129099462058
0.00129633052888
0.00130157949118
0.00130674043406
0.00131181335754
0.00131679611479
0.00132168977923
0.00132649327745
0.00133120660944
0.0013358297752
0.00134036062793
0.00134480131444
