0.00076706506326
0.00076939411179
0.00077165280433
0.00077383981342
0.00077596974124
0.00077802466692
0.0007800022674
0.00078190486575
0.00078376564875
0.00078560950649
0.00078745867411
0.00078932144832
0.00079114539399
0.00079290927158
0.00079463067008
0.00079610615451
0.00079709843936
0.00079751526538
0.00079722786782
0.0007954912034
0.00079223723919
0.00078839321396
0.0007863555454
0.00078865007967
0.00079719932719
0.00080996064138
0.00082303789375
0.00083354283847
0.00083877307569
0.00084057014006
0.0008395944486
0.00083125958771
0.00081318208253
0.00078402948369
0.00075326898514
0.0007319607465
0.00073447464542
0.0007640407516
0.00082902910393
0.00091399523671
0.00099104532581
0.00103398504235
0.00103162081584
0.00098400840006
0.00091060686603
0.00085944512366
0.00082750184812
0.00078543129346
0.0007411242814
0.00070817445069
0.00066780438686
0.00060508136443
0.00052210577498
0.00044085656205
0.00037726703268
0.00035572482722
0.00040139349304
0.00054829479398
0.00075540521844
0.00097812902934
0.00122920231891
0.00152090652042
0.0017293832448
0.00180144071406
0.00171237369035
0.0014227771815
0.0008504979666
0.00023522122378
-0.00018326810935
-0.00031176076739
-0.00015158468633
0.00038902212356
0.00121003761468
0.00217283766833
0.00278453050393
0.00281728619196
0.00233307872911
0.00180229162322
0.00156134992705
0.0017465945749
0.00207270550697
0.0017085256827
0.00066643277706
-0.00057598949739
-0.00151613392897
-0.00201796888419
-0.00199344185935
-0.00149167427329
-0.00066153706263
0.000148255189
0.00070268137414
0.00075332108839
0.00028589296327
9.377138315e-05
0.00054832300275
0.00161954859517
0.00258877029159
0.00281687766264
0.00215943186679
0.00108155564278
0.00023090408775
-0.00034380048373
-0.00093015554135
-0.00170529362177
-0.00226765662551
-0.00204803279214
-0.0009191060015
0.0009282509518
0.00279792601757
0.00437895637147
0.00517915611584
0.00522383548361
0.00461571752842
0.00350315713235
0.00196005462681
0.00044347665867
-0.00083018566337
-0.00187780715541
-0.00262401001042
-0.0028767695205
-0.00309429030735
-0.00362396366476
-0.00425442628186
-0.00446465792339
-0.00363666424713
-0.00221393883701
-0.00086125114847
0.00042797643917
0.0016942278204
0.00242225659669
0.00235884594409
0.00142358162915
0.00012207532955
-0.0010891358362
-0.00190872794613
-0.00225583814786
-0.00208755692483
-0.00175809114074
-0.00156322697157
-0.002023403552
-0.00264929103901
-0.00231214649675
-0.00080552356831
0.00133244076328
0.00352555489311
0.00538904925217
0.00633311038803
0.00648572313456
0.00607290276794
0.0052699286084
0.00392616916045
0.00169405790406
-0.00037653791903
-0.00088580538647
-0.00074730266504
-0.00114742543611
-0.00209133822704
-0.0031872859826
-0.00455280865999
-0.00564620036942
-0.00595789396676
-0.00580108972936
-0.00564160068111
-0.00542838554766
-0.00485979968999
-0.00381559079498
-0.00230588049999
-0.00045321332933
0.00177450001439
0.00436217381462
0.0071947123208
0.00918149226506
0.00957837965651
0.00863492915748
0.00741428936081
0.00654798154201
0.00625018988864
0.00635715089461
0.00595789728543
0.00463120580068
0.00251325343192
0.00051681812462
-0.00081889153691
-0.00178170785209
-0.00267711317967
-0.0033410828336
-0.00347261201603
-0.00273358713061
-0.00089380074656
0.00155949943195
0.00334319351308
0.00399502510063
0.0037531365855
0.00272512118192
0.00089199107121
-0.00047333879097
-0.00078841544911
-5.920801098e-05
0.0006207325838
0.00050899168527
-0.00011720417334
-0.0009869348107
-0.00257266341767
-0.00572925029727
-0.01020796946119
-0.01257372588938
-0.01167481537363
-0.00764286997541
-0.00234346652448
0.00267345566417
0.00581478591526
0.00667440659701
0.00515130908508
0.00299404796586
0.00164525706953
0.00153119608291
0.00148184136096
-0.00040225535383
-0.00328883820646
-0.00533127769796
-0.00547579618779
-0.00447077756643
-0.00297810735773
-0.00163210514689
-0.00066155531536
6.342625039e-05
0.00051957163212
0.0003230123152
0.00041046012252
0.00163945303282
0.00341495993425
0.0045193198759
0.00370462746281
0.00092720125381
-0.00312561033508
-0.0078953981736
-0.01297408793716
-0.01747872929834
-0.02065279632099
-0.02212486915197
-0.02070314067286
-0.01727301769684
-0.01295590821669
-0.00871435508848
-0.0049676633765
-0.00258614455321
-0.0015743375751
-0.00107590393341
-0.0005577852187
-0.00010738028781
0.00028704962227
0.00059476458877
0.00063908454368
0.00041686251696
5.052797434e-05
-0.0004396578554
-0.00120426444167
-0.00246732790039
-0.00353969578192
-0.00375671412086
-0.00293102958105
-0.00141994004331
0.00028939373759
0.0022863676664
0.00485685602222
0.00797230190899
0.01054878114312
0.01034421448568
0.00641064799099
-0.00026651506714
-0.00657244020208
-0.01090732784261
-0.01288524359676
-0.01299801892736
-0.01192814669201
-0.01124527550505
-0.01077867595438
-0.00876363082589
-0.00474065581548
0.00040214052755
0.005614593276
0.01040006120639
0.01429119175992
0.01791606474257
0.02172510778499
0.02371431700186
0.02294075960798
0.0204597189283
0.01798040064272
0.01592093168469
0.01348718881007
0.01021661461851
0.00638314278412
0.00187140177416
-0.00327544003788
-0.00720107754604
-0.00982044074292
-0.0122929723311
-0.01338549122809
-0.01153943320554
-0.00728270044216
-0.00232006718657
0.0027837403266
0.00652618114337
0.00816965375951
0.01030851546175
0.01376457059106
0.01632450953187
0.01718114340303
0.01702148510218
0.01464522837541
0.00885897313866
-0.00062631128225
-0.00993887442025
-0.01563492133976
-0.0159808570612
-0.01223749398369
-0.00573942204667
0.00088134641013
0.006228296567
0.00782635306875
0.00632199281527
0.00251775687856
-0.00240012001592
-0.00747453333045
-0.01105691395441
-0.01223376378913
-0.01070881113596
-0.00641518130574
0.00046839926999
0.00660551747005
0.01024553690108
0.01097175334708
0.0082856614829
0.00205630260693
-0.00630595364239
-0.01334106739855
-0.01636281703705
-0.01632102160084
-0.01442751643269
-0.01007810625533
-0.0038938120457
0.00276443922468
0.00885075940954
0.01387188669563
0.01570747428772
0.01439387498939
0.00991422991418
0.00252806369817
-0.00699525310947
-0.01627176245682
-0.02289842654586
-0.02543211142156
-0.02426016659357
-0.02151222451939
-0.01975086912655
-0.01901080383544
-0.01821242272686
-0.01792697987594
-0.01836954555738
-0.01756873185751
-0.01405693620519
-0.00748531571669
0.00115842951006
0.01082098910443
0.02228434824419
0.0312741403681
0.03179972610929
0.02521779780556
0.01473012348847
0.0024392634962
-0.00988401334703
-0.01960334059538
-0.02590337371544
-0.02852743947966
-0.02685785882027
-0.02201886392539
-0.01567950114719
-0.01021948527536
-0.00753024730402
-0.00805445579366
-0.01091244524476
-0.01142384363563
-0.0073452376186
0.000417138631
0.00763091277701
0.01231225717148
0.01426778843959
0.01455603557378
0.0137128257569
0.01250193955614
0.01109444488884
0.00970465537098
0.00853030781981
0.00769266674533
0.00664064899997
0.00514018819365
0.00409348697113
0.00503517193323
0.00899335306587
0.0141691407231
0.01864654569036
0.02125697832356
0.02077305195278
0.01606084053017
0.01126731484854
0.00949255863217
0.01055281333742
0.01134087667474
0.00959466109292
0.00625759054155
0.00324957127134
0.00168437964214
0.00181717224545
0.00376211029199
0.00644023732793
0.00849801375995
0.0073340503536
0.00221816152345
-0.00607949034463
-0.01304305007505
-0.01575299328114
-0.0136516525573
-0.01007800005762
-0.00719737721959
-0.00475552017619
-0.00125688242013
0.00454872668552
0.0113793567512
0.01707111593818
0.01749791789705
0.01303267920494
0.00732059643122
0.00480484569378
0.00791167629133
0.01376553300781
0.01845845627135
0.01815369871194
0.01416865951472
0.00976179637629
0.0084775076459
0.0099751542129
0.01134834038254
0.00978322508294
0.00426230150579
-0.0030457559627
-0.01027383195342
-0.01741374293722
-0.02313810813982
-0.02616267533632
-0.0258806639989
-0.02205896019825
-0.01412740834177
-0.0061081504516
-0.00134271074557
0.00101371588194
0.00276264448339
0.00401668611478
0.00461894328386
0.00430660254422
0.00222906603706
-0.00155337215596
-0.00600906135087
-0.00898410059039
-0.00934918176772
-0.00636634695256
-0.00026301479062
0.00824394569496
0.01612062320351
0.02128241931245
0.02272335630235
0.02079677386624
0.01598556958458
0.01010913258002
0.00409956347135
-0.00187697881327
-0.00747572473601
-0.01143783850259
-0.01228195763737
-0.0097219821911
-0.00495643628735
-0.00038326620769
0.00197777537406
0.0016223976806
-0.00067771329693
-0.00298999353642
-0.00409355002602
-0.00300013475398
0.00014800562438
0.0047209992831
0.01064268978681
0.01739535082133
0.02315400129085
0.0259661232873
0.02540048773475
0.0212277474039
0.01453823086398
0.00793748233484
0.00330089297401
0.00087824178645
0.00132247178513
0.00272291658383
0.00241012715888
-0.00053678063915
-0.00516752082924
-0.00904739774419
-0.01168592299036
-0.01425239972769
-0.01810815316909
-0.02288821165363
-0.02476456257295
-0.02168167955899
-0.01392053188414
-0.00258289092087
0.01163597024255
0.02416825911298
0.03309826524488
0.03819092000729
0.03847622679239
0.0337611812184
0.02727180753756
0.0213068348297
0.01672331843814
0.0123628703363
0.00686296726836
-0.00134821278255
-0.00908663447934
-0.01196524619824
-0.01115001284056
-0.00958731353886
-0.00986190099261
-0.01168681903353
-0.01354825913064
-0.01347321717385
-0.011386067119
-0.01035796708911
-0.01177803291033
-0.01471331106352
-0.01703378080578
-0.01748465313935
-0.01314799996189
-0.00494873695338
0.00433862115377
0.01171093586973
0.01646201565417
0.0183533835934
0.0187303190901
0.01881910037561
0.01883821264472
0.0183278828683
0.01752876501311
0.0167099209333
0.01579048771011
0.01374370274106
0.01005374051826
0.00588421598681
0.00156438054419
-0.00390288863123
-0.01174280513874
-0.02130333694263
-0.03045298316942
-0.03676631091529
-0.03979377531806
-0.04088087481317
-0.04115327193915
-0.04095740353789
-0.0386117616197
-0.03307549247345
-0.02592143064481
-0.01868696387502
-0.01182619689047
-0.00588612422691
-0.00176256471927
0.00050779131928
0.00175476084693
0.00223807724461
0.00213670953927
0.00152121913993
-0.00065668017674
-0.00394639982419
-0.00595326109166
-0.00599851790948
-0.00457878395611
-0.00192399187573
0.00127278021731
0.00352236232446
0.00576006754522
0.00960593132489
0.0128265428126
0.01373361727729
0.01325132037762
0.01308301691945
0.0134776276975
0.01213787721309
0.00798585871039
0.0019944444321
-0.00243776245794
-0.00363551930307
-0.00318344295297
-0.00194701321617
0.00156868453826
0.00614026530282
0.0090962586468
0.00649314369954
-0.00098974838628
-0.00873570414686
-0.01140047018341
-0.00780159572762
0.00080385958294
0.01106841981255
0.01801977676235
0.01953301779933
0.0151018685721
0.00674840317009
-0.00254523055798
-0.00990895653415
-0.01336338219235
-0.01284123792071
-0.00871072777295
-0.00152631663001
0.00772980607571
0.017841835862
0.02805730553645
0.03409855806815
0.03453078274759
0.02782646158316
0.01596557122833
0.00201168297537
-0.00801449226794
-0.01198261947985
-0.01104704752342
-0.00731442700801
-0.00147695195202
0.00726499529271
0.01844439171214
0.02916007251246
0.03566523978397
0.03504471329011
0.02806349487173
0.01697767190947
0.00263160215108
-0.0110282140233
-0.02040367640556
-0.02247343658541
-0.01895649034416
-0.00990738679925
0.00015659044813
0.0071143173357
0.00960175642741
0.00760211328554
-0.00040244850091
-0.00874134258152
-0.01199806792796
-0.00919130227851
-0.0025192539344
0.00631996842142
0.01424814186325
0.0199000935024
0.02550662902716
0.03213242030377
0.03802631355689
0.04052750193336
0.03734253305205
0.02747093156237
0.01300134424315
-0.00247496451134
-0.01349169557538
-0.01757551191755
-0.01537700360779
-0.01107773202424
-0.00679284027434
-0.00456120491644
-0.00506661309273
-0.00609004706074
-0.00642329547451
-0.00686031564429
-0.00933960074308
-0.01419455516255
-0.01826207347493
-0.01957797593609
-0.01742969582446
-0.01334141585979
-0.00894578976654
-0.00548245013805
-0.00242035167527
0.00161308082276
0.00663470192821
0.01174666476176
0.01599376008296
0.01696403877846
0.00984433522765
-0.00249800144957
-0.01411860388788
-0.01910421467736
-0.01815357923952
-0.01221570354108
-0.00474370899964
0.00189475299124
0.00818328025316
0.01428701686245
0.01779768748277
0.01838383246805
0.01650839750398
0.01240376309199
0.00825211959995
0.00884741418167
0.01623423815975
0.02844065935725
0.03959146868063
0.04530882151571
0.04183695288365
0.03282373420866
0.0216859706102
0.01029124174049
-0.00129041401518
-0.01306799326217
-0.02455277115255
-0.03450114694916
-0.03876568192553
-0.0372883390332
-0.0303459989327
-0.02049308492129
-0.01062891063394
-0.0051923047198
-0.00348610244387
-0.00332781807589
-0.00243258166904
-0.00010231107287
0.00402943979601
0.00875586179967
0.01153209228884
0.0119287009113
0.01036947294725
0.00577000698713
-0.00203563022709
-0.01173515226627
-0.02014675095844
-0.02486358861878
-0.02242726049366
-0.01433047827524
-0.00158271192827
0.01169566994892
0.0218289392772
0.02394645192107
0.01852458425785
0.01012397039131
0.00354772034638
0.00015287309686
-0.00025812724014
0.00168093219898
0.00600723275906
0.01111710814387
0.0155159234871
0.01757224965665
0.01618481640049
0.00992364500491
0.00064824907418
-0.00968114585295
-0.01692934863277
-0.01914338835761
-0.01632064990885
-0.01251795549827
-0.01088205278764
-0.01310102738732
-0.01813005312809
-0.02389769721617
-0.02553057329207
-0.02069274989068
-0.01067308888128
0.00046756760917
0.00731233624059
0.01046727108206
0.01288395594953
0.01666039297633
0.02152554901331
0.02680492258054
0.03061528313831
0.03120348570421
0.02958013091675
0.02757168000231
0.02541368943757
0.02515433803652
0.02976626563416
0.03808034164182
0.0466097766492
0.05104412840112
0.04946878493458
0.04123501098902
0.02781784297526
0.01133948614848
-0.00659351049147
-0.02004401794879
-0.02542605483342
-0.02439078977679
-0.02028926496649
-0.01568217932069
-0.01312818081427
-0.01430980290858
-0.01771347601747
-0.0208796678162
-0.02216745775234
-0.02206390834779
-0.0214222252789
-0.01861058117215
-0.01250569298145
-0.00371088980902
0.00442169099369
0.00981303677133
0.01253349355071
0.01283668469389
0.0095705641688
0.00475514848421
0.00103282549611
0.00139569510613
0.00511744860901
0.00876843295359
0.00999125312199
0.00882960615319
0.00844898360474
0.01081061491564
0.01578356162821
0.01968178751623
0.01913852981238
0.01359234777365
0.00565069386002
-0.00239484862709
-0.00863218129174
-0.00928802184284
-0.0058642574547
-0.00101201804605
0.00318999833848
0.00584296149518
0.00583601550121
0.00594712153655
0.0091788240476
0.01408777336522
0.01811459140526
0.02044582362169
0.02046994377655
0.01706690453525
0.01197256720286
0.00746613375533
0.00481851201157
0.00431852323716
0.00544924344163
0.00644686472876
0.00604348268361
0.00312573279431
-0.0027302847137
-0.01145413985107
-0.02347489758349
-0.03595588964135
-0.04540489725641
-0.05074066844498
-0.05203063875285
-0.0474241139637
-0.03827033598225
-0.02702546535597
-0.01417927928572
0.00059798437059
0.01275027958215
0.01988941399519
0.02053283937026
0.01632201720437
0.00980449117436
0.00417609219607
0.00054917125696
-0.0004332952851
0.00218271239601
0.00836938178379
0.01491954037886
0.01923353030128
0.01975463914525
0.01560240160978
0.00677474020215
-0.00586548204704
-0.01965262297014
-0.03215869759962
-0.04057834408699
-0.04529584548302
-0.04690404386607
-0.04631653822264
-0.04366050031037
-0.0373513275499
-0.02801344920093
-0.01916082469411
-0.01348454714203
-0.0117745914408
-0.01235650511107
-0.01328354806391
-0.01376198534056
-0.01374403792758
-0.01284361077579
-0.00947390765937
-0.0032189541397
0.00751201780338
0.02174290253877
0.03753063574577
0.05476164561097
0.07309531957315
0.08450467054005
0.08698963057896
0.08084559525744
0.06923161457821
0.0553873492432
0.04335043618415
0.03300897288289
0.02202493378825
0.00886730634021
-0.00411159699935
-0.01368163681696
-0.02047532667298
-0.02585413780217
-0.02886746131612
-0.030106582833
-0.03114371630559
-0.03395797884962
-0.03782805570716
-0.03981036871024
-0.03855089705719
-0.03510441631516
-0.03208116331533
-0.03130948097476
-0.03287744701914
-0.03296363309811
-0.0290916745499
-0.01780286462113
-0.00051975382757
0.01911826928053
0.03410074839592
0.04255026962657
0.04273923517668
0.0382619729126
0.03339247604422
0.0290876124875
0.02322044455181
0.0132632808947
0.0005761225764
-0.01243026937665
-0.02553187753269
-0.03836362403307
-0.04981897188309
-0.05948784194451
-0.06603025142542
-0.06566549547858
-0.05743009538059
-0.04444888555951
-0.03641967495271
-0.03492467669109
-0.03624853070579
-0.03460120510399
-0.02754784525379
-0.01438551523841
0.00282957260326
0.02240642583044
0.04118128158515
0.0568352886446
0.06359377727845
0.06368533961648
0.06130050410596
0.05965390861342
0.05934158778585
0.06006233836847
0.06244850135037
0.06773781104083
0.07297186473535
0.07501215505069
0.07236786526009
0.06739714869943
0.06220099431265
0.05981088210342
0.06040303389666
0.06163754908787
0.05914966861193
0.05085881339728
0.03659911589572
0.01837836328599
-0.00105518044592
-0.01110672399905
-0.01254978494315
-0.01251405605111
-0.0141241560369
-0.01593080475304
-0.01757421099561
-0.01830313216453
-0.01700837964104
-0.01367423616405
-0.01021347514871
-0.00955353602975
-0.01315552008723
-0.02221247230664
-0.03794553692377
-0.05903470959093
-0.0809396466043
-0.0972786952664
-0.10515657413654
-0.10267808552057
-0.09292160234846
-0.08040288355415
-0.07212975008234
-0.0677822149583
-0.06355458368613
-0.05866676771278
-0.05485778772525
-0.05306895367496
-0.05332761147222
-0.05521985554256
-0.0545838308204
-0.05022770031921
-0.04479694855382
-0.03449610255794
-0.01567110489075
0.00573501816039
0.02699539481067
0.05001381149404
0.07262957624151
0.09465206084507
0.11691339073564
0.13763674547885
0.15685690482471
0.17579992133442
0.18783122582691
0.18757957044115
0.17566126694938
0.15474267435381
0.12818740599594
0.09331808486115
0.0501821016775
0.00509196115862
-0.04005917003255
-0.08098119645832
-0.10916782757472
-0.11473199021321
-0.10074402610194
-0.0792350406127
-0.05541708460198
-0.03256804994728
-0.01189611148907
0.0036634625755
0.00915674156129
0.00309810114579
-0.00888759010281
-0.02402270851416
-0.0447520136478
-0.06864673069074
-0.0920586132081
-0.11344494034236
-0.12783874563951
-0.13263251026599
-0.12733563398869
-0.11115790628534
-0.08420074596893
-0.05045051638936
-0.01896631363233
-0.00199651230063
0.00193088742578
-0.00329993719462
-0.01790948380323
-0.04439615175917
-0.07314171469767
-0.09131313847114
-0.09021538601825
-0.07389804151312
-0.04968151222229
-0.02221949794888
0.00495087750097
0.02950972847242
0.05125360338396
0.0707436376602
0.0842237112237
0.08402449095722
0.07232077321309
0.05649011290052
0.04239273196124
0.03117659445285
0.01990733485874
0.00551201292556
-0.00948195877325
-0.02073879655397
-0.02380164802489
-0.02217449003194
-0.02234679249763
-0.03136649587028
-0.05018246673213
-0.07665921515822
-0.1022215349282
-0.12019549733476
-0.12844666115532
-0.12711238649033
-0.11661086000946
-0.09695379664757
-0.06748811367535
-0.02600704591108
0.02517292595443
0.08018119583466
0.13113771112508
0.17502965606954
0.20289580240943
0.20870335692438
0.20080340884265
0.18936647965795
0.17291223966735
0.14963064846537
0.12030225922003
0.08673346179053
0.05201752997303
0.01370286308423
-0.03051292513932
-0.07076298555548
-0.10001321992367
-0.11299827941173
-0.10798352398823
-0.09656594269881
-0.08539374449291
-0.07596607598019
-0.06549843320614
-0.05113154239111
-0.0333583600299
-0.01413321934771
0.00604982135942
0.02741336244755
0.05090580588393
0.07223183263102
0.08584966453638
0.08905318483015
0.08128827377395
0.06191299939802
0.03116081081821
-0.0083461576721
-0.05058183649506
-0.09462776811893
-0.1401977696275
-0.17968420213566
-0.20792598968766
-0.22603704670038
-0.2378234990979
-0.24279560950351
-0.23671867785995
-0.21683929622967
-0.17409773797808
-0.1194198889976
-0.06213040602232
-0.00072236246473
0.07968973274515
0.16847148286606
0.2441909478517
0.29451223490279
0.31935559617651
0.32881412839868
0.33163155364327
0.32632146902579
0.30156306592002
0.25183751483489
0.19461589883362
0.15627341478218
0.14048154982052
0.1290520876623
0.111023300688
0.08728917449455
0.06263929217362
0.03809537525514
0.00679863468689
-0.03442179734777
-0.07971561843695
-0.11885053652521
-0.14730919971297
-0.15680556486931
-0.14156991041344
-0.1126371076376
-0.07169490364694
-0.01297103143432
0.04873306711222
0.09896385380237
0.13520146605611
0.1620178148465
0.16831069289586
0.1554070737766
0.12156010472064
0.05930073485431
-0.02310156617157
-0.107591588065
-0.18781904627705
-0.24647386674747
-0.27902684989465
-0.29255381638445
-0.2864622161822
-0.26831933304328
-0.24311048571347
-0.21493278184205
-0.18550304015729
-0.15969231730641
-0.13994053886197
-0.11961124399619
-0.09387768041894
-0.06238866557817
-0.02561641422848
0.01755217165212
0.05593084921058
0.08446969166934
0.10474014636646
0.12062320861152
0.13124546861388
0.13878826052239
0.14754286786161
0.1596989214765
0.17401035717487
0.18404843021223
0.18535439655016
0.17503161408982
0.15500969522073
0.12689534492065
0.08395947804667
0.02156194495971
-0.05394246302596
-0.13213381245749
-0.19368550733423
-0.22841521166724
-0.23919394735784
-0.23834466435941
-0.22275334713561
-0.18626208828905
-0.12589197568247
-0.02512094217542
0.08311832581041
0.16869469717763
0.22196502826005
0.2464479146821
0.25638075242628
0.25447473584043
0.23209038254026
0.19018815125179
0.1365410174198
0.07110464350041
0.00297916269748
-0.05927677399601
-0.11761754792608
-0.17055003754377
-0.21297286991841
-0.23596626708506
-0.23861430698229
-0.22861174380419
-0.21082083970014
-0.18506849240294
-0.14470709032528
-0.09520020696226
-0.04771824843343
-0.00828199434323
0.02484843221437
0.05551233067308
0.08305802542324
0.10277837598289
0.11458361210036
0.12022699159311
0.1212555827874
0.11968591426099
0.1198753112393
0.12464063479159
0.13725761965438
0.15592750892885
0.17434584237791
0.18747041910741
0.19370780885332
0.19552866815051
0.19716225442359
0.20473534586622
0.21484566653312
0.21988086501578
0.21111673306945
0.18257327764766
0.13652644842147
0.08279200015985
0.02750606641096
-0.02853495296764
-0.07776499881292
-0.12230717242325
-0.16028456866001
-0.18513718904656
-0.19864952016445
-0.20690476595949
-0.21310704408756
-0.21766312496449
-0.21985288855657
-0.21607848919833
-0.20521917599533
-0.18865376027715
-0.16721177890552
-0.13939587735714
-0.11286022238882
-0.09224270030092
-0.07882103547788
-0.06966662694753
-0.06230413883842
-0.05684537742704
-0.0557097588532
-0.0582282707311
-0.0616016409872
-0.06193005740517
-0.05758743392521
-0.04242897192975
-0.01950595065801
0.00354528111773
0.01726955963391
0.0194443327555
0.01389662744337
0.00516503513909
-0.00315569747378
-0.01007975895719
-0.01603428446533
-0.01950507784558
-0.01893928963383
-0.01073499882749
0.00408066027898
0.02103756721748
0.03141800507828
0.03354908447959
0.02737280155971
0.0153766020477
-0.00040937060039
-0.01964406077978
-0.04111772889311
-0.06260839527739
-0.07802534913619
-0.0828358067152
-0.07364091030794
-0.05568994634294
-0.03342224458978
-0.0167129674801
-0.00905422426574
-0.01397254553126
-0.02501772463872
-0.03362923056381
-0.03362800265278
-0.02413991428046
-0.00447175325789
0.02130991788197
0.04918885440855
0.07556488094412
0.09994711184923
0.1218575910556
0.14128705945038
0.15599587370462
0.16403616869739
0.1600336433835
0.13930693677507
0.10071870458548
0.05135193582601
-0.00303942890226
-0.05671717687908
-0.10380520827761
-0.14358209152244
-0.17686339183907
-0.20069601640848
-0.21486202761781
-0.21763717289912
-0.20674437423071
-0.18459674226334
-0.15644678254365
-0.12953322966188
-0.10762686561677
-0.09610421496809
-0.10438478227959
-0.12692435017018
-0.15032428544517
-0.16635008404975
-0.17638294676196
-0.18552318453539
-0.19577006881991
-0.20367512766644
-0.20069093883047
-0.18363817518404
-0.1596036754054
-0.13733348464341
-0.11999382124623
-0.10526502854781
-0.09140307465674
-0.07576171176213
-0.0563974553986
-0.02560059408838
0.01556060949224
0.06105322937574
0.10479443994566
0.14627390478824
0.18371188303209
0.21609933049891
0.24998950874809
0.28873122981532
0.3289343641184
0.36637977620195
0.39573415069944
0.41800148739797
0.43416245577522
0.44644222972218
0.45507909035052
0.45978995438968
0.45911062091394
0.44865612010649
0.42949639389494
0.38674020027145
0.31174739311604
0.22270874409744
0.13083597688173
0.03421803049183
-0.06618765634362
-0.15670374781491
-0.23209721901784
-0.27366280356582
-0.28446994714382
-0.28487446085832
-0.28730808094184
-0.28816240833148
-0.29166139056636
-0.29990293021946
-0.30627688358299
-0.30649495394299
-0.30155629581602
-0.2974443536741
-0.29724669318649
-0.30145444557483
-0.30716618984335
-0.31198391532813
-0.30893428215342
-0.29372912635237
-0.26480325961446
-0.22567803206723
-0.18301283660644
-0.14604873245639
-0.12956177029642
-0.13186224500111
-0.13410626898561
-0.12755038567025
-0.11569404190487
-0.10316002400297
-0.08679558745084
-0.06312192757849
-0.03286246982336
0.0008433180058
0.03744481472143
0.07607718533421
0.11530436268298
0.1472168740789
0.17072552925943
0.19004163159886
0.20712164159525
0.21604666307214
0.21628554154592
0.20952034918163
0.19939443072608
0.18776050478945
0.18063500350742
0.17907648574055
0.1781050753757
0.16878078369624
0.13484513955249
0.0797570687306
0.0210148342702
-0.01863754875312
-0.03266745432245
-0.04057449442001
-0.05659186358135
-0.07722634411606
-0.09334118286306
-0.09891888570957
-0.09775890803602
-0.09432968442185
-0.09197607767541
-0.09139822938622
-0.09231687276395
-0.09334931362523
-0.09239459621291
-0.08823184510415
-0.07982181614688
-0.06601083715658
-0.04812571577174
-0.02524997239299
0.0114694157279
0.05776408717833
0.10502140436386
0.14483678427854
0.16213456595386
0.15302582243879
0.13544439331758
0.11461500679836
0.08941571726244
0.06024008678548
0.02801798915303
-0.00524921673629
-0.03684114711401
-0.05990353960533
-0.06965610673689
-0.06427679448725
-0.04717723747488
-0.02118960583265
0.00171009608134
0.00824894030601
-0.0076958725887
-0.03551251420237
-0.05810995984488
-0.07079245541998
-0.07934475612178
-0.08744598205063
-0.0922726347804
-0.08816308208697
-0.07872296853011
-0.06953759672996
-0.0614648118753
-0.05234584683065
-0.0410129582149
-0.02834049500471
-0.01571647454364
-0.00409439297034
0.00585111216942
0.01723589827854
0.03320463884477
0.05775306916593
0.08955709296379
0.11850313726658
0.1270727946566
0.11743724412668
0.09994236613907
0.08019257890169
0.06383295443329
0.0609519101231
0.06772334160285
0.0764479812758
0.07788742486041
0.07080904881216
0.06247986286158
0.05868190088645
0.06173787273698
0.07033690043114
0.08402097315808
0.09674299419335
0.1052748186492
0.10930508811481
0.1101917726192
0.1059756571612
0.09543772477789
0.07749535619004
0.05501250451391
0.02956635508256
3.523347972e-05
-0.03933364055298
-0.09358225166461
-0.14167740240796
-0.15879136248475
-0.14604033619995
-0.12059752204043
-0.09243578101229
-0.06009695218455
-0.01626635632965
0.03269665537401
0.07106505166667
0.09620075532377
0.10710895266013
0.10983650809268
0.10267320706327
0.08819085942547
0.07352429194772
0.07348854978097
0.08541186447717
0.09964952595392
0.10921511874243
0.1133820845728
0.11113523971162
0.10053999375173
0.08074517204798
0.05165546215572
0.01148996498478
-0.03659131700139
-0.08301750435954
-0.1203793189333
-0.14670131738394
-0.16697223669604
-0.18565852024199
-0.20435817806203
-0.22196297067942
-0.23108389374435
-0.23028180235328
-0.22098552031982
-0.20726962146669
-0.18976505293805
-0.17472898380329
-0.16672867888566
-0.16277088935708
-0.15983472179808
-0.15592156849445
-0.14958936410563
-0.1380002071411
-0.11791005624338
-0.08570450554161
-0.04081433531054
0.01701012526589
0.06018293914282
0.09345166166818
0.11976914671615
0.13819116389828
0.15025937209497
0.1557855026786
0.15901982030824
0.16379735659718
0.1766808977119
0.19640108233763
0.21799545742302
0.23738231398669
0.25401699052382
0.26329926773429
0.26493869488141
0.26071259020132
0.25391825984037
0.2461895555659
0.23225608415455
0.20754583507287
0.17269350557167
0.12942069327613
0.0714211458628
-0.00534243177618
-0.07379927764288
-0.11467484257055
-0.12527901577544
-0.1164932460457
-0.10340311719837
-0.08969047065011
-0.07368046895489
-0.06124063514699
-0.05698764917157
-0.0631520279919
-0.07507292005285
-0.08995105328086
-0.10760267245098
-0.123739514036
-0.13242194011926
-0.13391132981431
-0.13306277692515
-0.13408791669387
-0.13693696894394
-0.13986815848529
-0.13991239646884
-0.13347718030139
-0.12088913431456
-0.10485235088436
-0.08854290483391
-0.07398031155154
-0.06850339696911
-0.07177319127124
-0.07894986657474
-0.08773978465252
-0.09933551260036
-0.11149594687078
-0.12264288993378
-0.13238905201596
-0.13564739687748
-0.13102610396929
-0.11746538651981
-0.09911750861393
-0.07972428018766
-0.0661620361461
-0.06183613880545
-0.06435647595649
-0.06973193853914
-0.07678698427799
-0.08492843258947
-0.09322947614692
-0.1019120681641
-0.11241286453572
-0.12701027075487
-0.14645517100438
-0.16974651912097
-0.19464692847699
-0.21516578625501
-0.22587127871253
-0.22876387202368
-0.22660583499744
-0.21996618823836
-0.21097290154605
-0.20155180401663
-0.18912843085377
-0.16970463739911
-0.14502830521105
-0.11830823128207
-0.08628105954621
-0.04921198559724
-0.00979753854304
0.02529463848605
0.05086425602991
0.07271728891256
0.09574330868823
0.12131521943889
0.14795040157349
0.17368456251286
0.19752485322945
0.21595443699841
0.22902199883239
0.23669508205627
0.23638017265953
0.22242456566301
0.19305522392577
0.14887040560937
0.09274405305216
0.02945484416845
-0.0413464190241
-0.10883330478842
-0.15810678549708
-0.1761177179814
-0.16449444500255
-0.13382146000228
-0.09839400352821
-0.05632553963691
-0.0147638379427
0.01753305606433
0.03972700350794
0.04562041223401
0.04222829144476
0.04036379152614
0.04508218896535
0.05654596625859
0.06947089129341
0.07966895781814
0.08322246593972
0.08009315129577
0.06735861884279
0.0471008414973
0.02600284778286
0.00928840680954
-0.00179140237553
-0.00858566337611
-0.01167855552423
-0.0124368635907
-0.01484601173944
-0.02267168116043
-0.03658604030268
-0.05560236641903
-0.07860555368706
-0.1050270461172
-0.1257996500484
-0.13501538775623
-0.13193794405623
-0.12229671858618
-0.10991751703329
-0.09042340078259
-0.06137643546857
-0.02678139646911
0.0075604605525
0.03952708631898
0.06400081318856
0.07856838448858
0.08730347799861
0.09200123325795
0.09387900789031
0.09546669684063
0.09969718217626
0.10595607695843
0.11224135523417
0.11690804766336
0.11988951518301
0.12064083079401
0.11568627619733
0.102690331444
0.08217943849423
0.05889406399883
0.0373426326124
0.02410992670212
0.02103227392538
0.02688503547797
0.0369538162469
0.04950137435682
0.05956032188154
0.06498466859754
0.06340076294064
0.0590778192238
0.05769658525896
0.05927046850698
0.06095134594777
0.06233626364568
0.06350115296331
0.0638424790404
0.06244425344197
0.05942501936172
0.05433566004699
0.04696387963826
0.03780266781713
0.03208457491676
0.0334232733801
0.04283959201257
0.05820294921464
0.07955267132576
0.10390622884919
0.12763773328667
0.14524481579218
0.15813459602236
0.16955552917701
0.17993755004742
0.18673334062689
0.18870231254266
0.18696594679843
0.18291085361812
0.17695346077181
0.16805366125103
0.15702801588484
0.14463836049488
0.13003215977787
0.11420365660628
0.09831521810215
0.08065473806062
0.05894464065819
0.03219258462512
0.00415949880389
-0.0218755235664
-0.04571018248569
-0.06737567684995
-0.08450722592244
-0.09177061829347
-0.0928163006817
-0.09267857552663
-0.09292687904717
-0.09293796343315
-0.09302534423635
-0.09336882745443
-0.09401049392993
-0.09195394209024
-0.08332511266372
-0.06665834450612
-0.0437015855494
-0.00984044905521
0.02801647251698
0.05822110238568
0.07578006405388
0.07852627045924
0.06814338673243
0.04762197357202
0.03091813245762
0.02530536777344
0.02996692952576
0.03900923973591
0.0482906209032
0.05773694038873
0.06706554635016
0.06870892272462
0.06148890548075
0.04605605515224
0.02680339598846
0.00624736237461
-0.01158264239877
-0.02621774548627
-0.04027743951325
-0.05062202569091
-0.05305265896384
-0.04522847631078
-0.02595975806206
0.0074787414147
0.04674162774344
0.08348072549556
0.11616323666208
0.14049057662587
0.15224384223904
0.15663385644706
0.15453831013576
0.14492141057864
0.12974101211872
0.11401173743236
0.10250674215295
0.09618502478799
0.09318208541886
0.08974728642493
0.08329926015871
0.07535321563351
0.0690477266061
0.0698768984132
0.07875084542897
0.09361719734854
0.10773674705977
0.11809298179874
0.12448107273241
0.12624186394992
0.11986100773524
0.10980136328805
0.10166778024446
0.09571712431537
0.09053411189519
0.08779085911364
0.09043093418263
0.09954651417529
0.11469259750018
0.13086166345282
0.14264771760893
0.15216781131608
0.16321725160665
0.17330118877999
0.17997886759394
0.18342966261794
0.18266849053198
0.17479827780902
0.15845265816362
0.13388959247056
0.10065857013223
0.06958063998927
0.04563660738478
0.02043954468209
-0.01637166795244
-0.06629667493022
-0.11953026824236
-0.16410204446434
-0.19898908734197
-0.23005550167076
-0.25765904098605
-0.27802211999831
-0.2884287986495
-0.29201818168496
-0.28974485376987
-0.27986013686301
-0.26125698621188
-0.23123203954971
-0.19322026180436
-0.15769918541163
-0.13077733583377
-0.11702645810993
-0.10932423688938
-0.10346554153974
-0.10087889719356
-0.10353324257983
-0.11049878356127
-0.11749011067415
-0.11751888361619
-0.10750344396576
-0.09011745181762
-0.07424995417442
-0.06295396926287
-0.0554556476454
-0.04941688080385
-0.04440000142615
-0.04242472402135
-0.0443328645614
-0.05190396479697
-0.06530150282778
-0.08451077690837
-0.11066823528218
-0.1400946914753
-0.1645499001192
-0.17741532124967
-0.18093209160096
-0.17516794539995
-0.16209192093597
-0.14379146694493
-0.11916727119509
-0.08668268601047
-0.05201066030867
-0.0183499520799
0.01935850841248
0.06125317975147
0.10115248904378
0.13549493679016
0.15496124251558
0.16406507438657
0.16685624888472
0.16343392812171
0.15141390713589
0.12906124721478
0.09974161928051
0.07087346436059
0.05162795031149
0.04096589935469
0.03174340813624
0.022899312633
0.01914126772209
0.0246672157784
0.04460230806358
0.07608939807085
0.11291040080676
0.14793417323594
0.18057483586738
0.21287991373543
0.24020056890088
0.25134329724228
0.24882817041638
0.23650950155816
0.21911604238354
0.19905048289303
0.17441653022859
0.14416315892971
0.11020358711443
0.06993424517657
0.02444078566742
-0.01851579639736
-0.04883276021242
-0.06416064074201
-0.06885577424539
-0.067365820375
-0.0559770452144
-0.03474779113048
-0.00759928245284
0.02069977221425
0.04849943215036
0.06794370185097
0.06686353839379
0.04677464859387
0.01439002200373
-0.02088615915122
-0.04722977215452
-0.05901181070972
-0.06174962085864
-0.05847202766219
-0.05485802003274
-0.05761643917474
-0.07302934424585
-0.09939060266239
-0.13066682384187
-0.15874144956108
-0.17967119291619
-0.18932181024621
-0.18823646965067
-0.17750598754453
-0.16058258598351
-0.14071701005552
-0.11824723397242
-0.09697463794814
-0.08538173087698
-0.08371728089445
-0.08985995555781
-0.10023457577531
-0.11163397070691
-0.12098398214424
-0.12686424890371
-0.12952629362395
-0.12834729992296
-0.1227868873911
-0.11305977452314
-0.09978685286758
-0.0727592038212
-0.02918352561296
0.02610282628941
0.08385248385391
0.13842944500994
0.19238757219812
0.23630278107841
0.26221986757315
0.27418559497976
0.27515710490496
0.26557219740796
0.24394354037434
0.20926779775269
0.17121105191454
0.13594783683625
0.09839861649124
0.05800226872965
0.02232129509121
-0.00261739953485
-0.01962224046907
-0.03199716092677
-0.03976028985265
-0.04325874109897
-0.043456799828
-0.04315506558465
-0.04322309849258
-0.04081539728764
-0.034229546306
-0.02377990736246
-0.00984476997453
0.00666271821156
0.01791205577902
0.02252985743749
0.02311354328205
0.02305022621617
0.02373160399783
0.0272571356602
0.03317634711111
0.03868381012853
0.03876992983393
0.03089627564144
0.01112454198357
-0.02042489271679
-0.05567152767763
-0.07858793150457
-0.08303403137815
-0.07020949636601
-0.04528681867768
-0.00590607280299
0.04164715766392
0.07752857616118
0.09268318848966
0.09564992107705
0.08749387058045
0.06712113421395
0.03302605743948
-0.0084494979999
-0.04263476317954
-0.06176541776799
-0.07103521674754
-0.07238591887078
-0.06530784150359
-0.04836947270283
-0.01969597486655
0.02225921257372
0.06953716530176
0.10338181128282
0.11929862448757
0.11851637879354
0.09958371656055
0.0606296996338
0.00857663657076
-0.04745733393484
-0.09708173170126
-0.12604967928172
-0.13183768678069
-0.12865862514699
-0.11816035097098
-0.08556462324555
-0.02504896004015
0.04080129290429
0.0929378638728
0.13107877139607
0.15175194772133
0.15352594727902
0.14844488466038
0.1432349245713
0.14261346884747
0.14669846332049
0.15756647146099
0.17522691831575
0.19660186238298
0.21136699461027
0.21715068782727
0.20848366041196
0.18298821201245
0.14680920761988
0.10848288553242
0.07132470506747
0.04253872062561
0.03564034969571
0.04435032080997
0.0613958829242
0.07976977926901
0.09656932775082
0.11090422650573
0.12278180981309
0.12553860280266
0.11808992861458
0.09786122289218
0.06964044257468
0.04075682261325
0.01638034629655
-0.00298477756952
-0.01851702762706
-0.0339202786626
-0.0514365953129
-0.06634074697985
-0.07358203695249
-0.07054893079639
-0.06089944181704
-0.04753070991504
-0.0378224471406
-0.0359065740798
-0.0511536116027
-0.08578654327254
-0.14514761170081
-0.21146901078537
-0.26214533005549
-0.29612531174314
-0.3267223653808
-0.35871429275168
-0.38496205236572
-0.39783752909185
-0.39730819988139
-0.38800859916949
-0.37310142750516
-0.35370740259607
-0.33094601423885
-0.30488771797669
-0.27584251156224
-0.22988342819388
-0.15785894659151
-0.06209400011989
0.0189652251058
0.06465728096988
0.08674169211305
0.09090245201475
0.07286968262632
0.03906804671779
0.00863619689265
-0.01076609152575
-0.01973121591285
-0.02369224115291
-0.02080907288852
-0.00932031258401
0.00888213751414
0.02705345840857
0.04238775394358
0.05580122163089
0.06531995467988
0.06512435177289
0.04942464651139
0.01965267938768
-0.01857411221482
-0.05044932166513
-0.06859320040758
-0.07585168113452
-0.0753074178711
-0.06205895487561
-0.03576556343308
-0.0033240613319
0.02608052145165
0.05060327515775
0.06539731307421
0.0719300320141
0.0709563981347
0.06555521579417
0.05816554770867
0.04746453546704
0.03500863925551
0.02617138686721
0.02129088857982
0.01819958607867
0.0160902606145
0.01641944696588
0.02099705279114
0.02824377544039
0.03623970302115
0.04320448070655
0.05040066983926
0.06068907079101
0.06646138094098
0.06023341624182
0.04270183367072
0.02556063056266
0.01852430548887
0.0192020393616
0.02292228120645
0.03139788724961
0.04594866271807
0.06575729012411
0.08580433138895
0.10298426679303
0.11373333349841
0.11750179242225
0.11555857345114
0.1108955979418
0.10374553843934
0.09256036420076
0.07504809633815
0.04754136287282
0.01363779043747
-0.02191407997247
-0.05912952423383
-0.08733241687457
-0.10241285674001
-0.10659634958899
-0.1041121860329
-0.09574968055082
-0.07954042540234
-0.05471939883449
-0.03082012856474
-0.01516581618687
-0.01216921217488
-0.01951416438714
-0.03689305124475
-0.05963021324939
-0.08377844413801
-0.10987643179426
-0.13671282540241
-0.15942028523505
-0.16987209791297
-0.16737767964051
-0.15682780001483
-0.1443453875626
-0.13245725085781
-0.12319558264043
-0.11617720829829
-0.10538559613537
-0.08239070556343
-0.05528357416852
-0.03217751118767
-0.00869071614198
0.01899916191148
0.0512363462561
0.08486720297234
0.11279968969415
0.12981329293505
0.13796867969596
0.14493292639281
0.14979741205675
0.1504351624917
0.14624197910169
0.13757700926701
0.12497784570742
0.10823083190525
0.08728160790772
0.06171507341612
0.03223820981625
0.0029792068359
-0.02030731193982
-0.03387620661297
-0.04013974754496
-0.03904866563573
-0.03026025755664
-0.0130718661599
0.0120403379352
0.04160530912885
0.07063574742426
0.09653497942901
0.11152408926391
0.11879209459796
0.12193767076625
0.12125040564904
0.11582094816825
0.11203111695528
0.11491644236066
0.1254381795932
0.13841942260107
0.15007312786117
0.16179629306093
0.17370155414645
0.1806988880673
0.18127703503755
0.17769983155195
0.17154235558276
0.16426392959842
0.15886108791868
0.1485663814779
0.12527616171198
0.07778009879981
0.00807970098051
-0.07483530267687
-0.14694772925778
-0.18840950554429
-0.1951273735541
-0.19127740788788
-0.18895828221038
-0.18237674551071
-0.16679614761826
-0.14847704265442
-0.13430346485825
-0.12356213067363
-0.11289218126215
-0.10151631576066
-0.09351365458135
-0.09365851489506
-0.10150652565928
-0.11194025153972
-0.11910843102643
-0.12102025529954
-0.11913275693936
-0.11539585864745
-0.11017494691953
-0.10064074882903
-0.08479399292605
-0.064057994018
-0.04484307818407
-0.0284338029676
-0.01134373737555
0.00788564789636
0.02868708118712
0.05538555715684
0.08826111584795
0.1216382595978
0.15098483520097
0.17570792756819
0.19714732037063
0.2155569588822
0.22949773138611
0.23787570190969
0.24041137135511
0.23761146873266
0.23003841047682
0.2162928094517
0.19586690785666
0.17107216522202
0.1394286327133
0.104500139542
0.07709562137249
0.06311814428508
0.05781482977161
0.05758972381333
0.05962201611365
0.06157240343018
0.05741509495406
0.04208532277776
0.00977888425155
-0.0366895166963
-0.08520972377366
-0.12512937656478
-0.15588698786515
-0.17867303400315
-0.18656524956413
-0.17542049682889
-0.14787951460211
-0.11282826351548
-0.08043842660019
-0.05782289416021
-0.0464604361196
-0.04830104155349
-0.05854447441244
-0.07360696022754
-0.08748331718303
-0.09650375066493
-0.10156317550017
-0.10570306091451
-0.10851441297756
-0.10632109839955
-0.0998214003101
-0.09237123271672
-0.08754477910765
-0.08512084956516
-0.08328459160003
-0.0812705520311
-0.07922760677301
-0.07665656021547
-0.0724581996871
-0.06607648061603
-0.06197233736844
-0.06252911204956
-0.06603045054613
-0.06579618503537
-0.0572134852391
-0.03690443431178
-0.00943210890447
0.01882555188649
0.03882316143604
0.05069483749578
0.05988631566425
0.0697269273347
0.07811193345657
0.07952154212204
0.07087502413946
0.04980612859755
0.02569895307985
0.0094359054726
0.00459392044845
0.00721064197729
0.01475035747089
0.02605470213342
0.03937505765986
0.0512520436051
0.06067114992746
0.06793666625268
0.07387481076407
0.07859782116631
0.08129099509027
0.08130144892734
0.0782338285155
0.06985748414436
0.05651002497114
0.03925064040531
0.01657063931804
-0.00927810895035
-0.03203828598994
-0.05061638393757
-0.06598116817136
-0.07554715920128
-0.07795237139739
-0.07412882241152
-0.06568802930516
-0.05650428365744
-0.0498478111987
-0.0473874093802
-0.04957906461899
-0.05739674266231
-0.06800018575794
-0.07740392659914
-0.08355313905903
-0.08699766178078
-0.08812807002947
-0.08663675550092
-0.0819818111934
-0.07338590305696
-0.06105001025765
-0.0441867099631
-0.02171118261028
0.00499266298115
0.03282815468834
0.0596950934128
0.08552679031139
0.10870065721136
0.12639017568921
0.14017958326968
0.15059714718614
0.15762278943405
0.16342606285381
0.17226619253632
0.17884109187912
0.17727872444527
0.17035413595572
0.16092802722186
0.14664038644787
0.12158462975428
0.08555785314155
0.04711584192383
0.02143683410137
0.00871248003516
0.00404039475352
0.00379204477148
0.0066725614118
0.0073000239436
0.00432963085389
8.900234268e-05
-0.00179239698346
-0.00103848185163
0.00014654869136
-0.00027679643249
-0.00278221240704
-0.00833426352859
-0.01639286103293
-0.02613300966978
-0.03738637279418
-0.05064001292803
-0.06685132565715
-0.0866673537161
-0.10875909913861
-0.1260982979208
-0.13658993473994
-0.14263079234891
-0.14774258592986
-0.15200177783395
-0.15236892322927
-0.14756075553838
-0.13878447722897
-0.12726909448606
-0.11172410601322
-0.08831899359986
-0.05299099791851
-0.00656727633844
0.04059244847034
0.08057767834735
0.10950779299365
0.13286299248333
0.15205530811712
0.16713458644511
0.17700091787343
0.18281932446687
0.18604441617047
0.18959361001007
0.193767876933
0.19682852812012
0.19566619418488
0.18885118845727
0.17667246826867
0.15835240088809
0.13081307800052
0.09435404352157
0.05479058448693
0.01507759243935
-0.02073048990185
-0.03819865252805
-0.03722568238433
-0.02780467114055
-0.01149227146629
0.00951665887497
0.03098041409581
0.05059059780612
0.06692367284704
0.07146170011328
0.06636175421434
0.05734749347433
0.04525509211184
0.02708584207275
0.00270743129839
-0.02081405422485
-0.0371146062171
-0.04032360233028
-0.03188414001397
-0.01524019772665
0.0018800024612
0.01499668969645
0.0156847778459
0.00480000706062
-0.01733423072058
-0.04435954673602
-0.07038611643234
-0.0961007967293
-0.12203752980037
-0.14603340016202
-0.16184159302158
-0.16561778446617
-0.15536406370407
-0.13174529477305
-0.09956904800186
-0.06514140978005
-0.03287872139166
-0.00375775950456
0.02119592127771
0.04063144294196
0.05305949544141
0.05945551801654
0.05974271644835
0.05603542076808
0.05104595367426
0.04760196194105
0.04705600615163
0.05047862559571
0.05494861995403
0.05768871999106
0.05831156955983
0.056365231031
0.04863898257857
0.03230536991175
0.00834758470383
-0.01547114455897
-0.03576197926037
-0.05464910922522
-0.07352880535039
-0.0906904216495
-0.10317422794668
-0.11002627012562
-0.11396355022148
-0.11945755599784
-0.12534953769219
-0.1275248318463
-0.12540625390665
-0.12172587270849
-0.11917649712114
-0.11776121351555
-0.11546422342322
-0.10563297042595
-0.08801002463752
-0.06194160640613
-0.02640094317327
0.00874873327839
0.03564390068163
0.05014098325169
0.05792165803045
0.05955116232905
0.05282098202226
0.03711921918012
0.01439327430859
-0.00878638036657
-0.02614265706799
-0.03349130628803
-0.03340302944164
-0.02739894610842
-0.0190678884232
-0.01182677765919
-0.00583449554649
0.00019451942485
0.00641346554899
0.01254298165235
0.01855008498295
0.02566831504053
0.03386452486488
0.0362449133463
0.03017530934472
0.01874933511754
0.00328501342956
-0.01779956917345
-0.04729070309059
-0.08198386877403
-0.11538752876457
-0.1398965663727
-0.15506780528014
-0.16348941642515
-0.16601035093831
-0.16074626320395
-0.14825791031732
-0.1294869340977
-0.10384387088139
-0.07511934836416
-0.04630173691682
-0.02005760793698
0.00429446281851
0.02752734909577
0.03952303753129
0.04049122877806
0.03592705032575
0.03088638266102
0.02605730397731
0.01847685170592
0.00881549513248
0.00065439825345
-0.00094136935578
0.00585124491655
0.01798612204434
0.03073767268033
0.04283816498085
0.0569882133469
0.07435655012577
0.08899222070729
0.09791160043083
0.10072335073529
0.09791418900001
0.08896749655294
0.07737571783244
0.065923821408
0.05458987081515
0.04238257680522
0.02900376275814
0.01443881321408
-0.00037839903389
-0.01411525202266
-0.02279296558253
-0.02455278442727
-0.02304266958538
-0.02307520590876
-0.0269284139238
-0.031363877433
-0.03284148581961
-0.02943136451852
-0.02297631261006
-0.01472359564799
-0.00884747391788
-0.00738267894871
-0.00531063883677
0.00050317835626
0.00971299520989
0.02158851429927
0.03519053602056
0.04445625302563
0.04694927745315
0.03938650710046
0.02115007373512
-0.00716444929215
-0.03656121658798
-0.0623298585963
-0.08626456571438
-0.104430580042
-0.11465874698014
-0.11349674491274
-0.10180855858369
-0.08192170992693
-0.06004717200802
-0.03981810123099
-0.0230800777287
-0.01008379115149
-0.00406984802464
-0.00601669431128
-0.01723884194631
-0.03624113005288
-0.05841992441075
-0.07786847520654
-0.09077186201831
-0.09602350470853
-0.08925817959711
-0.07158774352026
-0.04643056801368
-0.01987625211652
0.00537270476087
0.02272640616783
0.03078663978065
0.02637072992479
0.01369719810014
-0.00097006331327
-0.01372595444879
-0.02408408083447
-0.03137321619412
-0.03604413330095
-0.03738899455014
-0.03412062727975
-0.02671532158146
-0.01690316425992
-0.0049541364432
0.01073046219407
0.02992623257211
0.05122542780405
0.07056824550488
0.08673867211567
0.10004162781107
0.11039092651212
0.11566752566417
0.11370711593877
0.1063540860632
0.09597979771354
0.08392247478211
0.07017913045832
0.05447325245493
0.03885429063976
0.02804273653812
0.0243482210885
0.02645243910655
0.03170177531526
0.03882389154529
0.04695770689637
0.05285841671501
0.05399801770297
0.04715705990999
0.03230362760557
0.01186526769169
-0.00912281139296
-0.02776994780808
-0.0427428193494
-0.05126777414088
-0.04963203072682
-0.03858919460633
-0.01958564208328
0.00411990697016
0.02829300803498
0.05041613488077
0.066051092726
0.06906378900973
0.0589694311861
0.04052428281528
0.0178380658433
-0.010563788207
-0.04509483313019
-0.07678595548767
-0.09768951446993
-0.10764299439397
-0.10806509710418
-0.10131500472677
-0.08626529582364
-0.06650893760296
-0.04771028360519
-0.03503817549359
-0.02930520163912
-0.02780769445661
-0.0287202480594
-0.03179268055497
-0.03751706235097
-0.04644387591421
-0.05368085160489
-0.05603356230815
-0.05415628547756
-0.0521427437104
-0.05162310504097
-0.04680388615089
-0.03495603820231
-0.0160461852462
0.00405183423809
0.01861621628814
0.02747921498374
0.03388128419098
0.03905686277146
0.04265699832505
0.04442625217258
0.04395566357043
0.04086531021131
0.03700230213884
0.03392333184676
0.03273967540257
0.03161824086036
0.02723422682296
0.01798669285703
0.00471464733258
-0.01029407589187
-0.02327491070229
-0.03159292929994
-0.0363658128017
-0.03927280917726
-0.04217197347171
-0.04486830014018
-0.04521161742433
-0.04143857872425
-0.03366779360723
-0.02204337236563
-0.00834942988904
0.00350702339273
0.0146185296074
0.02843800773318
0.04499952068552
0.06244166487279
0.07774203355815
0.088047193836
0.09600412362647
0.09920127205764
0.09343214783898
0.07957971855501
0.06188266667712
0.04313047417744
0.03026150206105
0.02697662436544
0.03374243068524
0.04544213282846
0.05954349618187
0.07227019655373
0.08167576266808
0.08400630459939
0.07931624867402
0.07139552566528
0.06381583005257
0.05664273892177
0.04595938204941
0.03167408094372
0.01902782201845
0.01342959314582
0.01544386834091
0.02268923696936
0.03191910892865
0.0392801434566
0.04481231403498
0.05030476003248
0.0559889260832
0.0599827232728
0.05750161290087
0.0480746744974
0.03104832421264
0.01106144726915
-0.0084431427307
-0.0339724482876
-0.06595408775533
-0.09624330078132
-0.10937262322097
-0.10937010102536
-0.10771789696626
-0.11026435211659
-0.11526722667129
-0.11929371284348
-0.12141199210207
-0.12256430362843
-0.12396717537668
-0.12610755703364
-0.13016829196729
-0.1368702303206
-0.14988758054985
-0.16551381027079
-0.17659856129992
-0.17975638339163
-0.17906998113082
-0.18241958964931
-0.18877631907177
-0.19202019449531
-0.18913576513311
-0.18104977193829
-0.16933915134301
-0.15492563309596
-0.13540549840632
-0.11092832011117
-0.08268082443226
-0.05685795521831
-0.04231875861891
-0.03574492125321
-0.0304460769996
-0.02775538876578
-0.02477350973001
-0.01874964375463
-0.00743403881618
0.00735706870722
0.02423365699023
0.03908510472495
0.0491878919918
0.0540976444296
0.05557900292285
0.05338854240829
0.04807859053796
0.03948367800505
0.02873545756267
0.01739748805024
0.00709889875569
-0.00128156376353
-0.00602716142306
-0.00652022411558
-0.00351706571367
0.00194128750026
0.00876434102308
0.0148087297059
0.01809470256539
0.01753487801879
0.0146697003102
0.01081213818904
0.00759121474556
0.00543207591808
0.00444456996282
0.00475271257423
0.00606938828747
0.00587931761744
0.00317478717587
-0.00297389296799
-0.00969770937702
-0.01321865794446
-0.01012914421099
-0.00061427775424
0.00773055941571
0.01291806200781
0.01959338787875
0.02835421442136
0.03599461861869
0.0406945642058
0.04294572334894
0.0446313133131
0.0463974476029
0.04694745218001
0.04463297265232
0.03930828584973
0.03200882608147
0.02357166029064
0.01439578654817
0.00304689261006
-0.01249351675027
-0.03014923116958
-0.04677113079473
-0.06039002467719
-0.06998960073287
-0.07570330302167
-0.07780757745725
-0.07745115139328
-0.07664282088675
-0.07692371382953
-0.07887778487912
-0.08130632738464
-0.08302463951818
-0.08193830331911
-0.07774316190882
-0.06974312248547
-0.05923180590321
-0.04710834171056
-0.03453526296348
-0.02294148307988
-0.01736852926221
-0.01680072993133
-0.01793101207024
-0.01857079021771
-0.0186340740968
-0.01632980614266
-0.01106678370408
-0.00187280690261
0.00700720035184
0.01031862083758
0.01042547232717
0.0108368291566
0.0098688436679
0.00666127790512
0.00473100509859
0.00648408370741
0.01102970079124
0.01499242187598
0.01690637674064
0.01555232607086
0.01042245564847
0.00105415497428
-0.01060104037244
-0.0220836677592
-0.03158825991938
-0.04058189507292
-0.05050958886551
-0.05741489583335
-0.05795325184916
-0.05149254823132
-0.04287211506124
-0.03548579884097
-0.02855234947999
-0.01972713725706
-0.00679803068741
0.00663021507496
0.01386629804114
0.01403269325922
0.0082661011922
-0.00289823075021
-0.01850193427753
-0.03679880077718
-0.05213975689981
-0.06133700956875
-0.06618081986604
-0.06829073605497
-0.06649403673678
-0.06041537938044
-0.04953797937996
-0.03515681824766
-0.01984244142062
-0.00746329296659
0.00036147642881
0.0011941408131
-0.00223267709106
-0.00620130575528
-0.00973240616006
-0.01356098626244
-0.01725013209035
-0.02020049031834
-0.02200756714399
-0.02046246015668
-0.01641521565087
-0.01451869048535
-0.0171648818787
-0.02444458555423
-0.03429844207032
-0.04388434517085
-0.05027217061024
-0.05353818161895
-0.05441759821757
-0.054400141969
-0.0544940937555
-0.0555076181497
-0.05515225406283
-0.05049946689629
-0.04213490383358
-0.03280548479594
-0.02992911982234
-0.03332640115657
-0.03927974521519
-0.04511929179026
-0.05070917418662
-0.05588077035298
-0.06056050518842
-0.0645518133692
-0.0663819981528
-0.06522434355415
-0.06222575165378
-0.05985352712131
-0.06140885895688
-0.06486021815621
-0.0665521136094
-0.06362513878966
-0.05740294859098
-0.05070870957164
-0.04615252913436
-0.04475556463373
-0.04257602257123
-0.03654452363545
-0.02517140931839
-0.01066534308581
0.0026443910103
0.01258568640646
0.01929280189813
0.02426328946998
0.02809132862777
0.0318971392774
0.03565425495835
0.03826250390115
0.04111630186138
0.04628620550174
0.05520585071956
0.06598903343926
0.07649822606732
0.08542991808786
0.09299252250663
0.1011590268403
0.10997191017285
0.11517891663812
0.11457010507913
0.10861533398878
0.10059143326748
0.09266928322701
0.08502245074955
0.07737236596722
0.07011876369758
0.06453054064043
0.06180003158407
0.06320360025479
0.06760058368752
0.07408959563242
0.08110279283619
0.08786682366303
0.09437043779304
0.10104141287655
0.10800131210465
0.11394287485482
0.11762700615962
0.11815341493305
0.11610907583001
0.11225287104834
0.10778818657552
0.10311661568904
0.0987936719722
0.09592268325766
0.0955295526102
0.09680843853209
0.0985599042632
0.09814772440152
0.09463762459388
0.08817911130381
0.07818826306058
0.06553537009713
0.0527572633963
0.04076253074016
0.02901282606895
0.01860349247501
0.00986769208648
0.00151500026841
-0.00672464475117
-0.01402975291013
-0.01919106449202
-0.02282974317696
-0.02593022846134
-0.0297308321045
-0.034627057609
-0.03968727892707
-0.04305825973469
-0.04342258425333
-0.04068517234583
-0.03521535973526
-0.02847994919125
-0.02154338027255
-0.01405464963575
-0.0058126254556
0.00293458454939
0.01336404592804
0.02584526697471
0.03636923104049
0.04375667561143
0.04924998446533
0.0531477722878
0.05517654678898
0.05703796033665
0.05958992449318
0.06225289844338
0.06372838287579
0.0635970627701
0.0622946474181
0.06089844621351
0.06085234977004
0.06173179955544
0.06237768075255
0.06146978989296
0.05833682470273
0.05209717825548
0.04122110572638
0.02556267486857
0.00849348376389
-0.00663144630466
-0.01889564569372
-0.03056611691729
-0.04297260464427
-0.05501346693066
-0.0656703407491
-0.0748829588992
-0.08269310354247
-0.08936948807183
-0.09522941133249
-0.09989175629293
-0.10290149895285
-0.10363529194172
-0.10282646363342
-0.1025846979094
-0.1035670267263
-0.10524564746575
-0.10857102963167
-0.11347640141393
-0.1178637606792
-0.11868692567834
-0.11497558121038
-0.10681110127055
-0.09502305590738
-0.08081094825457
-0.06763625948071
-0.05760897214826
-0.05102630709792
-0.04697702160487
-0.04750545477215
-0.0506765515776
-0.05218163862166
-0.04851293917159
-0.04087463569771
-0.03110236889096
-0.01813997597661
0.00044449350174
0.02115475639039
0.03963195655755
0.05066165071143
0.05553961020982
0.05571755774753
0.05267542478608
0.04776271872447
0.04447453894381
0.04353137053245
0.04420572599054
0.04386529595663
0.04109622385685
0.03676488388357
0.03219674956656
0.02703484394123
0.01979211034347
0.0097563769744
-0.00274041863017
-0.01430521981366
-0.02117671940428
-0.02176902717541
-0.01844999696002
-0.01315569929586
-0.00803120181386
-0.00514862095555
-0.00702942222265
-0.01300700922724
-0.0223754990661
-0.03677888870657
-0.05800718037373
-0.07749197113804
-0.09036519116283
-0.09720936807388
-0.10161717039832
-0.10534716583909
-0.10751409692354
-0.10488437613126
-0.09481112510249
-0.08089577367539
-0.06691298670248
-0.05641637186569
-0.04758367602287
-0.03654960121346
-0.02488341440376
-0.01590191233858
-0.01048395407856
-0.00714186900408
-0.00531538122826
-0.00232330654859
0.00532263254064
0.01867273670057
0.03535371543923
0.05391740700377
0.06956434527815
0.07717012570336
0.07975182521868
0.0812389582124
0.0828082284974
0.08311454251699
0.08104514739177
0.07656825018231
0.07112153557365
0.06980073474311
0.0731202428482
0.07933380448294
0.08360288604877
0.08310236296714
0.07816078440314
0.07204157279631
0.06638588100657
0.06017102508723
0.05168871531364
0.03842425628809
0.02248239037983
0.00732090506831
-0.00796495767361
-0.02311015159268
-0.03317623095736
-0.03645525118554
-0.03518582349718
-0.03316427707764
-0.03383956840305
-0.04055093180311
-0.05064399534215
-0.06023016393695
-0.06760718785761
-0.0725718976103
-0.07468304171025
-0.07455852489535
-0.07299725262538
-0.06819791261913
-0.0607105094537
-0.05276854690298
-0.04609773775339
-0.04078835005839
-0.03657827459514
-0.03234001027726
-0.02699660280962
-0.01877092312076
-0.00716865405773
0.00495112972053
0.01533849366323
0.02336943330149
0.02899534327095
0.0325547652775
0.03563659958907
0.03865868773277
0.04085183637686
0.04230581577301
0.04340821437571
0.04236940165184
0.038077852633
0.03070636094929
0.02130011450587
0.01074149679987
0.00055993306739
-0.0068796436275
-0.0097308463812
-0.00977776585692
-0.00865309560324
-0.00699058372892
-0.00505587384931
-0.00303612980403
-0.00027343842772
0.00385486071691
0.00989883124624
0.01724184866897
0.02516187807392
0.03447831444152
0.04600584354751
0.05824516280434
0.07062443073079
0.08467292753673
0.09884122863418
0.11078345979746
0.1193206273256
0.12576178392745
0.13263549707658
0.14002513197529
0.1463810981017
0.15164767484489
0.15654876553197
0.1606776329339
0.16353338891442
0.16502825442889
0.16590100048386
0.1664282389269
0.16593554792637
0.16346489139151
0.15846138628791
0.15276135695427
0.14767003961926
0.14249953861678
0.13708644222067
0.13212724147419
0.1268014926945
0.11988709254775
0.11051564244772
0.10044295559428
0.09144721307993
0.08369355234363
0.07666342987984
0.07036663578993
0.06565451065296
0.06260338407295
0.05740523847911
0.04798712776028
0.03512366465009
0.02368983179237
0.01591966063085
0.01050195459039
0.00588942299328
0.00269774108922
0.00122364552373
0.00206030294192
0.00706256586418
0.0154636144776
0.02533333759529
0.03578647110722
0.04612644432186
0.05430174315338
0.05972980678924
0.06214112535367
0.06084554647924
0.05684083083758
0.0519874627464
0.04860596172814
0.04848360205422
0.05147701681624
0.05659232819633
0.06363297087077
0.07209616505658
0.08154879003113
0.08854768373085
0.0919875603028
0.09242426519812
0.09133879185544
0.08950266663745
0.08812790409555
0.08762817749674
0.08744578292992
0.08736417662719
0.08787472211771
0.08941827264483
0.09181664836337
0.0951012771581
0.09901632210843
0.10323310130212
0.1076363570371
0.11228556003093
0.11692693094365
0.12126202102357
0.12497137428447
0.12879445865536
0.13352934992639
0.13817672764708
0.14190290660765
0.14465976597079
0.14618400178942
0.14567249388216
0.14266387957291
0.13812402703353
0.13383188065257
0.13034477928649
0.1272223343069
0.12398599228341
0.12106585394124
0.11966221889696
0.11932563853003
0.11905556447895
0.1191248252979
0.11960158664194
0.11939957868558
0.11829704733574
0.11666823995961
0.11351430072167
0.10851311869297
0.10269252177177
0.09740374306985
0.0932394985558
0.09105325276286
0.09003962880831
0.08924563499262
0.08911189225167
0.09005841252825
0.09027704706358
0.08835612961156
0.08310531659094
0.0760324495489
0.06858500327184
0.05910144821426
0.04854104837794
0.0401042376857
0.03665533430841
0.03660664929576
0.03558220644952
0.03169819777991
0.02561368959348
0.01908136557633
0.01298995453876
0.00716629779604
-0.00170866473533
-0.01513919042979
-0.02810231677207
-0.03758270581042
-0.04470787522461
-0.05254629500815
-0.0620986462697
-0.07245464870118
-0.08304100060286
-0.09424645196669
-0.10536425703303
-0.11678867480003
-0.13082422876006
-0.14676135227684
-0.1624318863549
-0.17640750498239
-0.18917555608756
-0.2011813067561
-0.20951981819308
-0.21338345681445
-0.2130314445928
-0.21113481986692
-0.21009700274658
-0.20969199123031
-0.20821637405076
-0.20246301355466
-0.19363884671543
-0.18496448502078
-0.17783466945678
-0.1714472422588
-0.16476956344485
-0.15771292474035
-0.15075860089202
-0.14369243758042
-0.13619491244577
-0.12875964571857
-0.12067949339779
-0.1096404737575
-0.09688098484269
-0.08491130820875
-0.07541716656696
-0.06851620706787
-0.06434854431503
-0.06097238636905
-0.05696674149743
-0.05313131164276
-0.05030373124216
-0.04818687901531
-0.0464317959247
-0.04507750962875
-0.04330908545084
-0.04074995294889
-0.03752452937745
-0.03377073901229
-0.02935836686765
-0.02420149235883
-0.01868390073483
-0.01536818919787
-0.01452464751314
-0.01468650277912
-0.01502590070403
-0.01578398641905
-0.01624615885269
-0.01593005473171
-0.01489178295242
-0.01332280471112
-0.01131434052197
-0.00970743642351
-0.00851069774893
-0.00710907382378
-0.00554857480588
-0.00434990134177
-0.00428960427328
-0.00452467290422
-0.00361943698737
-0.00055713741267
0.00371179248955
0.00283351054709
-0.0018531497065
-0.00417409435165
-0.00191182161817
0.00266528607346
0.00447277872952
0.00192461280046
-0.00345404069151
-0.00786704338505
-0.00995020106975
-0.01079200708565
-0.01253611530667
-0.01636292655344
-0.0219747089088
-0.02803898975017
-0.03292666302034
-0.03570592678159
-0.03622898368981
-0.03727682321902
-0.04086594076021
-0.04723146468052
-0.05260374133187
-0.05375505725471
-0.05343039094336
-0.05465451867107
-0.057237047856
-0.05948820699913
-0.06065439060136
-0.06096505208971
-0.06160894207976
-0.06425804395409
-0.06760665686906
-0.06979499342942
-0.07086765667333
-0.07318605224157
-0.08027169619559
-0.08950196971498
-0.09635620222169
-0.09730212513616
-0.09518467554718
-0.09387482635548
-0.09216630432333
-0.08744359260215
-0.08032502735805
-0.07273301944834
-0.06518554820324
-0.05855615616053
-0.05317372435316
-0.04654828153779
-0.03842684485727
-0.03180988790266
-0.02822099935028
-0.02737034573767
-0.02676746133836
-0.02452348049668
-0.0199118515801
-0.01549324032
-0.01394549830201
-0.01601869331404
-0.0197722215036
-0.02244459726981
-0.02377510191609
-0.02514570947258
-0.02850812477116
-0.03373247464993
-0.03906436298473
-0.04300911010706
-0.04551630529149
-0.04710269995722
-0.04867820935768
-0.05152437435752
-0.05446817487692
-0.05630529569845
-0.05907493197356
-0.06315614315316
-0.0668633060863
-0.07016572299744
-0.07385260880534
-0.07687887848387
-0.07825228036761
-0.07789814419176
-0.07722813620242
-0.07652182187099
-0.07286304526945
-0.06588887572407
-0.05666089209281
-0.04936106063256
-0.04646942973816
-0.04635729159383
-0.04591089615747
-0.04396030972023
-0.04180253818827
-0.04091339786184
-0.04250526834698
-0.04430578414537
-0.042218866398
-0.03617558615378
-0.02867797141481
-0.02237865181061
-0.01786332098619
-0.01499508345608
-0.01033168647458
-0.0016055248557
0.00990443649412
0.02155375446133
0.03111020429075
0.03922365954963
0.04712974718647
0.05429520535687
0.0600637654002
0.06369977586768
0.06641674471602
0.07003526574814
0.0766215149712
0.08634192410871
0.09548428583634
0.10104728693738
0.10096023800202
0.09805427041677
0.09525582801284
0.09152460466105
0.08541704161553
0.07596786806654
0.06421088553353
0.05186769164167
0.04118390334111
0.03273196279388
0.02610698459349
0.02040765881968
0.01541563966214
0.01171043806796
0.00898287267937
0.00645674111578
0.00199953926724
-0.00508900421614
-0.01396881201802
-0.02188743762199
-0.02716566624516
-0.02944221991568
-0.03035232101512
-0.03059131896132
-0.02876331454946
-0.02420421035647
-0.01996476127039
-0.01600589649
-0.00840820368413
0.00056807179438
0.00670410876901
0.00894649664504
0.00856247576988
0.00618113814643
0.00263710020564
-0.00152824544592
-0.00630262168924
-0.01188672958513
-0.01817025559865
-0.02356164451912
-0.02702447970848
-0.02947849638966
-0.03121346497027
-0.03025980621637
-0.0258472382697
-0.01927680586807
-0.0141882695856
-0.01093306751255
-0.0074513490429
-0.00328823553445
0.00064390757905
0.0041757337788
0.00694054469547
0.00763513745465
0.00758317026903
0.0088110447847
0.01180701824779
0.01571231955824
0.01980473459623
0.02441592876594
0.0302294071219
0.03519275953511
0.03806912450871
0.03862048974398
0.03705274605106
0.03307616616518
0.02693388642454
0.0196196651746
0.01242078791236
0.00638295693813
0.00170623778579
-0.00144547163211
-0.00295933160262
-0.00282889194231
-0.00331350096525
-0.00588035968247
-0.00860131094493
-0.00907217167872
-0.00578736367535
-0.00173478572142
0.00031554681531
0.00155193019018
0.00402389760302
0.00831980072796
0.01408488943365
0.02140167270335
0.02967144767258
0.03758526119282
0.0434593552104
0.04846810382593
0.05421456147088
0.05919466989152
0.06208749551015
0.06232252431695
0.06105814101982
0.05959254624915
0.05916812046403
0.05927883157664
0.05549431024917
0.0495854032948
0.04683767029736
0.04711049885154
0.04728064749493
0.04522402928168
0.04068752860752
0.03404293701757
0.02779487440181
0.02275816260178
0.0173042033181
0.00945323893007
-0.00187600876357
-0.01599273461132
-0.02982547085745
-0.03876312654314
-0.04321559827931
-0.04612820322143
-0.04918570166403
-0.05258445981016
-0.0561206444303
-0.06045493802739
-0.06596168752895
-0.07059001603542
-0.07188078282611
-0.06866860078163
-0.06379993358286
-0.05988432445719
-0.05775346740734
-0.05696786984809
-0.05732728272266
-0.05804408407794
-0.0593147728641
-0.06374849406711
-0.06956281868607
-0.07273703504925
-0.07299194273988
-0.0722874536816
-0.07156351716768
-0.07057538066352
-0.06856771295719
-0.06514213988931
-0.06105190190436
-0.05770700590924
-0.05334131761416
-0.0454660273132
-0.03824302325873
-0.03447884543007
-0.03258102929864
-0.03029286689094
-0.02747712089765
-0.02640345209417
-0.02813159415323
-0.03378328361678
-0.04139649788169
-0.04829652815082
-0.05384794706412
-0.05895987339221
-0.06411872583337
-0.06773581983377
-0.06843387065589
-0.06584629707975
-0.06064649214668
-0.05387403187662
-0.04861117205328
-0.04633708084216
-0.0443224770979
-0.04070196485871
-0.0361471118928
-0.03289192641315
-0.03214073027457
-0.03077977343496
-0.02756700066572
-0.02522634340253
-0.02512899992666
-0.02670291968015
-0.02865444862206
-0.03036586786049
-0.03184629712377
-0.0333354611487
-0.03499559684926
-0.03729640342179
-0.04053735840831
-0.04462826012894
-0.04846186471047
-0.05072643131449
-0.05264781338149
-0.05593566129431
-0.05973959689062
-0.06336850538625
-0.06798996422836
-0.07272150363417
-0.07641831229059
-0.08153461927422
-0.08871338534514
-0.09503331062374
-0.09835427894734
-0.09927189353475
-0.10041331979585
-0.10195159362426
-0.10210388777767
-0.10073403687985
-0.09843250019806
-0.09445884738656
-0.08967035945879
-0.08587412319645
-0.08149947446958
-0.07474320935028
-0.06748157587883
-0.0605565227743
-0.05214360656679
-0.04319074137783
-0.03546986918447
-0.02774019585591
-0.01915332779953
-0.01100388811037
-0.00420842276139
0.00114946808268
0.0053994632651
0.00871836405203
0.01086630897715
0.01256272778905
0.01460870300055
0.01733175830515
0.01974652497648
0.01979201410179
0.01634294479058
0.01040876609993
0.00638704886864
0.00511681474143
0.00445867434617
0.00401397807317
0.00484303372653
0.00667531923358
0.00798825147755
0.00751419485643
0.00507780035774
0.0010538864932
-0.00462534501456
-0.00991494674873
-0.01316536992482
-0.01488812576879
-0.01537813859582
-0.01239270857412
-0.00549021584559
0.00351772944936
0.01053576528629
0.01417489199282
0.01546340208218
0.01705333114045
0.01984159183894
0.02344934044086
0.0275134471518
0.03227902956101
0.037287907605
0.04211130802991
0.04668607306643
0.05133676946556
0.05632660161401
0.06156725947861
0.06698058818221
0.07327353260513
0.08007035197491
0.08635881618195
0.09175757588722
0.09635494112389
0.09994020899809
0.10347669229929
0.1078739412263
0.11199198973653
0.11514645996302
0.1182203526771
0.12188954992893
0.12604164807991
0.12992456822299
0.13330736352584
0.13664213755173
0.14082944688091
0.14597177230347
0.15033132104345
0.15333820963992
0.15541772673438
0.1564880337166
0.15586442085179
0.15178520087925
0.14490733938208
0.13674252757441
0.12733971596316
0.11676544405098
0.10616286381175
0.09547306870323
0.08428517314832
0.07410761605632
0.06584065532641
0.05925483753155
0.05299677241898
0.04651705277371
0.04035443285295
0.03430249085801
0.02792392121277
0.02194232856331
0.01645281959622
0.01099659033649
0.00652553400107
0.00333087457873
0.00038504866987
-0.00219462346478
-0.00378754132484
-0.00503177028784
-0.00648172412705
-0.00796566455211
-0.00901098188572
-0.0096050054136
-0.01069459391754
-0.01218571264406
-0.01307185620387
-0.01214647259024
-0.00987022755681
-0.00800995231584
-0.00766874239249
-0.0088431928227
-0.00980025654067
-0.00964562935633
-0.00888219393168
-0.00818829477628
-0.00767497818927
-0.00726799537802
-0.00694750728282
-0.00691195428074
-0.007105376816
-0.00728001894999
-0.00696218247887
-0.00631294277918
-0.0058402501349
-0.0060514707426
-0.00766116584962
-0.01195960112622
-0.01674050919244
-0.01953333971114
-0.02018855966937
-0.02059313312008
-0.02208083360781
-0.02373755438827
-0.02440791415752
-0.02447165269555
-0.02290988262382
-0.01758754544556
-0.00863268573086
0.00133529383113
0.00909272093559
0.01586892799361
0.02450139801037
0.0353136921773
0.04573248400478
0.05232098992917
0.05594555095604
0.05876821971256
0.06243934179788
0.06693399393697
0.0715923232965
0.07567117821441
0.07917062506427
0.08334180561626
0.08832908238231
0.09270605418408
0.09557893454532
0.09733517917337
0.09929243615427
0.10140726398727
0.10268037540869
0.10324465030308
0.10345346155024
0.10221320504533
0.09975831223304
0.09728174845056
0.09549238341172
0.09425707173768
0.09331609365409
0.09168054936073
0.08859533995319
0.08351703183765
0.07732314996602
0.07114061797465
0.06600327056974
0.06026534192837
0.04994684056321
0.03869891011541
0.03152883566331
0.02805514175811
0.02505084836818
0.02110092410749
0.01739310407603
0.01526093614819
0.01495793748835
0.0138747839019
0.00965213728474
0.00516954854176
0.00363563213814
0.00589661125077
0.00862433593592
0.00912811795978
0.00760087209981
0.00690392639761
0.00906928774715
0.01152588304148
0.01194916720122
0.01065741476303
0.00788800083937
0.00271758877747
-0.00319940645998
-0.00789699777661
-0.01049717237477
-0.01204622527074
-0.01371066529723
-0.01605916127889
-0.01838708809159
-0.01985006110631
-0.0210403349953
-0.02339344393997
-0.02854374414681
-0.03675983949235
-0.04669370602683
-0.05411028859444
-0.05918969187386
-0.06513102231655
-0.07161923777861
-0.0768539883956
-0.08231723002287
-0.09010786083694
-0.10058987348862
-0.10914901066799
-0.11393580606976
-0.11764685185666
-0.12280424407932
-0.12914242208932
-0.13429287827404
-0.1372709275549
-0.13798928868905
-0.13735339671402
-0.13604729762896
-0.13394703879428
-0.13172518358173
-0.13039054386212
-0.12934930850298
-0.12739862250539
-0.12239505102822
-0.11463458700113
-0.10562407636775
-0.09721437927832
-0.08966043661027
-0.08202870411969
-0.07424985461406
-0.06756596987144
-0.06166940840085
-0.0556174995927
-0.04976179105365
-0.04441988030998
-0.03906147573449
-0.03450662276858
-0.03156524820311
-0.02922153775576
-0.02658858125201
-0.0237522461777
-0.02133723724285
-0.01948546113735
-0.01706426286721
-0.01366270375649
-0.01001575824356
-0.00677479661968
-0.00400514375118
-0.00211720666171
-0.00082364521191
0.00106928482927
0.00435978104747
0.00872295710299
0.01246724609178
0.01434215670465
0.01349959734874
0.01124797359062
0.00920990347114
0.00891940627297
0.00963115991835
0.00822900168597
0.00422488340643
-0.00084922160287
-0.00581913670269
-0.01012043599877
-0.01298334704999
-0.01692097560708
-0.02386529695861
-0.03130970000754
-0.03733636031016
-0.04236850560866
-0.04691768363444
-0.05094267640134
-0.05472474190677
-0.05821098041646
-0.06086512668201
-0.06163718403324
-0.06087123305034
-0.06000937226064
-0.05932064692493
-0.05774928587251
-0.05281547301605
-0.04482323248703
-0.03640155496845
-0.0303271455205
-0.02779148934981
-0.02600270507969
-0.02281981369108
-0.01859182400163
-0.0157026920721
-0.01589309792865
-0.01737895654986
-0.01786487080902
-0.01544523895511
-0.00996576235293
-0.00202752833742
0.00489653082291
0.00964876218877
0.01431514266219
0.01848357534843
0.01963247195468
0.01937336281715
0.02017129258547
0.02361690715242
0.02788728632152
0.03055290525843
0.03163524576867
0.03226777592243
0.0328099849239
0.03350560979208
0.03473315575858
0.0342967827311
0.03078994518437
0.02706790129713
0.02601932170262
0.02813371147007
0.03074099135876
0.03212749538497
0.03210216391247
0.03170481190603
0.03154259158543
0.03233271250338
0.03427335286135
0.03646733117504
0.03674606697684
0.03190836968523
0.02466967160044
0.01883223902354
0.01447430316127
0.00885370307731
0.00013768974477
-0.00921451975285
-0.01639173600094
-0.02036331463842
-0.02376422660685
-0.02891941522703
-0.03488458705559
-0.03910375569776
-0.03928011026982
-0.03769384835123
-0.03723351446544
-0.03842624749515
-0.03992984113391
-0.04051313205573
-0.04050383975612
-0.04084506627285
-0.0420941504624
-0.04425255254326
-0.04736461005935
-0.05056361695044
-0.05292084105638
-0.05279562731901
-0.05018313046782
-0.04649604553922
-0.04311096034824
-0.04022487164683
-0.0374624700907
-0.03418514238853
-0.02964466925628
-0.02557244505789
-0.02386624941932
-0.02137281347568
-0.01604184441481
-0.00902721022327
-0.00278195819628
0.00144222861955
0.00444531666547
0.00738765696636
0.01016250356662
0.01240190131338
0.01411554738504
0.01581572294093
0.01776283140317
0.01963484812844
0.02097148901115
0.02157442982799
0.02181551854161
0.02201658067463
0.02246921854512
0.0228132692572
0.02251092105834
0.02188536676664
0.02089705105384
0.01690073166862
0.01174671122326
0.00947579598739
0.0092759318973
0.008515981085
0.0057202732721
0.00139641227254
-0.00364176837456
-0.00867118240071
-0.01319467053673
-0.01656197092997
-0.01863108396753
-0.01941217144278
-0.02102016074909
-0.02406270854534
-0.02637501765733
-0.02675383816338
-0.02551687378749
-0.02272546034448
-0.01854040107928
-0.01214257978044
-0.00434485363187
0.00348012882269
0.01087743982462
0.01819658267468
0.02601280381817
0.03428198142528
0.04239555283791
0.04910817733578
0.05343925181479
0.05663401079748
0.05955441463392
0.06094192090101
0.06062392513332
0.05909295239747
0.05616913032224
0.05181336487568
0.04787976851289
0.04565193967915
0.0458561047765
0.04641327769903
0.04561287883397
0.044829239295
0.04506231008152
0.04521350907104
0.04482373028879
0.04441334251346
0.04446116466972
0.04482353116809
0.04498332553476
0.04472718993311
0.04410782497669
0.04304209777071
0.04154776324478
0.03945722813792
0.03738322004967
0.03614107189805
0.03537475586051
0.03456098272135
0.03391719229165
0.03365531537631
0.0338125211738
0.03384265477399
0.03340648086722
0.03315436086647
0.03284622157374
0.03086387870255
0.02838680052492
0.02727528219388
0.02764259352312
0.02784914143159
0.02572259534502
0.02252191584
0.02058994718878
0.020930745596
0.02250671297408
0.02406983374794
0.0251316714628
0.02584573490837
0.0272180615403
0.02945164496244
0.03037435040257
0.0298660914815
0.02952828984091
0.02984762635468
0.03012813433076
0.02935284126806
0.02768187671976
0.02565448610749
0.0235262043521
0.02111429838159
0.01743213505311
0.01269790751776
0.00855230733915
0.00500921323051
0.00118383498909
-0.00259825175588
-0.00512812479753
-0.00497408501927
-0.00347644177094
-0.00231613322515
-0.00179399227218
-0.00126624175706
-0.00027595879805
0.00139774737687
0.00378370493257
0.00571131284032
0.0066904590446
0.00722743780886
0.0088757722889
0.01283432843221
0.01767495279819
0.02208957500681
0.02645358073193
0.03110821640236
0.03520613380921
0.03862460490524
0.04179931907019
0.04551215694345
0.04972840514859
0.05254924863196
0.05396287289834
0.05536707211796
0.05772310149966
0.06107825221114
0.06466325459107
0.06799444444425
0.07121047615572
0.07375955306201
0.07389449052719
0.07247927329517
0.07134557955482
0.07166619707848
0.07280423828757
0.07326254777951
0.07270165793713
0.07170130869632
0.07085438195959
0.07011169491251
0.06893681637279
0.06775440443301
0.06784792479132
0.0686837339553
0.06910925490429
0.06910716413688
0.06920815152167
0.06958512020516
0.06975881983447
0.06890250123776
0.06753965275145
0.06642623613635
0.06490339416266
0.06194359761319
0.05681856250528
0.05028023499884
0.04320833037354
0.03824302325873
0.03568369163607
0.03338447802919
0.03072188904569
0.02883863527523
0.02820651331891
0.02863725454909
0.03022085156889
0.0321848620604
0.03346621707905
0.03392157294719
0.0339389296354
0.03500936936477
0.03731598362456
0.0393900248996
0.04017187235221
0.03913913280988
0.037324379881
0.03574760938274
0.03439717275378
0.03327419834478
0.03329968579516
0.03570735381332
0.04135106517391
0.04478848592381
0.04258000498535
0.03880192189405
0.037540757715
0.03939905170494
0.04189672228227
0.04360298761309
0.04601815584451
0.05000368952481
0.05417191645299
0.05789500904261
0.06195929496219
0.06627161890804
0.07016436233928
0.07330101126258
0.07565010460635
0.07589535494273
0.07427006536574
0.07200908293443
0.07080025431431
0.07082132792237
0.06973688337001
0.06701935034633
0.06469790159393
0.06346580903798
0.06246243979979
0.06074429360018
0.0582420764334
0.0547987152491
0.05140374039639
0.0491660550877
0.04616354714676
0.04086119505005
0.03523686477152
0.03069464269574
0.02681926259006
0.02434827086868
0.02408964957688
0.02519351835412
0.02676345901217
0.02857542093248
0.0310439601505
0.03459380445108
0.03800577093738
0.04059112099897
0.04304471952667
0.04525359870654
0.04631192525962
0.04670704711414
0.04713439333628
0.04741933506675
0.04730145560872
0.04698372533531
0.04593329723691
0.04366524602054
0.04049172657983
0.03746436173741
0.03608535128712
0.03601310365758
0.03635735017169
0.03643089208582
0.03618365054238
0.03548550015991
0.03459244379292
0.03384159279689
0.03329739590704
0.03282018322273
0.03229327001018
0.03173844671198
0.0312875611037
0.03125840651364
0.03163795049159
0.03115579629509
0.02949166490569
0.02761297431808
0.02570015776012
0.0228744424568
0.01805446027068
0.01189292223909
0.00676736277999
0.00298396283397
-0.00069285874971
-0.00475394712261
-0.00881752616368
-0.0122287824528
-0.01521699352703
-0.018411925081
-0.02169368985625
-0.02457892233862
-0.0265681912917
-0.02819349082473
-0.03035199910331
-0.03295102212005
-0.03530718756757
-0.03647337116979
-0.0365900227168
-0.03595675249774
-0.03414558374158
-0.03018064909833
-0.02471867520622
-0.01904484352015
-0.01407945675706
-0.00984206193293
-0.00610263148936
-0.00261932204526
0.00063322143449
0.00418846422928
0.00778258301886
0.01016939314305
0.01119681616254
0.01115321868393
0.00975933059821
0.00723513050547
0.00423627974817
0.00112073197798
-0.00214285938228
-0.00544057173488
-0.00873488775196
-0.01233191702254
-0.01611102890415
-0.01973446821772
-0.02392588938948
-0.02909449210789
-0.03350607440706
-0.03774100677179
-0.04481885183149
-0.05171576254289
-0.05467011645972
-0.055576978529
-0.0569865208209
-0.05840409431462
-0.05763419410437
-0.05418880852622
-0.05155835762469
-0.05131675783459
-0.05192610038213
-0.05156058113925
-0.05007849253675
-0.04851303873195
-0.04738734300663
-0.04637939399221
-0.04500114683795
-0.04314152537663
-0.04173938373764
-0.04145749519133
-0.04235433485174
-0.04383104719517
-0.04571764951217
-0.04839927443518
-0.05196081375857
-0.05602871703764
-0.05936853545475
-0.06085112185902
-0.06058941087759
-0.05943182265251
-0.05796207953379
-0.05646276699021
-0.05465395449574
-0.05064356391396
-0.04457200852946
-0.03947893229489
-0.03631251482603
-0.03393793403187
-0.03260332418037
-0.03299883763895
-0.03318138154629
-0.03226874497654
-0.03106683580095
-0.03031949928539
-0.03015027323461
-0.03134042433249
-0.03314571570915
-0.03418381491716
-0.0341024741087
-0.0335040832
-0.03376625879641
-0.03550869772217
-0.03851402653977
-0.04106884475976
-0.04225942064848
-0.04246438222866
-0.04311009749185
-0.04513615067671
-0.04736288434656
-0.04832301120473
-0.04640471550867
-0.04316100601905
-0.04100340042101
-0.03945321253701
-0.03719807097975
-0.03515180704322
-0.0338840055073
-0.03305124952748
-0.03256360291817
-0.03258028591467
-0.03293058569825
-0.03345244456355
-0.03426359594675
-0.03409348049014
-0.03198186181918
-0.02880136983508
-0.02571630644939
-0.02284379446145
-0.02025775411475
-0.01810558451198
-0.01633167787729
-0.01504677187272
-0.01464923733896
-0.01449791887702
-0.01391202611131
-0.01326255742281
-0.01274477389462
-0.01167828671128
-0.00928077384913
-0.00564054866004
-0.00237899828702
-0.00052163087209
-0.00028897452213
-0.0007383511937
-0.00142364899833
-0.00298562881054
-0.00567669570556
-0.00891338950897
-0.01231106576593
-0.01605380825057
-0.01999743365959
-0.02423180184899
-0.02936052400864
-0.03409099148132
-0.03720786108114
-0.03960915723669
-0.04216984951751
-0.04472861696483
-0.04885668788394
-0.05546537137322
-0.06149109580851
-0.06482530565907
-0.0649037260305
-0.06402613470502
-0.06392780226298
-0.06362069176056
-0.06248464175853
-0.06130644454036
-0.06160174054755
-0.06394874312391
-0.06765394803677
-0.07025731852226
-0.06983179757327
-0.0689501574601
-0.06999544160692
-0.07249098823005
-0.07462854901034
-0.0755494490894
-0.07583860554148
-0.07636372003033
-0.07821760017795
-0.08082067198239
-0.082833682761
-0.08323275384287
-0.08254601971421
-0.08205950145557
-0.08253954829126
-0.08405777730193
-0.08602270043
-0.0878989152835
-0.08939517464292
-0.08994179416803
-0.0889359691078
-0.08764168451797
-0.08688044605844
-0.08559044256378
-0.08381690762108
-0.08269894441652
-0.08214021171512
-0.08154782761439
-0.08093994528536
-0.08024345424211
-0.07917138836031
-0.07792927339548
-0.07666960262173
-0.0747433752842
-0.07239590809287
-0.07042119486341
-0.06852032222913
-0.06627918549487
-0.06473586727523
-0.06341198007375
-0.06088693039933
-0.05848716083586
-0.05754402561128
-0.05640273209732
-0.0546850173259
-0.05379391897919
-0.05503656493257
-0.05805012407269
-0.05906557330038
-0.05696146479871
-0.05332555389159
-0.05088579425296
-0.05013743226576
-0.04884069185388
-0.04631126152393
-0.04372494904559
-0.04175245933068
-0.04029350191687
-0.03968767716848
-0.03865530268077
-0.03545636216324
-0.0308512975926
-0.02618886966521
-0.02242579695647
-0.01886404523766
-0.01409860553163
-0.00854383807179
-0.00352533586033
-0.00095028896781
-5.468604612e-05
0.00230235772283
0.00663919210013
0.01136514948882
0.01498572146422
0.01755290839873
0.0197672501233
0.02256506861569
0.02630797703426
0.02990475740395
0.03302140133363
0.03678917660972
0.04170994705992
0.0476213762099
0.0539888249637
0.06049615601356
0.06738918387118
0.07315568633389
0.07574379089858
0.0763379007121
0.07656841611623
0.07720258237846
0.0773041007518
0.07569105709824
0.07322152891405
0.07082929275062
0.06773940400648
0.06339190206922
0.05811689588281
0.05376600889354
0.05092216696861
0.04897158053138
0.04659288457596
0.04301153274232
0.03919621407897
0.03614442376327
0.03398724959342
0.03194054095398
0.0292588197893
0.02470075434267
0.01852038281095
0.0124054224312
0.00864711202602
0.00761579619673
0.00658327568717
0.00364166217685
-0.00149168754801
-0.00597001046172
-0.00763744061749
-0.0066960609738
-0.00514506001359
-0.00396569793929
-0.00257673211743
-0.00038784963447
0.00189674685324
0.00340445299832
0.00333908830786
0.00133844657565
-0.00176904078837
-0.00187108882279
0.00102010035552
0.0042272429868
0.00584312079174
0.00598717798527
0.00541818393015
0.00478088815415
0.00387935256376
0.00217660735516
-0.00036741055772
-0.0028249785567
-0.00495546391457
-0.00732909888537
-0.00980463055885
-0.01190759079778
-0.01368245653053
-0.01520178734244
-0.01634317709807
-0.01752954158387
-0.01900391757768
-0.02016497382173
-0.02103496537359
-0.02217625888755
-0.02338742053861
-0.02420041378834
-0.02442023641055
-0.02490545374725
-0.02651615441384
-0.02787745971468
-0.02820222890505
-0.02876956693963
-0.03027889857341
-0.0322615334883
-0.03384550883745
-0.03470816610996
-0.03426057594937
-0.03315715187504
-0.03249475029667
-0.0327276518306
-0.0334141470144
-0.03409397829191
-0.0349666579733
-0.0365094120176
-0.0384433386891
-0.04032891221578
-0.04207729157594
-0.04430966699914
-0.04753379628599
-0.05007404550764
-0.05055468970545
-0.04878095564204
-0.04666201264777
-0.04558257929985
-0.0448262524844
-0.04354318502768
-0.04200218988295
-0.03985467306735
-0.03650639202023
-0.03456732139716
-0.03514536880705
-0.03683895678625
-0.03747760326437
-0.0360391552833
-0.0336133340941
-0.03139121670595
-0.02922551021385
-0.02697391964251
-0.02529380881644
-0.02662375260607
-0.03057665040264
-0.03300623497318
-0.03227422743331
-0.02968738064775
-0.02859205746747
-0.0296154416553
-0.0304158670698
-0.02955180267762
-0.02741477952324
-0.0249768683885
-0.02269204125263
-0.02151538058259
-0.02151764723996
-0.02218394162813
-0.02248420237825
-0.02207451152539
-0.02120049773527
-0.02070744499879
-0.021216590007
-0.02224523430015
-0.0232404827322
-0.02410572525522
-0.02464676940056
-0.02458765378159
-0.02493099097781
-0.02644386696015
-0.02879280100736
-0.03112353210334
-0.03302712273526
-0.03466127318367
-0.03625818806004
-0.03750182961695
-0.03844542945651
-0.03932909396352
-0.03936145107827
-0.03840401234963
-0.03748201710669
-0.0372393221527
-0.03764708817207
-0.03869811363259
-0.04016055565875
-0.04158725551816
-0.04273312880836
-0.04350342726002
-0.04352191229891
-0.04264296031527
-0.0400240584147
-0.03652882628645
-0.03365070241328
-0.03087137559714
-0.02715202315811
-0.02276407316808
-0.01870333823442
-0.0155186016606
-0.01258479036328
-0.00945667044357
-0.00693961878418
-0.00539250399642
-0.00484966776473
-0.00543177723702
-0.00712131642852
-0.0093208535286
-0.01147583737068
-0.0134394463021
-0.01445675067103
-0.01398333123617
-0.0124041912015
-0.01054660740874
-0.00857826604188
-0.00630590386221
-0.00382204230586
-0.00218882639729
-0.00215407386045
-0.00465065325631
-0.00718417219809
-0.00753102719346
-0.00707994578315
-0.00771292063983
-0.00987255395039
-0.01165405040266
-0.01174417575293
-0.01135112143507
-0.01137561328193
-0.01125988432752
-0.01172235212354
-0.01325877081071
-0.01299324666777
-0.00992272573098
-0.00457949415329
-5.08064778e-06
0.00206572732182
0.00325667822121
0.00570827956823
0.01049818457169
0.01535502400052
0.01840786633728
0.02158583612577
0.02586651647273
0.02927003692242
0.03158735060149
0.03390793317882
0.03519070195448
0.03503240099311
0.03495059556968
0.03519063558091
0.03466286614932
0.03263438369184
0.02990980843253
0.02814378034045
0.02681979689729
0.02439702889225
0.0205196907663
0.01598830417561
0.01166334602096
0.00889727732517
0.00804757617326
0.00727981319192
0.00556538059348
0.0033334498732
0.00144011760819
4.487274717e-05
-0.00167879762501
-0.00405938755021
-0.00665097672726
-0.01038907638077
-0.01587256858385
-0.02066150121453
-0.02356085799233
-0.02488422416129
-0.02572495492539
-0.02649543922304
-0.02643103694932
-0.02566937701763
-0.02513819266593
-0.02516160262361
-0.02545214628328
-0.02567857639425
-0.02578064898689
-0.02584317288862
-0.025430259599
-0.02413310767099
-0.0219394977306
-0.01966743091332
-0.01822291970675
-0.0171417971515
-0.01569708350554
-0.01412304759831
-0.01275083048277
-0.01150846329838
-0.0095334447505
-0.00633908400921
-0.00257410438784
0.00100819160982
0.00428240274107
0.00755313954787
0.01099687906151
0.01445591768274
0.01734535161202
0.0187188397814
0.01877242980077
0.01827949985539
0.01787152807796
0.01718204608357
0.01522592077202
0.01191926258983
0.00799339211044
0.00499100364194
0.00314134186647
0.00149765718678
-0.00095150393599
-0.00432508426443
-0.00808657064488
-0.01173509253006
-0.01524582952395
-0.01844280870253
-0.02105380551107
-0.02267490359719
-0.02383446975462
-0.02528755310759
-0.02693928259568
-0.02834856934934
-0.02938272596737
-0.03055361545562
-0.03238635230293
-0.03431420579289
-0.03581756712416
-0.03735580776579
-0.0387260900918
-0.03922578350383
-0.04035536208291
-0.04319004445536
-0.04579889076027
-0.04648565807571
-0.0450447542726
-0.0419335596129
-0.03810337327016
-0.03470912852671
-0.03193002406202
-0.02937206305356
-0.0262885328973
-0.0225204688962
-0.01868436534981
-0.01522456011386
-0.01208208027256
-0.00891162729072
-0.00558602609203
-0.00231452831226
0.00081178226397
0.00385757539587
0.0064746520233
0.00832218353908
0.00929747012034
0.00969333867752
0.00953627890188
0.01060601175274
0.01404353206299
0.01803966560222
0.02129033436052
0.02431915610276
0.02717831372867
0.02951329273306
0.03191350368077
0.03450459837473
0.03647240875305
0.0373373227269
0.03735995611383
0.03718453077173
0.03695182503984
0.03636710708629
0.0354710970955
0.03451030650164
0.0335575471096
0.03252160836125
0.03133025258309
0.03051690755344
0.03041323867648
0.03034147557399
0.03003211168891
0.02995160055007
0.02982684147164
0.0290595099185
0.02727872366342
0.02463872160535
0.02090749825356
0.01730227516593
0.01488825851592
0.01312640200263
0.0117292383813
0.01120901894314
0.01099845543377
0.01058898361369
0.01054365046626
0.01069270890819
0.01024962219423
0.00958927487782
0.00929289698146
0.00912419196319
0.00891539067207
0.00887521475093
0.00921304294094
0.00992459414694
0.01063577366095
0.01103919221156
0.01109045915604
0.01113822157608
0.01124999466579
0.0106119886926
0.00966141962833
0.00955928729947
0.01029875522847
0.01120843817442
0.01210081421233
0.01370928140833
0.01674892867963
0.0197618639082
0.02186493034484
0.02409217177249
0.02666582017392
0.02879140716242
0.03124757102855
0.03481469568774
0.03830879946532
0.04091923873588
0.04298438595271
0.04597544445304
0.05035384328654
0.05416517953576
0.05736073500129
0.06213415612896
0.06747142072282
0.07112804018338
0.07229399147812
0.07264573820549
0.07386283033492
0.07612145650454
0.07870564502868
0.08077676586669
0.08226067974233
0.08348248439514
0.0848388614585
0.08629702238948
0.08673279805484
0.08576719537726
0.08402840699777
0.08194411100637
0.07936991170432
0.07561233804575
0.0704390161666
0.06413661351014
0.05724401708071
0.05000807018035
0.0423996016256
0.03421590653763
0.0255137475924
0.01842067975472
0.01355030343655
0.00993546613749
0.00683931172847
0.00445998854283
0.0025771286995
0.00065957107753
-0.00181393653398
-0.00455239050651
-0.00725559679538
-0.01090363415351
-0.01533062507666
-0.01859123991423
-0.02093658647005
-0.02378170608617
-0.02688149444808
-0.02950725273831
-0.03165621317902
-0.03325966253323
-0.0342448122268
-0.03503873966892
-0.03574661377921
-0.03600142190949
-0.03641711957031
-0.03761728643972
-0.03901491467604
-0.0398959242403
-0.03995476440897
-0.03938298930132
-0.03843006397535
-0.03699546566126
-0.03506671612813
-0.03301545426188
-0.0315583088465
-0.0309171036673
-0.03036583135503
-0.02938488974571
-0.02794773936791
-0.02653957764623
-0.02547800210697
-0.02471342837561
-0.02398867878548
-0.02307973590482
-0.02235683813726
-0.02237653781245
-0.02313877519419
-0.02443794156001
-0.026375299745
-0.0285297260491
-0.03057511385452
-0.03332623522265
-0.03675386587116
-0.03940907411382
-0.04083365001903
-0.04160932472976
-0.04210636319904
-0.04248694924202
-0.04315659217673
-0.04390283020973
-0.04428922393998
-0.04391895898693
-0.04298100090071
-0.04204370655018
-0.04153455490461
-0.04139069019443
-0.0410394744556
-0.04008342957191
-0.03832652120817
-0.03603865748153
-0.03365431977278
-0.03216805959148
-0.03102733025286
-0.02808978876098
-0.02398739445693
-0.02063944195897
-0.01958615647844
-0.02015204756922
-0.02042030962187
-0.01900045951475
-0.01558964129119
-0.01159078643565
-0.00803473288771
-0.00483820836809
-0.00141529190229
0.0024294023751
0.0058144872342
0.00834674507818
0.01030875440659
0.01205057605817
0.01362123686943
0.01525529439485
0.01709974617704
0.01935556806338
0.02250822297277
0.02701956474571
0.03180998414433
0.0358902461819
0.03860223701259
0.04056075509128
0.04242644973414
0.0450188685808
0.04837265863413
0.05063510128394
0.0514860104348
0.05186984878265
0.05224834405822
0.05241364743109
0.05222829924046
0.05188806832726
0.0518444940794
0.05218120719347
0.05268657554562
0.05310711847696
0.05351946427257
0.05421313443916
0.05483113873741
0.05497181751629
0.05485141586265
0.05469786061144
0.05438693362882
0.05373169375852
0.05275503988174
0.05182255761494
0.05120820386297
0.05108222682956
0.05158138925304
0.05262159582185
0.05346344498058
0.05387811385109
0.05423082299522
0.05444663665388
0.05436078244275
0.05496637488366
0.05652492583731
0.05816037057031
0.05936276095427
0.06033715812971
0.06144061870951
0.06278607732082
0.06432786894838
0.06553052482661
0.0658680344235
0.06570399214843
0.06551479429083
0.06531368237764
0.06481860192863
0.06374693428825
0.06204601202971
0.06011248359963
0.05858758404531
0.05779441989923
0.05777401002686
0.05769187273558
0.05737570224103
0.0576992402017
0.05830745439857
0.05823759621751
0.05783308250301
0.05767411780595
0.05766134089397
0.05714721123075
0.05563671474084
0.05383809058916
0.05233745057421
0.05094304145597
0.04918649814686
0.04688964080166
0.04479575382958
0.04345543916985
0.04287749132031
0.04298468463377
0.04406006919401
0.04580685558852
0.04778100464265
0.04980695826716
0.05135147121103
0.05184157364238
0.05205834971778
0.05280176687412
0.05416863096134
0.05597820675185
0.0582157593134
0.0598255506621
0.06042603233822
0.06066225586925
0.06067682486758
0.06005858826184
0.05798550940355
0.05448410453341
0.05037906524265
0.04628680286386
0.04193110379086
0.03567214263512
0.02880678923696
0.02395922883304
0.0207203546579
0.01754786732619
0.01365056403077
0.00941949460774
0.00570554165852
0.00464116515466
0.0066273776049
0.01039397806882
0.01375412339135
0.01580663971805
0.01755034969766
0.01994105595033
0.02306717802562
0.02625862164856
0.02903004669135
0.03178800121837
0.03482159853889
0.03757762823242
0.04001350501727
0.04261309220935
0.0456734779022
0.04886614611748
0.05109955033099
0.05296992431044
0.05578476098585
0.05857377834302
0.0604298820052
0.06191976950202
0.06341695809141
0.06451563977426
0.06462854121463
0.06414066229783
0.06471592201784
0.06659110808102
0.06890117376639
0.07080802002185
0.07215537027987
0.07245979265275
0.07217581333903
0.07204920575671
0.07191028587741
0.07132151913617
0.07020395417302
0.06842783066114
0.06580627381781
0.06388180537986
0.06314509195397
0.06227775534486
0.06060766360899
0.05852200695943
0.05631100382536
0.05421671861187
0.05267482742396
0.05034863296139
0.0462171438035
0.0417986553345
0.03797789403852
0.0339995950772
0.02995024984794
0.02630374240057
0.02218125017992
0.01787059552932
0.01456059543795
0.01194805212526
0.00927288203181
0.00668273316121
0.0042010187898
0.00157302702899
-0.00060638825999
-0.00207399249046
-0.0033346645095
-0.00505068675492
-0.00724019149008
-0.0087650910444
-0.00915058873147
-0.0088412845826
-0.00816084598694
-0.00702306695344
-0.00508281819953
-0.00292142267072
-0.00223889928126
-0.00299377384302
-0.00396667694943
-0.00371327262014
-0.00240672982776
-0.00101622646218
-0.00054399810101
-0.00087217822908
-0.00133252406211
-0.00166887145781
-0.00216896576619
-0.00339149024035
-0.00533619266072
-0.00751337182418
-0.00927516860126
-0.01041572204993
-0.01112759516773
-0.01217614157545
-0.01412256307125
-0.01594200861143
-0.01705565753403
-0.01841129121342
-0.02099788246075
-0.02487862555077
-0.02765915372851
-0.02845477037796
-0.02877100392739
-0.03050761525383
-0.03385413740138
-0.03708317833231
-0.03913544907681
-0.04024820195623
-0.04125356240147
-0.04223313671527
-0.04239731173748
-0.04191557237578
-0.04145284904152
-0.0413220267376
-0.04106121179935
-0.03982009243805
-0.03818627385748
-0.03705058891008
-0.03629562275279
-0.03548344257928
-0.03450429969367
-0.033244462986
-0.03179306220299
-0.03104021004386
-0.03045152626959
-0.02884192076688
-0.02728444838372
-0.02624717884532
-0.02416710089421
-0.02128950137223
-0.01885378388394
-0.01713700829852
-0.0155616316452
-0.01354791730676
-0.01096270331098
-0.00813005860709
-0.005980616958
-0.00426985813659
-0.00210634363159
0.00035857092584
0.00266687273362
0.0052878428346
0.008512596033
0.01214572588759
0.01551650757451
0.0184139727056
0.02098859679849
0.02343368955336
0.025711779772
0.02750780539846
0.02899788869731
0.03086621173349
0.03202354773901
0.03160070164483
0.03162780197294
0.03292205669467
0.03453984273972
0.03586933850775
0.03701929377243
0.03771050811697
0.0381136943601
0.03866798003239
0.03948961843945
0.04039067282147
0.04123826329389
0.04203162656067
0.04269888004691
0.04235310694072
0.04124227889479
0.04100549118842
0.04122306374665
0.04094333234133
0.04189712052368
0.04435038718354
0.04697254138898
0.04887537204353
0.05019833001505
0.05114398743524
0.05178714731604
0.05216773335902
0.05338960438539
0.0554335784338
0.0567542465172
0.05707874689462
0.05709928951414
0.05650657354556
0.05506802600414
0.05327189086129
0.05098897196552
0.04797249238838
0.04518327591049
0.04313721109467
0.041504023063
0.03915310444609
0.0360892009541
0.03356607611318
0.03174858859327
0.02981365304354
0.02658680575905
0.02224680071637
0.01778266050682
0.01515439661438
0.01458337484673
0.01473240673924
0.01483180115838
0.01499886011214
0.01480235452462
0.01422848864956
0.0135126994912
0.01280064716476
0.01208715785056
0.01148239507927
0.01135460272875
0.01199189518607
0.0123626247541
0.01191055437762
0.01115493775936
0.01083299276433
0.0108980488177
0.01000418601186
0.00856395921914
0.00848022564354
0.00940422204958
0.00992525788263
0.00955016425246
0.00903955238837
0.00912845978366
0.00936872214635
0.0095616070557
0.01051638088555
0.0118879807269
0.0129710646211
0.01437122500907
0.01662387423882
0.01948389803981
0.02241510085587
0.0251513246765
0.02741905066238
0.02946675490536
0.03162387597635
0.03341600547433
0.03467580899522
0.03609225413826
0.03734329634809
0.03745560042634
0.0368087236257
0.03590899671506
0.03438642023564
0.03299655770687
0.03253031325479
0.03235110461927
0.03207857474615
0.03218132434919
0.03332158907284
0.03539397100866
0.0381864397914
0.04050364063541
0.04112031746229
0.04094236992458
0.04102042524138
0.04120398134565
0.04100967272325
0.04031812651087
0.03926056325383
0.0379350830867
0.03637258290571
0.03535955631328
0.03493403536428
0.03364210703613
0.03158216018841
0.029934004917
0.02841877931032
0.0264095717372
0.0239992786444
0.02151130856415
0.01905916693628
0.01662599819302
0.01307710635315
0.00726875535538
0.00162000823213
-0.00235808098871
-0.00597632922547
-0.00975597209563
-0.0128020874712
-0.01568953019342
-0.01885721871612
-0.02158816251935
-0.0246955937977
-0.02910694710806
-0.03359199499176
-0.03710876534305
-0.03949423140247
-0.0411627301727
-0.0427392019899
-0.04602233737934
-0.05037966260477
-0.05394160016957
-0.05670785139267
-0.05969270396433
-0.06368865829492
-0.06797191061767
-0.07130777980744
-0.072957760352
-0.07365103227717
-0.0748850828534
-0.07730234185223
-0.08051259906323
-0.08395625892858
-0.08687802342318
-0.08800169475465
-0.08844775832316
-0.08951404970448
-0.08978903539964
-0.08894808228409
-0.08817041636631
-0.08746602686838
-0.08632075094029
-0.08567785655377
-0.08536560209978
-0.08431374696965
-0.08318615959763
-0.08300386459117
-0.08378909709579
-0.08453048985828
-0.08445837497587
-0.0842230806748
-0.08458236080222
-0.08555529775915
-0.08607394082505
-0.08520696927056
-0.08409929396915
-0.08372142924249
-0.0837137630953
-0.08321450111147
-0.08185407526041
-0.08035502821111
-0.07921549359672
-0.07807420008276
-0.07735089411774
-0.07774302916168
-0.07676800143734
-0.07333615606721
-0.06917333858488
-0.06532791950812
-0.0623574368141
-0.05974245095408
-0.05817484000829
-0.05675577310928
-0.05312474065946
-0.04985922745251
-0.04999449678554
-0.05204351522518
-0.05236356857349
-0.04794249153532
-0.04157102718061
-0.03684088161974
-0.03424411530433
-0.03176326378932
-0.02782926918512
-0.02347019501615
-0.02027878126131
-0.0189634396568
-0.01859332404429
-0.01835710715061
-0.01757570771958
-0.01605326730598
-0.01402199383995
-0.01231065093112
-0.01155916274884
-0.01133158437512
-0.01111810706608
-0.01092096097362
-0.01112827549681
-0.0120396907929
-0.01321251838936
-0.01424772039109
-0.01513683748678
-0.01577752495214
-0.01589525506964
-0.01524928758688
-0.01374022144738
-0.01153714995477
-0.00992142480903
-0.01015967273392
-0.01162692684381
-0.01319590176643
-0.01321251507068
-0.01186586505381
-0.01031030091075
-0.00977751031868
-0.0103468893405
-0.01101234410302
-0.01148694166872
-0.01229724347024
-0.01311404324414
-0.01349403524368
-0.01386112754014
-0.01509229750349
-0.01770458859662
-0.02092558505103
-0.02388997465145
-0.02532342802148
-0.02517648357772
-0.02409214190439
-0.02364849433377
-0.0243201815744
-0.02484214663741
-0.02526158113016
-0.02682723405566
-0.02923839664221
-0.03128887530036
-0.03051203241482
-0.02822304697488
-0.02735167817147
-0.02782561200148
-0.0281510515649
-0.02797784309999
-0.02758261836643
-0.02708624363284
-0.02654152902915
-0.02584915646584
-0.02460006232026
-0.02321330607449
-0.02246398498923
-0.02266240877288
-0.02345749443378
-0.02328768429559
-0.02167228769901
-0.01918425124519
-0.01709497723613
-0.01610584844712
-0.01732717189155
-0.01897829738016
-0.01779791647159
-0.01467671267773
-0.01218374134907
-0.011492284741
-0.01186985742396
-0.01282325732094
-0.01364232043353
-0.01396404307711
-0.01402773515364
-0.01419764485218
-0.014504586102
-0.01490797810319
-0.01541897493397
-0.01611778905213
-0.01679385362961
-0.01704460633484
-0.01696422462445
-0.01690154142616
-0.01723205193023
-0.01790257431473
-0.01876899828727
-0.0193495015192
-0.01936862042567
-0.01904261336824
-0.01880004120536
-0.0188640850618
-0.01885494210271
-0.01837369722411
-0.01726831844817
-0.01605139557135
-0.01534885789598
-0.01452556346839
-0.0129376090238
-0.01140296582959
-0.01097339277422
-0.01256831976221
-0.01436176345685
-0.01453797200706
-0.01321502399157
-0.01122039537282
-0.00875340265895
-0.00701017056904
-0.00682038198667
-0.00772186447821
-0.00885655382208
-0.00961390610917
-0.00971059912406
-0.00896552926587
-0.00760587998557
-0.00597804830089
-0.00428021905066
-0.00245220800144
-0.00033978355535
0.00185486380392
0.00392168894456
0.00592099358123
0.00801171785276
0.01021641549781
0.01174763049719
0.01224107151904
0.01300430450431
0.01438226293354
0.0154468717449
0.01593268312503
0.01621339022182
0.01614291144788
0.01587140040904
0.01625842468819
0.01778564068005
0.02050821809495
0.0231786789837
0.02505833530673
0.02607056541634
0.02650903916727
0.02645899681514
0.02594919138992
0.02498946609184
0.02416353995225
0.02355195065941
0.02269961115814
0.02120930550784
0.01918207087346
0.01740951162221
0.01599894385867
0.01425049148758
0.0124134569517
0.01100560054844
0.0092924290478
0.0070189186054
0.00503768749149
0.00374479674659
0.00294168187509
0.00212522890309
0.00109768674305
-6.846075195e-05
-0.00097778853293
-0.00132695963398
-0.00178908361491
-0.00298952925331
-0.00507511554688
-0.00751504775679
-0.00988826457411
-0.01116783082508
-0.01101909761364
-0.01123548540367
-0.01246084436108
-0.01383724633012
-0.01471179110879
-0.01508137241408
-0.01428519490798
-0.01236177517242
-0.01029416217751
-0.00901985271318
-0.00887949584611
-0.0096832465764
-0.01092197648922
-0.01235107575314
-0.01368405945222
-0.01466793809195
-0.01618835743038
-0.01862878744205
-0.0200350741104
-0.02021694100735
-0.02071376044385
-0.02198409081274
-0.02328048940074
-0.02344257697421
-0.02288322699862
-0.02281677378163
-0.02373222127202
-0.02541101126407
-0.02833841419333
-0.03151778446412
-0.03190293368995
-0.03083945322927
-0.03137758689362
-0.03398934036084
-0.03687678972041
-0.03748234897453
-0.03697555359065
-0.03799840347125
-0.03982991572622
-0.04092122994295
-0.04121284221707
-0.04209315485887
-0.04534353489214
-0.04960899909848
-0.05283186728753
-0.05409598509038
-0.05438384725788
-0.05545378918548
-0.05713406926414
-0.058157649254
-0.0583506635918
-0.05841909474114
-0.05956772253445
-0.06076135160734
-0.05935758381591
-0.0575766482203
-0.05914130554227
-0.06290332622995
-0.06610903685148
-0.06748187455989
-0.06791097968159
-0.06851713629783
-0.07030407870142
-0.07336794900662
-0.07733479852733
-0.08084655767419
-0.0814848059109
-0.08021700437498
-0.07898212412914
-0.07826927200119
-0.07748838696533
-0.07700425815516
-0.07695540720859
-0.0771855243713
-0.07731057217475
-0.07724356805714
-0.07776436826402
-0.07898487863224
-0.0798094706631
-0.08003530673063
-0.08025354302455
-0.07980980253094
-0.07801330233347
-0.07580767545846
-0.07374186450595
-0.07122531064832
-0.0684709734808
-0.06623046729544
-0.06482059313569
-0.06405613555808
-0.06326081427102
-0.06230231356528
-0.06165686379637
-0.06167495059384
-0.06232544475398
-0.06230954828427
-0.06117947190342
-0.05957874054685
-0.05851420806511
-0.05883575481872
-0.06040890795749
-0.06244647695652
-0.06291152336568
-0.06147131648504
-0.05941283981186
-0.0581814109916
-0.05813275916573
-0.05844733669463
-0.05866019672948
-0.05931918670641
-0.06027493290905
-0.06060832734468
-0.06005304606885
-0.05876151598212
-0.05727279002275
-0.05587323695294
-0.05444793093847
-0.05278381282378
-0.05074269283882
-0.04865404937867
-0.04679612044335
-0.0448532001533
-0.04259268233697
-0.04005980058145
-0.03751752696595
-0.03515837802652
-0.03303810756088
-0.03110860800642
-0.02922811205774
-0.02709703597511
-0.02419813053758
-0.02069664270048
-0.0169042129623
-0.01300892742337
-0.00893722757617
-0.00462006499717
-0.0006935347645
0.00155075504614
0.00205347111049
0.00122261341474
0.00085669128429
0.00163308747571
0.00296861759675
0.00438648977152
0.00606112809685
0.00778094359172
0.00937084941923
0.01117044262501
0.01308508113743
0.01446551861945
0.01483932792107
0.0144044914417
0.01438419772307
0.0151885424968
0.01628736356414
0.01688617926369
0.01670280568673
0.0164686596484
0.01669312842042
0.01727764393458
0.01710645654484
0.01519769541193
0.01336419526857
0.01322223216114
0.01458406845053
0.01572978908152
0.01508528513596
0.01303142806317
0.01067366301265
0.00862955953578
0.0069603306563
0.00594900654591
0.00530803035552
0.00476353478461
0.00454131939525
0.00478932423473
0.00552984418479
0.00636463119581
0.00687733050863
0.00716746597085
0.007342436654
0.00675062336596
0.00582193434861
0.00581203473084
0.00664105387873
0.00748419732205
0.00774866612525
0.00763174576529
0.00763598703633
0.00803882481822
0.0087734939382
0.00915816859301
0.00904338878064
0.00914427660508
0.00971919450121
0.01049860604385
0.01181271641866
0.01379115984269
0.0146398288856
0.01426451290397
0.01399346648011
0.01426643773747
0.01460902159368
0.01469727189064
0.01452995739864
0.01412792273693
0.01393883439571
0.01438161247257
0.01491785780889
0.01523198399752
0.01621135587194
0.01783576931782
0.0192997943536
0.02012260757282
0.02037547759489
0.02019336511574
0.02005017409729
0.02047519060716
0.0208436867046
0.02050532420736
0.01994547643
0.01968106072566
0.01965061185101
0.01964117684822
0.01961527456303
0.01947865784656
0.01933917379191
0.01989187313591
0.0205939461963
0.02034215474472
0.01952837164952
0.01887640731483
0.01823204939112
0.01731576227509
0.01610735180845
0.01528242459106
0.01525919384201
0.01549125906897
0.01534976057652
0.01450119109396
0.01306400752937
0.01111325183953
0.00915566962815
0.00783835672865
0.00784326173538
0.00802861324468
0.00727685293076
0.00622101870519
0.00576866955972
0.00612902825764
0.00690043514789
0.00779104896755
0.00915256998249
0.01103317876624
0.012842824249
0.01478760299898
0.01726981185347
0.01958221056978
0.02136889079777
0.02313896767754
0.02520287370863
0.02734237591581
0.02871706876546
0.02945589287084
0.0307672719733
0.03219020845136
0.03251948108837
0.03297889238155
0.03445611248279
0.03604947637323
0.03610031852686
0.03380697898081
0.03213354865443
0.03291736740204
0.03526527265893
0.03714716245255
0.03778836431307
0.03800158940255
0.03878668916003
0.04057031288518
0.04246378486654
0.04359445860951
0.0445178476974
0.04563454980415
0.04629108395904
0.04645283634599
0.04652199760458
0.04652880089537
0.04638277904421
0.04619314975841
0.04616431044281
0.04648711829422
0.04744429152858
0.0484005023462
0.04777267475978
0.04598599785047
0.04433824082047
0.04423924464274
0.04520896248158
0.04537748497254
0.04398556486313
0.04130563246613
0.03816918266354
0.03538205695307
0.03368531622936
0.03234196497886
0.03047587209459
0.02872315854039
0.02786496157169
0.02796540469322
0.0280394311344
0.02735107417199
0.02656970792775
0.02634611196816
0.02655197954755
0.02699621784292
0.02783106790883
0.02899486206258
0.03017593325627
0.03100425216302
0.03184450171874
0.03307150342197
0.03412334859606
0.03458706753385
0.03463147145132
0.03491538439148
0.03576031992115
0.03598847906359
0.0354778671995
0.03585918335174
0.03723066040199
0.0385058957776
0.03830183024061
0.03711377654749
0.03693184659566
0.03730138143945
0.03660880643675
0.03607018492667
0.03662437103861
0.03715048113099
0.03616622748059
0.03317166777451
0.03063118956405
0.02982038996076
0.02959781947281
0.02875871154247
0.0272852979654
0.02563479638833
0.02419436383756
0.02319885654859
0.02225961081513
0.02107861595105
0.02044021837381
0.02051938544789
0.02040655369976
0.01992751574231
0.01956877324079
0.01977416956784
0.02039415511712
0.02094922731621
0.02150926757691
0.02223255031117
0.02200733151783
0.02083918989532
0.0204080703358
0.02176623616684
0.02447928565595
0.02707217243627
0.02896723738328
0.03039975488599
0.03155793715451
0.03241657218877
0.03313590569569
0.03373642387727
0.03404751679381
0.03385815300228
0.03323420826963
0.03291488171189
0.03301816562216
0.03285872967276
0.03192500622023
0.03045885391157
0.02990540454624
0.030437073425
0.03074054333718
0.03054134630144
0.03046833205718
0.03080780963038
0.03151331088559
0.03270680389266
0.03381016491211
0.03437075607343
0.03494425689386
0.03585666115613
0.03686062775643
0.0378268941697
0.03876392302596
0.03928356169539
0.03948995030729
0.03978737026868
0.03991261719283
0.03947514900147
0.03864677367719
0.03749107709882
0.03545211425485
0.0331106804209
0.03136875257162
0.03069044456751
0.03042734637851
0.02987825111929
0.02939082022407
0.02944784507563
0.02951276838186
0.02935228704876
0.02936888707829
0.02964020895247
0.02993395181815
0.030112785443
0.03028261549326
0.03063397393526
0.03092668469194
0.03093168262167
0.03097273135524
0.03139118683784
0.03224240130712
0.03317372867382
0.03393192722391
0.0343260534749
0.03418411359822
0.03340010900462
0.03311355107775
0.03395220434915
0.03475847727505
0.03481957414504
0.03447161071108
0.03429263438306
0.03454661284372
0.03582274426252
0.03719239603963
0.03718399978318
0.03502314188028
0.03108331635806
0.02761569895308
0.02562291220086
0.02452932137073
0.02326456638161
0.02149715440062
0.01893973765542
0.01661210620509
0.01571376318336
0.0151040389878
0.01362929793935
0.01128918825811
0.0091269298729
0.00789751880912
0.00672375202667
0.00494234849739
0.00312222096879
0.0020670474921
0.00199598131208
0.00169881821641
0.0004215352162
-0.00211253860862
-0.00424731435397
-0.00409614191388
-0.00232645630629
-0.00050094986369
0.00081691891445
0.00167387270621
0.00202113656276
0.00205386138707
0.00188248947882
0.0008624541694
-0.00052615854508
-0.00127852385408
-0.00204176646352
-0.003493376987
-0.00536947900543
-0.007231894794
-0.00894335053789
-0.01001992650368
-0.01049217112637
-0.01095751621659
-0.01181664905261
-0.01307296796114
-0.0144207596034
-0.01547511701706
-0.01583760962521
-0.01641056618238
-0.01830635791997
-0.02109347699308
-0.02361935633711
-0.02502455447894
-0.0260067671421
-0.02748167744314
-0.02928786486297
-0.030614914765
-0.03070960329812
-0.03060318323673
-0.03154847560229
-0.03285428928102
-0.03345111709217
-0.03306383395611
-0.03230547942814
-0.03166544906111
-0.03098115084243
-0.02993536557516
-0.02846466999573
-0.0270248912246
-0.02601983941645
-0.02519253934399
-0.02424057975345
-0.02321569220429
-0.0222670645669
-0.02145592313974
-0.02079452380226
-0.02012368282463
-0.01913901433943
-0.01801618263361
-0.01704273128152
-0.01613967241773
-0.01541485977271
-0.01545432881534
-0.01592244168338
-0.01619302681094
-0.01609337353488
-0.01596441632823
-0.01624413445884
-0.01666809894765
-0.01672922236708
-0.01632320860993
-0.015592501992
-0.01453602062414
-0.0139511466927
-0.01469547316693
-0.01597705385571
-0.01651808140766
-0.01547415460031
-0.01451361290734
-0.015481867209
-0.01726268001351
-0.01922675355991
-0.02314186156514
-0.02689948500388
-0.02795581039386
-0.02785782973173
-0.02846369430427
-0.02966488664531
-0.03059424603571
-0.03091795988634
-0.03073111829042
-0.03036229696249
-0.03017589011345
-0.0307153313371
-0.0320468946418
-0.03300578031424
-0.03308219952257
-0.03273877604071
-0.03259498766014
-0.03272799365447
-0.03266036894399
-0.03216192667373
-0.03147397790877
-0.03166889053065
-0.03301172406732
-0.03319740412578
-0.03149240321145
-0.02861327046003
-0.02676198220027
-0.02672610064902
-0.0258335420838
-0.02370254896813
-0.02278936813511
-0.0234739418041
-0.02425461444455
-0.02330016916386
-0.021200232241
-0.01953497250093
-0.01875490717863
-0.01825931565315
-0.01716077003612
-0.01526157333445
-0.01282226835477
-0.01085642595277
-0.00981625920809
-0.00868319601665
-0.00694584794361
-0.005006999672
-0.0034261870234
-0.00220187079475
-0.00033842190159
0.0025312380141
0.00587226210709
0.00868391616987
0.01048162768498
0.01102987336252
0.011075598114
0.01133657898617
0.01182967818415
0.012146309975
0.01134558256076
0.00987304179612
0.00956366131765
0.0095787513485
0.00847976434723
0.00763566512453
0.00776833925102
0.00817448907399
0.00879036609937
0.0098160269006
0.0099355723352
0.00919406010029
0.00881111779562
0.00905142993849
0.00929189805925
0.00875984089512
0.00781792030685
0.00737857706216
0.00732828249048
0.00709602478017
0.0066237005092
0.00595097120354
0.00477630837791
0.00326460256158
0.0017591328739
0.00037819991319
-0.00111282190793
-0.00305116839536
-0.00452207769768
-0.00484194520001
-0.00519379480641
-0.0055807825801
-0.00418535794626
-0.00216854329843
-0.00142023606942
-0.00132398908491
-0.00088065181073
-9.778018076e-05
0.00096850287067
0.00209002436225
0.00165188745718
-0.00017838218503
-0.00204270033963
-0.00312719500403
-0.00351814428416
-0.00298340131357
-0.00176254414346
-0.0002740009769
0.00099228219727
0.00195946323832
0.00284116375143
0.00367619966333
0.00428024891877
0.00453916225427
0.00452803804415
0.00479209533123
0.00530294945884
0.00564752120343
0.00614600993519
0.00723845582126
0.00877770534114
0.0099141038044
0.00995282614439
0.00930367604902
0.00873949075895
0.00981360094666
0.01141803594837
0.01147062704553
0.01226003112895
0.01601424296626
0.02021614452452
0.02213449000076
0.02149980602469
0.02163569263191
0.02422467996506
0.02659229485318
0.02691780742752
0.02582540800295
0.02531370097499
0.0260944565824
0.02714408156061
0.02740486331207
0.02675268990065
0.0263564927943
0.02687122977568
0.02754020565603
0.02790281109925
0.02823848878564
0.02839622889035
0.02815168875116
0.02796101076297
0.02840548800319
0.0296673656981
0.0305602660872
0.03036298392893
0.02987406958446
0.0295265674468
0.02888598286047
0.02774757991543
0.02635928380287
0.02508933176332
0.02403277738453
0.0231063317938
0.02218925151362
0.02125181445992
0.02036136989286
0.01973501248098
0.01948611159832
0.01874914927155
0.01717960021756
0.015146299039
0.0135174551574
0.01280636524771
0.01189957618935
0.01013926286154
0.00810400698138
0.00642194477239
0.00516405612895
0.00415591794986
0.00309817614793
0.00162929422626
-0.00025303061292
-0.00240389899506
-0.00428538955166
-0.00577323274257
-0.00723945806215
-0.00869677936749
-0.00979464797412
-0.01048208898128
-0.01099545866714
-0.01156409098631
-0.01209185709923
-0.01233341706519
-0.01220761260306
-0.01185299190016
-0.01143385608847
-0.0109902948035
-0.01036055233962
-0.00861541864696
-0.00608408671427
-0.00464936892775
-0.00517638501934
-0.00688643364358
-0.00738241013576
-0.00616728598264
-0.00461573744049
-0.00376463912496
-0.00352529603619
-0.00382095046065
-0.00429445286247
-0.00417665305272
-0.00355511104326
-0.00295890050629
-0.00260811154951
-0.00231530853356
-0.00184459382163
-0.0013468736958
-0.00116943092908
-0.00170711989051
-0.00267757879026
-0.00327478924504
-0.00384209376097
-0.00512189231943
-0.00749802957377
-0.00998994224401
-0.01052102039801
-0.00916183905136
-0.00732155221061
-0.00649520128017
-0.00667281363136
-0.00709010757652
-0.00715342796107
-0.00680618799901
-0.0056864924443
-0.00421411761358
-0.00371370404833
-0.00367423168702
-0.00299785382629
-0.00196582049873
-0.00123961965052
-0.00095981191558
-0.00116703583885
-0.00204596359613
-0.00306509854809
-0.00382682452148
-0.00444226348131
-0.00503492966971
-0.00557652139699
-0.00604838437166
-0.00637992366604
-0.00643298933422
-0.00643879702148
-0.00664063572525
-0.00694830044697
-0.00715877103335
-0.00716176779997
-0.00732723046941
-0.00792110133808
-0.00855714597231
-0.00909372981383
-0.00993499488516
-0.01084479066617
-0.01133081112305
-0.01099215326342
-0.01027343039333
-0.01028048922236
-0.01095798083157
-0.01161489995316
-0.01195436425165
-0.01208625185135
-0.01205928427038
-0.01233922807113
-0.01303357856679
-0.01238788985303
-0.01034420452964
-0.00922037722029
-0.00953149668626
-0.01011211607194
-0.00978691545336
-0.00879939954207
-0.00821247466736
-0.00820501759692
-0.00830248718257
-0.00838461119913
-0.00836452987592
-0.0078253143224
-0.00726673096153
-0.0072054084214
-0.00682441086229
-0.00622741379854
-0.00713294839644
-0.00851838048951
-0.00867890828411
-0.00832142024304
-0.00814963549119
-0.00732325469265
-0.00587042355923
-0.00428668715493
-0.00149326690707
0.00216940814603
0.00401118706461
0.00345086803492
0.0019854594421
0.00207792346507
0.00375977726105
0.00517217029773
0.00550068295738
0.00540663161052
0.00621101952707
0.00766242694743
0.00801953665916
0.0078358710385
0.00871318359499
0.009937019279
0.01071690539266
0.01178799226432
0.01327715628924
0.01464639323155
0.01566510803881
0.016435555831
0.01698578939693
0.01730939704985
0.0172680064924
0.01657472792987
0.01560963632876
0.01542966771589
0.01617812262608
0.01751837423093
0.01905872555204
0.02042523122199
0.02111385699736
0.02174173436396
0.02307319810831
0.02435635185067
0.02500414128788
0.02546847418118
0.02585015538805
0.02574001176945
0.02539221426941
0.02525697148581
0.02552527004393
0.0257698599633
0.02554320418219
0.02487421170846
0.02411068667948
0.02355872076342
0.02312541751349
0.02260137827645
0.02207187649472
0.02169559145899
0.02151680429563
0.02124375670868
0.02054267261447
0.01924319429288
0.01767853365223
0.0164873106212
0.01564129652104
0.01477172644134
0.01371338329487
0.01267685714044
0.01203154011866
0.01214812197342
0.01325616232946
0.0142165712753
0.01441681701341
0.0143880872142
0.0150796931628
0.01685263738074
0.01815978516819
0.01820125537392
0.01745587024128
0.01741074948927
0.01900089758031
0.02029370535824
0.02009860025302
0.01929362161171
0.01963793449939
0.0219797732121
0.02426911043196
0.02527349518574
0.02613091558369
0.02789829769657
0.03041422432397
0.03227022510712
0.03309144867937
0.03388108507027
0.03524887838746
0.03690201167652
0.03773646018234
0.03763696620284
0.03766086068758
0.03822111998106
0.03889932510613
0.03913621237285
0.03895929362546
0.03880338211256
0.03905185156702
0.0398276258381
0.04083268760229
0.04149071516247
0.04014585391328
0.03753431947883
0.03560669829637
0.03523802630897
0.0357392131263
0.03657090712901
0.0377849128875
0.03954968651913
0.04040779720219
0.04016609785174
0.04056271311156
0.04157202278414
0.04204948105065
0.04155861532326
0.04050778898345
0.03938322160881
0.03805143595265
0.03622576457172
0.03410881278452
0.03208898875908
0.03031290839002
0.0281190097246
0.02496709156183
0.02080567124312
0.01731953229379
0.01625213247387
0.01626912410746
0.01546691656265
0.01322125646968
0.01088262360034
0.00954545504776
0.00875526443755
0.00761660263559
0.00571700769252
0.00399605057227
0.00315195267703
0.0022262956043
0.00093835898257
-8.046995405e-05
-0.00143711420421
-0.00367920970467
-0.00535777402659
-0.00559863707008
-0.00488182244009
-0.00555439908654
-0.00780998202803
-0.00926279324937
-0.009624104408
-0.01030628199116
-0.0116835468166
-0.01312555573963
-0.014059796906
-0.01496527840505
-0.01642188619453
-0.01822876389947
-0.0196319774716
-0.01974741770097
-0.01970998300822
-0.02059447054749
-0.02103031922378
-0.02060336792437
-0.02027918945876
-0.02057859730853
-0.02135116573624
-0.02254922856352
-0.02362098248954
-0.02397441178689
-0.02416047017469
-0.02447385629803
-0.0242382168544
-0.02405283215832
-0.02493621125899
-0.02544082627114
-0.0246001021444
-0.02324145510498
-0.02198813628175
-0.02077069237241
-0.02005457798357
-0.01979534273626
-0.01922140716895
-0.01857629590524
-0.01840164381521
-0.01809499792777
-0.01727953558129
-0.01616134006924
-0.01481760385203
-0.01329272420978
-0.01254936015231
-0.01188794422144
-0.00984310067928
-0.00746939269755
-0.00585672405465
-0.00432330213411
-0.00231001557332
6.32710358e-05
0.00337448533205
0.0073061634987
0.01024304125489
0.01156713089576
0.0114763882713
0.01097985424114
0.01092077180895
0.0118228217945
0.01345085923723
0.01520231833099
0.01585815556341
0.01569620737443
0.0157479820767
0.01608422725711
0.01625119660655
0.01608768200136
0.01604976941891
0.01647473614861
0.01705532898486
0.01749427730681
0.01782725358896
0.01855045999362
0.01981462093929
0.02062832438621
0.02087429819449
0.02112186496842
0.0206692934715
0.01991824999212
0.02123000410524
0.02418780612897
0.02698371969993
0.02895528682224
0.03024579143734
0.03093340833445
0.03161981391394
0.0325065349238
0.03292777809629
0.03240677213135
0.03104863948709
0.03020520731875
0.03037081932871
0.03078377907983
0.03055389422461
0.0296838329805
0.02922271920528
0.02865506257757
0.02666358338465
0.02473788703568
0.02399800427188
0.02354286079917
0.02239679502562
0.02056771204326
0.01844152769265
0.01625948998396
0.01409299364639
0.01218789301579
0.01078968069207
0.01024274921119
0.009890866418
0.00881357361767
0.00699819677725
0.00512472647082
0.00382751812528
0.00251368817879
0.00039068411772
-0.00275038329404
-0.00586294657672
-0.00790146803646
-0.00945668039961
-0.01153414986947
-0.01454816034986
-0.01748418188701
-0.01952220886366
-0.02119303734615
-0.02279627430494
-0.02392029409764
-0.02444846177065
-0.02466469358279
-0.02475723493096
-0.02461136242033
-0.0241211803407
-0.02417719299533
-0.02482393704884
-0.02482551673977
-0.02428667951559
-0.02407050080231
-0.02438106936766
-0.02467632223203
-0.02456425377994
-0.02491707244045
-0.02611092718347
-0.02741519435804
-0.02793274226006
-0.02760829830017
-0.02741457376517
-0.02742637830437
-0.0266139757794
-0.0252984483289
-0.02443771257119
-0.0244882659998
-0.0246017946704
-0.02385480993475
-0.02298489139382
-0.02239762137655
-0.02115699649834
-0.01974342533082
-0.01939027812114
-0.0213732249918
-0.02382248268811
-0.0241587145938
-0.02365752113912
-0.02419062368696
-0.02495863888785
-0.02525119698533
-0.02544571468447
-0.02548193142224
-0.02520411489437
-0.02477394447688
-0.02472425722335
-0.02539682391376
-0.02580594727261
-0.02526558677503
-0.02400149220292
-0.0233916087108
-0.02389609429449
-0.02327177123249
-0.02142445874949
-0.02020123370231
-0.02080918904226
-0.02290759605437
-0.02466973133665
-0.02457662581315
-0.0223063544009
-0.02007005629979
-0.01936378179251
-0.01999871466947
-0.0254992051435
-0.02562642336264
-0.02536049434093
-0.02538079469692
-0.02637955097207
-0.02794614972093
-0.02928108148425
-0.02961660319275
-0.02976049777104
-0.03089796816744
-0.03179966637307
-0.03130456269332
-0.0309472206741
-0.03147784085047
-0.03210805124801
-0.03200653619335
-0.03118251829386
-0.03002400083882
-0.02909513593151
-0.02852084194693
-0.02758973029432
-0.02600671404324
-0.02417295172429
-0.0224941683696
-0.02096821347554
-0.01929735844363
-0.0179782335457
-0.01775241075288
-0.01702132248693
-0.01465048184338
-0.01248057390438
-0.0120574191731
-0.01331520825618
-0.01480481698402
-0.01566459032498
-0.01599835313391
-0.01631020602782
-0.016753827049
-0.01728724487129
-0.01785286383044
-0.01850288341956
-0.01936174080527
-0.02043031211868
-0.02137116741117
-0.02256614386751
-0.02467548924374
-0.02646993849794
-0.02665892064145
-0.02465573315101
-0.02328706370272
-0.02551589145867
-0.02789817490547
-0.02823157265978
-0.02916587024368
-0.03090615202846
-0.03175666625659
-0.03181896448818
-0.03186979336709
-0.03201265251771
-0.0320016046372
-0.03173663803223
-0.03139783746943
-0.03111920122799
-0.03088140796205
-0.0306258730412
-0.0306610842194
-0.03131225538993
-0.03104229085524
-0.02926063842509
-0.02968228979503
-0.03261606458688
-0.03531976535884
-0.03652680189261
-0.03667481495083
-0.03596100040614
-0.03558190776846
-0.03657648250879
-0.03814956927399
-0.03932706956968
-0.04007075222029
-0.04106293751214
-0.04272098244529
-0.04398277717324
-0.04440332010459
-0.04484048961489
-0.04555904986974
-0.04616991900936
-0.04719505877808
-0.04855886968114
-0.04905016683673
-0.04955696222061
-0.05137971316451
-0.05389606790143
-0.05555451107599
-0.05484610597715
-0.05261641868349
-0.050441954199
-0.04969432232106
-0.04979331849879
-0.04900884929021
-0.04723604445676
-0.04537977486066
-0.04355901512382
-0.04158735507851
-0.03969886111481
-0.03853237883152
-0.0381603549789
-0.03715529321472
-0.03535720005159
-0.03382582907432
-0.03291304648272
-0.03217704325401
-0.03107356608082
-0.02970290210679
-0.02860127011881
-0.02737859597226
-0.02569112099874
-0.02496578400253
-0.02515965787805
-0.02489147547368
-0.02400402435457
-0.02320411997258
-0.02278011234095
-0.02249415841356
-0.02209057061034
-0.02181657388135
-0.02192604712691
-0.02213106512461
-0.02215753158514
-0.0219759401385
-0.02177570435642
-0.02143508183916
-0.0196072300865
-0.01804944574757
-0.01969357214336
-0.02273710226843
-0.0247120909482
-0.02560185518618
-0.0262352548337
-0.02675530501925
-0.02746237269068
-0.02846627623609
-0.02947591777652
-0.03032195510743
-0.03108639609165
-0.03160904480242
-0.03182098224467
-0.0323648273546
-0.03314019010955
-0.03355996974486
-0.03409606905932
-0.03508802204369
-0.03594012591878
-0.03660309830984
-0.03754178650531
-0.03837676599968
-0.03880683353813
-0.03917248552815
-0.0395325621384
-0.03963932402367
-0.03998897998363
-0.04068852421105
-0.0410409678609
-0.0411147752693
-0.04135421791842
-0.04083102826307
-0.03933553219969
-0.03806958912369
-0.03780967022862
-0.03856841967933
-0.03991875674794
-0.04104113379482
-0.04080925773253
-0.03977791203514
-0.03895756791267
-0.03888800841266
-0.03925522018155
-0.03949376678749
-0.03916641234662
-0.03824352106049
-0.03800474214706
-0.03870129956388
-0.03861780161445
-0.03779596408669
-0.03764459916324
-0.03798307117688
-0.03811943567379
-0.03830043639566
-0.03854608497346
-0.03854940365189
-0.0389746922934
-0.04007655990755
-0.04112363614073
-0.04119465585924
-0.03988497260147
-0.03821793404976
-0.03695789822137
-0.03583034403614
-0.03476126496493
-0.03411243014401
-0.03338709978515
-0.03217168358834
-0.03101648813041
-0.03024338871415
-0.02961571046826
-0.02847945138948
-0.02674555142333
-0.02575100655111
-0.02544656758483
-0.02471758999837
-0.0234838679713
-0.02223170404817
-0.0208774210709
-0.01941663506528
-0.01808653197908
-0.01673452229654
-0.01513318030314
-0.01342892277278
-0.01169157469973
-0.00970078247325
-0.0077688503275
-0.00621720886235
-0.00462409055411
-0.00278537743067
-0.00108303676897
0.00025448655034
0.00131753160041
0.00212910047336
0.0028741573887
0.00401318490903
0.00534079566771
0.00639036754708
0.0070286290585
0.00755221695527
0.00836012930831
0.00935043954685
0.01018548541479
0.01050264155683
0.01049839696711
0.01101057192874
0.01203962441933
0.01302729962719
0.01385891066295
0.01469188235686
0.01545946281088
0.01599662742113
0.01624680599498
0.01674534450692
0.01763450474542
0.0183045060974
0.01862628847719
0.01895199685356
0.01919021491034
0.0191563942584
0.01934346152445
0.02021527171209
0.02182849457429
0.02315723368365
0.02372897228583
0.02468914892418
0.026240886631
0.02740856031985
0.02816577985979
0.02907504465226
0.03015029978403
0.03124016373828
0.03241477346506
0.03364287033218
0.03472406257967
0.03481638821374
0.03396959422415
0.03323211750222
0.03321097752058
0.03383933609556
0.03475064519394
0.03562458597314
0.0361227196063
0.0363036539546
0.03639531585299
0.03687068335209
0.03783319965873
0.03866509278215
0.03896009010828
0.03861677282413
0.03825636434604
0.0383205144002
0.03841741981051
0.03821139625324
0.03784922887558
0.03711447346996
0.03567887955234
0.0350867277591
0.03577681375297
0.03589386354139
0.03533834995808
0.03555449548458
0.03650187861756
0.03738896136336
0.0379053809147
0.03807672428233
0.03771196833548
0.03709502601433
0.03656105065406
0.036243419941
0.03608392425539
0.03627869749277
0.03658670403837
0.03661351896013
0.03688697806321
0.03776994564775
0.0381228207258
0.03788852202825
0.03817439298868
0.03892643870895
0.03945736088506
0.0397716397329
0.04001466655473
0.03991829213296
0.03965664752511
0.03955625750243
0.03946200703487
0.03917032838717
0.03868819078406
0.03818308792618
0.03776971334026
0.03739081982328
0.0370170370711
0.03693582900978
0.03708729349357
0.03718456395852
0.03703698232849
0.03665855342649
0.03659612908512
0.03693284219919
0.03691512045634
0.03649756433559
0.0362234746836
0.03615922506909
0.03604984142786
0.03576738870622
0.03539221210908
0.03505370690867
0.03477314583373
0.03449885706104
0.03419781974016
0.03387959166498
0.03355034557739
0.03310338264703
0.03255404512428
0.03214624591813
0.03172030681565
0.03091753841418
0.02989857138735
0.02892242858705
0.02798095602037
0.02716219490751
0.02680744809483
0.02660734174121
0.02614326106747
0.02548734086809
0.02504733388772
0.02525815625401
0.0256286767453
0.02548526669407
0.02475784556779
0.02396086162283
0.02403072644126
0.02450960510214
0.02432845503974
0.02327309538519
0.02178022771513
0.02052137333627
0.01973765414902
0.01945058514567
0.01922145363045
0.01876111310731
0.01840822807323
0.01838390547897
0.0184745618178
0.01844489615126
0.01825541952467
0.01792859275366
0.0174993880716
0.01718951311004
0.01710860704847
0.01723345904989
0.01717005901706
0.01655189874091
0.0155314217154
0.01471479451278
0.0156354855151
0.01769544563753
0.01928053274396
0.01984416049605
0.01992622809508
0.02041162795909
0.02131266574771
0.02197167895539
0.02217240590188
0.02215508903781
0.02239151832691
0.02293937240039
0.02348088447939
0.02382880477053
0.02400127317014
0.02398649177639
0.02379420754784
0.02371718102135
0.02383061676896
0.02392828547531
0.02373854003576
0.02315107421647
0.02268964848548
0.02266535575933
0.02264272569108
0.0223191114008
0.02176028577641
0.021258511553
0.02095178933596
0.02074678129429
0.02048338110554
0.02004729016573
0.01956745904413
0.01918781218715
0.01864317059439
0.01778329769308
0.01720597707376
0.01696403545978
0.01655382689309
0.01592970958915
0.01532136264515
0.01450480513477
0.01344315990326
0.01270179037153
0.01229165813444
0.01181713357966
0.01156248474595
0.0117969361027
0.01165801290471
0.01097843052809
0.01033552286685
0.01000174346453
0.00986040094996
0.01003655308264
0.01045307377572
0.01055691190529
0.01036487989629
0.01027192039464
0.01016027341471
0.0097875260902
0.00944985055939
0.00923942975318
0.00889598967793
0.00848100885165
0.00822810564279
0.00795575165963
0.00753623088124
0.00722823429168
0.0070560678918
0.00681751132983
0.0065119108261
0.00623531557189
0.00593215429681
0.0056409867256
0.00559398096424
0.00587265702982
0.00640327388751
0.00648459146522
0.00594406171504
0.00521209399931
0.00478545797436
0.0048167232439
0.00488951181802
0.0047458694593
0.00464530354667
0.00457762241866
0.004112436625
0.00336367971506
0.00267596889935
0.00209181644861
0.00155908592462
0.00120191879975
0.00103387121168
0.00093138544358
0.00055525605387
-8.745082732e-05
-0.00066042364602
-0.00106835759051
-0.00145699607485
-0.00193485225091
-0.00252418781363
-0.00325473314378
-0.00380148309295
-0.00382648269761
-0.00360730389901
-0.00350367152751
-0.00363561222607
-0.00390662214447
-0.00422973199562
-0.00444300022792
-0.00448784552962
-0.00440687973183
-0.00435860623531
-0.00444601358794
-0.00443933308825
-0.00422881935905
-0.00430165439468
-0.00467545705893
-0.004945809879
-0.00499082775198
-0.0049761890614
-0.00510565734453
-0.00533405211313
-0.0054447234016
-0.00541597037163
-0.00536044556273
-0.00533773916487
-0.00534851491375
-0.00540850334515
-0.00546253806744
-0.00544593140055
-0.00533525679341
-0.00519190315971
-0.00515394743444
-0.00517330196708
-0.005113217294
-0.00494688513081
-0.00472868866104
-0.00452356446562
-0.00430529498492
-0.00401162181149
-0.00371257237899
-0.00348715446493
-0.00336279362792
-0.00327615322187
-0.00316766628755
-0.00304731275475
-0.00294466968129
-0.00284403374454
-0.00275361270002
-0.00273304552229
-0.00277558168753
-0.00283583428573
-0.00279389150019
-0.00265619223081
-0.00257808248769
-0.00258016927269
-0.00257561803708
-0.00259732451712
-0.00269926004834
-0.00279463853471
-0.00284012666442
-0.00287202347847
-0.00291450886793
-0.00296610203849
-0.00305580127045
-0.00315123020073
-0.00317927967087
-0.00315886116993
-0.00314830710877
-0.00318804230941
-0.0032613266941
-0.00332959356885
-0.0033898674066
-0.00345566020658
-0.00345517567953
-0.00337008144577
-0.00323657466285
-0.00315865474813
-0.00321536532084
-0.00333308481857
-0.00341769784396
-0.00342167030205
-0.00339212742661
-0.0033864657612
-0.0034228318395
-0.0034759406505
-0.003482850139
-0.00346548681343
-0.00350109955172
-0.00356059350003
-0.00358339945824
-0.00357414366409
-0.00357115685349
-0.00360164555228
-0.00363758683974
-0.00364554503062
-0.00364690900746
-0.0036593075901
-0.00366555666159
-0.00368217328452
-0.00374306771513
-0.00384158932184
-0.00393141930973
-0.00391362787464
-0.00382630680765
-0.00376685932083
-0.00376798103414
-0.0037959973175
-0.00379596744939
-0.00377426329242
-0.00377652663112
-0.00379831707372
-0.00380999218446
-0.00380018880836
-0.00378787651137
-0.00379605705371
-0.00381014816235
-0.00381195352341
-0.00382071151581
-0.00384177184916
-0.00385001876507
-0.00385265047707
-0.00387279153649
-0.00389948366715
-0.00391801184886
-0.00393478444967
-0.00394712329609
-0.00394466747405
-0.00394183664134
-0.00394909459108
-0.00396168897574
-0.00396494128061
-0.0039506311392
-0.00393701792026
-0.00393608537162
-0.00393423023037
-0.00392620566591
-0.0039216059776
-0.0039142351928
-0.00389635747206
-0.00388169555074
-0.00387889458614
-0.0038835938348
-0.00388566800882
-0.00388149643003
-0.00387612680832
-0.00387322296469
-0.00387152380133
-0.00386804250765
-0.00386111974444
-0.00384785830541
-0.00383048170512
-0.00381699791464
-0.0038068460773
-0.00379466984612
-0.00378271264772
-0.00377380863348
-0.00376149633648
-0.00374486312016
-0.00372863810129
-0.003713139873
-0.00369674228285
-0.00368286688831
-0.00366996718523
-0.0036528593979
-0.00363433453487
-0.00361863054851
-0.00360392216569
-0.00358726571862
-0.00356799083427
-0.00354845709299
-0.00353051963605
-0.00351244611329
-0.00349263028435
-0.00347136087426
-0.00344818322407
-0.00342209177421
-0.00339551247862
-0.00337075513749
-0.00335018928722
-0.00333126286411
-0.00331044944043
-0.0032873185836
-0.00326335075607
-0.0032397001942
-0.00321587108743
-0.00319052268968
-0.00316540228513
-0.00314193823298
-0.0031178884341
-0.00309263262747
-0.0030676774931
-0.00304275289058
-0.00301703147337
-0.00299142488243
-0.00296635956794
-0.00294109911516
-0.00291575038553
-0.00289089647086
-0.00286600671447
-0.00284074758916
-0.00281573636913
-0.00279127770906
-0.00276704770593
-0.00274167541369
-0.00271506459066
-0.00268795065597
-0.0026613494571
-0.00263569574093
-0.00261047179361
-0.00258522328807
-0.00255993263532
-0.00253469109901
-0.00250945752752
-0.00248444033387
-0.00245973808281
-0.00243499866254
-0.0024100969589
-0.00238523176072
-0.00236044952951
-0.00233565601478
-0.00231108286031
-0.00228677851879
-0.0022625213025
-0.00223827304664
-0.00221413895332
-0.00219009280498
-0.00216608913573
-0.00214219100045
-0.00211836189367
-0.00209451984406
-0.002070704012
-0.00204695090297
-0.00202317589066
-0.00199938063441
-0.00197563615394
-0.00195190196137
-0.00192814155124
-0.0019044607894
-0.00188086332638
-0.00185723533153
-0.00183357846417
-0.00180995212865
-0.0017863725865
-0.00176282490366
-0.00173930244277
-0.00171579823462
-0.00169230962426
-0.00166884590399
-0.00164541669797
-0.00162202997103
-0.00159866780232
-0.0015753129347
-0.0015519846165
-0.00152869910926
-0.00150545375803
-0.0014822382749
-0.00145904900933
-0.00143588961187
-0.00141276373306
-0.00138966904983
-0.00136660456657
-0.00134357194262
-0.0013205741648
-0.00129761189684
-0.00127468314753
-0.00125178725313
-0.00122892520926
-0.00120609834337
-0.00118330698735
-0.00116055047745
-0.00113783014115
-0.00111514597844
-0.00109249931679
-0.00106988982435
-0.0010473184967
-0.0010247859976
-0.00100229232703
-0.0009798384806
-0.00095742545392
-0.00093505324698
-0.0009127228554
-0.00089043461102
-0.00086818950947
-0.00084598755074
-0.00082382973043
-0.00080171671228
-0.00077964916002
-0.00075762740552
-0.0007356524444
-0.0007137246085
-0.00069184456158
-0.00067001296736
-0.00064823015771
-0.00062649712824
-0.00060481421081
-0.00058318206917
-0.00056160136704
-0.00054007276816
-0.00051859627253
-0.00049717320763
