-0.00247435760553
-0.00246901310998
-0.0024637373125
-0.0024585463142
-0.00245341542673
-0.00244837470547
-0.00244340482911
-0.00243853799985
-0.00243379031882
-0.00242921008935
-0.00242475866877
-0.00242037487286
-0.00241589017665
-0.00241136791118
-0.0024068445723
-0.00240231371957
-0.00239762829618
-0.00239272497107
-0.00238749855033
-0.00238230862545
-0.00237821142932
-0.00237526707276
-0.00237263078413
-0.00237005353291
-0.00236788202969
-0.00236633846982
-0.00236540889899
-0.00236388144023
-0.00235787035866
-0.00234775671393
-0.00233564545799
-0.00232070684689
-0.00230838412968
-0.00230903461458
-0.0023176862784
-0.00232688967364
-0.00233964068041
-0.00234691945614
-0.0023357914414
-0.00231642395128
-0.00230306968954
-0.0023013007141
-0.00230312013969
-0.00230026594935
-0.00229319004762
-0.0022864619299
-0.00228208779465
-0.0022787248092
-0.00227541871434
-0.00227863249616
-0.00229124395997
-0.00230717976656
-0.0023222128375
-0.00233511519472
-0.00232730615572
-0.00229313208362
-0.00225292975544
-0.00221893172215
-0.00219056800443
-0.00219614757621
-0.00224422012761
-0.0023006352015
-0.00231375438702
-0.00224691545365
-0.00215049233832
-0.0020738124057
-0.00201323251101
-0.0019680517192
-0.00199039684151
-0.00206108930752
-0.00212604333746
-0.00217252509907
-0.00219538438353
-0.00214737623657
-0.00205359907053
-0.00196130428015
-0.0018216228457
-0.00167117406139
-0.00172982718976
-0.00195487778991
-0.00217332800782
-0.0024058173214
-0.00268311495442
-0.00285894767744
-0.002797767748
-0.00249592343405
-0.00206037441818
-0.00162735005657
-0.00138397639172
-0.00139036209248
-0.00165943527783
-0.00198516290692
-0.00218087620881
-0.00216743070744
-0.00208785794182
-0.00208390458228
-0.00214478825127
-0.00219602198754
-0.00220845633912
-0.00220474234944
-0.00220705017539
-0.00214817377828
-0.00196985719049
-0.00175172362777
-0.00162480393416
-0.00173002577013
-0.00195574295629
-0.00214677083478
-0.00236545076188
-0.00252005899994
-0.00236636637841
-0.00193628529995
-0.00138868113645
-0.0010227312138
-0.00101524720257
-0.00147486287157
-0.00219487773523
-0.0028539230573
-0.00287533324174
-0.00241939914551
-0.00204858625787
-0.00181865058054
-0.00150871706826
-0.00149035321408
-0.0019540373119
-0.00252118285751
-0.00288065304893
-0.00299431723428
-0.00274857670606
-0.00219573860798
-0.00164266114004
-0.0012758263003
-0.00109598762078
-0.00103364325897
-0.00106937334247
-0.00111123644662
-0.00111957360207
-0.00113303949818
-0.0013465316472
-0.0018662669338
-0.00246675358735
-0.00291395873442
-0.00314249039484
-0.00309727954762
-0.00274621735655
-0.00234577198361
-0.00204617967843
-0.00178779226397
-0.00147763655635
-0.00110660684041
-0.0007197934197
-0.00049600364391
-0.00078724172647
-0.0013845656924
-0.00189609155902
-0.00225336019181
-0.00251216623517
-0.0025411675569
-0.00243253228533
-0.00236847347718
-0.00237618590951
-0.00238199304366
-0.00234356720476
-0.00227961466395
-0.00219975422515
-0.00193697335411
-0.00145338506246
-0.0009363846033
-0.00051522933691
-0.00019497093332
-0.00016849587595
-0.00058292216589
-0.00110377519163
-0.00148636765232
-0.00177028069528
-0.0018156353791
-0.00147224697768
-0.00102947886753
-0.00063988016925
-0.00012639791026
-3.349633339e-05
-0.00088812957263
-0.00204991835648
-0.00297077096906
-0.0037515535737
-0.00391551655745
-0.00299638139675
-0.00178535670253
-0.0009247724818
-0.0003282795479
-9.32477722e-06
-0.00032234639571
-0.00090585754025
-0.00133256983686
-0.00160329392283
-0.00191342708889
-0.00234136671955
-0.00282185823078
-0.00309540859849
-0.00271357503684
-0.00194909534413
-0.00130032789812
-0.00085115798611
-0.00045785163125
-0.00028494759303
-0.00031173833952
-0.00032330849079
-0.00024670809766
-0.00015184507268
-9.99239263e-05
-8.220608091e-05
-7.520109921e-05
-0.00028494093791
-0.00086418840083
-0.00154602656344
-0.00216196813707
-0.00282012360439
-0.00304742621331
-0.00241944530203
-0.00153990599432
-0.00092489903654
-0.00051976340987
-0.0002941089107
-0.00031880447324
-0.00039195600832
-0.0004931289515
-0.00094485368052
-0.00167415169358
-0.00242239824585
-0.00336572800985
-0.00410720565492
-0.00317516491678
-0.00109067103382
0.00073854455928
0.00182649611539
0.0023990924239
0.00155696887871
-0.00066935937197
-0.00334223756183
-0.00501516449754
-0.00514014025031
-0.00383932395181
-0.00223390897591
-0.00118471762512
-0.00102352295911
-0.00136169674727
-0.00149122589432
-0.00128498783265
-0.00104494076475
-0.00097181638688
-0.00101057304995
-0.00103073539826
-0.00082165012341
-5.563598405e-05
0.00047241422772
-1.816501619e-05
-0.00091338727864
-0.00152145734096
-0.00183728493339
-0.00217754542558
-0.00268625359772
-0.00327459786652
-0.00350513143178
-0.00294527539597
-0.00207547618721
-0.00141549378045
-0.00096191710161
-0.0004752922477
0.00014563036572
0.00082943984107
0.00151296239462
0.00237058272277
0.00295268942103
0.00186646658758
-0.00032671634467
-0.00232623596852
-0.00414643976961
-0.00508412985101
-0.0037104517301
-0.00135058268682
0.00040196209763
0.00151616114873
0.00235920889772
0.0024150872679
0.00194697643787
0.0016063552808
0.00151793978483
0.00143267795988
0.00119560841682
0.00086633983132
0.0004906626906
-0.00042238893353
-0.00198061702649
-0.00358134657898
-0.0042076132586
-0.00353653718614
-0.00265968139698
-0.00228089094538
-0.00218160827267
-0.00193821850672
-0.00146698406109
-0.0009356969785
-0.00017790461403
0.00150925913901
0.00345678086785
0.00432176369751
0.00302070695575
-0.0001706919602
-0.00417908423613
-0.00713208494532
-0.00781162054167
-0.00531466448968
-0.00101253030104
0.00349838935976
0.00679172569965
0.0078062298896
0.00661192029576
0.00434854091907
0.0025032623206
0.00122380897662
-0.00011840048826
-0.00169546849158
-0.0027327031571
-0.00181379126514
0.00027563213406
0.00203178206468
0.00319299528747
0.00403187499543
0.00319403649267
0.00094150464936
-0.00118056139158
-0.00266428416801
-0.00380639717913
-0.00452821536725
-0.00438361987363
-0.00322748708817
-0.00190081669849
-0.00090889871816
-8.429317136e-05
0.00030751501802
-0.00041044244563
-0.00160925777447
-0.00252943628718
-0.00313105538557
-0.0033339036266
-0.00301832184446
-0.00261726462929
-0.00240946583323
-0.00229786581035
-0.00211299929046
-0.00183169677435
-0.00152753390037
-0.00097339515451
0.00013324098992
0.00037412316879
-0.0013414254481
-0.00366211512047
-0.00570454431337
-0.00787017706337
-0.00918197646661
-0.00854149894613
-0.00550362283866
-0.00109293592348
0.003885427874
0.00792825162514
0.00989448069854
0.00842337689976
0.0050904919368
0.0024667750555
0.00087910736857
-0.00073360269885
-0.00295617692175
-0.00504176782709
-0.00574249355937
-0.00399198180858
-0.00044944513368
0.00291334367197
0.0054639582876
0.00784703010572
0.01060516121125
0.01283261793515
0.0095314489413
0.00157091136771
-0.00676917770334
-0.01262256283669
-0.01470793584033
-0.01276286792085
-0.00842507717712
-0.00466711858132
-0.00196253333164
0.00107577857924
0.00372788386664
0.0045682824461
0.00465875781091
0.00507379723117
0.00547121344836
0.00550340601036
0.00532608017762
0.00517671875503
0.00510944723847
0.00505591641033
0.00496642965376
0.00479535856606
0.00412252317883
0.002899290622
0.00163320764087
0.00058560203486
-0.00036871491284
-0.00140216206027
-0.00252888348236
-0.00366841280182
-0.00476187576834
-0.00574112174469
-0.00621991405197
-0.00581428841481
-0.00432438817866
-0.00256411271396
-0.00107785991623
0.00064622572457
0.0022580434684
0.00204669491399
0.00054653258087
-0.00046818285566
0.00067197429979
0.00312530192179
0.00513655184929
0.006355774156
0.0072565851786
0.00782101715025
0.00785895136855
0.00716326957775
0.00622727762689
0.00524017860184
0.00360240146557
0.00143273807069
-0.0008932014227
-0.00422326353882
-0.00690942052987
-0.00586645923575
-0.00038173802839
0.0086236672109
0.01743743916991
0.01892551461344
0.011055935438
0.00059243878141
-0.00893282572302
-0.01378084458381
-0.01156771462878
-0.00680741032891
-0.00422908784749
-0.0034048258018
-0.00233844812477
-0.00267383105362
-0.00572072700366
-0.01094671623278
-0.01467506810506
-0.01082329584737
-0.0016834388146
0.00718058471288
0.01115655664976
0.00821529150392
0.00185013040002
-0.00370968961083
-0.00633769368138
-0.006096065377
-0.00264393021647
0.00243721770872
0.00759183715175
0.00961849798961
0.0070838943191
0.00377061728952
0.00244686978826
0.00292746649343
0.00581116694602
0.01095317814547
0.01718505961679
0.02260046446645
0.02484943549532
0.02318667372789
0.01726243082378
0.01042723427035
0.0050055553543
0.00044872723879
-0.00399757748148
-0.00816038349405
-0.01128580563747
-0.01297648673195
-0.01315333060477
-0.01091779863683
-0.00566959309429
0.00438127662522
0.01679192414839
0.02744163928151
0.03283851711907
0.02791848979477
0.01194719635476
-0.00437209684495
-0.01126092405342
-0.00742306100912
0.00468516470691
0.01790225678596
0.02711007446286
0.0258253023851
0.01489664086516
0.0039472958576
-0.00279558980434
-0.00773307932059
-0.01121412348981
-0.01247367049315
-0.01108110684205
-0.00897228525327
-0.00756456830959
-0.00656928240613
-0.00532157079304
-0.00375142047118
-0.00075344227355
0.0044339004241
0.01011433171313
0.01497110313804
0.01891384667476
0.02402193497943
0.03250518117817
0.04235664614767
0.04949085536627
0.04772511089076
0.02617534054549
-0.00893771402042
-0.04069999206847
-0.05542820457501
-0.04887147781549
-0.02879798616619
-0.00305571935905
0.02246849975796
0.04169259337997
0.04959311889139
0.04734862397148
0.04038551589598
0.03494616332672
0.03208017624341
0.03110623075291
0.03199505503482
0.0342845793961
0.03615436925305
0.03244356759213
0.01773601817848
-0.00287718164932
-0.02059706758765
-0.03005576204728
-0.03137934853742
-0.02166377694758
0.00592064698924
0.04518982990016
0.07700002270872
0.08648586364206
0.07340426885532
0.04719908758349
0.01338345842202
-0.01483728143471
-0.02842543865215
-0.03311854764739
-0.02898510254803
-0.00200794705286
0.03774984984325
0.06042769625077
0.05026322567695
0.02057129507544
-0.00404638531697
-0.00877022918692
0.00584220988868
0.02768246897077
0.04343354214403
0.04599560464982
0.0356263816102
0.01131708472976
-0.02531271813876
-0.05774627083964
-0.06405133722901
-0.04854955219549
-0.02132220797175
0.01167803944363
0.04242657864123
0.06356953830753
0.07309095196284
0.07393547672044
0.0696533646931
0.05410296503743
0.01956598462007
-0.02565977222652
-0.0569087983688
-0.06633070715607
-0.0594372524882
-0.04265663131996
-0.01399243465488
0.02182524962611
0.04737144461328
0.04584030406396
0.02263016564983
-0.00164804642508
-0.00852504575716
0.00161779351029
0.01198250072488
0.01213695331887
0.00448826636322
-0.00252114528825
-0.00510364654476
-0.00531528599258
-0.00578922113128
-0.00688502305257
-0.00825877953223
-0.00834829956443
0.00026652191059
0.02036692903632
0.04181257886163
0.05405847229978
0.05309833082873
0.03300982220959
-0.00857172824596
-0.05556350758058
-0.08264466444748
-0.0841623122655
-0.06922859590797
-0.04118100740253
0.00473838854053
0.06281141211335
0.10833675697148
0.12156865026548
0.10879885886676
0.08056933853732
0.03673172290325
-0.01107807983312
-0.04190584723255
-0.05168980560926
-0.04925703502749
-0.03901842420301
-0.02162823642783
-0.00294298474453
0.00470313247375
-0.00636228544542
-0.02778595618035
-0.04259512507467
-0.03763291283867
-0.01305130322928
0.01582470892243
0.03730209940521
0.04822193751614
0.04750258279805
0.03408489341334
0.01409600773705
0.00181076640303
0.00424097261447
0.01916757872123
0.05134497347486
0.0935940749329
0.11516738510293
0.10834051389746
0.07466328988902
0.01745941181984
-0.04075810634631
-0.07761405469054
-0.09031628582611
-0.08577250927145
-0.06853128897834
-0.03011153629694
0.02004201934368
0.04889963329218
0.04775120542519
0.04149884334025
0.04647884193724
0.05824234607983
0.06648752124638
0.06851980351892
0.06582907166543
0.05239905956351
0.02430083842995
-0.00889120435023
-0.03020475099748
-0.03724863298151
-0.03934347343861
-0.03593612405596
-0.01365557793763
0.02637354522601
0.06216089501325
0.07511680452491
0.06337112967961
0.02979614772813
-0.02076092323066
-0.07678102612644
-0.10225397179111
-0.08959359281094
-0.06352194342243
-0.03698671083641
0.00134315685427
0.04791953717715
0.08740595628218
0.1053370877278
0.10072843442854
0.08167551708816
0.05825332703776
0.02369362258527
-0.02092467153292
-0.07212164359241
-0.10417996526069
-0.10216454621876
-0.08478460948447
-0.07341417640583
-0.07037865535424
-0.0666452906693
-0.05576313989297
-0.03437375808474
-0.00609889917259
0.02111712274965
0.04485563523332
0.06583490026773
0.07976662299881
0.08355236996595
0.0766641964626
0.05547771012532
0.01178981335851
-0.05265997270563
-0.10876762271077
-0.12776435790667
-0.11083135582078
-0.07982965348265
-0.05167118199048
-0.01823090193643
0.02862869908163
0.07513639421037
0.0937578876396
0.07917809517735
0.04678639463186
0.01963029245873
0.00445329152918
-0.00095664151881
0.00229754486153
0.00760521932208
0.01033216042814
0.01157584032296
0.01405973730026
0.01938615667462
0.03201448370916
0.05476244508951
0.07855103202942
0.08945311598159
0.0796587348188
0.04258109563966
-0.00896525121443
-0.0551584572898
-0.0856241214294
-0.09188061613292
-0.08004065317964
-0.05098212956392
-0.00437842136148
0.04456292776335
0.08377730249128
0.11011711052201
0.1230047620557
0.12388237996413
0.11518842388841
0.09532399980273
0.06511873356969
0.03356505293282
-0.00705027627204
-0.03739924277692
-0.0384774268622
-0.02844538256205
-0.02378260806057
-0.02949920029884
-0.04546411769877
-0.06273644533898
-0.06784658385183
-0.05327591535266
-0.01367996575427
0.04118042776252
0.090659164359
0.11757342783989
0.11398932045702
0.09178868952128
0.06624194709632
0.03421320853659
-0.00160653990687
-0.03313491711058
-0.0606695778793
-0.07755347157563
-0.07971524971958
-0.07137820161176
-0.05806618918776
-0.04539047121553
-0.03890943041335
-0.04473669095686
-0.06249247056598
-0.08129645399107
-0.08818664550038
-0.07173403617223
-0.02611643194616
0.0437479861143
0.10850109564783
0.13159867655967
0.11789094175539
0.09275796568949
0.07619630890132
0.07841504204309
0.08963526248707
0.09466930714776
0.08684540145814
0.06238744838379
0.02309848257408
-0.01998498920734
-0.05602591002993
-0.071609918072
-0.06652350186318
-0.05765635149988
-0.05651876504786
-0.05989531837156
-0.05726081159885
-0.03338572948886
0.02036586636297
0.08525342017613
0.12698098516992
0.13028010288218
0.1082384328516
0.0787832744593
0.05405971745239
0.03050008831564
0.01342284174034
0.01902231449477
0.04388697090734
0.06802641179728
0.07601349688323
0.06571445322088
0.04211845704067
0.00816958152225
-0.03883751211606
-0.08420697674833
-0.10474649896408
-0.10335870124193
-0.09196605936373
-0.06135750322807
0.00318178247353
0.08062864429739
0.14166959967664
0.17068637847771
0.1717756723298
0.1543609249928
0.10712774598959
0.05142525361597
0.01706980786186
0.01560615243719
0.02430932908266
0.02207437675474
0.01074165247884
0.00128455954309
-0.00188271904936
-0.00130861997046
0.00068119003922
0.00404030661073
0.00684854330133
0.00272032784293
-0.01430418437252
-0.03654700021996
-0.05313608256777
-0.05719559136388
-0.0457552150576
-0.0185273555983
0.01456693304134
0.03962709988179
0.04984995308531
0.05032037388811
0.05313360299662
0.06803358215886
0.10220369338745
0.14585406383078
0.18150546656799
0.19271989061188
0.17707701690678
0.13573870164652
0.07380773050312
0.01899055236915
-0.01224002189955
-0.01542434942208
-0.00360574834991
0.01308866854165
0.02784643195452
0.03453337376842
0.03952935540192
0.05169646073528
0.07058540435784
0.0893921893763
0.10479755022108
0.11254215257035
0.10577920277687
0.07991473175493
0.0452517762425
0.02390028571627
0.02530333655789
0.03690660244049
0.04298580244007
0.04188572084338
0.03673060655953
0.03047806199534
0.02604848525633
0.02588482282666
0.03528371775879
0.05808591841618
0.08561484718928
0.10916585686442
0.12480991131769
0.12973320180055
0.12168801317083
0.10025143363825
0.07323939347526
0.04654778689597
0.02353601417346
0.01262673839156
0.01819304285665
0.03124599913336
0.04068058486228
0.04491027167111
0.04848706914944
0.05357767164721
0.05893134483602
0.06255473893054
0.06385766232781
0.06231292170646
0.05699130046328
0.04702264087142
0.03415176669574
0.0252910889792
0.02408199212471
0.02652981187854
0.02877931961111
0.03015330257974
0.03197590544641
0.03590285915995
0.04133178894313
0.04659884888704
0.05118498209858
0.05559461492768
0.06027857849168
0.0650301989255
0.06862993512044
0.06999070444369
0.06471545440115
0.04778295681674
0.02631759923116
0.0118979591563
0.01256787272853
0.02552056201792
0.03795984053727
0.04428788857954
0.0479453311575
0.04934661087687
0.04365563013969
0.03183547155336
0.02298822216366
0.02371219253367
0.02794871694778
0.02911576843354
0.02733912887269
0.0258207618717
0.02783582668919
0.0348843779955
0.04327703934187
0.0503812575571
0.05494240184385
0.05591005716685
0.05600830614821
0.05953267840803
0.06957593981574
0.08151619122448
0.08687019716959
0.07995397553029
0.06451260186649
0.04414108938048
0.02206321331755
0.00011642509658
-0.01786095206835
-0.02963932290374
-0.03640053377719
-0.0357696278307
-0.02251522518305
0.00285396814041
0.03021992897843
0.05362652241899
0.07345465459972
0.0870784811458
0.08874570828811
0.07570226240115
0.05226676209872
0.03085543984277
0.01561613512621
0.00800720181445
0.0110431511556
0.02912949731447
0.0564843516059
0.08008072347871
0.0909093863632
0.08718431911764
0.07278734940753
0.05646381732191
0.04283581522096
0.03045269737795
0.01880792283033
0.01479244520668
0.01952836168992
0.02603293158278
0.0305945481688
0.03706550967527
0.05066157790542
0.06775970225508
0.08015016220485
0.07624292698566
0.05085823687925
0.01802787765658
-0.00879129588099
-0.02657474471324
-0.03078436953735
-0.02890174172762
-0.03080110395906
-0.03738204679002
-0.04533629634292
-0.05178119551719
-0.05671882672321
-0.06164064663791
-0.06305052435073
-0.05472879376682
-0.04184743240063
-0.03315330457972
-0.0321468026421
-0.03576250040541
-0.04119908358352
-0.04871330049775
-0.06048528455898
-0.07694750088355
-0.09340224629247
-0.10114746048396
-0.10092914014835
-0.10088051479213
-0.10510702431499
-0.11267149816473
-0.12007886810415
-0.12568849529279
-0.13052376636703
-0.13601939768744
-0.14388575664061
-0.15690318313164
-0.17207933928955
-0.18440001702281
-0.19251164957196
-0.19818997483563
-0.20429669700152
-0.21260100618297
-0.22277433236803
-0.22881353720705
-0.22693389346996
-0.21923616682283
-0.20937649028655
-0.19729013739357
-0.18087902599637
-0.15929494954989
-0.14277166707706
-0.13801593549281
-0.14221338787675
-0.14782398113208
-0.1515648059986
-0.15511306157357
-0.16057144565642
-0.17000508678681
-0.18576592796762
-0.20443301974415
-0.22084402380061
-0.22906943753652
-0.22625711009024
-0.21073188183862
-0.1883220330622
-0.16822870484374
-0.15181533929095
-0.1343384416642
-0.10963032025603
-0.07551733577045
-0.03751690969855
0.00118259442523
0.03343973261627
0.0559956077384
0.0744301887332
0.09276471742217
0.11235323286403
0.13138796668268
0.14533915029033
0.15526527074604
0.16548625622065
0.17737445810348
0.1935265562897
0.2187408966382
0.25241111129618
0.28456771414805
0.31026369240691
0.33226146007393
0.3471212830645
0.35205036994744
0.35078170971509
0.34886009574779
0.34807629364807
0.34708918818258
0.34441758444935
0.33947529465512
0.32590087705268
0.2864147262995
0.1806874227715
0.01349530747542
-0.17342270867849
-0.34501590174651
-0.4448667290007
-0.48545269299871
-0.51337073196236
-0.545930936005
-0.56747937532506
-0.56637086748011
-0.54446723764402
-0.50911649632578
-0.47336075838713
-0.44234228942507
-0.41264282350346
-0.38083625881198
-0.34675482177055
-0.30788856380372
-0.2555941936661
-0.18695848361373
-0.11766037384109
-0.05615220714723
-0.00642497243888
0.02058441211414
0.02718376388239
0.02416832628368
0.01588027922468
-0.01225568291384
-0.07049399298176
-0.14457112727971
-0.2133390811265
-0.27209074829411
-0.31198586727516
-0.32603526766194
-0.32128522513703
-0.30747938089436
-0.28614723316988
-0.2561105026362
-0.22114382649364
-0.18716275304618
-0.15974331183016
-0.13722698103746
-0.1149690194113
-0.09202204829487
-0.0689787388623
-0.04644128341153
-0.02440898422775
-0.00276397580894
0.0142145011824
0.02224648690082
0.02676967550112
0.03412757209244
0.04777676325592
0.06603310494825
0.08186703444044
0.08536667539325
0.07343935854395
0.05403590927576
0.0348173329679
0.01045288441411
-0.02819150023855
-0.08030108328842
-0.13916888240504
-0.19205888632126
-0.21700251331788
-0.21418546287894
-0.19704014080493
-0.17047330710439
-0.13800960238902
-0.10904788938872
-0.09168730619024
-0.08750044833756
-0.0978210674891
-0.11500755473776
-0.13045463892904
-0.1354808691837
-0.13286873222167
-0.13278285962789
-0.13872996611009
-0.14626217333271
-0.15147045348618
-0.15472019445703
-0.15809573877776
-0.16305928203895
-0.17171309267708
-0.18549274577865
-0.200473005082
-0.21060081879236
-0.20712115395167
-0.18392471221624
-0.14895009285876
-0.11639053286058
-0.0907032599359
-0.07082401209373
-0.05540303317095
-0.04517820489778
-0.04074849934988
-0.04350452657687
-0.06035713044684
-0.09075421458624
-0.12494838087516
-0.15671533683275
-0.17860061140191
-0.17949497446613
-0.15908488371735
-0.13077107943712
-0.10817853671744
-0.09548438833976
-0.09273318071211
-0.09538316601985
-0.09814814546473
-0.09920681500307
-0.10032923420821
-0.10347411400797
-0.10966520599725
-0.11868054025519
-0.12832210040327
-0.13493343139835
-0.13719220263698
-0.13327909587919
-0.12033680790771
-0.10018550495437
-0.07830165801708
-0.05830955211853
-0.03939870025049
-0.01989658337204
-0.0015520215439
0.00859676118045
0.00561316835973
-0.00245171300255
-0.00961015654053
-0.01102168300715
-0.00041857361419
0.02537848581152
0.05774733351299
0.08402524887175
0.10267945975921
0.11368565349726
0.11719215352351
0.11687936260067
0.11664933139008
0.1184843213784
0.12132359135098
0.12327633413353
0.12414837032336
0.12488311770388
0.12593333952581
0.12680022336001
0.12571533047835
0.12031727189263
0.10773060380014
0.09142966694076
0.07757425274333
0.06989717845499
0.06966183387767
0.07714849642337
0.08971780751784
0.10182661609409
0.11146638365177
0.11909562690537
0.12679668111552
0.13680137499454
0.14913622170577
0.1636784234401
0.17966103059435
0.19694664701845
0.2174466893092
0.24255025401174
0.26937889178255
0.2900993046171
0.30094941418188
0.30718462321621
0.31341296244304
0.31905446983212
0.32183169685569
0.3216003775562
0.3194964990086
0.31656352056806
0.31239225932522
0.30482462965766
0.29004788840157
0.26355619322059
0.22220467504904
0.17637103684517
0.13859278464152
0.10868056936883
0.08151374385555
0.06492269717216
0.06363678728254
0.06904627765731
0.0710069529207
0.06317307527613
0.04389154362296
0.02203155853266
0.00480920766862
-0.00185542337202
-0.00037502869529
-6.229003666e-05
-0.00419415702316
-0.0106827567604
-0.01799126372941
-0.02724853328625
-0.03747194466163
-0.04732115547554
-0.05675313282443
-0.06485331211639
-0.06684108018312
-0.06213990989814
-0.05629161056916
-0.05384485348868
-0.06047962770186
-0.079388611841
-0.10175373173012
-0.11857641973523
-0.12840958310818
-0.13570295717936
-0.14373376214962
-0.15316364635403
-0.16275754721256
-0.17138098042064
-0.17822373805596
-0.18356673084092
-0.18794397896809
-0.19189841191164
-0.19519667089797
-0.19669461095571
-0.1951837900089
-0.19044695039528
-0.18346604522472
-0.17634989071895
-0.17107334185343
-0.16995721281578
-0.17541205465414
-0.18293020023953
-0.18888922154412
-0.19149191252083
-0.18770203293512
-0.17941919190211
-0.16923491696135
-0.15784026781126
-0.14394973172297
-0.12716722135768
-0.10756540639786
-0.08306586951997
-0.05405324480563
-0.02480322530579
0.00288504972573
0.02770387271477
0.04994605525182
0.07104476906419
0.09125537777761
0.11106986695
0.12945379384854
0.14655585760344
0.16123191324333
0.16748955649278
0.16834012453417
0.17002451546115
0.17390177041104
0.17948370368819
0.18601689062294
0.19429973165594
0.20387559926978
0.21094795875271
0.20798642767474
0.18601485114883
0.14796556357107
0.09947386803565
0.0491781181138
0.00495962103048
-0.0238602154172
-0.03532824269867
-0.03600960952809
-0.03110778719367
-0.02442333568498
-0.01822368863855
-0.01304018272839
-0.01618368856665
-0.0293226999164
-0.04417832588396
-0.05141293089877
-0.04760381585204
-0.03511188669864
-0.01840113361952
-0.00328429288236
0.00468870051095
0.00207306853436
-0.00882921829181
-0.02095432978
-0.03025844283674
-0.03818704868633
-0.04602923450435
-0.05310034883468
-0.05871497810192
-0.06260604780533
-0.06454174487801
-0.06512469098088
-0.06547458959831
-0.06758070083334
-0.07241241892902
-0.08007440110899
-0.08876051057646
-0.09529600533716
-0.09826133627741
-0.09824020088526
-0.09582704145709
-0.09058025817939
-0.08267659831829
-0.07195529764418
-0.05836943751862
-0.0395113758276
-0.01268782600796
0.01980803799378
0.05195023571804
0.08079813532937
0.10121143556633
0.10674151253091
0.10616058443399
0.10929058680689
0.1164350792686
0.12749707945853
0.14497816337423
0.1652418413506
0.18437028363721
0.20190750676109
0.21592974994009
0.22515021235642
0.22957254359532
0.23148685839215
0.23159860010481
0.22994104436338
0.22678619260866
0.22308025348337
0.21901343478271
0.21339275149762
0.20303436987296
0.18526325127178
0.16078526841493
0.12416565218286
0.07654541319725
0.03487903242653
0.00452170193102
-0.01451114805761
-0.02768186786261
-0.03799733465852
-0.04590819708342
-0.05264839063955
-0.06108733731397
-0.07269361947142
-0.08486648900264
-0.09540456976385
-0.10212674080935
-0.10190576915741
-0.08964371020348
-0.06423395603375
-0.03050703326166
0.0079877001484
0.04915477150237
0.08544623635139
0.10949925720977
0.11975652385525
0.11995413816168
0.11345927187191
0.10562272144286
0.1013171339952
0.10639679847133
0.12068233775693
0.13546423136865
0.14444435786314
0.14582443778592
0.1452394307408
0.14773488831603
0.153164075717
0.1596447730288
0.16642140876691
0.17288042324877
0.17905026177109
0.18517544654464
0.19135526775598
0.19739919558767
0.20285908244091
0.20725329040535
0.20985855755988
0.20678625083593
0.19408408410481
0.17626884845857
0.15963049671008
0.14611125224915
0.13589380901904
0.12807682680729
0.12159451938436
0.11521826461474
0.10844624452855
0.10166847097857
0.09524503995275
0.08908261867572
0.08292244082021
0.07744545458673
0.07393367339597
0.07307754510414
0.0746593397497
0.07848842017448
0.08334742428682
0.08802117974624
0.09110648543407
0.09238546111175
0.0911663923023
0.08741487629786
0.08119334247409
0.07173015043736
0.05706904736287
0.03390713714421
0.002135985237
-0.03352676449007
-0.07383809719909
-0.11899601469659
-0.16273640108634
-0.19782780717137
-0.21969590722177
-0.22850246373609
-0.22649003950087
-0.21384132845937
-0.19732953144596
-0.18351832016618
-0.17654396278089
-0.17899058031841
-0.19208400405494
-0.21286796260888
-0.23397072316723
-0.25232158911716
-0.26974191817276
-0.28809739977461
-0.30738127145596
-0.32293473032279
-0.32877567681093
-0.32480482073383
-0.31635882177264
-0.3083270507357
-0.30212028699806
-0.30075974309037
-0.30509158608358
-0.31021453034698
-0.31240782373285
-0.30956930514547
-0.29894450379861
-0.27324369520634
-0.23548261752146
-0.19469689240217
-0.15691434656884
-0.12347577323258
-0.09174465834882
-0.05852336414297
-0.0243364648223
0.00685322657791
0.03013408858688
0.04582889374307
0.06075247713452
0.0797126198714
0.10482231373031
0.13560635051136
0.16777776638565
0.19767302182108
0.22615631713329
0.25184242004387
0.26998118068718
0.28109148421111
0.28668211208838
0.28855617410688
0.28754255547805
0.283854005553
0.27884892142456
0.27338001794897
0.26704906097257
0.25885595680007
0.2428137755339
0.21146705858211
0.16476621452181
0.11321474966113
0.05896988016248
0.00919949340234
-0.0331418620566
-0.06992594577391
-0.0975991190364
-0.11367363133413
-0.12254609506418
-0.13077354827419
-0.13989686731881
-0.14750861403142
-0.15192214332946
-0.15332980982299
-0.1528196192752
-0.15147238561954
-0.14978391574435
-0.14797543891936
-0.1462603485401
-0.14430105797228
-0.14163170839464
-0.13754202611589
-0.13160275550787
-0.12257067609414
-0.11217547659491
-0.10273980672449
-0.09500701185687
-0.0917659010817
-0.09677933631988
-0.10620602177018
-0.11414872145922
-0.12002509039229
-0.12565425359602
-0.13062005101281
-0.13326857648645
-0.13312280775851
-0.13249776261654
-0.1327391719458
-0.1333741997768
-0.13493622225765
-0.13843735524678
-0.14391430927804
-0.15005097951101
-0.15567230684056
-0.16088412923852
-0.16626061233505
-0.17215759069064
-0.17981044890752
-0.19002370584869
-0.20200969514769
-0.21293644600242
-0.22098786039519
-0.225701299727
-0.22632977977272
-0.22329021197516
-0.21822040137916
-0.21305623827074
-0.20854545826025
-0.20512644093892
-0.20258922781496
-0.19700278622663
-0.18738913467153
-0.17722257095324
-0.16800178651468
-0.16036792760916
-0.15656731394922
-0.15611498006149
-0.15756933977789
-0.15980567680139
-0.1624312313562
-0.16437152261265
-0.16439986056859
-0.16117996032409
-0.1548185185769
-0.14531800416411
-0.13369879818129
-0.12062920408953
-0.10684808041979
-0.09237013285376
-0.07620166520435
-0.05773802707063
-0.03873020357606
-0.02043467177874
-0.00306810004026
0.01143343136025
0.01987696148436
0.02073120057913
0.01869655681027
0.0172956527835
0.01671739747106
0.01584484604567
0.01415788967495
0.01204627185983
0.01003719772918
0.00825786176888
0.00657468486569
0.00504318901852
0.00477985641607
0.00711653127177
0.01044486928089
0.01306571909096
0.01501388915789
0.01707826631235
0.01957396003721
0.02225372166685
0.02478321699144
0.02674389225483
0.02820097842608
0.02966943198194
0.0313634513735
0.03314264564402
0.03498640537098
0.03726483069951
0.04148392297709
0.04811921242583
0.05772281688746
0.0698349208245
0.08422974371976
0.09973526421111
0.11595032847671
0.13156840647036
0.14567802501353
0.15782888969259
0.16794199772126
0.17791041042941
0.18876352553497
0.19888607954896
0.20650115382458
0.20959986637112
0.20514125396134
0.19387283752411
0.17732991169546
0.15170649577834
0.11855312679417
0.0822782997602
0.04601359495821
0.01078528649055
-0.01938486858571
-0.03920397341002
-0.04960110504261
-0.05190481985001
-0.04989635648817
-0.0487119480044
-0.04912011117671
-0.04904459696455
-0.04949000737441
-0.05373335865973
-0.06004413557658
-0.06608984526459
-0.07172633984102
-0.07399069279824
-0.06867838873148
-0.05413276282747
-0.03498009373534
-0.0174088328621
-0.00221168944227
0.01242839416808
0.02367193975534
0.02893201181693
0.02720877427533
0.02316028937345
0.02097047382763
0.02064237611494
0.02101908844978
0.02169329565169
0.02338588741138
0.02565846266946
0.02780473007616
0.02974154349256
0.03172445975775
0.03387045881259
0.03609045857513
0.03829151269666
0.04054631232783
0.04233699205777
0.04233624067257
0.0412407747278
0.04046455088448
0.0402779068019
0.04033057890411
0.04073608002601
0.04195803630142
0.04426152569325
0.0478715880676
0.0524433698219
0.0569723011519
0.06158992813721
0.06716049402976
0.07253022539361
0.07609259627618
0.07587612220134
0.07117562816303
0.06074385767292
0.04011663807078
0.01358756684336
-0.01094130625938
-0.03120435092537
-0.04848087558861
-0.06266069497719
-0.07220223502167
-0.07791965378365
-0.0817315918919
-0.0849180125589
-0.08800867454977
-0.09104594525545
-0.09387979452055
-0.09651188612656
-0.09899313178752
-0.10069578137476
-0.10105477175305
-0.09817951042961
-0.09160881863953
-0.08162391839337
-0.06714413530064
-0.04670887314782
-0.02332161177494
-0.00086248071696
0.02049935531
0.04184400823095
0.05984418124197
0.0707409088911
0.07364423981864
0.07404184066191
0.07617423964472
0.07899721529262
0.08282011289065
0.08895750230659
0.09574576304708
0.10179220265213
0.10745065914442
0.11186934079809
0.11296088880576
0.10914878968641
0.09713692053446
0.07697240393575
0.05155474948739
0.02307054177888
-0.00596723287137
-0.03300055870353
-0.05570380193067
-0.07460022720296
-0.0866011905355
-0.08949343316437
-0.0872575791742
-0.08226278902294
-0.07606342106244
-0.07008683881243
-0.06477408391455
-0.05994404033446
-0.05585617211425
-0.05323782012325
-0.05271218324265
-0.05325245066641
-0.05343041088295
-0.05343183851482
-0.05389863120053
-0.05378738325529
-0.05226434693202
-0.04877417343266
-0.04351567927998
-0.03692804912078
-0.02878936670459
-0.01885103087241
-0.00592063518176
0.00888082772067
0.02329974646575
0.03686279668358
0.05009436795536
0.06308977886016
0.07460987713569
0.08126877081365
0.08098105468819
0.0762673148023
0.07065029183651
0.06629842979488
0.0638909379579
0.06604671575436
0.07322465559135
0.0842820293953
0.0967197407398
0.10925634511012
0.11876866700456
0.12231295097206
0.12055148939216
0.11415237104446
0.10582655077827
0.09826567284339
0.09047688904463
0.08349199079845
0.07931752006742
0.07615428500074
0.0721334296059
0.06733285105955
0.062373451151
0.05689360965378
0.04938767944485
0.04059853359892
0.03234169049369
0.02547878500105
0.01955710754068
0.01366903846671
0.00588619597802
-0.00535938264289
-0.01963593858177
-0.03399918183067
-0.04758464479548
-0.06001706424139
-0.06739641824709
-0.06847580454868
-0.06444640483076
-0.05698781188915
-0.0463971556324
-0.0336643753216
-0.0195261182684
-0.00563697546295
0.0069219203593
0.01612904139478
0.02016436632167
0.02064995437135
0.02154188080071
0.02426395615093
0.02809494724091
0.03244559633216
0.03732999726412
0.04157814668061
0.04431975804591
0.04366086836792
0.03969491776273
0.03371941965421
0.02785366672054
0.0235351232453
0.02182623716094
0.02112397108901
0.01960047320054
0.01727299315282
0.01338045288124
0.0065771311612
-0.0001297245072
-0.00315234105476
-0.00185726104552
0.00376839748297
0.01288488214254
0.02352143730066
0.03288746449753
0.03746410878745
0.03590834427187
0.03041754328487
0.02195186876564
0.01214362991303
0.00294710984925
-0.00513195229849
-0.01125462315186
-0.01484170387329
-0.01670925030873
-0.01751747242731
-0.01720527187855
-0.01568853645684
-0.01310088391811
-0.00936895652572
-0.00412894108181
0.00323005038509
0.01321629668415
0.02665025892539
0.04235902911214
0.05912971052765
0.07554612455752
0.09107155675655
0.10517439136481
0.11562250984996
0.1238192636077
0.13168154361267
0.13932656595537
0.14364617210396
0.1441074152733
0.14174967587034
0.13904833875153
0.13770894097005
0.13849274306977
0.14020686738235
0.14139577344323
0.1416626225284
0.14146339811083
0.14147542027396
0.14205935391166
0.14322550373519
0.14424234258628
0.14460869653949
0.14442503652954
0.14362524065923
0.14115339804729
0.13609421418477
0.12779172979594
0.11622007576192
0.10253449608684
0.0858958330502
0.06461079717748
0.0425919477887
0.02400875353629
0.01343296397233
0.0117296059362
0.01796347321125
0.03039408933269
0.044039641645
0.05626270370728
0.06755975865454
0.07659176292975
0.08042127271749
0.07961500420042
0.07623272961515
0.07242086664543
0.07091106543567
0.07238210590341
0.07681691013656
0.08343959778217
0.09072427725323
0.09529141115339
0.09659810221071
0.09515981140343
0.09256541786609
0.09031439662905
0.09092132265373
0.09429773643447
0.09960574687154
0.1051431659429
0.10979916724355
0.11248858953998
0.11283755429295
0.11242751265765
0.11293405362021
0.11534353126092
0.11938533956864
0.12426708918426
0.12845659835328
0.13139226031237
0.13233846895508
0.13166705261247
0.13027591659324
0.1297007848964
0.13008323996094
0.12965151549572
0.12644095389579
0.11898570998534
0.10704228129063
0.09267003215346
0.07775522923472
0.05965849249199
0.03576016037723
0.00910208167877
-0.0173574917851
-0.04136802717771
-0.05901917103131
-0.07004228167033
-0.07708219204689
-0.08202922630194
-0.08499090765695
-0.08631637261008
-0.08604793488193
-0.08362842088182
-0.07852608604093
-0.07068577868589
-0.05944738545426
-0.04505573984497
-0.02775672729624
-0.00914495249781
0.00900781289213
0.0257728771666
0.03593039206033
0.03543639923053
0.02752966942421
0.01855744320835
0.01115513975196
0.00596131302943
0.00224126289016
-0.00073866649837
-0.00367266134839
-0.00749763062274
-0.01325581954544
-0.02147690744944
-0.03212754571295
-0.04449955378914
-0.05713184169707
-0.06802940660399
-0.07616805681796
-0.08116036739808
-0.08338352297843
-0.08300332206948
-0.08086338776656
-0.07767524964768
-0.0756874601128
-0.07589778356312
-0.07880933679151
-0.08357082183954
-0.08909979319448
-0.09440446533447
-0.098915395622
-0.10239641295604
-0.10388525051884
-0.10299974306586
-0.09983486568582
-0.09518642117342
-0.08937152628342
-0.08234607470484
-0.07419882649741
-0.06497138693284
-0.05572008552126
-0.04827385823316
-0.04202116339192
-0.03544795982847
-0.0283764054011
-0.02033447992995
-0.00917355880561
0.0057762082131
0.0244720469138
0.04359829944927
0.06098072648879
0.076682186771
0.09143906998978
0.10491835149238
0.11617445594648
0.12404006351445
0.12786150127838
0.12797732193924
0.1236474110794
0.11259421283033
0.09540096311491
0.07465662402892
0.05450086643478
0.03976514007629
0.02940370997456
0.02297227132937
0.02034752183013
0.02185441410577
0.0256155156385
0.03001609964302
0.03326823431242
0.03517855603364
0.03601349526296
0.03630998112705
0.03616246274501
0.03570936673801
0.03538392034166
0.03599986298869
0.03825322425391
0.04224060007125
0.04775692668675
0.05393033965578
0.05790434081664
0.05872609860281
0.05592385045223
0.04914140757996
0.03864045598149
0.02756692739584
0.02015437289857
0.01754574597881
0.01887383004606
0.02354354949356
0.03291632842311
0.0441836392507
0.05462527435502
0.06299637094628
0.06719852485473
0.06656549356154
0.06014682846467
0.04880229670713
0.03468673148684
0.02056452187461
0.00739271148766
-0.00459535592811
-0.01379060185728
-0.01828160970305
-0.01768591152001
-0.01404913203492
-0.01036186912537
-0.00856129687263
-0.00851746320713
-0.00996007018567
-0.01236769297835
-0.01500913396301
-0.01686919874872
-0.01767186061685
-0.01770091775577
-0.01716899070768
-0.01669255882331
-0.01729958145467
-0.02006297225657
-0.02532961357158
-0.03251689205315
-0.03928685119709
-0.0437511526662
-0.04590121993518
-0.04685323571204
-0.04707421809806
-0.04559850830803
-0.04156186309001
-0.03645583572759
-0.0319801990761
-0.02881589060199
-0.02626493786303
-0.02365328393434
-0.02046753951401
-0.0167279168638
-0.01237816943479
-0.00785357467077
-0.00395796123374
-0.00242999260336
-0.00415797138554
-0.00814030648162
-0.01308923744758
-0.01788842056429
-0.02071516387225
-0.02136342681676
-0.02073547274068
-0.01946003930749
-0.01737396858903
-0.0138680052665
-0.00865606050009
-0.00278903665203
0.00274454820801
0.00769425310072
0.01170673162403
0.01401616769299
0.0141440856555
0.0119708757225
0.00837362768596
0.00492331409783
0.00296946785245
0.00411642193104
0.00904037899992
0.01802142647798
0.02848503423223
0.03813153205445
0.04557998129592
0.04998898081464
0.05169092195298
0.04960392810413
0.0432465867733
0.03395354054708
0.02421446133469
0.01428163208258
0.00452289233985
-0.00320440238814
-0.00811582635195
-0.01099306596528
-0.01284097977897
-0.01439740980715
-0.01580637512366
-0.01677913986599
-0.01734249628341
-0.01776966950116
-0.01763695340748
-0.0163559382557
-0.01358923062486
-0.00968886521318
-0.00459142188991
0.00106226341373
0.00655920633066
0.01170764402034
0.01658049508843
0.0205725187599
0.02255028266946
0.02083157490719
0.01546932519307
0.00756433323337
-0.00173222410854
-0.01002466891774
-0.0154516569069
-0.0179382588709
-0.01896782833402
-0.01928139211021
-0.01706784352628
-0.01204274034942
-0.00713243272932
-0.00437392056416
-0.00462833851797
-0.00706282011118
-0.01033118792102
-0.01209456445976
-0.01169776867205
-0.00899011562396
-0.00471629459556
0.00012905856524
0.00331884479387
0.00418394140472
0.00231410324443
-0.0014049293046
-0.00580657276226
-0.00971090334096
-0.01257635264716
-0.01396489102043
-0.01328088360875
-0.01031288417765
-0.00592114397688
-0.00130766141763
0.00297367668295
0.00693653372795
0.01067322060886
0.01599899808558
0.02419130793659
0.03441942083648
0.04503213561576
0.05297686404483
0.0551663253662
0.05174484994187
0.04389826315342
0.03297600987579
0.02137121975465
0.01112875539752
0.00184754348813
-0.00737153530604
-0.01434765737312
-0.01815744866652
-0.01970661172645
-0.02013073646713
-0.01944978826661
-0.01752841044894
-0.01455807743011
-0.01034204436369
-0.00531614579192
-3.820259163e-05
0.00590944598279
0.01254527750229
0.01811532815927
0.02146519657446
0.02156695559809
0.01837751865623
0.01116708677657
3.774060781e-05
-0.01322137390126
-0.02593415663179
-0.03504457331919
-0.0397984908449
-0.04074113577497
-0.03663980702569
-0.02871589196653
-0.01852809624942
-0.00839704406888
-0.00076837605432
0.00275892435361
0.00218399123715
-0.00206187611517
-0.0080664163349
-0.01425053546956
-0.0188424972834
-0.021123101629
-0.02090778683417
-0.01809504075899
-0.01295414912349
-0.00769881508226
-0.00373644965787
-0.00259885891222
-0.00391340623846
-0.00746835450871
-0.01288271385954
-0.01937239559146
-0.02512182336278
-0.02911820506839
-0.03126508431732
-0.03036820947974
-0.02621559332383
-0.01785144167859
-0.00690415439306
0.00433321158767
0.01452158157775
0.02368390824809
0.03110295686027
0.03486423013818
0.03510156051924
0.03270156106607
0.02922456900986
0.02674253976148
0.02682123125961
0.02954786859137
0.03461040148504
0.04123826295443
0.04777154649584
0.05225574893856
0.05374379217987
0.05137777680569
0.04598477396892
0.03907998411867
0.03190669213582
0.02613737412497
0.02276528617614
0.02224460843783
0.02444005937262
0.02991399712902
0.03701494145161
0.04358799473802
0.04671421871678
0.04614024629996
0.04153224777923
0.03312058712149
0.02127861689633
0.00743032153692
-0.00664286448493
-0.0184393683919
-0.02407608838389
-0.02351880745248
-0.01904350355729
-0.01270020239554
-0.00509069159058
0.00301608808361
0.0100382850909
0.01538164927482
0.0189797860927
0.02188555365509
0.02474149364493
0.02770788725853
0.03035450206696
0.03194611839044
0.03213092694633
0.03057837191894
0.02732657000585
0.0228503751825
0.01785194618008
0.01402150252788
0.01196054954309
0.01153215264088
0.01172466826206
0.01153309723941
0.00996222236755
0.00655773146886
0.00091339844208
-0.00610192725493
-0.01248935297559
-0.01539890966617
-0.01426635749496
-0.00896808930366
0.00032860178481
0.01187712431824
0.02160795976162
0.02870423476193
0.03152654489723
0.02833723676426
0.01938545895979
0.00588592655276
-0.00759985550519
-0.01764067813123
-0.0245769832234
-0.02936888863778
-0.03063063612633
-0.02791906943478
-0.02125378898265
-0.013596336582
-0.00843517794096
-0.00607717447978
-0.0060181875217
-0.00700607657461
-0.00775508202593
-0.00694522188762
-0.00388059539378
0.00210496912954
0.00972519576079
0.01724888442211
0.02280118092034
0.0262963457642
0.02769058393088
0.02753439241687
0.02574924073516
0.02125018233372
0.01402459394125
0.00566111854269
-0.0036259938873
-0.0134106156298
-0.02192216758226
-0.02779201019821
-0.03122119268783
-0.03285316913039
-0.03239187229068
-0.02933628925437
-0.0243323429378
-0.01932266462559
-0.01639408715548
-0.01582524562614
-0.0174486026071
-0.02030969495257
-0.02328454701665
-0.02523580849695
-0.02551537746008
-0.02412978022315
-0.02117868266532
-0.01703493285471
-0.01262420515004
-0.00883912047528
-0.00613754935365
-0.00465503523397
-0.00464772318261
-0.00676487119276
-0.01035970620941
-0.01416496342986
-0.016648259299
-0.01696742626193
-0.01446513108142
-0.01109526508595
-0.00908397222215
-0.01026290632807
-0.01412690040267
-0.01852897644351
-0.02123963073875
-0.0213718208628
-0.01802199538391
-0.01173028218287
-0.00210604146355
0.00894169099492
0.01925102541423
0.02835313392819
0.03403969222679
0.03340275373057
0.02696514299271
0.01808052829065
0.0096395668305
0.00588430034052
0.00706431858794
0.01312140746803
0.02239885708441
0.03300290946579
0.04189715263243
0.04791925809122
0.05244352009894
0.05564954118547
0.0577150132155
0.05933050212005
0.06224949406188
0.06706029144689
0.073362717254
0.08031354554859
0.08757008027704
0.09406070660749
0.0991553343831
0.10131615719444
0.10064025400881
0.0971335715033
0.09142635011182
0.08453316379581
0.078116387896
0.07297336017973
0.06891716821256
0.06581882062455
0.06404706506747
0.06426211151044
0.06589318629076
0.06795584599334
0.0700548298031
0.07198842299723
0.07347440529629
0.07481994296822
0.07619649138058
0.0767273664894
0.0762773082254
0.07528902201174
0.07403492791811
0.07249219456864
0.07070046289943
0.06853721418731
0.06576747954754
0.06267243805439
0.05958401948504
0.05653747453923
0.0534803994666
0.0503529410693
0.04683946389481
0.04309828480384
0.03943553959322
0.03477063974504
0.0287892378957
0.02271286095764
0.01721207728161
0.01213563302774
0.00751376071608
0.00526155980428
0.00677525211594
0.01056905500579
0.01418299667455
0.01630185998977
0.01700868804324
0.01625652999432
0.01402776049315
0.01063445127958
0.00666091705095
0.003413560118
0.00177903969985
0.00184767337043
0.00335071962728
0.00636773406149
0.01076557873028
0.01637608611301
0.02210364857514
0.02692053218024
0.0299049268363
0.03112788138061
0.03055614165123
0.02842015748763
0.02511924718497
0.02093655415308
0.01599888001076
0.0104473295307
0.00494981760049
0.00032431481025
-0.00279244794082
-0.00423736811235
-0.00438901696615
-0.0037198665866
-0.00279387235247
-0.00198821245741
-0.00204115398488
-0.00320682936232
-0.00523018517873
-0.00770966615789
-0.01041989967743
-0.01293721075437
-0.01508424028034
-0.01688125311407
-0.01827593137779
-0.01942791222334
-0.02104919752797
-0.0232547921629
-0.02566006204652
-0.02794512103292
-0.03018057786233
-0.03264755793865
-0.03521665126305
-0.03745589722067
-0.03849307714241
-0.03823873325371
-0.03710408793803
-0.03566649484557
-0.03410945297516
-0.0327762916908
-0.0319450127808
-0.03211443940832
-0.03385824343613
-0.03743095123218
-0.04292260021104
-0.04965871481896
-0.05666897768253
-0.06330003790603
-0.06934323582067
-0.07458552152128
-0.07847259814908
-0.08090850308052
-0.08228786382033
-0.08335378959284
-0.08460165792342
-0.08653315797308
-0.0886505185179
-0.09008606140219
-0.09098234586569
-0.09196604862965
-0.09339350875605
-0.09476804989653
-0.09528461648441
-0.09408281880039
-0.09129113297884
-0.08775693904111
-0.08418745146732
-0.08060902240972
-0.07697510892245
-0.07340996864873
-0.07036592474221
-0.06787724036781
-0.06582736494763
-0.0640009944209
-0.06240352802697
-0.06156295340869
-0.06156526123465
-0.06184484093184
-0.06214102624186
-0.06260045535266
-0.06245307651358
-0.0615734405992
-0.06111842319291
-0.06179308122594
-0.06357927411285
-0.0655227319212
-0.06690662244032
-0.06754038365057
-0.06757569875476
-0.06713072844194
-0.06616289063967
-0.06488623352203
-0.06359185444784
-0.06254760077119
-0.06185211863417
-0.06150116807746
-0.06162171173098
-0.06258039336794
-0.06432573236836
-0.06652967395585
-0.0687868565515
-0.0708240228278
-0.07246537011716
-0.0733762529216
-0.07358452616374
-0.07351910198135
-0.07367770866206
-0.07416907164367
-0.07386952656842
-0.07223093793614
-0.06981287303605
-0.06696988907379
-0.06336966984551
-0.05975254445033
-0.05665632220902
-0.05357891679982
-0.05028752762099
-0.04729974099747
-0.04525045595137
-0.04428493670913
-0.04429646510485
-0.045036364841
-0.04613297933171
-0.04750284041583
-0.04924413267027
-0.05127665109244
-0.05321367919032
-0.05460364519546
-0.05499045829414
-0.05452964448777
-0.05358990849182
-0.0523253164736
-0.05065986045354
-0.04886428598576
-0.04715652697919
-0.04541793971146
-0.0437049317426
-0.04225248269141
-0.04059430437368
-0.03834344414775
-0.03616877438066
-0.0344498519369
-0.03296571589861
-0.03167426722668
-0.03066641279572
-0.02945280763005
-0.02780389281837
-0.02602900291162
-0.02446457599814
-0.02319835240064
-0.02253209914773
-0.02258132561211
-0.02319328591761
-0.02401912265199
-0.02483950647666
-0.02548112502923
-0.02622532912915
-0.02782155037047
-0.0299180868113
-0.03174883684031
-0.03316369516357
-0.03428579234648
-0.03509463704137
-0.03586319675569
-0.03671241230373
-0.03741029887337
-0.03792241082045
-0.03839443100031
-0.03882546848479
-0.03939381624671
-0.04066157481683
-0.04235352253207
-0.04387735317683
-0.04510594311011
-0.04599775146466
-0.04634573941688
-0.04608981761927
-0.04522743136216
-0.0438660394626
-0.04230827840922
-0.04075800973964
-0.03841019935534
-0.03459714490338
-0.02984965708813
-0.02527293765969
-0.022104496567
-0.02001023574991
-0.01818628038989
-0.01623668269109
-0.01439335232709
-0.01315135553511
-0.01262813382121
-0.0126534984386
-0.01263491775612
-0.01222797826827
-0.01138653418997
-0.01060004320466
-0.01041439739098
-0.01109638142967
-0.01264187343621
-0.01475017442239
-0.01694213678306
-0.01895503331755
-0.02115703203761
-0.02376924413816
-0.02652034442508
-0.02913982349388
-0.03147248809945
-0.03281361406688
-0.03308442402543
-0.03270025150901
-0.03235130822419
-0.03223054988919
-0.03198183065538
-0.03166141853984
-0.03171021564125
-0.0319156121515
-0.03189234067859
-0.03161760204886
-0.03114335991564
-0.03038314057699
-0.02933290802099
-0.02802715082813
-0.02660530462255
-0.02507440022287
-0.0232089469319
-0.02122952997491
-0.01941835889729
-0.01730265139989
-0.01468140120885
-0.01207821646472
-0.01020452262497
-0.00958048433916
-0.01027142488938
-0.01200175765403
-0.01457714114593
-0.01751570130506
-0.02055841418638
-0.02431800221464
-0.02863971224178
-0.03266109360625
-0.03574601286741
-0.03776763620424
-0.03856416891599
-0.03846458890943
-0.03762796443046
-0.03626014282044
-0.03487040223086
-0.03433698314645
-0.03429161021471
-0.0338579643502
-0.03267549873386
-0.0310186621754
-0.02923940350044
-0.0276947809539
-0.02662793205101
-0.02616025917121
-0.02609623041847
-0.02609599426884
-0.02572816974746
-0.02464794618809
-0.02319910378584
-0.02179438916272
-0.02042883244236
-0.01928796136363
-0.01875837434372
-0.01827931261117
-0.01725587230443
-0.01574686541617
-0.01400415626393
-0.01186495187807
-0.00986303630151
-0.00864613899528
-0.00830134979718
-0.00844626623963
-0.00904920240893
-0.00963803185788
-0.0097361305622
-0.00942608863577
-0.00900264228858
-0.00840655445864
-0.00683613900515
-0.00377081264967
0.00043483605866
0.00467590978811
0.00728399034349
0.00866071372126
0.01000595083911
0.0117295629999
0.01339879741408
0.01441924291411
0.01451215706058
0.01364859005531
0.01259179897997
0.01192306615591
0.01196886845062
0.01242417567691
0.01285190706653
0.01294320036779
0.01276562657793
0.01293517128027
0.01352433241212
0.01411670303215
0.01451058988575
0.01471339948411
0.0142989461443
0.01253922348443
0.00881666049838
0.00418328555278
-5.983879274e-05
-0.00325434696209
-0.00588633015395
-0.00849257625605
-0.01069090714295
-0.01233758390016
-0.01373344291204
-0.01479820940454
-0.01519117312775
-0.01461655666647
-0.01316227208859
-0.01101885994563
-0.00904530486658
-0.00783428553939
-0.00756945982722
-0.00798694446958
-0.00923100327722
-0.01115435616454
-0.01344076764429
-0.01595166081826
-0.01833192030894
-0.02006958444629
-0.02088817568056
-0.02101005035929
-0.02087430725667
-0.02087656141225
-0.02108219407213
-0.02076718119593
-0.01959082326782
-0.01757752957258
-0.0153413106239
-0.01352639335437
-0.01273073010263
-0.01327033201379
-0.01536565550423
-0.01875300730661
-0.0231150452506
-0.02748552017694
-0.03122842745385
-0.03419140763185
-0.03623121449041
-0.03712925934208
-0.03652174294331
-0.03485348532989
-0.03253628852526
-0.02998099922032
-0.02749172447184
-0.02562213856229
-0.02442521414797
-0.02338557612323
-0.02144700231866
-0.01775321416538
-0.01334792863634
-0.00926188520876
-0.00508410086901
-0.00054675295141
0.00383168773141
0.00775585165905
0.01122396663588
0.01410468086903
0.016404864166
0.01797785687071
0.01893280304983
0.01928103788576
0.01930939730985
0.01926476502924
0.01889309770928
0.01819012318846
0.01742366735268
0.01633059510646
0.01460098152477
0.0127066750423
0.0109889333467
0.00933599755082
0.00769399118931
0.00629049166339
0.0055968933564
0.0056753787603
0.00628421867041
0.00729729737531
0.00867425260908
0.01024417644196
0.01165373749959
0.01256638069221
0.01278178135963
0.01220266732126
0.01059109957402
0.00856590071706
0.0068858517231
0.00594128539375
0.00538219899106
0.00482317377259
0.00424991839193
0.00396230316677
0.00479709748608
0.00679786129648
0.0097885557807
0.01261436200398
0.01435425882877
0.01494335555617
0.01481710137517
0.01437570550907
0.01434296658269
0.01512599582907
0.01643011070857
0.01772020688715
0.01847439367609
0.01870425314149
0.01866247612462
0.01828427175346
0.01740012752791
0.01597077820445
0.01399652433716
0.01157294212292
0.00927007852761
0.00766810382251
0.00712780312311
0.007674741774
0.00896521257177
0.01096632738639
0.01329117758593
0.0153637555731
0.01709304713255
0.0186782230115
0.02032801801727
0.02203831026535
0.02366186045964
0.02507042861541
0.02624608882869
0.02714528222631
0.02775612618808
0.02810569204921
0.02813610168148
0.02781267329109
0.02730787124855
0.02670865228916
0.02592050288938
0.02479932883684
0.02334508719526
0.0218494871657
0.02041117489027
0.01891068012286
0.01749289139734
0.01626350714257
0.01510918626884
0.01416874182399
0.01382759147705
0.01433446519591
0.01550614306766
0.0169481585987
0.0179475867814
0.01786043683279
0.0166520484272
0.01468239947775
0.01221065347248
0.00979259501283
0.00787911962061
0.00673572710784
0.00605097153119
0.00553708309483
0.00501631411689
0.00444284620156
0.00384926477794
0.0031799984704
0.00232329483219
0.00157729921528
0.00118123441803
0.00082520825433
1.32030723e-05
-0.00163663610418
-0.00457466492664
-0.00809226291222
-0.01017200482052
-0.01039602709636
-0.00978832285129
-0.00987722352741
-0.01085982390195
-0.01189457792292
-0.01213871370704
-0.01146044902507
-0.01018934357061
-0.00878732749375
-0.00740265124039
-0.00621784881609
-0.00533205691014
-0.00432805171819
-0.00295989949869
-0.00136117507126
4.634151019e-05
0.00082127260602
8.808860047e-05
-0.00218533514324
-0.00510917459299
-0.00754765033521
-0.00895055519342
-0.00876264341667
-0.00765073823723
-0.00654498260891
-0.00589156623536
-0.00550193007516
-0.00446540278513
-0.00270610841481
-0.00083103277769
0.00025082214629
0.00016979748979
-0.00091843401098
-0.00244710915812
-0.00354136859295
-0.00393157043886
-0.00386506318839
-0.00356039473951
-0.00318503060439
-0.00279297605727
-0.00211105856985
-0.00084628203289
0.00132012475121
0.00424012998964
0.0079032562599
0.01212818358023
0.01680336667151
0.02146844899895
0.02586510433232
0.02998734305818
0.03378849342183
0.03682097673041
0.03884050692277
0.03966103029041
0.03972090495642
0.03952767015227
0.03927958422884
0.03906882068148
0.03897863298987
0.03884196675687
0.0385042835159
0.03793959607328
0.03712264715236
0.03593291456777
0.0345540368613
0.03318702030685
0.03186538741821
0.0308122459281
0.03022191478217
0.02995681535109
0.02984630805697
0.02999974091391
0.02989458992283
0.02900023759269
0.02756883806105
0.0258905548223
0.02392498482106
0.02231696683216
0.02137204627836
0.02077629442494
0.02031758449712
0.02009965058818
0.0197905843891
0.01931311129953
0.01918727574742
0.01972880979195
0.02101226157857
0.02292043648495
0.02514020009785
0.02719144947954
0.0287249837274
0.02956498943975
0.02985691332231
0.02977961725383
0.02990835100598
0.03034012914158
0.03073475664629
0.03061545814538
0.02988280390933
0.02910732071713
0.02878267937635
0.02888578015925
0.02818188250804
0.0263150874578
0.02448501367546
0.02341176726433
0.02289645656314
0.02272404586298
0.02264097486257
0.02213100973033
0.02081299422471
0.01833180223412
0.01440920655472
0.00929041530463
0.003641858849
-0.001337217691
-0.0048019020577
-0.00625521198164
-0.00653573413056
-0.0062744549565
-0.00530584430089
-0.00346363350084
-0.00062813709205
0.00209827750767
0.00328282231419
0.00340040228981
0.00350921360021
0.00447874953302
0.00604678202202
0.00758333361815
0.00869751656814
0.00934899114766
0.00937328128422
0.00898854308209
0.00846259813356
0.00772459296151
0.00664366417346
0.00548133997398
0.00456509227925
0.00404826700018
0.00409675281344
0.00478311850122
0.00562927913173
0.00646565243337
0.00772472606403
0.00943375491158
0.01126771872241
0.01299602274704
0.01440631908875
0.01503852385823
0.01505358376436
0.01479995905864
0.01471405426263
0.01508177144327
0.01616769479606
0.01754626121437
0.01872753534848
0.01973371526387
0.02086309014911
0.02254533426125
0.02441258014261
0.02571096302648
0.02583617600229
0.0246909146872
0.02291257914262
0.02133658089713
0.02044866901153
0.02045611845904
0.0210843301529
0.02200401489821
0.02311432606763
0.02445438936171
0.02546216865415
0.02561596646961
0.02485781880728
0.02344104981881
0.021415379736
0.01867107411807
0.01527347127481
0.01148792825508
0.00773417312275
0.00428094738028
0.00137634124473
-0.00078523585002
-0.00204483469893
-0.00307852067951
-0.00443791496786
-0.00622823510631
-0.00851235164099
-0.01147270733783
-0.01437568404092
-0.01639102794433
-0.01694719253202
-0.01621590152339
-0.01463537349858
-0.01247229653165
-0.01002123616081
-0.00854486622522
-0.00775781384782
-0.00636157162948
-0.00445999495853
-0.00294479021581
-0.00255977829479
-0.00295493606277
-0.0034163520507
-0.0034503951671
-0.00300125896008
-0.00196845424699
-0.00062614474054
0.0006559781677
0.00199676107412
0.00362164122021
0.0051858545256
0.0065256462476
0.00780366873949
0.00868902698884
0.00885719236264
0.00889684617964
0.00944190314732
0.01082096655327
0.0128588734807
0.01533591138456
0.0186427039599
0.02224975005938
0.02406390520964
0.02399548622055
0.02303273636946
0.02176762911568
0.01996176067072
0.0170078722536
0.01331693936406
0.00979634657177
0.00757440716203
0.00706151914138
0.00826257832109
0.01104099360668
0.01539366070388
0.02022999445147
0.02428071204079
0.02640381531532
0.026429222869
0.02410604718504
0.02014959623554
0.0157298626426
0.01195540792154
0.00914242999036
0.00791440681621
0.00885718055516
0.01203572026487
0.01680433273819
0.02189999098492
0.02633121003728
0.02940651156793
0.03043351558731
0.02969600954971
0.02739199418824
0.02326199472671
0.0188521579502
0.01585302541023
0.01335312392827
0.01056720445139
0.00808808521053
0.0058006346724
0.00328918010635
0.00099523169639
-0.00060186930966
-0.00143179669238
-0.00202892358071
-0.00301227426704
-0.00491762825871
-0.00745374114006
-0.01013015803216
-0.01292265534973
-0.01563478021314
-0.01779049360516
-0.01902689794447
-0.01957403517573
-0.01986843862943
-0.02036178741477
-0.021386311863
-0.023023558736
-0.02507830742589
-0.02727425212809
-0.02933912304996
-0.03117280348123
-0.0327477712556
-0.03395116831667
-0.03448174287141
-0.03420949454691
-0.0333443603668
-0.03277580865746
-0.03263908875409
-0.03231619706741
-0.03118348388509
-0.02912872446113
-0.02636251059771
-0.02369819530088
-0.02219898862239
-0.02152598363679
-0.02092966287743
-0.02042246713635
-0.02053076321118
-0.0217781163062
-0.02348782891427
-0.02477149538239
-0.02525009554974
-0.02496400026949
-0.02379960010006
-0.02198722680612
-0.01988575269115
-0.01792356392329
-0.01627760098202
-0.01504034865085
-0.0140031687291
-0.012980254392
-0.01184554467187
-0.01077632353858
-0.01024090791636
-0.01033022829478
-0.01100624740842
-0.01234608528694
-0.0141254298345
-0.0157243667966
-0.01719645920361
-0.01897684495637
-0.02129053171872
-0.02347100861997
-0.02420219228785
-0.02285397109736
-0.01981988841172
-0.01655927382369
-0.01388431032524
-0.01178270740138
-0.01032599906954
-0.0096488378504
-0.00926485962072
-0.00871792096983
-0.0077529813676
-0.0063312467964
-0.00438644293515
-0.0024259340499
-0.0008984914965
-0.00038930469199
-0.00099988856715
-0.00263738994505
-0.00506437808104
-0.00764247836711
-0.0092031612355
-0.00909963216303
-0.00751932203993
-0.00509223944409
-0.00238565121616
-9.368055937e-05
0.00139033096366
0.00174827691653
0.00074544517358
-0.00140994855771
-0.00421602018553
-0.00687519922784
-0.00882915388737
-0.00941916945152
-0.00893452600038
-0.00769491002606
-0.00612606174741
-0.00451495556537
-0.00299138361179
-0.00148355747169
0.00015619870584
0.00214516501728
0.00454840079383
0.00729460097586
0.01031075131711
0.01297364220228
0.01482213565598
0.01567128679957
0.01567656796409
0.0147528364728
0.01312613046069
0.01112016813814
0.00892179324154
0.00694011998215
0.00556828168156
0.00525038241279
0.00580437227704
0.00682757214052
0.00795629224723
0.00911971132227
0.01010839147646
0.01091095029748
0.01164189781573
0.01271101160828
0.01427318436617
0.01552606550941
0.01649258302055
0.01823603282391
0.02054407346321
0.02246796305425
0.02322972809959
0.02300979765285
0.02254459361012
0.02213269497999
0.02153969104957
0.02018118661598
0.01819920421525
0.01660115818131
0.01570393985335
0.01513737394774
0.01463191712668
0.01413271827089
0.01370493321091
0.01343377976198
0.01330754704912
0.01314058925866
0.01291767473929
0.01283509750629
0.01301809200364
0.01343396224124
0.01396921685234
0.01444730178413
0.01465597218702
0.01443614908101
0.01386088857529
0.01359201075009
0.01346735594614
0.01241507318197
0.01034276784029
0.00798222684396
0.00632324454407
0.00526792189007
0.00411027130651
0.00248391307841
0.00068771249208
-0.00069686007013
-0.00137541060049
-0.00120942853738
-0.00018145093747
0.00169707001546
0.00456909823575
0.00796101094626
0.01139913599311
0.01492860693819
0.01870575591188
0.02216574519452
0.02501352728795
0.02722093598143
0.02879802910248
0.02940861544648
0.02845847813261
0.02615168264591
0.02344495702183
0.02081781382404
0.01817741404458
0.01571879581208
0.01350438850221
0.0115428867151
0.01071324582482
0.0117737015131
0.01457590672739
0.01834895528473
0.02308890777987
0.02774269786123
0.03116900361896
0.03294782219688
0.03355240819338
0.03319077723283
0.03227345398385
0.0313067754616
0.03060578674451
0.03019140854322
0.03041351800704
0.03138227893968
0.03300864146142
0.03510191474369
0.03732315965884
0.03877875379377
0.03943490628284
0.03987454176077
0.04070153777516
0.04192365506168
0.04279293259444
0.04311717677447
0.04328266399676
0.04380219318913
0.04478292261454
0.04573550729733
0.0463071289519
0.04636637030753
0.04559320567536
0.0437263354866
0.04076583487975
0.03714703496899
0.03324110930686
0.02932084292156
0.02558139201654
0.02230362437791
0.01917390109094
0.01586672208894
0.01292049780081
0.01125827273709
0.01148023192386
0.0124487459728
0.013025519983
0.01233593085273
0.01067686590046
0.00872386657354
0.00700330933028
0.00571510342218
0.00509773851031
0.00470350387271
0.00398320455609
0.00282207505908
0.00157011275259
0.00074575249012
0.00084467127771
0.00192153346174
0.00333421062112
0.00475982126653
0.00640499525334
0.0081657709259
0.00962045588475
0.01026469677165
0.01022586947838
0.01016982795027
0.01001251579891
0.00913096385228
0.00797379093503
0.00728027742722
0.00736622408611
0.00760495311704
0.00728909010216
0.00620621522645
0.00457892742751
0.00259891902303
0.00050383103818
-0.00148106287284
-0.00282777377908
-0.00320634096195
-0.0024998059487
-0.00080827009989
0.0017877536213
0.00457026610302
0.00687379306412
0.00817984329721
0.00834894253547
0.00750370825557
0.00565044135906
0.00293950690448
-7.521911099e-05
-0.00290220277634
-0.00526030606441
-0.00623311911008
-0.00579570558551
-0.00454316363902
-0.00334316283902
-0.00256851261098
-0.00264494029285
-0.00359853934566
-0.00530108051875
-0.00737879154021
-0.00954259091034
-0.01163358964228
-0.01338577698205
-0.01460595140114
-0.01516268489476
-0.01507426832539
-0.01446795414294
-0.01371348826806
-0.01315080809732
-0.01345633205192
-0.01489740298443
-0.01733928679522
-0.0203385803463
-0.02359402111056
-0.02689358965394
-0.02998538945667
-0.03259685017203
-0.03473075192523
-0.03646226543805
-0.03765273867376
-0.03799026090361
-0.03734227704503
-0.03593717599523
-0.03425403022086
-0.03252559738734
-0.03094431797734
-0.02956753341534
-0.02788283120021
-0.0256737694593
-0.02325203350583
-0.02111362344146
-0.01953298807591
-0.01858661842209
-0.01827120838513
-0.0183192326332
-0.01828519488385
-0.01789118995544
-0.01750990490498
-0.01738207281507
-0.01706400072771
-0.01602539317409
-0.01406127227287
-0.01196004504161
-0.01041324884504
-0.00980422645566
-0.00945067395937
-0.00842806554338
-0.00656870169272
-0.0041382679189
-0.00112688350661
0.00233549196073
0.00561469581849
0.00835780995419
0.01045289622159
0.01149353144182
0.01153504010684
0.01087112688211
0.00972054361302
0.0080831496832
0.00608774539607
0.0038511818836
0.00137997580226
-0.0005213305847
-0.00125993128319
-0.00169470637231
-0.00260395652407
-0.00399761290392
-0.00502741207623
-0.00510849512609
-0.00444629935323
-0.00350686069114
-0.00224423944895
-0.00071315085255
0.00086437034338
0.00216590217527
0.00325574990559
0.00457995038478
0.00599408093781
0.00694353985819
0.00702784957077
0.00623466266995
0.00458752005393
0.00269221208232
0.00104355467374
-0.00056977861402
-0.00220841662304
-0.00336859400767
-0.00404469684709
-0.00456422496605
-0.00497172584598
-0.00524538999487
-0.00541415862365
-0.00512882009563
-0.00409593273017
-0.00255733199927
-0.00076302093203
0.00132105861567
0.00329559693592
0.00482267678495
0.00601121896072
0.00684343066177
0.00683841462889
0.00623795481052
0.00557558192543
0.00487252367883
0.00392482729343
0.00272601260864
0.00145999939899
0.00021916607332
-0.00122799419216
-0.0030701599091
-0.0052828798225
-0.00720449486321
-0.00844149387023
-0.00864520298401
-0.00782979762296
-0.00602570566729
-0.00315279081247
0.00046912208716
0.00402625570758
0.00710909470515
0.00955020995622
0.01114426613477
0.01183028081833
0.01203253224483
0.01204994291322
0.01193754642204
0.01171845323308
0.01144281294112
0.01113132084126
0.0104857703973
0.00878148279034
0.00601679638568
0.00271084428836
-0.00047890351229
-0.00316138021866
-0.00514952934503
-0.00633181355552
-0.00704211515541
-0.00803944053297
-0.00910720290558
-0.00948559297622
-0.00932229657848
-0.00897651447852
-0.00823558212442
-0.00680106541763
-0.00446895898392
-0.00183137582554
0.00059101179358
0.00273462026276
0.00470847804271
0.00648688872581
0.00794126024969
0.00891512952826
0.00922070071278
0.00898581448042
0.00824025466693
0.00737406747414
0.00686208004233
0.00729325277614
0.00861890128194
0.01085692570191
0.01380327879893
0.01714902532962
0.0204062050139
0.02330193621689
0.02509510625204
0.02605015977191
0.02702699272838
0.02853795321815
0.03037313641981
0.03203018765975
0.03320879974345
0.03385245777012
0.03397784249112
0.03349983269784
0.03230143771535
0.0304941094363
0.02825952206689
0.02617945169592
0.02451596001145
0.02322402830618
0.0223043328268
0.02195720360052
0.02222847512427
0.02288036618588
0.02354598612841
0.02401533352379
0.02423933218466
0.02425116113445
0.02412104268673
0.02381705370475
0.02337940403055
0.02288937207415
0.022249116749
0.02134194793424
0.02011296084022
0.01839117239864
0.01579958045467
0.01209638925238
0.00801196022955
0.00469720833818
0.001969613527
0.00034655795885
-0.00041552782063
-0.0008682277403
-0.00093813082249
-0.00034856286923
0.00098673073896
0.00331084361495
0.00651473291434
0.00999831461871
0.01317224404355
0.0157368183227
0.01732560085058
0.01805069829838
0.01813644208327
0.01762960056664
0.01642347705071
0.01505234934583
0.01396990383309
0.01337471015153
0.0133485297445
0.01406070336694
0.01539760010912
0.01701918596783
0.01854166411924
0.01958619688183
0.01982119796878
0.01943043473079
0.01874395848204
0.01755477333523
0.01601734261843
0.01465666990184
0.01386340034865
0.01344341896063
0.01272398910402
0.01076931418811
0.00682724475125
0.00182654656554
-0.00322462216376
-0.00828294408011
-0.01362991276617
-0.01911351118937
-0.02336344246218
-0.02559883488715
-0.02578121754227
-0.02456739769512
-0.02274075881654
-0.02076437960256
-0.01915291597584
-0.01849365060524
-0.01892650214826
-0.02039021124331
-0.02250560745255
-0.02484871631234
-0.02718314130609
-0.02893911777406
-0.02978418996945
-0.02968710026811
-0.02906707867287
-0.02816291539889
-0.02739168290008
-0.0272534709604
-0.02838711800718
-0.03025105779368
-0.031921902319
-0.03183077002885
-0.02946360610872
-0.02524160489703
-0.02034451628935
-0.01551434390036
-0.01103046347987
-0.00676623227337
-0.00290937635814
6.093745744e-05
0.0016281357908
0.00190630181042
0.00160849780201
0.00175576500671
0.00306829862063
0.00588219431515
0.00916976753059
0.01198672995012
0.01379049451654
0.0145146903021
0.01413792429689
0.01336363258693
0.01265271485118
0.01209410289457
0.01161818624577
0.01124383540726
0.01098715149038
0.01089361476761
0.011359205237
0.01219390831669
0.01277614597066
0.01247795338876
0.01133877829376
0.0093856286898
0.00712912878128
0.00522088839705
0.00389702174757
0.00305814525982
0.0026998010728
0.00233643548585
0.0015706494563
0.00072884847004
5.74009342e-05
-0.00070432862429
-0.00159997065345
-0.00244009766084
-0.0031109719327
-0.00356172683812
-0.00357588508202
-0.00304945495333
-0.00211535971339
-0.0013117060168
-0.00085584083333
-0.00067581935252
-0.00048195703439
-6.618918912e-05
0.0007503256351
0.00190195129014
0.00321880644234
0.00399685615169
0.00367556276865
0.00190836275267
-0.00061988677526
-0.00294192743822
-0.00413302217683
-0.00420771845253
-0.00317214220147
-0.00149095861587
0.00028260187579
0.00188697403638
0.00337545844814
0.00465483450678
0.00591521554768
0.00753758070018
0.00976553977875
0.01236353889163
0.01469239290085
0.01612722733624
0.0163009690616
0.01569343119469
0.01466148950117
0.01308122982821
0.01125011484068
0.0097690895371
0.00879937434525
0.00812415062651
0.00756403160588
0.00684073104211
0.00574020934838
0.00464669593171
0.00396357086093
0.00381770552632
0.00416051214091
0.00505988801779
0.00601224513821
0.00656602676142
0.00660638473368
0.00619009908741
0.00505761346746
0.00230357204421
-0.00202627977823
-0.00669449645534
-0.01023614520763
-0.01221638546811
-0.01326309724776
-0.013767566534
-0.01341896673955
-0.01224369295293
-0.01044224909337
-0.00840506027551
-0.00688926086507
-0.0065782013484
-0.00693761357582
-0.00745541887586
-0.00864177881433
-0.01061657260555
-0.01295225992643
-0.01530899032641
-0.01751191217686
-0.01881627394007
-0.0189977764011
-0.01826571253913
-0.01701092073068
-0.01560511123199
-0.01463960272383
-0.01426833256462
-0.01433348839515
-0.01437905454023
-0.01416465214171
-0.01371238265842
-0.01358762051373
-0.01441848079484
-0.0161972027661
-0.01835539572926
-0.02019807131473
-0.02124365601659
-0.02146504629743
-0.02113554242102
-0.02048688231576
-0.01971224711542
-0.01900446372934
-0.01842889193546
-0.01781074880321
-0.01696962674714
-0.01579277505162
-0.01472053764346
-0.01417931488709
-0.0142337795797
-0.01458431150751
-0.01477322047975
-0.01456907985619
-0.01410208322306
-0.0140622598077
-0.01485074196378
-0.0164821924367
-0.01809422496935
-0.01894074626476
-0.01881000524073
-0.01802068582686
-0.01650039742658
-0.01471848743529
-0.01318468483557
-0.01166992448352
-0.00997812704532
-0.00848362296474
-0.0077582013479
-0.00799589346726
-0.00913213493978
-0.01097034193015
-0.01322644038429
-0.01534202980687
-0.01698145569694
-0.01826886835695
-0.0189118286688
-0.01827040332957
-0.01700190410833
-0.01595960403318
-0.01580599943106
-0.01630766712392
-0.01693321676738
-0.0171997545644
-0.01700619773802
-0.01635574504236
-0.0152522822123
-0.01361806234823
-0.01164928285879
-0.00958292848786
-0.00797207777678
-0.00704463122241
-0.00705972655099
-0.00828268968256
-0.01079021343062
-0.01442962276389
-0.01817334583045
-0.02092955553669
-0.02266717673775
-0.02346045702501
-0.02179124407897
-0.01836122433156
-0.01529934039369
-0.01343635593979
-0.01229771754849
-0.01137788252615
-0.010415411761
-0.00940033866511
-0.00877349985934
-0.00884637563605
-0.0094373454594
-0.01019212476924
-0.01107181113377
-0.01209774174573
-0.01325073159426
-0.01459762175954
-0.01622132223087
-0.01831429495906
-0.02041035910063
-0.021975784283
-0.02298301613767
-0.02347558133559
-0.02326627762232
-0.02229833247931
-0.02060728642631
-0.01861653428694
-0.01640994138311
-0.01344954811701
-0.01053567954881
-0.008721936587
-0.00800906310292
-0.00796061485892
-0.00846438535692
-0.00935626884999
-0.01048697368702
-0.01202821714699
-0.0139476628313
-0.01573894366939
-0.01681758931986
-0.01696872508491
-0.01616544064047
-0.01483043309535
-0.01323194696437
-0.01170518591734
-0.01045745176269
-0.00937575656174
-0.00835291843656
-0.00746188078854
-0.00670183534189
-0.00603493697112
-0.00571639580471
-0.00592710031466
-0.00664647113387
-0.00739916373968
-0.00781236870665
-0.0078768772725
-0.0075848310215
-0.00660394595202
-0.00484338174072
-0.00249651166132
0.00013901592185
0.00262793322566
0.00418196633506
0.00472968749997
0.00436641637287
0.00289087081418
0.00028389103811
-0.00319684345307
-0.00724159504394
-0.01161497675758
-0.01565556138083
-0.01937749427672
-0.02334004218038
-0.02725388958929
-0.0304654172559
-0.03267157006269
-0.03357811630115
-0.03274913448302
-0.03124512967334
-0.0300347661981
-0.02903622894355
-0.02812411172058
-0.02757773660858
-0.02713326006318
-0.02647184787774
-0.02571213304057
-0.02483839013294
-0.02361014369004
-0.02251113550077
-0.02201614440208
-0.02191126176285
-0.02209920466841
-0.02280078375959
-0.02328004943955
-0.02290755559588
-0.02098673595007
-0.01753590283275
-0.01287551129574
-0.00799168248994
-0.00339333712216
0.00114888084492
0.00526003341893
0.00736027526218
0.0079091267251
0.00835691365899
0.00934635485904
0.01045816557862
0.01108162207761
0.01112401093672
0.0107767314334
0.0098361785744
0.00824622603242
0.0058760544247
0.00332857523215
0.00132446346401
0.00038740003786
0.00065250397724
0.0021979401666
0.00430927352875
0.00640975581526
0.00864781136405
0.01086047868048
0.01248409327922
0.01355611600589
0.01432819649656
0.0148269981916
0.01507758515432
0.01513492657882
0.01466296006933
0.01324655603939
0.01048058369264
0.0066739825661
0.00236214788724
-0.00162652138604
-0.00487416384537
-0.00726539892694
-0.00890873631365
-0.00986040860014
-0.00992467457592
-0.00947512081341
-0.00912157261074
-0.00912221021475
-0.00944025868715
-0.01019502404269
-0.01132256984168
-0.01277980628997
-0.01433055799289
-0.01575474422665
-0.01699040791484
-0.01776577303222
-0.01767680902507
-0.01695335389062
-0.01597956941124
-0.01534014060981
-0.01530055334407
-0.01590318573907
-0.01719912125402
-0.01901578817765
-0.02107951055358
-0.02314673223771
-0.02500059272852
-0.02607710229821
-0.02620268023254
-0.02566919674368
-0.02478246560624
-0.02349608341735
-0.02229641108003
-0.0215486325334
-0.02118227858018
-0.02103345064109
-0.02115238418347
-0.02127461308665
-0.02109571900565
-0.02042356201192
-0.01938730522056
-0.01811830149783
-0.01616035268929
-0.01324198332377
-0.00958163610532
-0.00610164924241
-0.00364255441701
-0.00254509730147
-0.00250378614342
-0.00305690010721
-0.00350430598147
-0.00339008577108
-0.00284045072074
-0.0021407135967
-0.00137485994248
-0.00081705561762
-0.00072717760404
-0.00135634903149
-0.00268683538454
-0.00447397716362
-0.00610964720111
-0.00716099502742
-0.00741086924762
-0.00710361281344
-0.00628494429383
-0.00495506119575
-0.00324170651629
-0.00168262624518
-0.0009167339483
-0.00189003217412
-0.00379603665069
-0.00537403572761
-0.00632424173956
-0.00700283273738
-0.00759057375121
-0.00800437231249
-0.00814905153189
-0.00784770205877
-0.00711706475526
-0.00608623618523
-0.00503269646097
-0.00411399388346
-0.00347569967367
-0.00322203310505
-0.00342471282111
-0.00370681395235
-0.0037803906641
-0.00367543288636
-0.00354606689724
-0.00343048775305
-0.00332347976712
-0.003287914559
-0.00350761744337
-0.00409607227313
-0.00499603745068
-0.00588803472494
-0.00661250852303
-0.00717856670692
-0.00714294568162
-0.00614616559503
-0.00459675135776
-0.00295135946924
-0.00110109811352
0.00119579411631
0.00386997510075
0.0062339467072
0.00807171896757
0.00955973537369
0.01072842165895
0.01148936662103
0.01191246089058
0.01218465554471
0.01257317536119
0.01312698918662
0.01378729576242
0.01472038736642
0.01584964417685
0.01689508933574
0.01755555692265
0.01766621449381
0.01694259834825
0.01568596027903
0.01432475085873
0.01278947769085
0.01090113935364
0.00909259705079
0.00764962940736
0.00651187872401
0.00560709394713
0.00487241097105
0.00426960253724
0.00386635020388
0.00376745932489
0.00381240718729
0.0037725665974
0.00349093561862
0.00293214118275
0.00216210123959
0.00142509111622
0.00092324845795
0.00082069167792
0.00070236396669
0.00032761382062
0.00082616616312
0.00246296123893
0.00468138631278
0.00634605337838
0.00688466668131
0.00656019064527
0.0057507555763
0.00451751349525
0.00291906922716
0.00111297858686
-0.00047026762756
-0.00163499271741
-0.0024376191631
-0.00316351522602
-0.00389470855457
-0.00433057851926
-0.00458719159126
-0.00508226534232
-0.0056584006751
-0.00596377113243
-0.00589731755233
-0.0054403712329
-0.00446349856036
-0.00263423305382
5.699198744e-05
0.00197377083395
0.00243909187808
0.0020250754151
0.00183054715501
0.00211820316965
0.00205879114223
0.00113161186631
-0.00056058960244
-0.00263619202236
-0.00476943792363
-0.00660664127806
-0.00817635901672
-0.00960412399082
-0.01034441122705
-0.01013165972915
-0.00932286226419
-0.00838529240442
-0.00736618437004
-0.0060829773203
-0.00461791358509
-0.00340798591325
-0.00270876939181
-0.0026146927451
-0.00303347621045
-0.0037649164227
-0.00460610288322
-0.00510289730638
-0.00467301480829
-0.0026699367315
0.00086996140062
0.00544677196136
0.01039162505252
0.01543030683327
0.01966231220214
0.02274839074331
0.02457897976121
0.02568219570757
0.02663777519707
0.02745787993581
0.02785368818869
0.02782293506604
0.027380100834
0.02639658054929
0.02505858893154
0.02345800965608
0.02115028030493
0.01814271078262
0.01470528452399
0.01026439621758
0.00468253271191
-0.00123115537702
-0.00684047235092
-0.01190459281417
-0.01524550901146
-0.01635938389352
-0.01538499830598
-0.01262899254715
-0.00821861906693
-0.00391439162647
-0.00089297847598
0.00032106088299
-0.00051364466554
-0.00333724836413
-0.00726332939743
-0.01116340498911
-0.01441447698516
-0.01662005015194
-0.01755598628562
-0.01733888963447
-0.01647017027357
-0.01534722509879
-0.01455634924416
-0.01423713934493
-0.0142168734128
-0.01347014680544
-0.01085906178268
-0.00712763996518
-0.00334308126006
0.00079168767267
0.0049185524625
0.00789706162567
0.00946927396318
0.00975774362065
0.00818273290999
0.0047860650046
2.6198773e-06
-0.00538735456691
-0.01085137618554
-0.01607782912667
-0.02049647857811
-0.02370588089803
-0.02550643597625
-0.0259709637723
-0.02530448510383
-0.0238466797496
-0.02181720980452
-0.01921209292703
-0.01570380031039
-0.01078881800097
-0.00641958608043
-0.00438791028309
-0.00352611547348
-0.00249572270687
-0.00145823364379
-0.00102005799995
-0.00148511927949
-0.00253908299969
-0.00373979868902
-0.00484924469206
-0.00555980927677
-0.00563918882905
-0.00471179057801
-0.00277769502921
-0.00026322386628
0.00236825020844
0.0049816784796
0.00767972131104
0.01038819980944
0.01269323598137
0.01450326924713
0.01585987374958
0.01660765229621
0.01649407505687
0.01515273440796
0.01285577133325
0.0100883681344
0.0070404223919
0.00387279279523
0.0011640781472
-0.00067573186981
-0.00155164263108
-0.00110106591129
8.896067959e-05
0.00107853723631
0.00194786951285
0.00312678429744
0.00408276094769
0.00460557261995
0.00504836069548
0.00554581204399
0.00600956054625
0.00667812055171
0.00767686497389
0.00892859542437
0.01024214340831
0.01146890747556
0.01214937264274
0.0122072293028
0.01184075727477
0.01095514248105
0.00933497781377
0.0073295028182
0.00537764452337
0.00368500660716
0.00269438358554
0.00248355456033
0.00268566644386
0.00308837026602
0.00383804230334
0.00455168756736
0.00492885180672
0.00510423799225
0.0052065498207
0.00512255891014
0.00477560464927
0.00408154155686
0.0028112164696
0.00133781987257
0.00012438484198
-0.00084099034898
-0.00169367912141
-0.00233414698123
-0.00302221616659
-0.00388610412068
-0.00382152363652
-0.00241051347887
0.00030860109165
0.00336680678431
0.00596294782894
0.00800570119088
0.00973151598369
0.01114444861404
0.01221390589697
0.01295529766944
0.01330563638391
0.01336241963654
0.01350520429185
0.01410636611868
0.01524296503587
0.01680993592494
0.01841901658718
0.01931256386175
0.01938062862639
0.01892591177418
0.01766210334338
0.01546334631373
0.01284958850649
0.01060905231315
0.00913114418473
0.00860744373112
0.00810307427178
0.00650908464449
0.00475542888336
0.00376948806492
0.00305360904006
0.00187555942185
4.795971482e-05
-0.00223911070828
-0.00456482178058
-0.00637738399422
-0.00726850751483
-0.00685809233375
-0.00535042076432
-0.00340681375235
-0.00178902453569
-0.00075193842976
-0.00034775566685
-0.00084552807152
-0.00190869443557
-0.00238898199939
-0.0021643006514
-0.00180886647189
-0.00134791741619
-0.0005606382278
0.00050113603416
0.00156534682364
0.00246488263822
0.00317191356569
0.00375447538871
0.00427245136053
0.00439752479337
0.00391536198678
0.00347856245127
0.00365108156558
0.0045956146193
0.00609269380429
0.00791465047969
0.00995597835657
0.01210562055621
0.0140139564737
0.01527937501563
0.01585646031398
0.01641404179946
0.01729745610797
0.01831371531905
0.01936216601873
0.02048548688611
0.02128897527796
0.02159099992435
0.02161564535877
0.02156289811804
0.02144500578085
0.02131871939763
0.02104593436941
0.02021082339491
0.01902160604588
0.01796513699275
0.01738166492025
0.01715476805933
0.0171710194477
0.0175414201469
0.01832159412953
0.01902962439932
0.0193867041124
0.01938053201973
0.0190971739284
0.01861592244471
0.01817561072011
0.01776854242337
0.01718644431236
0.01625358885799
0.01491967618844
0.01318334307629
0.0112429874154
0.00940547384622
0.00851897349138
0.00874354964544
0.00977685671321
0.01100323113357
0.01195765134305
0.01250307112244
0.01284573497385
0.01327076137676
0.01379968288407
0.01427016809131
0.01445148807308
0.01439547767379
0.01450044618561
0.01473047739619
0.01470409304176
0.01432500847652
0.01370237850124
0.01250926468327
0.0108872065253
0.00926570224555
0.00735943049054
0.00507179103269
0.00304394193281
0.00160111812598
0.00062661167276
-0.00059629370949
-0.00212720476429
-0.00307421524234
-0.00270387894759
-0.00065700445254
0.00231736318277
0.00514255863723
0.00692581897506
0.007580477281
0.00715550884209
0.00635297041581
0.00552915598102
0.00434345404129
0.0029273902815
0.00174074481665
0.0005375480534
-0.000839575598
-0.00191074679056
-0.00251495816787
-0.00283030380038
-0.00324023594812
-0.00380706269173
-0.00422195720198
-0.00416665954522
-0.00361357349002
-0.00279196598089
-0.0019308399041
-0.00123134322332
-0.00073734255765
-0.00054631006351
-0.0013292197323
-0.00333679431279
-0.00619535771037
-0.00883550309227
-0.01065097424003
-0.01199237607316
-0.01314174853868
-0.01372705613788
-0.01332259622118
-0.01185213539345
-0.00942051765125
-0.00657270335559
-0.00380867387627
-0.00190324367268
-0.00127843038671
-0.00170042012002
-0.00289698279604
-0.00484953021844
-0.00696204110852
-0.0085442994661
-0.00894088057232
-0.00844392406464
-0.00740823939943
-0.00610578937484
-0.00471168216386
-0.00377014928389
-0.00378324592785
-0.00525191094496
-0.00787284555422
-0.01109572665114
-0.01461505389608
-0.01798530631822
-0.02071407973075
-0.02286684125236
-0.02456792366476
-0.02547799067956
-0.02553931444559
-0.02495342720638
-0.02398812264563
-0.02264439903225
-0.02077786159978
-0.01869610597915
-0.01698630749848
-0.01581981418458
-0.01500616062445
-0.01428926400935
-0.01358345569293
-0.0129965809189
-0.01255362861203
-0.0121347313655
-0.01143240088913
-0.01049585935366
-0.00961961862696
-0.00913949636788
-0.00923176539649
-0.01015975402161
-0.01173984624301
-0.01361060216664
-0.01517448164233
-0.01600118783672
-0.0153019165715
-0.01330998368397
-0.01074415351813
-0.00785417041189
-0.00457702427615
-0.00208103751106
-0.00051020525347
0.0009082559618
0.00210184336713
0.00239297614841
0.00108999908077
-0.00100446868928
-0.00259674966663
-0.00332195123495
-0.00352687437253
-0.00362647799405
-0.00351736183595
-0.00279449278196
-0.00160370825809
-0.00038338710421
0.00034477384837
0.0004842154836
0.00015529103252
-0.00040892357413
-0.00103701300689
-0.00159594537561
-0.00203689363082
-0.00234491540448
-0.00264815085445
-0.00298420895658
-0.00309151856999
-0.0032579643451
-0.00408363577474
-0.0052697198475
-0.00642942815309
-0.00776406000561
-0.00915777756969
-0.01016637372518
-0.01042404732371
-0.00975921096859
-0.00786177979711
-0.00509818826802
-0.00199298804703
0.00141916268702
0.0048843923447
0.00735471823195
0.00860782586416
0.0088085358776
0.00800839114988
0.00645526721656
0.00472898871173
0.00306251510144
0.00132369705111
-0.00036501401873
-0.00174975929218
-0.00261002020259
-0.00297713090804
-0.00298232512655
-0.00258083318138
-0.0017826044859
-0.00083273810006
-5.630479201e-05
0.00037693206134
0.00013449376372
-0.00086816612671
-0.00242627539346
-0.00422217510369
-0.00606415619456
-0.00765833796178
-0.00889370002248
-0.00960445782053
-0.0096546954347
-0.00906012540286
-0.00808819469809
-0.00694040443511
-0.00560407981909
-0.00402707579085
-0.00221966700624
-0.00041691498504
0.00135893272315
0.0033604264506
0.00532902668099
0.00683112082546
0.00747253221039
0.00777508497324
0.00919875597144
0.01147395249044
0.01345863987787
0.01465698118999
0.01511027041033
0.01457034647694
0.01324248782526
0.01156669489172
0.01003204966718
0.00863402988615
0.00705618860012
0.00512882116904
0.00296090313463
0.00089281381528
-0.00124712445924
-0.00386530577846
-0.00614927632973
-0.00754527488459
-0.00825007741825
-0.00836704555165
-0.00762502690924
-0.0065556973618
-0.00558907358333
-0.00419345072107
-0.00272242528104
-0.00226834495943
-0.00273348889134
-0.00328710950343
-0.00305801859775
-0.00217596644326
-0.00126098214906
-0.00099591942852
-0.00138544373967
-0.00216275279789
-0.00298166820121
-0.00358873698908
-0.00357985346926
-0.00295753907577
-0.00192051050447
-0.0005314828721
0.00132358219652
0.00342030326342
0.00543066333617
0.00686869008523
0.00763626870518
0.0078652791053
0.00789923205548
0.00800913502122
0.00858280151693
0.00962252219404
0.01087153477693
0.01167081541168
0.01181153912474
0.01131884511793
0.0106064417863
0.01015770274003
0.01058808115235
0.01186806475959
0.01370529816943
0.01586176294665
0.0182336605935
0.02013464367015
0.02135032051214
0.02235860430607
0.02317040087137
0.02326897187495
0.02273237550457
0.02197069633182
0.02106730591119
0.02003813360881
0.01898821234097
0.01801164773636
0.01709245675847
0.0161257030977
0.01505514020513
0.01392017286722
0.01305053037594
0.01257194094266
0.01229801810257
0.01230533874119
0.01299530356406
0.01447208676151
0.01631702723664
0.01785215012749
0.01884447235306
0.01929029065774
0.01897682348822
0.0179901044494
0.01684237429724
0.01560351185493
0.01393085327107
0.01210799278661
0.01040097013754
0.0085846348968
0.00691472638276
0.0057938528843
0.00509548972176
0.00447668322373
0.00385070099708
0.0032763453738
0.00289589006729
0.0033164768571
0.00424731001189
0.00476292341398
0.00463747321514
0.00419636716904
0.00353380751107
0.00277128893371
0.00209502615659
0.00123374014209
-5.440904716e-05
-0.0012656600586
-0.00208947986044
-0.00265414368809
-0.00295836130585
-0.00283505362822
-0.00220642437887
-0.00118797756346
9.78647015e-05
0.00124537265832
0.00200509393594
0.00247339368567
0.00300757703616
0.00384964583758
0.00454666831425
0.00452538049825
0.00313287910478
0.00124314963155
0.00025290734755
-6.665275085e-05
-0.00056569676762
-0.00151270799706
-0.00246993409355
-0.00296627553878
-0.00295468703225
-0.00257286420467
-0.00186979093036
-0.00089189186565
0.00032627227602
0.00166317502928
0.00304092029092
0.00437782454695
0.00551482813874
0.00628840066573
0.0068470362373
0.00734517027293
0.00778593819569
0.00812299564013
0.00828914300798
0.00818838332666
0.00778587057102
0.00715265894538
0.00639173545146
0.00546674163304
0.00441841974226
0.00337078483222
0.00255316181144
0.00207500174112
0.00193657834017
0.00192223117657
0.00188936666152
0.00173993976109
0.0013090171312
0.00041502256776
-0.00067077347891
-0.00165680220942
-0.00234002603368
-0.00261171618632
-0.00236119255464
-0.00173346496752
-0.00095153853992
-6.691557466e-05
0.00079913958902
0.00145410317202
0.00199246637102
0.00258342116667
0.00336616273986
0.00440607663031
0.00573623774091
0.00711412147211
0.0083290909386
0.00920968647922
0.00983228961931
0.01024524448235
0.01031383414322
0.0098617621669
0.0086237391292
0.00699875808281
0.00562128117303
0.00462453006844
0.00387450595348
0.00359166631794
0.00376362404017
0.00415852419037
0.00450679552214
0.00466944036158
0.00425577704964
0.00294355687069
0.0005921855646
-0.00187966305842
-0.00380624904891
-0.00539967728411
-0.00706853385888
-0.0088091434262
-0.00993274552633
-0.01013216637745
-0.00922357422445
-0.00763710274274
-0.00597094149401
-0.00481676445687
-0.00417423780162
-0.00377533276833
-0.00386165404641
-0.00500525050659
-0.00679160762484
-0.00866786476151
-0.01064289362896
-0.01255911372396
-0.01417071689364
-0.01549120123634
-0.01645064499256
-0.01663076275801
-0.01578047380256
-0.01410935019131
-0.01272036098693
-0.01210607138733
-0.01196025972309
-0.01174390372306
-0.01130935619632
-0.01099420377714
-0.0109710718472
-0.01102495689979
-0.01114814113557
-0.01144447672263
-0.01154269350176
-0.01126359683791
-0.01084887514625
-0.01022196120195
-0.00922645310316
-0.00853415469255
-0.00856267942139
-0.00912280810269
-0.00998075367329
-0.01099835786387
-0.01145960103321
-0.01138604042256
-0.0113662038534
-0.01149604321519
-0.01150298816121
-0.01136334858965
-0.011032073591
-0.01016816309536
-0.008829563929
-0.00736210971546
-0.0062418867019
-0.00556894290053
-0.00537779802063
-0.00561949716989
-0.00621616356644
-0.00703740719045
-0.00790552114956
-0.00867892944522
-0.00937923869542
-0.01006941927318
-0.0107179580834
-0.01121309301869
-0.0114679306748
-0.0117589636292
-0.01220367632423
-0.01204583176279
-0.01095010820024
-0.00914647888316
-0.00689089244436
-0.00417337800228
-0.00124353605822
0.00145372103898
0.00359145163646
0.00526542085078
0.00655734504219
0.0071719534438
0.00724823621567
0.00712621877376
0.00716684724469
0.00754065815926
0.00833331694363
0.00947728802299
0.01107743578867
0.01274358952355
0.01399950840979
0.01462769863551
0.01482963877386
0.01462600265179
0.01369306132482
0.01185252182012
0.00952153387694
0.00734278623505
0.00564958585335
0.00391091485983
0.00174259537105
-0.00013014098928
-0.00117599726322
-0.00149871183768
-0.00185736516604
-0.0027264988622
-0.00451897762298
-0.00666181763978
-0.00824916931557
-0.00916893349303
-0.00973141508339
-0.00995437575929
-0.00995700775429
-0.00983068165499
-0.00939726120604
-0.0087497625276
-0.00844712818579
-0.00853896677802
-0.00872299604012
-0.00871945916267
-0.0084117980539
-0.00766937044326
-0.00668553672359
-0.00561322525033
-0.00408804962606
-0.00197554624982
0.00034312960288
0.00219854020135
0.00310118353042
0.00330572453495
0.00325523896366
0.00309171715036
0.00248508631272
0.00099824271155
-0.00078988413352
-0.00231145085469
-0.00362762439318
-0.00455730041477
-0.00478514616784
-0.00407337507319
-0.00247744257846
-0.00027059645782
0.00167182454629
0.0027622486964
0.00307271032514
0.00288446471868
0.00229977754897
0.00153074016834
0.00071674633805
-0.00023091473224
-0.00128140157845
-0.00210910818856
-0.00237853667176
-0.00206291624696
-0.00155244661324
-0.00107570451413
-0.00060033734259
-0.00017584903882
0.00010292709485
0.00029551797263
0.00051218397272
0.00086331217835
0.00159065133021
0.0028267637027
0.00444973425698
0.00610359640347
0.00720371878964
0.00756801931446
0.00740376221707
0.00701057737194
0.00662622022944
0.00660970692965
0.00702066847511
0.00769332030967
0.00846522476152
0.00917691535062
0.00950994751722
0.00958080528798
0.00966868193342
0.00975923780378
0.0096148376703
0.00897490329398
0.00809467807892
0.00735512505336
0.0069884158023
0.00722953853178
0.00861066073316
0.01058511854786
0.01231580446356
0.01342920704636
0.01396854060566
0.01384437956913
0.01331486768774
0.01270174810223
0.012146517379
0.01161868001318
0.01110170553048
0.01054742799304
0.00994017135887
0.00939365885073
0.00878090422374
0.00770759126135
0.00696877137306
0.00738661775373
0.00831658144851
0.00914866541408
0.01020548225121
0.01149025754919
0.01266299809428
0.0135952953768
0.01410973661798
0.01357933380843
0.0124004855751
0.01136298363113
0.01083491011568
0.01071752120658
0.0111084035928
0.01179192797113
0.01248174251696
0.01313860345493
0.01371664408588
0.01392825562511
0.01354955748654
0.01262123181148
0.01154058962322
0.01070769845526
0.01040088963198
0.00974489064017
0.00802532200515
0.0062009877323
0.00492603196542
0.00388141762387
0.00273817109451
0.00146905573742
-0.00019377773363
-0.00214101200396
-0.0040207340998
-0.00580566680639
-0.00758038818818
-0.00886902667947
-0.00924015085527
-0.00855824732214
-0.00753555732719
-0.00676456956528
-0.0064504143416
-0.00633404516955
-0.0061411152131
-0.00573560765076
-0.00517842976646
-0.00473012437679
-0.00448381386923
-0.0043483004758
-0.00416400393526
-0.00389030007029
-0.00358389806842
-0.00330874510344
-0.00310523671685
-0.00335508195504
-0.00428227733208
-0.00528076091625
-0.00576152077934
-0.00561578640043
-0.00540257548415
-0.00549661778182
-0.0058725261345
-0.00637093388902
-0.00694604733793
-0.00741032288324
-0.00766138965908
-0.00759335065621
-0.00741946080062
-0.00741981180485
-0.00729342344792
-0.00683140849864
-0.00633420618066
-0.00580480915386
-0.0048918546731
-0.0036009158697
-0.00221252133303
-0.00102932783911
-0.00023730912759
6.818295754e-05
0.00015233325837
0.00016610228474
-0.00013038991246
-0.00064461561344
-0.00101918800324
-0.00135280571359
-0.00184572942959
-0.0021420875582
-0.00201919314243
-0.00158047650125
-0.00120399816923
-0.00109117982893
-0.00124978972987
-0.00139088269508
-0.00121829380928
-0.00072069035895
-0.00011576022802
-0.00013141018622
-0.00066717810075
-0.00102532692762
-0.00046301364754
0.00109362827126
0.00250676377561
0.0032187570656
0.00356590776003
0.0041268135883
0.00502415106448
0.00590471976991
0.00648922231354
0.00676823525162
0.00689646879591
0.00693347773702
0.00682442168973
0.00668732180013
0.00672676415586
0.00684569662484
0.00688129725541
0.00683900822319
0.00680705932468
0.00685240756805
0.00704916529536
0.00759862216006
0.00867463903575
0.01012466003935
0.01084319682098
0.01038338987078
0.00865962957977
0.00652727890029
0.00475398085675
0.00338526724516
0.00228366677697
0.00156715122151
0.00137659349547
0.00177199814716
0.00245988270644
0.00300846903773
0.00316979787966
0.00312266455975
0.00301672568762
0.0026269413972
0.00201063164483
0.00148075587832
0.0011905730626
0.00120033355629
0.00200929847281
0.00342497902615
0.00479039727695
0.0055751278741
0.00586047820959
0.00585741577822
0.00559492902081
0.00495882134195
0.00427200267623
0.00381758101106
0.00373176638128
0.00394189125122
0.00435125234622
0.00471779843936
0.00490020685625
0.00471372271137
0.00427643262866
0.00385010954959
0.00368651796481
0.00384823216
0.00468015296765
0.0060103194453
0.00734905922802
0.00832870129171
0.00894587299024
0.00898984512529
0.00829848272596
0.00676325034755
0.00450940604899
0.00205578345464
0.00024677765446
-0.00087024993254
-0.00155474692534
-0.00162753468264
-0.00110277799613
-0.00052040348271
-3.97031508e-05
0.00058130271611
0.0012533523691
0.00187895890316
0.00266605636366
0.00345225967579
0.00384335244986
0.00381028935444
0.003429989692
0.00250681851939
0.00118710810344
-0.00027198415894
-0.00206747500828
-0.00420184369371
-0.0061285037493
-0.00780485914832
-0.00951237771163
-0.01110695449278
-0.01240276119884
-0.01323396497032
-0.01324406573417
-0.01233725114386
-0.01134661416794
-0.01088868782754
-0.01112661931675
-0.01157062356289
-0.01177925102948
-0.0116808839733
-0.01149412181591
-0.01135449297842
-0.01126253416456
-0.01115735097125
-0.01094414005497
-0.01107289527527
-0.01218804751216
-0.01394746961796
-0.01580968121852
-0.01747732698972
-0.01865514475192
-0.01895475423162
-0.01835286248774
-0.01714268149176
-0.01513420739585
-0.01234466838914
-0.00917733719974
-0.00716362165538
-0.00671021114001
-0.00697933155528
-0.00704776342526
-0.00663455094444
-0.00607609463191
-0.00566254832138
-0.00544829190627
-0.00548598246109
-0.00590947389138
-0.00655077364195
-0.00726411298485
-0.00812892514273
-0.00886130351307
-0.00900277861132
-0.00900425454653
-0.00926965345827
-0.00935033505376
-0.00891468513759
-0.00802646625746
-0.00671696931314
-0.0051436105765
-0.00380296871582
-0.00300216169572
-0.0028524621498
-0.00352627326437
-0.00485715570476
-0.00647918917437
-0.00811832309762
-0.00964260242669
-0.01076965767849
-0.01139377969007
-0.01161900203541
-0.01139355427452
-0.01041467647691
-0.00901099983877
-0.00758716031561
-0.00617635195855
-0.0045267029362
-0.00243146853857
-0.00030625999006
0.0014533625209
0.00251944393749
0.00288245529999
0.00259299810769
0.00178119510195
0.00065943829653
-0.00058684547001
-0.00185004560083
-0.00301863527943
-0.00367947641212
-0.0037019481965
-0.00333753174369
-0.00282849188865
-0.0021531651228
-0.00154787604443
-0.00137861686846
-0.00204039508583
-0.00313324406331
-0.00410819640997
-0.00468388842548
-0.00490677288945
-0.00483478052705
-0.00460748221176
-0.00429278169711
-0.00363692761531
-0.00261873197723
-0.00165319985411
-0.00122732975296
-0.00167634144473
-0.00286155498407
-0.00440888573753
-0.00602853624266
-0.00780112798412
-0.0096764018796
-0.01032325114654
-0.00958427668758
-0.00810283704874
-0.0068368549679
-0.00622963804981
-0.00633618125032
-0.00700948356977
-0.0081343737588
-0.00940806290493
-0.01053367764396
-0.01108652754953
-0.01121624883651
-0.0112785494033
-0.01131909200164
-0.01122302203734
-0.01115029868449
-0.01110260719272
-0.01084800568624
-0.01101015461144
-0.01224439066776
-0.01427928132033
-0.01635886865796
-0.01797722356033
-0.01833854323273
-0.01719538579619
-0.01624794273495
-0.01615990185817
-0.01604405972916
-0.01500321948811
-0.01301403452358
-0.010683828021
-0.00856241858338
-0.00687730954683
-0.00579330544652
-0.00534036293678
-0.0051312459964
-0.00483404309615
-0.00425663470217
-0.00375727590867
-0.00373092375646
-0.00439767721723
-0.0055525390883
-0.00668826210504
-0.0071399068652
-0.00674560567635
-0.00636659946985
-0.00650569911748
-0.00703374365092
-0.00751116521693
-0.00768342456664
-0.00737734244019
-0.00687126304282
-0.00660335772475
-0.00684215008672
-0.00749215624489
-0.00787895216905
-0.00767494250119
-0.00684588983818
-0.00611789633715
-0.00608266281193
-0.00667432176284
-0.00756359043543
-0.00857591560831
-0.00965698608614
-0.01074752401744
-0.01149944591672
-0.01196437087352
-0.01245397346695
-0.01271826784246
-0.01232373694441
-0.01108364008357
-0.00944602825204
-0.00789630916707
-0.00656360944791
-0.00534875805623
-0.00424023411016
-0.00331660137236
-0.00268211131848
-0.00266377322608
-0.0033160281728
-0.00339709190132
-0.00256413525551
-0.00195415646012
-0.00195224257469
-0.00208959793525
-0.00224973314813
-0.00253890696087
-0.0028875904811
-0.00324601088005
-0.00362444174017
-0.00391830204971
-0.004003409304
-0.00376199353429
-0.00318713018931
-0.00233241879528
-0.00116369923438
-0.00013145924094
-0.00042411389926
-0.00177705818975
-0.00312928211651
-0.00343461929821
-0.00284016412096
-0.00230638329825
-0.00238795367508
-0.00292434287783
-0.00349155068107
-0.00390303068232
-0.00415250022791
-0.00425710378121
-0.00420747264223
-0.00400935061408
-0.00373208947692
-0.00343075073786
-0.00327987151719
-0.00337729934187
-0.0034883733951
-0.00338269428757
-0.00290623449461
-0.00202383348271
-0.00079101389483
0.00062082300122
0.00204148459437
0.00338717146993
0.00450943825122
0.00521676436573
0.00508524941495
0.00458812867593
0.00473400474462
0.00521167534115
0.00519406931261
0.00456815900425
0.00398350081654
0.00423344588162
0.00546960333723
0.00727586679612
0.00864508061556
0.00937948128549
0.00988072283561
0.01043220414671
0.01103721521255
0.01186601455142
0.01273023633521
0.01308966681055
0.01276532602385
0.01197242142918
0.01112072631
0.01046479279605
0.01001260274491
0.00914170436695
0.0074421912762
0.0053501856881
0.00338386859529
0.00171157819018
0.00076393107418
0.00046964505125
8.66641673e-06
-0.00080164696141
-0.00153938861194
-0.00222445440334
-0.00294950569462
-0.00343098044705
-0.00364899486155
-0.00375737036853
-0.00369266107548
-0.00358650000802
-0.00399822903978
-0.00503858195386
-0.00656982125666
-0.00834632771499
-0.00999240014382
-0.01090285680551
-0.01109534022447
-0.01089022280015
-0.01002058674932
-0.00832204401888
-0.00672774417684
-0.00576256949839
-0.00516001224191
-0.00480247311045
-0.00488800221386
-0.0054991596106
-0.00647696078056
-0.00763435481974
-0.00852533450376
-0.00897065689421
-0.00885868225215
-0.00815806600743
-0.00682577955012
-0.00524072496621
-0.00373747905558
-0.00245539801023
-0.00150237537721
-0.0010602931744
-0.0010278837841
-0.00111999437778
-0.00096819846716
-0.00053315309405
2.172246013e-05
0.0002753429581
0.00023461294283
0.00133419390229
0.00361614644761
0.00588070335224
0.00688508101657
0.00638565137819
0.00515195953943
0.00419584012599
0.00401994729216
0.00482970975038
0.00667228765578
0.00913597559153
0.01160192412332
0.01370087573085
0.01516664576815
0.01579032768269
0.0152701866481
0.01391947515239
0.01200324969035
0.01013100387721
0.00877041059278
0.00792292323069
0.00751157096493
0.00769583530326
0.00846362967809
0.00945237745694
0.00975128492819
0.00885589783329
0.0067578339337
0.00457629865273
0.00293757584453
0.00147162118116
0.00010441193934
-0.00069499244855
-0.00105471521273
-0.00116868413845
-0.00073883459397
0.00011209851328
0.00102101494267
0.00189114851784
0.00254122659431
0.00235282427037
0.00163524389475
0.00099082997457
0.00017323550642
-0.00080947403366
-0.00096968288228
-0.0001685990304
0.00100489987704
0.00207091849929
0.0027955114456
0.00275318484413
0.00224266798048
0.00175487622537
0.00118607119188
0.00043190683715
-9.67940098e-05
-6.80010364e-06
0.00075282495695
0.00205354110653
0.003478293026
0.00461255620864
0.00551067297861
0.0063681827458
0.00693790232241
0.00700436019615
0.00664622747038
0.00606457804368
0.00538944127094
0.00487719407452
0.00452827225785
0.00403426010672
0.00306586949964
0.00155543175928
-0.00032570165264
-0.00225178764994
-0.00395117407861
-0.00502258710987
-0.00536808475686
-0.00455800457004
-0.00304055211217
-0.0016891793975
-0.00087065986683
-0.00050758721277
-0.00081753446467
-0.00176423419127
-0.00311880136644
-0.00444852989386
-0.00545135648446
-0.00592383608269
-0.00600112571072
-0.00579061978115
-0.00548910929691
-0.00525854567624
-0.00521751789775
-0.0052484889221
-0.00519642222168
-0.00500733935743
-0.00498269606983
-0.00576740412542
-0.00701931490835
-0.00794851004342
-0.00775109646417
-0.0065589948694
-0.00519698898079
-0.00442338425158
-0.00458284965823
-0.00579042334759
-0.00789101619507
-0.01067066160556
-0.01372280544449
-0.01669521013965
-0.01905271339297
-0.0205860114912
-0.02129596316027
-0.02113632600844
-0.01997727140797
-0.01820080359231
-0.01645970455121
-0.01514924583383
-0.01414901259556
-0.01330528215946
-0.01279474812129
-0.01230767876937
-0.01102462414349
-0.00947710447032
-0.00861010363471
-0.00866917539197
-0.00923990719179
-0.00982485305269
-0.01023436549812
-0.01057257470872
-0.01108461688432
-0.01181718524778
-0.01260747072833
-0.01305267719078
-0.01295786311317
-0.01264414905995
-0.01255463761501
-0.01301058888576
-0.01373344291204
-0.01430638485774
-0.01445491224276
-0.01423350049377
-0.01362788402614
-0.01308843239202
-0.01297044344816
-0.01284880491907
-0.01228711228316
-0.01108690324213
-0.00965631305969
-0.00846584948464
-0.00782325627813
-0.00742782693807
-0.00678668819862
-0.00567395220183
-0.00417952433318
-0.00250311204356
-0.00069749949893
0.00129614268258
0.00343525582881
0.00555737693555
0.00688964407152
0.00719689728547
0.00657267437359
0.0053666871804
0.00383156643637
0.00233682191252
0.00131355442438
0.00134520813585
0.00225339990789
0.00367050272607
0.00467880476793
0.00473947590225
0.00377128172872
0.0022551366811
0.0004549470981
-0.00125875590206
-0.00252646831566
-0.00292982369613
-0.00265492405529
-0.00210396227338
-0.00145973641418
-0.00078284215146
-0.00034402600542
-0.00022765350581
-0.0003125739872
-0.00038776059541
-0.00045152400183
-0.00068707488807
-0.00117017617477
-0.00186580858883
-0.0029589173309
-0.00452873274963
-0.0064195528048
-0.00828927933072
-0.00996132392554
-0.01153717618761
-0.01307576618443
-0.01442956909352
-0.01458108055117
-0.01287180804013
-0.01030647378853
-0.00829558452592
-0.00743529678032
-0.00709958753561
-0.0067264077846
-0.00631438141898
-0.00590237008106
-0.00522860834323
-0.00426829298018
-0.00322059581251
-0.00241806919372
-0.00199141657856
-0.00208440156992
-0.00254128670513
-0.00304006049157
-0.00295125105509
-0.00219126142562
-0.00083761802488
0.00084248753765
0.00263629721629
0.00441427316938
0.00648585396105
0.00955575839919
0.01237906036295
0.01356993075941
0.01371941347703
0.01387872860664
0.01441113868808
0.01486381606619
0.01468112212292
0.01372674484973
0.01227076428812
0.01059700868188
0.00880317528093
0.00698699139065
0.0059352625047
0.00574911540976
0.00594931770149
0.00621495168946
0.00664834315641
0.0073993548062
0.00840814739525
0.00958204507355
0.01055948128499
0.01112466571524
0.01167937046884
0.01242364970727
0.01312412318881
0.01374724693149
0.0143218097224
0.01414486924291
0.01318650962819
0.01187743560639
0.01055749333444
0.0093633286506
0.00880055509342
0.00882563525784
0.00904136868156
0.00931987389793
0.00962116970069
0.00936236365733
0.00854986508358
0.00765667525368
0.00693590793142
0.00629861091713
0.00561937265463
0.00506985782593
0.00501127446904
0.00575968847287
0.00699847040962
0.00786715971511
0.00811909273074
0.00796659588508
0.00768408256539
0.00742851499223
0.00733933845041
0.00732188591913
0.00726264134327
0.00742947783869
0.00784493803465
0.0080275418117
0.00795810308555
0.00795544640218
0.00801711902563
0.00801512034101
0.00799083449808
0.00808570546628
0.0083711320137
0.0088734555585
0.00952103474249
0.0101422971967
0.01055401978802
0.01071238709888
0.01072986324512
0.0106900033339
0.01057664506967
0.00996270110726
0.00861417936269
0.00727719782132
0.00665538792932
0.00706442700209
0.00775040733661
0.00797792140679
0.00780784107414
0.00780822106037
0.00851376746538
0.00978657856423
0.01118445450866
0.01222678678603
0.01300901097684
0.01391258387674
0.01477080531305
0.01522368663857
0.01524881510632
0.01499192724203
0.01451747042732
0.01401627503373
0.01361354330298
0.01306136105683
0.01230127052706
0.01170265267583
0.01168902040156
0.0123846206134
0.01372893460087
0.01515593316207
0.01592495444159
0.0161443159824
0.01626950749006
0.01626607258631
0.01587346308755
0.01498815958198
0.01379266279953
0.0125633858855
0.01184119737181
0.01177115753751
0.01219204058777
0.01276215947195
0.01334664054744
0.01380152914484
0.01394826393946
0.01361138575406
0.01267650155966
0.01118911309688
0.00996057898078
0.00948244681906
0.00975013745565
0.0106827868158
0.01204074381161
0.01342970081377
0.01464369240611
0.01564850909407
0.01623769169406
0.01618618960594
0.01552333905456
0.01436073147553
0.01272610371664
0.01131673050531
0.01049543321092
0.01012137111901
0.01008916460271
0.01054870320106
0.01127581221437
0.01201903951353
0.01285768199846
0.01362617730834
0.01394076082158
0.01392782626214
0.01388272168225
0.01380554368859
0.0135462406576
0.01297869795124
0.01191788159806
0.01049768414628
0.00918859617019
0.0079963765006
0.00666947854855
0.00582383422701
0.00591221537394
0.00673968798123
0.00759871554651
0.00807462360805
0.00817855735512
0.00809760418755
0.0079300689039
0.00773723662753
0.00754057013985
0.00731671531557
0.00700278121383
0.00650576996237
0.00599299786972
0.00565699451137
0.00546732986031
0.00534164565865
0.0053436196549
0.00537924604724
0.00524473199612
0.00458035613279
0.00344170915424
0.00201658798261
0.00122841174765
0.0017408532308
0.00316508240086
0.0044737721428
0.00483368994511
0.004678815502
0.00470147191246
0.00479747854572
0.00479777695298
0.00491019705913
0.00508234370106
0.00518445372892
0.00562772483779
0.00635958367894
0.00678881247191
0.00630874817683
0.00474094754382
0.00214044846507
-0.00129338831914
-0.00550862813747
-0.01004116289619
-0.01417122139513
-0.01695134661874
-0.01771251055593
-0.01657402244168
-0.01488959931247
-0.01346655089058
-0.01236569644055
-0.0109813550903
-0.00883466046744
-0.00647047739973
-0.00440100800046
-0.0023731621208
1.326853942e-05
0.00283951792969
0.00532180694267
0.0067858316195
0.00668205888354
0.004968055866
0.00182153267947
-0.00254347216264
-0.0079513277379
-0.01377607865485
-0.01839862184615
-0.02083265904869
-0.02155636106684
-0.02136567023827
-0.02067202362795
-0.01943558708641
-0.01754965318183
-0.01514392173302
-0.01212304195867
-0.00795181184465
-0.00269528739459
0.00343638075979
0.00998950409059
0.01656436177487
0.02140473153437
0.02378235044279
0.02276933292212
0.01881743322009
0.01276045275415
0.00525677777421
-0.00252915612785
-0.00882216707846
-0.0126955545414
-0.01413307249534
-0.01276394132827
-0.0088982287284
-0.00251892333489
0.00454344594517
0.01076370026729
0.0151151973504
0.01798855874271
0.01952832948769
0.02031531960746
0.02074695820009
0.0210702577816
0.02122289631704
0.02051928848584
0.01837772260364
0.01435597628065
0.00781419993971
-0.00057647452952
-0.00874767045654
-0.01554319709187
-0.02070771442474
-0.02307587661376
-0.02192557028379
-0.01717194257809
-0.01010202831726
-0.00132329667014
0.00775048140172
0.01611199568492
0.02210253223142
0.0242212023333
0.02330479148063
0.01980783404637
0.01463710168453
0.00879901690058
0.00380943599554
0.00021601122156
-0.00213333714089
-0.0037874193359
-0.00492048459586
-0.00519610234626
-0.00480251175312
-0.00412305451551
-0.0035149971194
-0.00299827381403
-0.00234520200427
-0.00110904669548
0.0011785981294
0.00445078834307
0.00827861502798
0.0126441275918
0.01678512947941
0.0195524382184
0.0207385426859
0.02044975315302
0.01815970282211
0.01436914698972
0.01011122849227
0.006329106422
0.00302011872848
-0.00038782628795
-0.00332785712259
-0.00480110344258
-0.00407777819044
-0.00201857700657
0.00041542756438
0.00276970029073
0.00505093472648
0.00733709395549
0.00957171460052
0.01157019419992
0.01313519001933
0.01403983632665
0.01427910957514
0.01388493290154
0.01265982080831
0.01068719852031
0.00800717497927
0.00484501009978
0.00170585907543
-0.00062972992133
-0.00207394872844
-0.00287460010447
-0.00262777328795
-0.00152528296501
-0.00018428365966
0.00121511652331
0.00288145166405
0.00481787543355
0.00689764310363
0.00911614868304
0.01126211553566
0.01310354596852
0.01443181251503
0.01508931749745
0.01480921183062
0.01357046746312
0.01151779044957
0.00853373821047
0.00484974382651
0.00138107175124
-0.00102103887965
-0.00240021520806
-0.00263803506291
-0.00161826473615
0.0007470763235
0.00363511140995
0.0062411052613
0.00775467949815
0.008170442395
0.00782748228315
0.00725398645923
0.00660771039185
0.00601899579749
0.00577420308803
0.00615028747953
0.00650653637527
0.00629575135976
0.0051913203162
0.00351027842037
0.0016997084509
2.242569227e-05
-0.00142962089554
-0.00244584253736
-0.00276001600896
-0.00225564654962
-0.00073963739538
0.00157120011431
0.00389768833358
0.00533679815073
0.00522590013631
0.00369584802212
0.00113637135482
-0.00237579089558
-0.00518580407545
-0.00583889950019
-0.00464931504582
-0.00306258594633
-0.00188760412653
-0.00133790145153
-0.00145574977901
-0.00260557307564
-0.00470016879585
-0.0074143095184
-0.01024745784845
-0.01271761306393
-0.01424117535684
-0.01480378038906
-0.01440620101393
-0.01308806743349
-0.01112877686567
-0.00901256916042
-0.00727312209334
-0.00626370370776
-0.00571441644143
-0.00540160834407
-0.00557027392573
-0.00599442013456
-0.0062880925978
-0.00688239642461
-0.00815008092961
-0.00989705258272
-0.01124696975693
-0.01164721118247
-0.01116662521138
-0.01020087411314
-0.00913947382632
-0.00784935295938
-0.0060826306097
-0.0040761530516
-0.00220373334646
-0.0007539490292
1.996288775e-05
-0.00023183271026
-0.00131871751408
-0.00277301497285
-0.00421693472866
-0.0052833274334
-0.00583232058609
-0.00610822922991
-0.00633696269092
-0.00642481142777
-0.00637166273266
-0.00630645108494
-0.00635281584514
-0.00647080693581
-0.0065376920257
-0.00618453239652
-0.00510932164981
-0.00308935350722
-0.00072719993092
0.00118598424587
0.00270969252219
0.00415053696574
0.00505926651489
0.00527185807509
0.00483284839369
0.00384299393178
0.0023752295035
0.00054474353271
-0.00137879505409
-0.00308419363774
-0.00406261953082
-0.00412977619278
-0.00337432170968
-0.00217254334699
-0.00071230812039
0.00039826453108
0.0009403673742
0.00112727637373
0.00124840825451
0.00138457105943
0.00145186189733
0.0013167971882
0.00083528046554
3.44942588e-05
-0.00106177447665
-0.00234081713495
-0.00362925704587
-0.00470336540316
-0.00536371920888
-0.0054954284464
-0.00484121882477
-0.00364933835192
-0.00225768709713
-0.0007384840191
0.00094136499906
0.0024475406679
0.00364886605266
0.00477844273849
0.00554946592285
0.00554945411537
0.00472069127236
0.00335238770241
0.00191947466631
0.00148713513863
0.00253206291515
0.00373030654719
0.00405689397563
0.00334901827651
0.00198256096733
0.00033670955309
-0.00088501207545
-0.00166637271
-0.00245395642407
-0.00328579135912
-0.00388434480591
-0.00409694602678
-0.00389370813886
-0.00324399716773
-0.00253154123914
-0.00217687669275
-0.00291410686465
-0.00450906470543
-0.00623388981661
-0.00772951882817
-0.00903834811307
-0.00982844682074
-0.00942103288681
-0.00736135081641
-0.00590707053216
-0.0062637090748
-0.00713261306177
-0.00728115118086
-0.00671377699946
-0.0060122140094
-0.00546082393792
-0.00478137314075
-0.00383305847268
-0.00278632093125
-0.0019298867183
-0.00132110477219
-0.00091559924931
-0.00080201342271
-0.00113238579306
-0.0013976537491
-0.00126112813247
-0.00086751907672
-0.00030401517312
0.00056226046844
0.00126854001072
0.00135320072752
0.00075465769278
-0.00029777846132
-0.00164473174296
-0.00274587064595
-0.00336481454014
-0.00350293524019
-0.00333087661767
-0.00295557903381
-0.00255179536379
-0.00223229993819
-0.00217446152605
-0.00259424540712
-0.00366366190056
-0.00488332967135
-0.00571796297955
-0.00591464556834
-0.00550935268748
-0.0043977888516
-0.00270409470249
-0.00075854922405
0.00100258400052
0.00204632136821
0.00183512201744
0.00036120149024
-0.00188591350984
-0.00433341016804
-0.00635982197539
-0.00749754367674
-0.00776639359335
-0.00729293719436
-0.0058964019358
-0.00433130306927
-0.00340107209605
-0.00311637761248
-0.00320998732696
-0.00371990415586
-0.00446944201726
-0.00522681789965
-0.00580573872469
-0.00611296510346
-0.0060252741575
-0.00571069708471
-0.00539547167383
-0.0051722598206
-0.00514670735691
-0.00564170489605
-0.006608253536
-0.0076316584203
-0.00764937178958
-0.00675500657855
-0.00572266879769
-0.00500365971679
-0.00449486889228
-0.0038343487084
-0.00321915529975
-0.00353193656193
-0.00459981915617
-0.00569594202628
-0.00652196446015
-0.00703508970383
-0.00688494576724
-0.0061664519219
-0.00519760404325
-0.00398567017294
-0.00262772605802
-0.00168598923064
-0.00142958117946
-0.00168661824739
-0.0020630965794
-0.00218022894413
-0.00151436748493
-5.743526177e-05
0.00183203489769
0.00355427309698
0.00501441847938
0.00653706622917
0.00785625818933
0.00820991909977
0.00702440607976
0.00472427859996
0.00240753906691
0.00083036093198
-1.108472423e-05
-0.00040837871252
-0.00050514574759
-0.0003098555829
1.842991167e-05
0.00023818610146
-0.00010934822879
-0.00090922567806
-0.00177701203323
-0.00234389459403
-0.00249366069121
-0.0022637711704
-0.00179822793093
-0.00104191837147
-2.620146728e-05
0.00099791027727
0.00115692818036
0.00041966140527
-0.00080209382092
-0.00192851812384
-0.00270345817189
-0.00324178809525
-0.00355529712766
-0.00343157618817
-0.00288726953228
-0.00208379294791
-0.00153065644256
-0.00155657386477
-0.00220420349891
-0.00307644363615
-0.00390756582868
-0.00454293500324
-0.00506741260382
-0.00559636523994
-0.00595259588776
-0.00598916687863
-0.00553120940941
-0.00501344919248
-0.00510803892794
-0.0058776741965
-0.00685457692445
-0.00751359755815
-0.00760197011781
-0.00699279423117
-0.00585425888699
-0.00441898113434
-0.00280051889123
-0.00150216713617
-0.00117972520719
-0.00198811585074
-0.00348091643374
-0.00504704899161
-0.00637399202677
-0.00741548919316
-0.00794697614421
-0.00771220369304
-0.00644719733956
-0.00470681962824
-0.00312358661673
-0.002041575834
-0.00150285197011
-0.00160640143731
-0.00185575827513
-0.00171053376475
-0.00123032241286
-0.00069418406542
-0.00016013156329
0.00011758856288
-0.00023978923544
-0.00113260584158
-0.0019061966165
-0.00159489772997
-0.00047586931153
0.00069759148995
0.00125761594338
0.00125740340871
0.00118249567175
0.00113989964501
0.00084009061888
0.00040193354499
0.00015003616649
0.00033799871541
0.00103616168746
0.00208542882082
0.00265174247569
0.00246556317852
0.00201060802986
0.0015658481049
0.00101900992494
0.00030937555511
-0.00045404661662
-0.00103331715779
-0.00121336042877
-0.00089679647884
9.901353726e-05
0.00121614484762
0.00139104799982
0.00066373278494
-0.00017773147341
8.50674416e-06
0.00112341747405
0.00237379435777
0.00323721430623
0.00377412196476
0.00413999503144
0.00450160130363
0.00494506884605
0.00544471745955
0.00592291402572
0.00619054669831
0.00629697397081
0.00642900308375
0.00646403910201
0.00629819443505
0.00655816834568
0.00717758775936
0.00749766497178
0.00750856005711
0.0075792192475
0.00789927499177
0.00815439924767
0.00793157918815
0.00749764672385
0.00719316290105
0.00680771732343
0.0064279264561
0.00644300353676
0.00645740115051
0.0060468228115
0.00506729023537
0.00351081297727
0.00129590760636
-0.00121551261065
-0.00363332418659
-0.00575000848473
-0.00727222472474
-0.00790975359503
-0.00718086916584
-0.00560142206231
-0.00397226975468
-0.00278451331315
-0.0020633134077
-0.00167578434627
-0.0014856699375
-0.00131547367685
-0.00102086198211
-0.00052771392396
0.00048865584809
0.0019285997028
0.00306454062125
0.00341566399654
0.00304495630283
0.0020879706496
0.0005330586342
-0.00171104792691
-0.00426794304936
-0.00656543746075
-0.00758212710821
-0.00728137015597
-0.00622560418472
-0.00509824837884
-0.0040643520104
-0.00324469702937
-0.00265092990627
-0.0022369445721
-0.00149589629001
-1.926067535e-05
0.00234914462973
0.0044829551433
0.00500582585297
0.00447617550202
0.00375983061834
0.00238877161154
0.00010533509119
-0.0026952605594
-0.00513708533278
-0.00684184094538
-0.00736951622667
-0.0068898136699
-0.00581251192552
-0.00469850286753
-0.0037744461338
-0.00314227034632
-0.00265578170782
-0.00214214874242
-0.00158583817133
-0.00102420328473
-0.00030911815201
0.00035031853441
0.00051506081195
9.695810159e-05
-0.00071376086999
-0.00219241963223
-0.0041036451625
-0.00588081069299
-0.0075927409608
-0.0094759290892
-0.01138607262478
-0.0124716095509
-0.0121568435584
-0.01045994850835
-0.00801568065968
-0.00586819922918
-0.00421894307394
-0.00277213799898
-0.00186178331099
-0.00176157214087
-0.00226220721579
-0.00277652716193
-0.00292577265651
-0.00264456889389
-0.00218693022667
-0.00193947546681
-0.00200410318089
-0.00232500799043
-0.00286778611416
-0.00341748449553
-0.00347184614102
-0.00302615449842
-0.00234341478091
-0.00121647116348
0.00039276986583
0.00196830504335
0.0033826545715
0.00485066588349
0.00597255482537
0.00650315621529
0.00656853316775
0.00625767545168
0.005509138006
0.00496693200843
0.00502273094646
0.00543605076802
0.00569368679729
0.00553022724162
0.00500618973808
0.00434656584941
0.00375421884433
0.00335152790306
0.00322651565445
0.00342146361685
0.00381353426508
0.00414423391735
0.00418170549706
0.00378462310957
0.00314940957909
0.00258977037157
0.00238329294005
0.00247891744026
0.00271288376246
0.00314713502876
0.00372532271653
0.00403500183125
0.00390033535628
0.00342667178966
0.00257852964905
0.00145417831054
0.00048177197895
-0.00035454228528
-0.00128037754777
-0.00206073186285
-0.00255660100882
-0.002813414808
-0.00302651086968
-0.00325438023772
-0.00310110409827
-0.00269729573987
-0.00271091191303
-0.00356462825838
-0.00499490607926
-0.00554721498749
-0.00514756608285
-0.00484779559204
-0.0049805503284
-0.00516460213205
-0.00515184146462
-0.00501099752993
-0.00489717126006
-0.00491174169241
-0.00501927886819
-0.00511993764921
-0.0053932400598
-0.00610616721425
-0.00671296550345
-0.00680366199019
-0.00641757666174
-0.00590837579559
-0.00554136599044
-0.00543488826779
-0.00552946726917
-0.00572303053599
-0.00597306254708
-0.00626736939411
-0.00607572752657
-0.00551176034033
-0.00568985795301
-0.00677080284218
-0.00819582096669
-0.00917229218485
-0.0096771983479
-0.01036766123182
-0.01128166228482
-0.01198589269233
-0.012197568636
-0.01202770191143
-0.01152920077047
-0.01076829445106
-0.00988111677613
-0.00931215395175
-0.00922149718109
-0.00966102209805
-0.01016855810929
-0.01035587414491
-0.01043601903669
-0.01056947041446
-0.0105258439166
-0.01050412781104
-0.01084753338697
-0.0115132392021
-0.01223428990391
-0.0128546227873
-0.01321823955159
-0.01326967723526
-0.01320635693142
-0.01312275996138
-0.01291720244002
-0.01252438899385
-0.01195866034603
-0.01103967331555
-0.00990966404652
-0.00888992162836
-0.00785963727589
-0.00666150313141
-0.00590320948567
-0.00575138351964
-0.00591902399722
-0.00666148058985
-0.00801588246028
-0.00930337562585
-0.01019922643275
-0.01081198213314
-0.01083872071203
-0.01017522182257
-0.00919862501573
-0.00820326397375
-0.00714218892938
-0.00605293049974
-0.00501599102126
-0.00411196836365
-0.0034413849852
-0.003140720346
-0.00332064811834
-0.00379303110991
-0.00397301362603
-0.00370759753976
-0.00322155543875
-0.00278778183875
-0.00245158097344
-0.00211434749019
-0.00171918328176
-0.00130220636111
-0.00096314046405
-0.00084830401045
-0.00118177863559
-0.00173548190006
-0.00215500064949
-0.00220311399038
-0.00199456810275
-0.001843214436
-0.00156117234217
-0.00066004713322
0.00075690734005
0.00205858075438
0.00246016393919
0.00217909327908
0.00175357740239
0.00151987513841
0.00161696269294
0.00232087859208
0.00335433379007
0.00433467571539
0.00517355327654
0.00593402271913
0.00655809320716
0.00699662200204
0.00717216383165
0.00694578542652
0.00647034537062
0.00622667437192
0.00621749673846
0.0061338257033
0.00582715749639
0.0055695751375
0.0059133521124
0.00663919450495
0.00712214304577
0.00635916397664
0.00433988818184
0.00204625267013
0.00044011421764
-0.00039545467247
-0.00136018216939
-0.00248101595177
-0.00295891089045
-0.00285079192785
-0.00259736580249
-0.00223230852545
-0.00185526343431
-0.00171038348771
-0.001503038743
-0.00093533663563
-0.00032313567219
0.00021849175878
0.00095265338087
0.00202238760292
0.00337884826878
0.00483170414138
0.0061302974131
0.00698553262996
0.00758965706127
0.00818387286867
0.00838671037562
0.00816737352318
0.00786596286583
0.00749762632911
0.006916149721
0.00638196315028
0.00603181657574
0.00576437174945
0.00571759909443
0.00600168388258
0.00602355455881
0.00564997764706
0.00527012022847
0.00506197364841
0.00494490032109
0.00496148231895
0.00518732831399
0.00567349171005
0.00637335120254
0.00712590211857
0.00753444849732
0.00741541083442
0.00676976056357
0.00575903476775
0.00466329403068
0.00385527049247
0.00321834273034
0.00248971484552
0.00200765293923
0.00217600830615
0.003146071282
0.00465978828204
0.00653013631085
0.00808788663016
0.0090448025119
0.0096956663226
0.01027629923248
0.01060862724382
0.01030440318561
0.00931745121738
0.00791253479366
0.00661130738012
0.00577766697378
0.00543594342728
0.00552261248937
0.00617612976322
0.00705756256162
0.00770156193186
0.00760427365014
0.00714568179714
0.00760793182264
0.00907842055896
0.01071297103252
0.01129170937829
0.01069291548824
0.00968830167428
0.00894525578097
0.00871576664113
0.00884370392498
0.00900747262198
0.00914865575341
0.00928280055238
0.00938205209627
0.00935755693889
0.00884264769207
0.00762834266477
0.00622443846426
0.00484521297378
0.00327329797013
0.00204220055712
0.0014911947655
0.00150771235891
0.00202558635703
0.00315679462215
0.00408051108573
0.00427236548794
0.00371035190321
0.00270959591553
0.00148511498586
0.00042477275674
-0.00040165628386
-0.00130697980392
-0.0023083433402
-0.00311045669714
-0.00342429955926
-0.00330353907744
-0.00176525822195
-0.00155924557585
-0.00148869050598
-0.0013318807093
-0.00109321500941
-0.00116060138056
-0.00151024238021
-0.00186973725999
-0.00218202153453
-0.00255424809975
-0.00304261305442
-0.00324072327509
-0.00289479089809
-0.00282908870318
-0.00336811848818
-0.00378527681469
-0.00359332473241
-0.00299718537891
-0.00277300960581
-0.00319773116101
-0.00398452806744
-0.00497842927533
-0.00618703021559
-0.00704145608325
-0.00726791928757
-0.00709993209939
-0.00652791328408
-0.00540750135082
-0.00408076011626
-0.00286580460405
-0.00186271073501
-0.0011211407769
-0.0008031022872
-0.00091245073066
-0.00137257036445
-0.00217739514854
-0.00271531073664
-0.00247606002971
-0.00166418295885
-0.00071397254594
7.653972414e-05
0.0004999906011
0.00037637313809
1.401811056e-05
-0.00032076043625
-0.00067832640289
-0.00069334970584
2.54666877e-05
0.00153246835429
0.00363571037129
0.00610628743588
0.00843214449158
0.01017244921119
0.01126561484386
0.01171426694413
0.01124325576725
0.01012436914594
0.00890331238595
0.00800930354618
0.00745781472123
0.00734519818152
0.00748012871472
0.00764991815396
0.00853566282998
0.01033508331655
0.01220655305612
0.01327225341308
0.01316857299016
0.0123921559335
0.01155430777007
0.01094020064973
0.01050129616226
0.01018305662334
0.00999366461776
0.00978954438894
0.00918073775445
0.00815780731624
0.00686713364447
0.00537852471745
0.00403591852119
0.00366735978913
0.00423596731566
0.00519597139056
0.00634561435474
0.00763987106049
0.00871719641982
0.00948200457521
0.01000115807497
0.00965834609335
0.00851402293635
0.00779721112044
0.00813556416763
0.00922984614402
0.01064931475216
0.01205423654291
0.01291051511178
0.01323545700664
0.01333969560142
0.01322399301537
0.01284765637313
0.01245323281583
0.01222520887712
0.01216756689855
0.01227332973186
0.01239950877435
0.01232257766439
0.01193859836131
0.0112758014803
0.01039209198475
0.00957871429032
0.00915803304065
0.00909114258373
0.0092217451382
0.00941103624348
0.00960346169844
0.00979584529051
0.00987379828433
0.00968902085725
0.00902889032028
0.00802229070259
0.0069675036789
0.0062766822769
0.00599976677693
0.00603184233752
0.00639562762677
0.00726906139306
0.00856905438807
0.00998318708791
0.0109665313338
0.01138554665515
0.01136531292524
0.01098584193333
0.01034406666327
0.00956056511763
0.00886144412944
0.00851562768044
0.00875671606089
0.00954786778123
0.01070159184043
0.01188921088581
0.01289008816853
0.01343279222715
0.0133302496161
0.01239270337129
0.01103944789999
0.00974464482987
0.00900815423569
0.00889314185062
0.00916498979416
0.00953060202284
0.00988826781638
0.01023769520795
0.01035995309312
0.00966039844834
0.0083297693321
0.00688680705571
0.00541083106064
0.00396202622765
0.00288155363775
0.0022781312149
0.00198248260859
0.00160918048913
0.00120352479656
0.00111961653836
0.00166179892097
0.00278061147717
0.0036232309366
0.00393845312725
0.00413708931755
0.00450882211536
0.00499145185418
0.00547056511028
0.00586841283726
0.00593588722782
0.00567382446635
0.00538242655343
0.00488484210241
0.00389203254987
0.00272137334176
0.00168415263054
0.00082553134997
0.00033251016857
0.00015990496699
9.539582149e-05
-0.00019812675114
-0.00072040161235
-0.00102224088128
-0.0008987483629
-0.00057032605181
-0.00116443881209
-0.0027572594987
-0.00397194129201
-0.00413454426855
-0.00348301065162
-0.0028073403954
-0.00248329157551
-0.00238918809362
-0.0023076338179
-0.00224832805782
-0.00234302191379
-0.00254790426188
-0.00259820091347
-0.00268891564813
-0.00325952937313
-0.00430870462281
-0.0054166102862
-0.00604793486159
-0.00594750149613
-0.00524297590158
-0.00447649323061
-0.00403492776614
-0.00410960257369
-0.00465351314225
-0.00542347365326
-0.00555329798735
-0.0045684702924
-0.00203392887952
0.00039567944399
0.00103098646826
-0.00060077110653
-0.00362234000844
-0.00663967217125
-0.00844094213882
-0.00880689249084
-0.00855035133714
-0.00841509448809
-0.00844999955065
-0.00811754380383
-0.00716655313105
-0.00552980324569
-0.00369650065383
-0.00225068096689
-0.00148723603893
-0.00146416314639
-0.00238574245579
-0.00374491240198
-0.00478108868779
-0.00527085336574
-0.00549884402882
-0.00564014738188
-0.00554957863063
-0.00496525427263
-0.00391671448014
-0.00272586018479
-0.00198399503964
-0.0016362926138
-0.00123896978305
-0.00062350727116
9.407380218e-05
0.00090340759515
0.00150867842559
0.00149049597727
0.00104946152745
0.0006154960022
0.00051264092226
0.0008124370675
0.00146483617284
0.00187331170671
0.00173301950343
0.00100638354078
0.00010732791501
-0.00055583569565
-0.00113368568945
-0.00168569833723
-0.0017452348799
-0.0014994675165
-0.00149177440551
-0.0019703938942
-0.00257630662228
-0.00261871587612
-0.0021882655455
-0.00176781829866
-0.00172072254801
-0.00201074542601
-0.00244125050041
-0.00273816036044
-0.00276549253363
-0.00280753682895
-0.00306204924262
-0.00341908279918
-0.00374879921026
-0.00403457032147
-0.00411193723483
-0.00403661730942
-0.00419556426029
-0.00452114912619
-0.0046075455428
-0.00391937223691
-0.00273269671666
-0.00211473177004
-0.00230860525161
-0.00293961317182
-0.00349647332751
-0.00391701825444
-0.00450467017545
-0.00525287379142
-0.00586963974194
-0.00594816808214
-0.00545494166525
-0.00465412176425
-0.00385214902369
-0.00313487242237
-0.0025077888797
-0.00193939281444
-0.00143412383967
-0.00107294252949
-0.00095683881109
-0.00103228078293
-0.00120625876527
-0.00158987525664
-0.00220242700963
-0.0029424888303
-0.00362833713571
-0.00419483326983
-0.00463161670424
-0.00502005279494
-0.00544116340758
-0.00586740061406
-0.00621376879448
-0.00626602978164
-0.00603228243456
-0.00567129337165
-0.00540391617003
-0.00533365843402
-0.00572466748231
-0.00647171825871
-0.0072543879136
-0.00777489712694
-0.00793778777668
-0.00769136026772
-0.00731709100817
-0.00710628774474
-0.00725112153482
-0.00769576982541
-0.00826944598178
-0.00871190881486
-0.00884799862807
-0.00874941903723
-0.00858736886551
-0.00848187545746
-0.00856801532968
-0.00896181309046
-0.00934508609146
-0.00947830883345
-0.0094313719471
-0.00928830498564
-0.00900016701106
-0.00878640114315
-0.0087659022816
-0.00879145474529
-0.0087422712172
-0.00863247559221
-0.00848192805442
-0.00832004533426
-0.00825228112369
-0.00815516136694
-0.00777252489654
-0.00703098714066
-0.00609843009355
-0.0051842347538
-0.0047131623927
-0.00509820866276
-0.00575329096463
-0.00602610175462
-0.00545310077152
-0.00445100624478
-0.00367956228471
-0.00337937638523
-0.00334642492418
-0.0030474831039
-0.00247487820813
-0.00206459827639
-0.00203424875493
-0.0023128119353
-0.00292435897894
-0.00356543438735
-0.00382369513974
-0.00378415188371
-0.00365443274355
-0.00332361716327
-0.00283573524194
-0.00243299707074
-0.00225431659783
-0.00223080790187
-0.00204366897847
-0.00153496295314
-0.00064435831768
3.281246552e-05
-4.757342769e-05
-0.00109519651951
-0.00266524164743
-0.00382596646984
-0.00404752742246
-0.00346946102973
-0.00267631384499
-0.00213626968997
-0.00206089931441
-0.00229404233312
-0.00261203284151
-0.00278491369412
-0.00282302609806
-0.00283651990276
-0.00280028703522
-0.00261361611746
-0.00220410474543
-0.00172533175948
-0.00142710912217
-0.00136613743377
-0.00145946913573
-0.00170159872137
-0.00205037992167
-0.00231798790589
-0.00238248681108
-0.00225430908397
-0.00192170950056
-0.00141294765805
-0.00084540387828
-0.00035177063997
2.637327687e-05
0.00031333707254
0.00050269923739
0.00052322450476
0.00049774567682
0.00060878237548
0.00091556006994
0.00134886845516
0.00193150863692
0.00253243860774
0.00294328207839
0.00312467183163
0.00313134198535
0.00300881252811
0.00287982330499
0.00287713227258
0.00301956699707
0.00322970904153
0.00345320212751
0.00364417848244
0.00376497009308
0.00373447029458
0.0034943018243
0.00299980341961
0.00235105314813
0.00169800280651
0.00127773911233
0.00103846253627
0.00078515931607
0.00059002382939
0.00058216348152
0.00054002182815
0.00037277679386
0.00021827847272
7.389849783e-05
-9.541563659e-05
-0.00011653866308
-2.425767672e-05
1.833391685e-05
-1.602942919e-05
-9.641517212e-05
-0.00026743323349
-0.00049926798323
-0.00075665090302
-0.00119003421208
-0.00172774155914
-0.0019572478735
-0.00200976755185
-0.00223947674021
-0.00263624354592
-0.0029945083008
-0.00314784455106
-0.00294678138658
-0.0024971599994
-0.0020938271605
-0.0018067990892
-0.0015311384025
-0.00133800020501
-0.00129747156097
-0.00142043467482
-0.00172763314499
-0.00226915538203
-0.00290054650868
-0.00346017068849
-0.00390629276747
-0.00418008143163
-0.00418874704975
-0.00400155123575
-0.0037748228998
-0.00351187565061
-0.00312009052875
-0.00283092315646
-0.00273016347514
-0.00255707438149
-0.00228358734482
-0.00209406867717
-0.00201670820424
-0.00198182460984
-0.00196132574829
-0.00195395465953
-0.00196642658036
-0.00198649178531
-0.00199615567233
-0.00198652720775
-0.00197139430991
-0.00196127744496
-0.00194861982464
-0.00194639250424
-0.00198166789235
-0.00206274450177
-0.00216705179462
-0.00218079677666
-0.00210413509197
-0.0020199853171
-0.00192619956381
-0.00177870479673
-0.00161463232543
-0.00149543472482
-0.00147483496298
-0.00157198155491
-0.00178216438885
-0.00212269001267
-0.00254863417893
-0.00299659285801
-0.00341119862167
-0.00374085706874
-0.00390445831419
-0.00390941423626
-0.00377047023271
-0.00352243583283
-0.0032166607009
-0.0029163706809
-0.00266281467325
-0.00260054416187
-0.00276425167465
-0.00301476349885
-0.00326352566896
-0.00340409910498
-0.00340136298946
-0.00327357168902
-0.00308096590162
-0.00286979231263
-0.00273309173059
-0.00270389719552
-0.00271426631122
-0.00273555949425
-0.00277760915661
-0.00285616003837
-0.00295441223995
-0.00305101998136
-0.00313468564948
-0.00315722720534
-0.0030997923944
-0.00298292194108
-0.00284227014632
-0.0026884916522
-0.00255908272678
-0.00246274763085
-0.00235859598208
-0.00223769273708
-0.00212602401613
-0.00203840498847
-0.00197219077822
-0.00194621002497
-0.00195543166814
-0.00197214032807
-0.00192642175915
-0.00180977457457
-0.00166910131166
-0.0015631291639
-0.00152248459186
-0.00152079290176
-0.00151869439025
-0.00148981221674
-0.00142982698976
-0.0013413385021
-0.00124898574771
-0.00116556588989
-0.0010838860255
-0.00101138647809
-0.0009663069086
-0.00092962632283
-0.0008842671307
-0.00085587926131
-0.00085063158711
-0.00085103615436
-0.00085787579912
-0.00087976289848
-0.00090362699963
-0.00091211733032
-0.00089942675639
-0.00088592758465
-0.00088574188516
-0.00089036086464
-0.00087621560897
-0.0008272579258
-0.00076196341104
-0.00069995309362
-0.00065123102338
-0.00062273538388
-0.00062102598256
-0.00063408784812
-0.00065219236707
-0.00067403073373
-0.00068907539748
-0.00068318947522
-0.00066424276081
-0.00064507417309
-0.00062754457116
-0.00061081916606
-0.00059693281627
-0.00058591139088
-0.00057486645786
-0.00055740641273
-0.00052799043371
-0.00048376261301
-0.00043277565312
-0.00038216331241
-0.00032766974514
-0.00027497155913
-0.00023631257614
-0.00021116865132
-0.00019467048658
-0.00018856301303
-0.0001841591444
-0.00016877217102
-0.0001417534328
-0.00010881334987
-7.735869106e-05
-5.314250154e-05
-3.841217442e-05
-2.589042601e-05
-1.020113066e-05
8.51716909e-06
2.866067589e-05
5.009875819e-05
6.989767222e-05
8.665836021e-05
0.00010434640782
0.00012392155934
0.00014290970727
0.0001607715288
0.00017807560783
0.00019274135876
0.0002052393634
0.0002177841686
0.00023216492986
0.00024832840617
0.00026433054934
0.00027879374828
0.00029109617809
0.00030332733364
0.00031776337538
0.00033644356273
0.00035835706792
0.00038150799718
0.00040311987488
0.00042211113569
0.00043788292563
0.00045084217344
0.00046326214136
0.00047707507009
0.00049099974053
0.00050349184143
0.00051452464494
0.00052804034716
0.00054795312825
0.00057228577174
0.00059698122694
0.00062061991253
0.00064204662745
0.00065984758678
0.00067455638135
0.0006870049019
0.00069665998698
0.00070239015783
0.00070257682338
0.00069797330097
0.00069162549149
0.0006866339323
0.00068583714197
0.00069256880194
0.00070728607642
0.00072820013195
0.00075404316703
0.00078489729732
0.00081893719349
0.00085490611014
0.00088897380757
0.00091866114399
0.00094256109695
0.00095737283128
0.00096258808859
0.00096485254888
0.00096917440919
0.00097650588922
0.00098708399735
0.00100143717203
0.0010177101359
0.00103460041637
0.00105073931164
0.00106576401001
0.00107958702877
0.00109239921977
0.00110572020588
0.00112024662852
0.00113602893785
0.00115244777778
0.00116885695704
0.00118459740348
0.00119949629851
0.00121292999239
0.00122491029263
0.00123605226168
0.00124653086493
0.00125726064553
0.00126860763539
0.00128051494392
0.00129327775817
0.00130677800332
0.00132060349092
0.00133439033585
0.00134798718767
0.00136120083304
0.00137404844647
0.00138657403768
0.00139892788371
0.00141124094025
0.00142363235553
0.00143608924866
0.00144860839943
0.00146108998094
0.00147343738651
0.0014855550829
0.00149739584018
0.00150905841182
0.00152060290865
0.00153207548718
0.00154351371667
0.00155496053342
0.00156642345128
0.00157787885529
0.00158929883686
0.00160065012035
0.00161191016421
0.00162307789503
0.00163415867985
0.00164516217933
0.00165608946689
0.0016669373223
0.00167770467215
0.00168839151645
0.00169899892859
0.00170952583518
0.001719969016
0.00173033061784
0.00174061171413
0.00175081445168
0.0017609409773
0.0017709923644
0.00178096539276
0.00179085791557
0.00180066885941
0.00181039500406
0.00182003634953
0.00182959289581
0.0018390646429
0.00184845159081
0.00185775373953
0.00186696894225
0.00187609934578
0.00188514280332
0.00189409931485
0.00190296780697
0.00191174827968
0.00192043965958
0.00192904302007
0.00193755621434
0.00194598031579
0.0019543131776
0.0019625558732
0.00197070732916
0.00197876647209
0.00198673330198
0.00199460781883
0.00200238894923
0.00201007669319
0.0020176699773
0.00202516880155
