0.00341198440029
0.00340835262385
0.00340466007792
0.00340088757215
0.00339703830491
0.00339311387542
0.00338913027563
0.00338504592643
0.0033809279941
0.00337670451476
0.00337236589324
0.00336789293916
0.00336345676662
0.00335892144386
0.00335425338775
0.00334962371237
0.00334487409721
0.00333963033017
0.00333448251495
0.00332986083555
0.00332511601798
0.00331949004286
0.00331314123067
0.00330811815282
0.00330550346569
0.00330417453296
0.00330125919679
0.00329517904971
0.00328679445971
0.0032792798329
0.00327844505205
0.00327994829726
0.00327601747097
0.00326161830098
0.00324090070354
0.00322580908123
0.00322849253383
0.00324846170706
0.0032500545073
0.00322613691662
0.00321460190849
0.0032259833937
0.00323943903746
0.00322564116554
0.00318717408034
0.00315438894217
0.00313806114056
0.003131701134
0.00315133927344
0.00318522146078
0.00319904811824
0.00319387471587
0.00318862455204
0.00317542477981
0.00315162712891
0.00314285393404
0.00315160154176
0.00316340041739
0.00317667375269
0.00317791472958
0.00312496051854
0.00306802270773
0.00306453325982
0.00307398291503
0.00305929748877
0.00304218767981
0.00302986746595
0.00301422571986
0.00301894015269
0.00301844280241
0.00296350878546
0.00288589015874
0.0028350900661
0.00284167875783
0.00301669168167
0.00324098865937
0.00325852865233
0.00316541860404
0.0031595831341
0.00321445318317
0.00324401114175
0.00324113098791
0.00327691142211
0.00337770881049
0.00341863386151
0.00331997300036
0.00304302885745
0.00294168134529
0.00322352862627
0.00350663767371
0.00337321986445
0.00285106124677
0.00249235975524
0.0025279450874
0.00273561041606
0.0028600711228
0.00287020843273
0.00280262476732
0.0027426276926
0.00274666086749
0.0028268685942
0.00292477463436
0.00298991312751
0.00303362717815
0.00308774720381
0.00316176283964
0.0032444653137
0.0033251096212
0.00340342709702
0.00346031693193
0.00337077629139
0.00317952991857
0.00301642141737
0.00290333260067
0.00278594354317
0.00263146430911
0.00245293315182
0.00227392223543
0.00210084114159
0.00192603131577
0.00174271536099
0.0015517971434
0.00145050880153
0.00164145900306
0.00197427429238
0.00222886965689
0.00240248648172
0.00255528655891
0.00249213266926
0.00226701530348
0.00208767015491
0.00198983767781
0.001885400517
0.00172324353803
0.0016161916901
0.00179500910365
0.00212616442646
0.00238766032612
0.00256543346402
0.00267947380295
0.00260569964587
0.00244344671508
0.00234042804204
0.00229147981955
0.00222145577949
0.00210327991705
0.00196450479776
0.00183417663715
0.00175413842533
0.00192105141624
0.00225005421985
0.00252598767024
0.00266168433526
0.00245371036158
0.00206537095161
0.00178263771548
0.00176538877639
0.00219043935322
0.00275378049264
0.00315092668061
0.00343442433292
0.00378034504184
0.00416451534516
0.00412857818966
0.0037568336472
0.00345500439942
0.00331759499438
0.00318861495686
0.00296106201402
0.00266610451584
0.00229795976588
0.00179733753452
0.00146074398232
0.00179436942484
0.00244896714321
0.00290646542764
0.00315165751365
0.00311054215818
0.00254584649888
0.00186416477973
0.00135357171484
0.00075257860095
0.00047393994887
0.00125316469046
0.00238796097516
0.00319177656938
0.00390748440359
0.00465004755342
0.00492237961211
0.00441052622005
0.00301333016953
0.00150492036081
0.00044577057306
-9.74212116e-05
0.00025418692959
0.00100993369976
0.00146096099336
0.00155396053713
0.0014756771242
0.00150271282924
0.00170274503059
0.00186834188236
0.00141278038544
0.00036320355099
-0.00064757548431
-0.00103421047009
-0.00062888023143
-0.00016207701912
-7.049871372e-05
-0.00014490448966
-7.709560934e-05
0.00016653238202
0.00044393549448
0.00066202662821
0.00083324577696
0.00061058989524
-0.00041578482928
-0.00165965626599
-0.00259318912756
-0.00310818174338
-0.00323380506635
-0.00274294113522
-0.00203565307333
-0.00153283850277
-0.00116106837316
-0.00068579837213
-5.537958522e-05
0.00062489663165
0.00126880675638
0.00187937954021
0.00235445459913
0.00195587872902
0.00096849802512
0.00017732120482
-0.00011781498763
0.00012148803935
0.0004136430247
0.00043156746462
0.00031670178011
0.00030319224341
0.00035248221431
-0.00018291471625
-0.00083438744371
0.00017215323972
0.00223413581268
0.00389695369119
0.00494308441597
0.00577901668401
0.00568062448795
0.0049336139712
0.00442937595537
0.00428161174961
0.00409065643064
0.0036436952554
0.00286043254132
0.00170309525474
0.00061125564096
0.00053347021798
0.00134722290266
0.00201776125703
0.00221482071104
0.002289300114
0.0020115451782
0.00107833055685
5.492346225e-05
-0.00070979672226
-0.00138072144263
-0.00218748403712
-0.00313833300405
-0.00401755073792
-0.0031495897519
0.00018866143075
0.00374804925796
0.00616380587658
0.0066596145249
0.00469813700711
0.00250682449231
0.0014453584276
0.00090089277056
0.001053381644
0.00236451035001
0.00374213062977
0.00442690359677
0.00450257600071
0.00412819598157
0.00270230074126
-8.280584616e-05
-0.00298897599806
-0.00538979931488
-0.00755768999007
-0.00814545886402
-0.00630931521453
-0.00423749789972
-0.00318148413733
-0.00250644068503
-0.00136296971599
0.00028266415082
0.00180382867524
0.00149736911239
-0.00052453486454
-0.00238345443795
-0.00341710502916
-0.00428052749403
-0.0055590167487
-0.00679455796813
-0.00561643911622
-0.00268332147099
-0.00022474251399
0.0013079525408
0.0021413424054
0.00146110476117
0.00017089994901
-0.00057498361359
-0.00089287871452
-0.0013350367015
-0.00089127024215
0.00121472047378
0.00345078092008
0.00374265996399
0.00129147473451
-0.0014814399906
-0.00301958302989
-0.00396719842044
-0.00536735938225
-0.00734281867962
-0.00797727611067
-0.00541282775201
-0.00191105323645
0.00048151326621
0.00191745642134
0.00148439226822
-0.0019864601737
-0.00591214503861
-0.00810384935667
-0.00739909442287
-0.00516766125316
-0.00386943470881
-0.00370746003831
-0.00346145076262
-0.00249121952776
-0.00112819016172
9.082194917e-05
0.00056792012026
0.00025624797471
-4.362041765e-05
3.104337274e-05
0.00022573449591
0.00025853322726
0.00013260688844
-1.5874567e-07
0.00035322168301
0.00160471585226
0.00306349698015
0.00356674509303
0.0019678151356
-0.00038674261174
-0.00198998640313
-0.00297673894244
-0.00414609099626
-0.00576484619918
-0.00658226776167
-0.00428397536281
-0.00047441874846
0.0024489175681
0.00441529182718
0.00629516232088
0.00756528937432
0.00430342159861
-0.00206137935584
-0.00776534572355
-0.01107574433132
-0.01160449963672
-0.00922010007333
-0.00641788470045
-0.00491184410212
-0.00393006666476
-0.00229566811655
-3.516928507e-05
0.00211798293449
0.00275098509624
0.00149372486221
0.00013504401672
-0.00040220556759
-0.00063852035101
-0.00122503753345
-0.00218047475657
-0.00317042888831
-0.00337807022902
-0.00154367034396
0.00116013828017
0.00320121343101
0.00444205918696
0.0037210020387
-0.00051242478516
-0.00581457323062
-0.00930383402948
-0.00964425030224
-0.00693209051133
-0.00297276173944
-0.00021631970319
0.00089775418648
0.00043171475067
-0.00069801495803
-0.00118569520772
-0.00110730672755
-0.00122870481207
-0.00183680251866
-0.00270307635182
-0.00438484791345
-0.00662230685755
-0.00732899681975
-0.0053337522568
-0.00259298443034
-0.00088313800545
0.00011697003589
0.00140944382077
0.00293598660469
0.00373186058649
0.00227762117814
-0.00093348424598
-0.00387824468522
-0.00628834494397
-0.00722321473424
-0.00523468839799
-0.00259690566144
-0.00114989414388
-0.00037351005597
0.00084006043523
0.00218929272895
0.0021310851557
0.00114772483312
0.0004598388692
0.00024979809328
2.228434675e-05
-0.0005005843304
-0.00117994577458
-0.00120123284608
0.00011055103495
0.00155616151199
0.00113940533044
-0.00183259663049
-0.00509615475745
-0.00722855125471
-0.0082594736158
-0.00613698094571
-0.00219269582022
0.00081354031131
0.00267613148117
0.00428895526234
0.00400394956723
0.00097405875301
-0.00224840065013
-0.00432155809205
-0.00602788532397
-0.00830558806116
-0.01089007275933
-0.01142009462877
-0.00969371506537
-0.0080226549254
-0.00736569039545
-0.00698300734536
-0.00634571453798
-0.00714391695065
-0.00972892938382
-0.01233281873867
-0.01416864574714
-0.01568134060428
-0.01721494016491
-0.01826607637638
-0.01740047900356
-0.01516056369283
-0.01219143692823
-0.00921934845073
-0.00650776277155
-0.00376497356005
-0.00076073834384
0.0024193708039
0.00558646216802
0.00866980998082
0.01171692798506
0.01471986337393
0.01744909459307
0.01828038918973
0.01603601211931
0.01022007797202
0.00325742840477
-0.00232438809589
-0.00675096865486
-0.01083113595223
-0.01454028794098
-0.01698486368917
-0.01683154867054
-0.01406515371178
-0.01129229479865
-0.00959991736236
-0.00835373828434
-0.00834607333301
-0.0094850358458
-0.01000413999716
-0.00774076126771
-0.00344635114432
0.00022982556173
0.00267368151133
0.00490350109125
0.00631360106256
0.00642084001655
0.00844036678709
0.01253694504431
0.01638662007471
0.01889348934454
0.02007198560694
0.01788757842489
0.01130385219554
0.00295373769165
-0.00413359487072
-0.01013840698004
-0.01643539558392
-0.02032884863283
-0.01935354634421
-0.0143820617883
-0.00725550252215
0.00249262842034
0.0172949959679
0.02918464202907
0.02998321705464
0.02211731062387
0.01391229126591
0.0095296806291
0.00938253371339
0.0083153495598
0.00289254601675
-0.00593563404449
-0.01494787688552
-0.02192343996873
-0.02372922126353
-0.02231078147975
-0.01861139098962
-0.01295585790297
-0.00914166745533
-0.00786324696612
-0.00670092978
-0.00434228528467
-0.00155209091589
-0.00063096878274
-0.00281759005307
-0.00842683917947
-0.01417861674058
-0.01648936848346
-0.01387503637205
-0.00846298902819
-0.00335498102239
0.00146513777614
0.00790054823669
0.01457505448427
0.01914968070768
0.01798490555573
0.01168623939418
0.00418924692713
-0.00335615163462
-0.01122442647617
-0.01697218205677
-0.01831960150075
-0.01527982221165
-0.00813893893776
0.00220725490992
0.01356284112916
0.01633119190588
0.0060320608274
-0.00829313511394
-0.01831504378923
-0.02283028063278
-0.02130568615059
-0.01662755509824
-0.01165112582514
-0.00916984530688
-0.00869673885949
-0.00993673864022
-0.01077647219958
-0.0092999527783
-0.00750159815447
-0.00701107325311
-0.00530939968453
-0.00106638887291
0.0048411531969
0.01008890063779
0.01395471956213
0.0153171314782
0.01245839888332
0.00837485088344
0.0055896957444
0.0048044068477
0.00681440240399
0.00734266195831
0.00255986985758
-0.00878472827892
-0.02066314477858
-0.02704931420367
-0.02535766760042
-0.02091695333816
-0.01876021226461
-0.02002703217861
-0.02247503500602
-0.01987950625321
-0.01058752867047
0.00304849171448
0.01467991383309
0.01927181138435
0.02008052531904
0.0199015911641
0.01957105313135
0.01820943281781
0.01250325316143
0.00153268194138
-0.01141812441803
-0.02064013233342
-0.0241352893717
-0.01919153169378
-0.01014811730437
-0.00314118117395
0.00044012668693
0.00101562588164
0.00079822272247
0.00061736089543
0.00188700771001
0.00439909675893
0.00658887724297
0.00779295106256
0.00836151358027
0.00791240948101
0.0061170533516
0.00296470498484
0.00031999612597
0.00062555678018
0.00387444979068
0.00820307313518
0.00910312520787
0.00550218448489
-0.00094210807584
-0.00708338734331
-0.01161947131926
-0.01457568776629
-0.01709583197061
-0.0198337372344
-0.02271584209379
-0.02484651625585
-0.02342615743564
-0.01797257574668
-0.01018100159276
-0.00506748435322
-0.00595144050787
-0.00788854466383
-0.00621925003738
0.00126581210004
0.01075286805151
0.01455150470891
0.01006194457276
0.00187819773361
-0.00504457425666
-0.00989468455609
-0.01315448457005
-0.01577797368361
-0.01837194321932
-0.01953116915759
-0.01827184947763
-0.01604715852257
-0.01064270576536
-0.00177275467788
0.0073385328316
0.01549412740635
0.0216126040433
0.02427365189815
0.02200539881617
0.01354276480973
0.00129636699804
-0.01050774473097
-0.0205748691029
-0.02775011432323
-0.02594733951883
-0.01588163203547
-0.00270904615431
0.01186135466663
0.02423695032647
0.0335653064431
0.03627911180775
0.03220913939141
0.02059610643937
0.00219817626842
-0.01655343231621
-0.02693255682899
-0.02850886934292
-0.02517224070556
-0.01746393514144
-0.00827666018621
0.00011457416689
0.00524078773544
0.00630544195934
0.00368545828566
-0.00155730637714
-0.00791737019018
-0.01376804209521
-0.01880494180536
-0.02219354434597
-0.02201841627994
-0.02013947172132
-0.01808061749758
-0.01447282901295
-0.00935707929437
-0.00417237060094
0.00059027721449
0.00532353818541
0.00854399155581
0.00637883390834
0.0016564802607
-0.00102474754154
-0.0016484778788
-0.00405132417985
-0.00935311808334
-0.01611549221137
-0.02406145444513
-0.03226172098953
-0.03859813939522
-0.0419580683332
-0.04196508880814
-0.03712684614982
-0.02743958224524
-0.0132151708987
-0.00323609671568
-0.00016454777852
-0.00016451563466
0.00063336757828
0.00417586484644
0.00898995003453
0.01288115301322
0.01092844229351
0.00361324654407
-0.00368075344802
-0.00760603531528
-0.00909341328434
-0.01053704361964
-0.0126353772203
-0.01429179191392
-0.01408901053297
-0.01257029150064
-0.01171971218707
-0.01157954416718
-0.01107534293287
-0.00970186777179
-0.00906491719258
-0.01220874183922
-0.01613014085611
-0.01643178139865
-0.00998019522013
0.00043362259272
0.0124700634264
0.02250436427942
0.02277653162082
0.01414716053513
-0.00274290275449
-0.02080806401284
-0.031786007851
-0.03500388011741
-0.03391415528177
-0.03195019740939
-0.03034482748555
-0.02946095129076
-0.02980213997568
-0.02927450090981
-0.02661313321555
-0.02244524196547
-0.01732414932963
-0.0108117568827
-0.00321415733172
0.00515369226716
0.01413787559722
0.02368871360293
0.03420375387072
0.03994029748099
0.03620986657664
0.02545305970286
0.01495317822365
0.00808083691151
0.00830929499986
0.01436328881444
0.01861929102292
0.01779818331129
0.01268532654012
0.00757124478404
0.00496174864443
0.0034364793011
0.00171909841935
0.00106340493119
0.00027230327315
-0.00159377926365
-0.00041224548643
0.00453041962009
0.01151941915669
0.01924958254572
0.02775492790627
0.03783706553985
0.04910598327641
0.05839966880157
0.06127678416625
0.05727789605759
0.04275016661083
0.01204851669025
-0.02438514791462
-0.04985747794161
-0.0567693354122
-0.05045369057585
-0.03901457030009
-0.02684954251151
-0.01945490345155
-0.02401331861473
-0.03607751703099
-0.04933452452301
-0.05616066503315
-0.05296073575735
-0.04698248950898
-0.04318257349397
-0.04067548033655
-0.03646420287123
-0.02786743141686
-0.01657837978978
-0.00524060542698
0.00327580317857
0.00752376462441
0.01053990298392
0.01393055569511
0.01619964195874
0.01622420562502
0.01346414028808
0.0103210944504
0.0090504060788
0.00907797943387
0.0096819881536
0.01205772486671
0.01931847595349
0.03220995498189
0.04688415488402
0.06038396846009
0.06833723902424
0.06722712442656
0.05727746427439
0.04140012448373
0.02053234645405
0.00127818764612
-0.01262270838148
-0.01677743184327
-0.01095298037263
-0.00120068032351
0.00925023054445
0.02035673862891
0.02770233031617
0.03153322277753
0.02985008390244
0.0194841527651
0.00549070384946
-0.00568912102173
-0.01188656920609
-0.01606161526366
-0.02061931078817
-0.02466660659073
-0.02583015036096
-0.02281521619682
-0.01821427838479
-0.01486225747609
-0.01724972270017
-0.02339630042722
-0.02897009375642
-0.03287902703251
-0.03493333953671
-0.0344874834066
-0.03377449740572
-0.03505342324119
-0.04232551583325
-0.05298990511106
-0.06199020195032
-0.06774268955491
-0.070168831359
-0.06967659851522
-0.06664370536851
-0.05914956426975
-0.03981792692476
-0.01339183259467
0.01363589244918
0.03804651237399
0.05575594025049
0.06052202713912
0.05432187631179
0.04297629306993
0.02983753020581
0.01569313628153
0.00169246219373
-0.00763893399644
-0.00685491646138
0.00067327585984
0.00989000210721
0.01892801600827
0.02927344543977
0.04120706941908
0.05333163752297
0.06570985426674
0.07929169065814
0.09472167107349
0.11249880895195
0.12875829286331
0.14022778189053
0.14806160842901
0.15298844660242
0.15553211339576
0.15577388000175
0.15640647436827
0.15943568936183
0.16595251318371
0.17383239659647
0.18130880260023
0.18573218156676
0.18677853617912
0.18891170508854
0.19360566819142
0.19833049579684
0.20126406281644
0.20236447028819
0.20055721773213
0.19631758650358
0.19092093622865
0.18613613873485
0.18362555932793
0.18248517193059
0.1808475941787
0.17518707639493
0.1635247721826
0.14139831415176
0.11078362216852
0.07837520683604
0.04563604557519
0.01414349677475
-0.01106238463939
-0.03370758700227
-0.05634927433008
-0.07693663316173
-0.09278680259496
-0.10178906644657
-0.10236125914152
-0.09605672872448
-0.08835461205284
-0.08214270712739
-0.08026505791836
-0.08238690451285
-0.09026862700218
-0.10082139232775
-0.10936419088258
-0.11111040208827
-0.10498101572922
-0.09593835616081
-0.08711011692928
-0.08439100223052
-0.093140289105
-0.10900061343933
-0.12739091544048
-0.14799465004965
-0.17027514273777
-0.1841854382058
-0.18950580678271
-0.18812490015307
-0.184459860415
-0.1787838304201
-0.16984927657046
-0.15677691236675
-0.14177692404703
-0.1200407660417
-0.08204878628621
-0.03679522066309
0.00493899047159
0.04580739953624
0.07907028183026
0.10025329357718
0.11590887271662
0.13434502369642
0.15489312224115
0.17219034109291
0.18476914511931
0.19265542532016
0.19869447303935
0.20364318822805
0.20772449895128
0.20926260664832
0.20490671379618
0.19097354981072
0.1696875977514
0.14140024918016
0.10158732774208
0.0625861267291
0.03425751887465
0.00624175553709
-0.02562084745455
-0.05491340329875
-0.08238408992609
-0.11014899682178
-0.1326564795354
-0.14451961090992
-0.14565595233879
-0.13845891006303
-0.12519152378232
-0.10340890910347
-0.0775056434546
-0.05747568474544
-0.04370347994038
-0.03194581560955
-0.0211353716676
-0.01181635166319
-0.00539684217857
-0.00481600742291
-0.01119377946442
-0.01991665560006
-0.02647878467362
-0.02989642863218
-0.02932469970437
-0.02490551063404
-0.0138894627284
0.00263535995306
0.02161586640523
0.04158068981964
0.06349827672726
0.08720053552898
0.1160974020537
0.14745615243598
0.17176671380143
0.18556282660199
0.18902013064673
0.18730978943027
0.1857694428574
0.18410243988029
0.18219843590431
0.18072941351868
0.18028035899453
0.17779056914891
0.1723473822406
0.16510877683421
0.15662506860939
0.14584420981237
0.13193912772665
0.11472585072664
0.09453322169626
0.07298562501195
0.05067346822276
0.02592915664867
-0.00111153836279
-0.02562060757499
-0.0473243818406
-0.06411607852132
-0.07172385856055
-0.07545492914371
-0.08043566025681
-0.08878676306445
-0.1001141954201
-0.11266725237442
-0.12295503075323
-0.13062343635161
-0.13755079004136
-0.14416001546726
-0.14997962137091
-0.15440322422502
-0.15669655271633
-0.15640009357214
-0.15305903515903
-0.15208996973881
-0.15734731396103
-0.16737579853448
-0.17970352862821
-0.19208531158134
-0.19737353629808
-0.18879384426792
-0.16724178582392
-0.13603834945655
-0.09332314129265
-0.04375846033404
0.00442667651079
0.04810293491944
0.0831119964352
0.10936099248854
0.12816019317658
0.13291249498687
0.12351036791155
0.10894414579244
0.09586899898591
0.09040626988998
0.09595508376167
0.10974681476239
0.13040137185295
0.15673210286616
0.18388287012898
0.20218775901711
0.20569783656362
0.19335699305429
0.16034045106975
0.11562407171873
0.06979493909495
0.02739670777304
-0.00494288611554
-0.022927399868
-0.02974007513921
-0.03394952951993
-0.03417424868564
-0.02949712512742
-0.02099289920479
-0.00991649760349
-0.00032728638544
0.00388184767611
0.00286332548874
-0.00635663385526
-0.0196244823039
-0.0373748976001
-0.05700520098117
-0.07393885838165
-0.08856169207539
-0.09840329448469
-0.09833689582428
-0.09271766930765
-0.08522026584696
-0.07521839191199
-0.06049311365693
-0.04102137066073
-0.0191560615038
-0.00014112800188
0.01198346135534
0.01807868246918
0.02147988668234
0.02319601699201
0.02195556783693
0.01993830872776
0.01852279547453
0.01640992037534
0.00744523925298
-0.01037794750377
-0.0326190615644
-0.05613170357506
-0.0795181049727
-0.09598937054585
-0.10395327577021
-0.1081789140248
-0.10781975036533
-0.10461089757014
-0.09878044911067
-0.09175650392071
-0.0877773658953
-0.0897179435072
-0.09877539564808
-0.11270048368856
-0.12874972116726
-0.14488155717221
-0.15909570007467
-0.17037605206995
-0.17954424860469
-0.1851455960986
-0.18415281458652
-0.17849565511649
-0.16839560647625
-0.15691975264487
-0.1454717248417
-0.13582501657363
-0.13222127405747
-0.13427828920464
-0.14056185414871
-0.14668551538241
-0.15249504634482
-0.15898268482103
-0.16100987494371
-0.15714002604287
-0.14945337360645
-0.14170340895987
-0.13524426817461
-0.1293547453771
-0.12192505191838
-0.11186942897145
-0.09861051843497
-0.081188770111
-0.06542599679509
-0.05473845114439
-0.04607001967141
-0.03745647264026
-0.03254172439635
-0.03451046386783
-0.04200630011543
-0.05258540421598
-0.06332332457291
-0.06939773053829
-0.07041489980498
-0.06611214826992
-0.05882793376442
-0.05080210763132
-0.04465257138978
-0.04130239755364
-0.04162581915964
-0.04566753376458
-0.04777938537768
-0.04499471959292
-0.03594559926853
-0.02107356270265
-0.00071573406105
0.02204411537611
0.04564768772952
0.06916830973333
0.08940269379799
0.10519295731072
0.12142736581275
0.14108936527882
0.1618593684025
0.18084167714972
0.19691792506614
0.20888359695379
0.21933642845738
0.22910112548183
0.23626408886902
0.23670674660508
0.22618019211872
0.19155085993614
0.13861895770112
0.08166042128909
0.03531348466112
0.0104448211257
0.00586605777959
0.00644590902908
0.00172835936931
-0.01086877465337
-0.02851456248432
-0.04975693642475
-0.07531818180624
-0.10385778771595
-0.13263706528354
-0.15956095446466
-0.18462585706602
-0.21256143026805
-0.24218943367986
-0.26794738029522
-0.28444133847413
-0.29776792702864
-0.31309734993516
-0.327228014753
-0.33457728459341
-0.33413350741944
-0.32721138310396
-0.3139772281374
-0.29041753775031
-0.25418533039125
-0.1969635021813
-0.12632951238412
-0.05776804994524
0.00487647785995
0.06230677899306
0.11038004880771
0.14697330687873
0.17805331721984
0.20790696733165
0.23708351742377
0.26110169759745
0.27784736938784
0.29059264982436
0.30349561108739
0.31662805712327
0.32871398862708
0.33896883953918
0.34817925487534
0.35414282049503
0.34993453352814
0.32895898561105
0.29163564612298
0.24164122894026
0.19079092151066
0.12629172335846
0.0576124320829
-0.00548343869738
-0.06366499301694
-0.13768072479951
-0.19260569029273
-0.22073396673607
-0.25515540330561
-0.28568999150994
-0.29639053863244
-0.29605406757874
-0.29517179058097
-0.29436243696746
-0.2912534380344
-0.28499849871706
-0.27762348180457
-0.27070615508016
-0.26377731413718
-0.25719901718172
-0.25445063717743
-0.25399406642726
-0.25333055958229
-0.25035237496574
-0.24298263540343
-0.23182279889583
-0.21756739671017
-0.19957994843117
-0.17995764103522
-0.16262922184953
-0.14699919787853
-0.12206614907175
-0.08535656540926
-0.04450805195478
-0.0103819598891
0.00959271457897
0.01956120207769
0.02903396568553
0.03999255923971
0.04959103572555
0.05343632096012
0.05381451506417
0.05504359392842
0.05910400314656
0.06510911590492
0.07176652513713
0.07977791052111
0.09210645620533
0.1068463351292
0.11997076918799
0.13243914865993
0.1483236848372
0.16608684573367
0.18137341015997
0.19425190370855
0.20672004330093
0.21803116384694
0.22378251602164
0.22445130021679
0.21616985843149
0.19692096354048
0.16760656266494
0.13099614520987
0.0807392038438
0.02039804588803
-0.02953806457122
-0.06576245185683
-0.086931902413
-0.09145657451899
-0.08182812908093
-0.05719673680866
-0.02221036789865
0.01193211433732
0.03658383880054
0.05257333027845
0.05856261098628
0.05495739720886
0.04275056641009
0.02588258803136
0.00884009727745
-0.00359687876254
-0.01092226139701
-0.0103437630682
-0.00544421998958
-0.00195531101408
-0.00188706368191
-0.00624954842418
-0.01519490005212
-0.03173967911324
-0.05942245124981
-0.08917767078483
-0.11037705830928
-0.11632632710759
-0.11275749506245
-0.10620283423899
-0.10055071223958
-0.09590939470272
-0.09073567249284
-0.08437640156169
-0.07829340790829
-0.07346495233576
-0.07015443858579
-0.0686731983349
-0.07174648719843
-0.07782263628857
-0.08303747385391
-0.08738562659246
-0.09384012970635
-0.10223647379779
-0.11062351056255
-0.12038209865436
-0.13500972993917
-0.15585830161261
-0.18301402638621
-0.21473186046811
-0.24432803985916
-0.26687255997584
-0.27581223125595
-0.27391638318479
-0.27182927114964
-0.26552379720636
-0.24858062458359
-0.22685425366405
-0.20640292253121
-0.19141700714529
-0.18890083054878
-0.19390375851657
-0.19920125857605
-0.20148507184506
-0.19940899426938
-0.19793901236553
-0.20028167608501
-0.20514691318908
-0.20581089979317
-0.19354681774096
-0.1652589414347
-0.12097544872593
-0.06973586475691
-0.02335105914343
0.01889724745754
0.06322140774661
0.1060525576947
0.13981093519443
0.15442748404387
0.14933405751653
0.12792501526233
0.0931074096142
0.04790370695427
-0.00271677987111
-0.04798745690238
-0.0840240184976
-0.11522825446349
-0.14140766945434
-0.16174006830456
-0.17980411812098
-0.19848865638245
-0.21742394873718
-0.23288642483605
-0.24126605731859
-0.24251071236185
-0.24247521018793
-0.24410623123202
-0.246606575778
-0.24822320404888
-0.2486973659663
-0.24934552051985
-0.24962506015953
-0.24586358884096
-0.23648941572961
-0.22185116577656
-0.19611033056936
-0.15688732092924
-0.12021822893538
-0.0975989783418
-0.08658313353418
-0.08182123654176
-0.07453208051745
-0.06501508311995
-0.0617630679971
-0.06321054919883
-0.05907499371256
-0.0479044425849
-0.03772395433439
-0.03824235004147
-0.04713262212553
-0.05646356894134
-0.06256039564899
-0.06714877976439
-0.07482079954805
-0.08434640062554
-0.0903893343935
-0.09279631781725
-0.09389247142492
-0.09400615834131
-0.09170811221879
-0.08543521391887
-0.07848748645905
-0.07334949031067
-0.06854579030806
-0.0619738261728
-0.05330398740644
-0.04410081643279
-0.03737077167178
-0.03319622776209
-0.03001927894751
-0.02645035095055
-0.02235341607239
-0.01995502033665
-0.02054798660093
-0.02304781940386
-0.02398427719678
-0.01828435519835
-0.00655386602254
0.01215070218165
0.03528258817463
0.06192639398909
0.08981946053424
0.11174670659188
0.12300956337172
0.12599008281592
0.12061164739509
0.10987980398685
0.09681658719011
0.0804208357004
0.05821836783504
0.03455965516827
0.01885056689643
0.01040508907565
0.00385441664957
-0.00228029663476
-0.00430660080229
0.00047439012283
0.01268518421159
0.03069303664541
0.05954546148485
0.09945398292098
0.14087062710997
0.17944525830895
0.21754116987899
0.254215555215
0.27797594482851
0.28915960937176
0.29311442361045
0.29166059359654
0.28384259910859
0.26752567204016
0.24830940076844
0.23309432044908
0.22323399144264
0.21701999156909
0.21431447004502
0.21285648211885
0.21251441387556
0.2162877192521
0.22292870473088
0.22943263902476
0.23087191634576
0.2247050927844
0.20892805463104
0.1844053277965
0.15121428143277
0.1093363008865
0.06595144496105
0.02758969886982
-0.01493003464433
-0.0632307630492
-0.10366188608059
-0.12370454241412
-0.1219445461301
-0.10856564784096
-0.09067098497325
-0.07035067605253
-0.04893477324309
-0.02545464290791
0.00202287868751
0.03046092918944
0.06042313279519
0.09719217460301
0.13759393637705
0.17628364579383
0.20766756753725
0.23225362257392
0.25150891425301
0.26407188622888
0.27085184192899
0.27697836572536
0.28348965632555
0.28923157323781
0.29463845837368
0.29275796259395
0.28528043715227
0.27862985649135
0.27120350535442
0.25860439152582
0.24064029152336
0.22105092758609
0.20236431036849
0.18281284740067
0.1565433976174
0.12336536871744
0.08856615383508
0.0605281040878
0.03892332011794
0.01986616895004
0.00894086747949
0.01075794230367
0.02380447947545
0.04547462262765
0.06836388164665
0.08994738030413
0.11184270638919
0.13248195916425
0.14703470005245
0.1551644580001
0.16034093082885
0.16219663905472
0.15831398058572
0.15062780790841
0.14354115820317
0.13938949880287
0.13618857802492
0.13154161532256
0.12474091803706
0.11626450215067
0.1070927713905
0.09914536987942
0.09418083863217
0.09236728523983
0.09313099777029
0.09486337592173
0.09714728514256
0.10114526170892
0.10723075010967
0.11285077622482
0.11650705236319
0.11693851572009
0.11349568440841
0.10231184395349
0.08100969202833
0.05215881841
0.0242128664193
0.00337340057371
-0.0156082684947
-0.03949100307728
-0.06813377318697
-0.09446074608716
-0.11529051120361
-0.13511631642078
-0.15614025603979
-0.17664666351812
-0.194454202132
-0.20733813295045
-0.21507105015676
-0.21279443327434
-0.19589779728496
-0.1628668625272
-0.11944954290218
-0.07858183908342
-0.05107189216916
-0.02873322069332
-0.00589711418579
0.02255318776455
0.06357828455434
0.11454792406582
0.15442169495064
0.17184811292992
0.18023925963103
0.1920274206491
0.20717485493437
0.21865293164961
0.22467294892423
0.22754702581456
0.2314092465456
0.23704673589224
0.24151665149214
0.24283902751073
0.23996031294904
0.23617469375542
0.23798066695386
0.24342737209562
0.24604125963025
0.24718724421717
0.25211996743563
0.25989222488871
0.26722774163472
0.27268596099504
0.27643735737237
0.27803127704552
0.27697292845548
0.2724567960616
0.26670784268243
0.26070221818102
0.25282921131547
0.24264360563448
0.22901173036822
0.21467588857229
0.20413909922498
0.19654355304298
0.18612702331182
0.17065047427915
0.15182306375561
0.12794991475998
0.10198165774409
0.07537845554205
0.04289791642381
0.00374944215856
-0.03024279871546
-0.04521123487791
-0.0482936231725
-0.04918127347227
-0.04841237954345
-0.04026437475777
-0.02838510748528
-0.01765299221354
-0.0082761276536
0.00152188496267
0.01172395165838
0.02129081361827
0.02806456443393
0.03233328505633
0.03654457851362
0.04190265615635
0.04783387002026
0.05116814783799
0.05038259027619
0.04636615897619
0.04050956364538
0.03396232309611
0.03140463134488
0.03322072746048
0.03491961842625
0.03225583594449
0.02170121555037
0.00691196941438
-0.00666698362479
-0.01594405029449
-0.0175623817102
-0.00999438009773
0.00143072513515
0.01396356152248
0.03321778493796
0.06356345999793
0.0915852938874
0.11246720881877
0.12821119156965
0.14415774460748
0.16258460425258
0.181361576102
0.19697949415154
0.20660777966989
0.21003965648196
0.20540070575668
0.19501408100986
0.18279269751818
0.16672364598836
0.14536576204694
0.12224895328349
0.10000971987856
0.07739385958267
0.05677347733249
0.04090112703655
0.02594999418589
0.00726504652998
-0.01601355939311
-0.04173696335276
-0.06866688150666
-0.09160939378654
-0.10702221481783
-0.1189682165821
-0.12968705851854
-0.13720688272149
-0.1358809085096
-0.12774980723645
-0.11189775075073
-0.08588753080495
-0.0477972644004
0.00218720737603
0.05335559349438
0.09972320773986
0.13834280835913
0.16989565328414
0.18370344022297
0.18082296654454
0.17200787271255
0.15750365146203
0.13226904207256
0.09982618003619
0.06299667258893
0.02624814847892
-0.00691631443269
-0.03668637931368
-0.05961955228294
-0.07559909675536
-0.08814546906613
-0.09686622626571
-0.09856299029944
-0.09876341766237
-0.09608385110599
-0.07917341404629
-0.04403648073654
0.00235803040367
0.05360554798913
0.09828292292474
0.12748501219333
0.15192040687842
0.17114430631995
0.18207993540488
0.18263037902031
0.17449046617157
0.16095710144194
0.14591094430416
0.13251765324181
0.12029841267413
0.10687035506849
0.0916915605296
0.07827696816289
0.06847934367174
0.06170792768374
0.05662358459549
0.05142561855875
0.0468629975074
0.05051060599791
0.06108759915839
0.07128886097823
0.07889913576482
0.08701659588736
0.09958273427333
0.11801082530014
0.13738161098826
0.15445404670643
0.16914850843484
0.17423395496902
0.17253704700757
0.16794671187181
0.15545717502325
0.12964282472888
0.0917074085721
0.0575950807952
0.0276646532343
-0.0030515989543
-0.03379888516033
-0.05893611944305
-0.07699657106617
-0.09117581948957
-0.10260484883211
-0.10447606926911
-0.09187335724721
-0.0663129274562
-0.02874001728067
0.01152160685822
0.04452708239936
0.07129624926848
0.09843902054619
0.11961259703068
0.12857336171953
0.12363683241215
0.11174998494578
0.09562684857263
0.07264075817387
0.04663563966659
0.02567528412122
0.01188030515135
0.00073605393818
-0.01121521030373
-0.02724177756542
-0.0456038057632
-0.0619875792672
-0.07791468606923
-0.09946664856141
-0.12932231366146
-0.16106600675923
-0.18734769039973
-0.20751500414123
-0.21937400958743
-0.22713651193867
-0.2342473415029
-0.23661479277624
-0.22680371903811
-0.20539926647936
-0.17941103549265
-0.15500377068319
-0.13008129256874
-0.10228179504143
-0.07383551827
-0.0504567770261
-0.03614626651102
-0.02693063779256
-0.01742868883905
-0.01081403573846
-0.00785273064649
-0.00958076058122
-0.02299336674522
-0.05017707746672
-0.07749595232064
-0.0955503110031
-0.1046217721099
-0.10358480478406
-0.09555395717231
-0.08784277305355
-0.08180989823486
-0.07698016330471
-0.07218645828349
-0.06720028990051
-0.0637934725058
-0.06540915725044
-0.06914401793054
-0.06889430331535
-0.06186709576347
-0.04689792397039
-0.01952163794333
0.01120956034065
0.03230793778351
0.03927507949519
0.0345430874871
0.02181896442719
0.00745655357192
-0.00430207827311
-0.01153835524864
-0.01651601110587
-0.02155140277322
-0.02817956269187
-0.03749173493463
-0.05211759111074
-0.07054739327837
-0.08770167590018
-0.10826208826199
-0.1403198316712
-0.17105123305319
-0.19658017465481
-0.22353368096481
-0.25000055162061
-0.27112098678801
-0.28040048743558
-0.28257299659177
-0.28543236086949
-0.28875485260515
-0.28666294297894
-0.27808149183205
-0.26521595177937
-0.24773960686902
-0.22120029258807
-0.18487549172136
-0.14562700687267
-0.11068677479679
-0.07685357086834
-0.03959149661823
-0.00629034074185
0.01162100974679
0.01790991920731
0.02225895150422
0.02387060627236
0.02178023187529
0.01779324179249
0.01096415396223
0.0008735257119
-0.00827820021294
-0.01648620207335
-0.02675229534052
-0.03863087495829
-0.05201039693427
-0.06949654492237
-0.0800429934197
-0.07558116975673
-0.06332113367299
-0.0490748788943
-0.02963531174221
0.00390605632065
0.04468660230244
0.08138206505521
0.10603896452001
0.12418003166507
0.13547074645706
0.13448058762809
0.11476507902962
0.07410544673557
0.02584147267589
-0.01749132938645
-0.04933007875529
-0.0698960723147
-0.08650838706531
-0.09881817416845
-0.10435158777281
-0.10088852661879
-0.09333363202512
-0.08589424743245
-0.07709085972266
-0.06527023500502
-0.05041957970334
-0.03951051328097
-0.0367178515111
-0.03958743465779
-0.04592951422094
-0.05723788414807
-0.07561617617957
-0.09610315341406
-0.1110462902796
-0.12028664258404
-0.12418246244454
-0.11989135306381
-0.10987534222715
-0.09829741164977
-0.08458360952001
-0.06411249631998
-0.03650084047503
-0.0046907263281
0.02361096064366
0.04596768705389
0.06430929350567
0.07680393179274
0.07965453247076
0.06989600834682
0.04774724151751
0.02414127036856
0.00616569452826
-0.00505341301861
-0.00719767555778
-0.00365922825608
0.00409155198098
0.01473367723782
0.02833887469934
0.04180299419785
0.05149884579044
0.05558458628944
0.05389214008768
0.04560905112943
0.03215948432383
0.01788856992705
0.0014662316269
-0.02032694558837
-0.04678033501326
-0.07204441760387
-0.09174361439271
-0.1067735396807
-0.11994009658909
-0.13047587844227
-0.13425721178787
-0.13188384348555
-0.12530975241826
-0.11940873139414
-0.11614756886432
-0.1161130901765
-0.12016336048551
-0.12988628648371
-0.14274851619855
-0.1550335317398
-0.16389050854183
-0.16893837394597
-0.17130822401484
-0.17259477802011
-0.17183819790838
-0.16447917296612
-0.14879095421544
-0.12402826786755
-0.09769166780128
-0.07281182427946
-0.04973393997156
-0.03450830495185
-0.02379179784305
-0.01831144559593
-0.02061905491665
-0.02890092848516
-0.04173582792287
-0.05407027464411
-0.06250095349563
-0.06702078003464
-0.06869149314885
-0.06705038117154
-0.0608480874202
-0.05094365255986
-0.03872409215278
-0.02654075355828
-0.02190375385337
-0.02293829039973
-0.02207195739629
-0.01776178558704
-0.01303904333453
-0.00900164336316
-0.00295706562066
0.00806697347251
0.02233811175688
0.03594929341366
0.0479395769435
0.05870322838054
0.06936261217166
0.08016932998454
0.0894170865712
0.0951970163967
0.09811088130897
0.09951180988535
0.10181332626541
0.1049395005745
0.1069198342244
0.10848795884956
0.11125341827806
0.11481957966418
0.11644815393683
0.11207540554806
0.10437787857187
0.09651131647033
0.09083925248404
0.08748258590799
0.084900586362
0.08312734872662
0.08426349825185
0.08823948585913
0.09369073272043
0.10046984084611
0.10799724524295
0.11250347860726
0.11206496279149
0.10649145731776
0.0942020439847
0.07354838244446
0.05303436278831
0.03743928127226
0.02466212883906
0.01242202674622
0.00304207893442
-0.00259923409231
-0.00656257844792
-0.00949015007788
-0.01017359731054
-0.01047893039901
-0.01309346241004
-0.02045093133359
-0.03140850140168
-0.04412045457224
-0.05709285297002
-0.0691360379374
-0.07835751971696
-0.084406322538
-0.08293584488308
-0.07569575222345
-0.06458224445362
-0.04911292379149
-0.02902240349105
-0.00818110976326
0.00511838359608
0.01135574773814
0.0101468091612
0.00622269950536
0.00432582794811
0.00293794722024
0.00065958881227
0.00124009829126
0.00469564066055
0.00838930602534
0.00897730518366
0.00625465625947
-0.00076721221323
-0.01133821893957
-0.02395410034895
-0.03451583716983
-0.03983209581039
-0.03900340790487
-0.03338562066556
-0.02350023224176
-0.01079211234646
0.00258277515654
0.01555123473206
0.02871044812771
0.0420498302584
0.05224610258354
0.05890311201649
0.05923217878798
0.05498936515735
0.04841882430745
0.0390567411256
0.02628342676525
0.01298864623954
0.00106127687971
-0.00971776379021
-0.01892931135786
-0.02630248919377
-0.03146719193243
-0.0336786095522
-0.03403393513882
-0.03569602858107
-0.03879738335236
-0.04147682197297
-0.04293229915982
-0.04290851910008
-0.04142946974911
-0.03786249277252
-0.03202953357372
-0.02434077019722
-0.01452650286264
-0.00132314219388
0.01421848792077
0.03004638533706
0.04409317227102
0.05592150511831
0.06456020751863
0.0695455763031
0.07003649780532
0.0684869398576
0.06673834584835
0.0664245674004
0.06734474536762
0.0685182041594
0.06896268498007
0.06859982717547
0.06488468459467
0.05598500923211
0.04619606838079
0.03185146298517
0.01157232059422
-0.00959895144736
-0.02521623461567
-0.03780132348638
-0.05157731838838
-0.06315894311088
-0.07008524133059
-0.07127483602034
-0.06625556425898
-0.05558378669093
-0.03998328389698
-0.0192083872304
0.00589311619323
0.02777055206119
0.04467284920804
0.05819717847448
0.06672651179038
0.06927468831932
0.06929590966382
0.0685391056645
0.06883929093775
0.0700709445092
0.07109559801796
0.07257461538499
0.07491969389197
0.07581292538935
0.07088658296701
0.06185119974506
0.05415800659281
0.04918933342526
0.04532218716739
0.04139564673207
0.03808786760902
0.03609039056703
0.03548237585876
0.03705237154444
0.04141923488816
0.04908648906469
0.06030437642424
0.07448373679144
0.08908731615302
0.10310841998279
0.11385737479918
0.1185730709896
0.12128625266741
0.12145232927829
0.1180188532692
0.11144172372756
0.10404954743101
0.09659394698052
0.08784486800165
0.07838182751171
0.06883810753195
0.0557465849479
0.03922847889393
0.02129673064726
-0.00265085137463
-0.03902350981145
-0.07907610290742
-0.10776125173822
-0.13422242925262
-0.15691417144726
-0.1692214318191
-0.17493744173959
-0.17291813565823
-0.16235783811468
-0.14330606024877
-0.12112775625043
-0.10043696135531
-0.08265737670541
-0.06933029239982
-0.06205364209624
-0.0575055737378
-0.05398486153109
-0.0515600630525
-0.05125738303189
-0.05432363542851
-0.05997145558792
-0.06708273292732
-0.07440051457834
-0.0812294376913
-0.08694632717015
-0.09051284037961
-0.09030531258189
-0.08711122037523
-0.08352489311465
-0.08105293431584
-0.07956902340592
-0.07894768738645
-0.07899587119276
-0.07935292391216
-0.07651281396661
-0.06642148095015
-0.04914965734712
-0.02847666151487
-0.00816226962313
0.01007131106973
0.02618953790801
0.03931723432873
0.04523846920322
0.04645529821827
0.04604521612558
0.04456138517551
0.04106088681918
0.03590715457209
0.03027913247183
0.02542787234974
0.02096916712097
0.01581800958109
0.00971215700544
0.00278854543673
-0.00630829012924
-0.01886558335648
-0.03516687027802
-0.05763777935572
-0.08326096163792
-0.10523781478723
-0.11878159028948
-0.12581772136075
-0.1274682686005
-0.12305256577968
-0.11294178652741
-0.09158374266628
-0.05470232528364
-0.00962139457838
0.03776893974665
0.07550621539224
0.10243139992296
0.12645055560682
0.15018204773013
0.1673227051933
0.17595165249178
0.18031458181083
0.18440356867978
0.1876339466669
0.18838524942846
0.1873320182689
0.18612670347242
0.18542001830781
0.18507427191136
0.1858374087309
0.18642639299459
0.18398761753401
0.17810577088221
0.16872184266901
0.14878065538661
0.12109238201228
0.09375885851362
0.06775278048813
0.04383701289182
0.02578829937486
0.01511553030466
0.013031806968
0.01537910675965
0.02228095645526
0.03297109280514
0.04569564764825
0.05921965707529
0.07294332625069
0.08582282729338
0.09785808024352
0.10911569165713
0.11891061350532
0.1260972769924
0.130029574537
0.13089459619889
0.13071168004336
0.12930075648559
0.12389890882034
0.11428931791518
0.10164224416786
0.0844339886465
0.06527172225825
0.05180774668747
0.0443550887595
0.03876221700981
0.03412438572246
0.03225071851401
0.03194500001906
0.03160854495733
0.03071819201459
0.02746529733337
0.02087329525942
0.01081543183746
-0.00046195844493
-0.01131764526986
-0.02184552708975
-0.03125120438246
-0.03770038217026
-0.04036862641172
-0.03906643225956
-0.03245034627844
-0.02147325001469
-0.00819696900014
0.00467314315683
0.01474234168729
0.02203151370357
0.02585439418783
0.02596912058229
0.01991623980884
0.00749869881027
-0.01107798320716
-0.02985911936562
-0.04486137854512
-0.05601470632083
-0.06104632388321
-0.0605588886305
-0.05305809487213
-0.03505958014973
-0.00981012861268
0.0110105338743
0.02585588144107
0.0374475331289
0.04485843602259
0.04937392873767
0.05044948468768
0.04732711646751
0.04362264053085
0.04248206122987
0.04501301440687
0.04896338287784
0.05185305193914
0.05058495266752
0.04531606224279
0.03569969074226
0.02268221098039
0.00121858285443
-0.02066752657843
-0.04597889742502
-0.07520873276196
-0.10079703655709
-0.12151549756071
-0.13910843992602
-0.15399103119226
-0.16451435530063
-0.17252217447525
-0.18070846403767
-0.18835182621068
-0.19371265447228
-0.19628624224192
-0.19545993713997
-0.19003642035505
-0.18139899731235
-0.17145758901682
-0.1582013331474
-0.14101960830466
-0.12528219825355
-0.11389533973651
-0.10649529539061
-0.10207082897011
-0.09831441111413
-0.0947333771957
-0.0921550398109
-0.08936391327017
-0.08420245690147
-0.07623045974017
-0.06682678144374
-0.05750507798672
-0.04962073281428
-0.04380346173827
-0.03866634514826
-0.03348390731461
-0.0292543030514
-0.02618795470296
-0.02380826957239
-0.02102102908043
-0.01726235635665
-0.01240779069432
-0.00606724795951
0.00277752856844
0.01163121102461
0.01822838330254
0.02312015108523
0.02742446983337
0.029382382741
0.02848299433508
0.02561537820073
0.02194458135338
0.01734391540484
0.01066714949186
0.0015085679693
-0.00965950344345
-0.0194182338638
-0.02655268356807
-0.03261240890478
-0.03822645402306
-0.04288337972287
-0.04596914232318
-0.04709763169466
-0.04667960159276
-0.04615218641447
-0.0468571924222
-0.05023835869666
-0.05626098266243
-0.06192317960308
-0.0668261577569
-0.07292419985429
-0.08058411371648
-0.08796982925705
-0.09243211668716
-0.09321407605566
-0.09092089149208
-0.08501181051497
-0.07654753253399
-0.0658720128449
-0.05123808072382
-0.03266935631078
-0.01686727473204
-0.00504657005455
0.00560389661397
0.0136280403918
0.01774552175331
0.01720697616374
0.01440401396584
0.01178473873644
0.00867235910087
0.00427688292401
5.552148197e-05
-0.00397638580734
-0.00903062241242
-0.01466652535561
-0.02053034745777
-0.02758989077346
-0.0350140350185
-0.04165214194264
-0.04790668146073
-0.0515092405711
-0.04893485320294
-0.0412058220454
-0.03170550427285
-0.02144393673325
-0.01101488528941
-0.00129041126849
0.00822375555028
0.01785812121572
0.02596275577813
0.03132481542145
0.03376447044039
0.03109003730645
0.01969056112491
0.00354173045319
-0.0129273698072
-0.02968755750896
-0.0420728267116
-0.04689634076533
-0.04967939136109
-0.05390563731056
-0.05698972075399
-0.05756859809249
-0.05693736304344
-0.05622610417535
-0.05576249695828
-0.05672972330193
-0.05856739258538
-0.05996240413277
-0.06121377580353
-0.06291704856913
-0.06360364781913
-0.06256986289537
-0.06021448555956
-0.05695876029961
-0.05282643519133
-0.04877941125227
-0.04659623545194
-0.04757273713832
-0.05132365375654
-0.05703010047882
-0.06235029314407
-0.06579224489738
-0.06727207785488
-0.06838617445316
-0.06884618347692
-0.06582352519115
-0.06018115829359
-0.05409664540302
-0.04931125620632
-0.04546510740536
-0.04133783575968
-0.03651302635635
-0.03134099929532
-0.02543614019835
-0.01821010448056
-0.00936320741736
-0.00080857704343
0.00537265912118
0.00878382793099
0.01003134713612
0.00986322835065
0.00872690771134
0.00729540088868
0.00707601504503
0.00883138805047
0.01221532893176
0.01562879418849
0.01781209632539
0.018836829794
0.01929090579681
0.01915809248402
0.01820658624711
0.0163810388771
0.01215853664787
0.00414358345533
-0.00930894986075
-0.02822298089106
-0.04854045923305
-0.06237204222358
-0.07127779453483
-0.0797705542148
-0.08574542615745
-0.08653752443508
-0.08267824622656
-0.07712636189658
-0.07111600377198
-0.06558353369386
-0.06008543035978
-0.05218560496014
-0.04326200561012
-0.03630277992369
-0.02875068392481
-0.01726117295086
-0.00073800447879
0.01730953266884
0.03346631614736
0.04612926992112
0.05602423753509
0.06433166627203
0.07070120404807
0.07495185374411
0.07768289845267
0.07890452505879
0.07822325113488
0.0769353058282
0.07466412621567
0.07153240269291
0.06800092789024
0.06169062437194
0.05175529302511
0.03969293368542
0.0277187540696
0.01660753315151
0.00652191566521
-0.00221815983442
-0.00893354955391
-0.01429014474099
-0.0189199400633
-0.02251268010394
-0.02493260103162
-0.0265058750712
-0.02793120739415
-0.03060050710564
-0.03685256786835
-0.04735136029438
-0.060303432898
-0.07116773779568
-0.07905974312187
-0.08588890611439
-0.09240849654712
-0.09818625146468
-0.1024834377941
-0.10385063930525
-0.10120169737187
-0.09348227738844
-0.08252665834072
-0.07039846005958
-0.05837489723968
-0.04639588804885
-0.03567031349294
-0.02680086295412
-0.02131318638463
-0.01805955607278
-0.01563658547639
-0.01385914515123
-0.01321015741603
-0.01473177899095
-0.02024988028382
-0.02748427980204
-0.03493090875723
-0.04333379356449
-0.05536175417621
-0.06691025952836
-0.0730707022936
-0.07465806525895
-0.07484640269239
-0.07507670305572
-0.0754324764175
-0.07543116507594
-0.07499640737318
-0.07523911750541
-0.07564051595826
-0.07366750663073
-0.07160596575599
-0.07188038796519
-0.07010855762319
-0.06520578736498
-0.06219243640589
-0.06184678596127
-0.06147276576145
-0.05938870819262
-0.05582123546495
-0.05116477353227
-0.04754164874819
-0.0460290322517
-0.04480502284202
-0.04339485090684
-0.04391678083935
-0.0467698922567
-0.05140108687641
-0.05741358792502
-0.06403731806792
-0.06993806722854
-0.07525947528351
-0.08053205985337
-0.08458202631495
-0.08698932957811
-0.08816605073182
-0.08789490687651
-0.08518153329506
-0.08049673359113
-0.07381036290083
-0.06471245107526
-0.05446250969802
-0.04669149961862
-0.04278040742654
-0.0422465155003
-0.04354695053573
-0.04499275258058
-0.04758839327718
-0.05343652885573
-0.06081268119811
-0.06743956175914
-0.07272332471619
-0.07632802675056
-0.07806699359373
-0.07810743728645
-0.07735316001843
-0.07639193066362
-0.07490251851594
-0.0724240190013
-0.06896500381575
-0.06503779171768
-0.06129181661826
-0.0568996699696
-0.05065075962503
-0.04374963276647
-0.0372067420331
-0.02975598714959
-0.02141943703486
-0.01360971199472
-0.00747207697742
-0.00381051869128
-0.00401483690057
-0.00754968760816
-0.01250261668101
-0.01839884171325
-0.02611371997714
-0.03286789662123
-0.03796912723003
-0.04294581237466
-0.04675230108944
-0.0477370386405
-0.04628928557528
-0.04508357097954
-0.0460157109405
-0.04743216771997
-0.0476238954511
-0.04677857589654
-0.04545506444806
-0.04357484053182
-0.04145457714238
-0.03898498515516
-0.03453875366317
-0.02812928393746
-0.02024973635608
-0.01193711182802
-0.00367724001216
0.00520548865955
0.01470942541496
0.02360314057021
0.03213348138023
0.04124453860534
0.05017886856739
0.05765808915792
0.06213726410859
0.06466441119667
0.06640943899656
0.06681892938635
0.0643527436888
0.0598637496684
0.05504042751831
0.05071875748247
0.04613109300573
0.04084811365522
0.03685319155518
0.03507865857022
0.03500178516931
0.03508235271534
0.03491586031324
0.03521686117697
0.036147353965
0.037235271708
0.03819250307025
0.03907522784319
0.04001154170838
0.04101905182505
0.04204866284458
0.04383232724455
0.04727045691697
0.05253042382231
0.05911366229658
0.06357810864267
0.06418967356833
0.06082456323199
0.05547473744591
0.05105668380546
0.04761169357781
0.04387553754812
0.04071405296876
0.04007816425637
0.04054046013187
0.04081193981855
0.04266574499997
0.04497805595994
0.0437098607365
0.03934662757002
0.0343160494857
0.02838918543769
0.02153030936448
0.01449726474347
0.00761549776407
0.00071275763555
-0.00635525054983
-0.01362920940482
-0.02055345585475
-0.02443520278145
-0.02598135443952
-0.02764263229129
-0.0301849717511
-0.03283755985369
-0.03505511839003
-0.03736498257856
-0.04054038017202
-0.04401831385836
-0.04637756125097
-0.04599684041562
-0.04268687039265
-0.03635592124078
-0.02895699633279
-0.02191445248146
-0.01530255799573
-0.00953847781192
-0.00563419659997
-0.00427225324863
-0.00561527969838
-0.00873718734981
-0.00915674628406
-0.00894484468248
-0.01340699937924
-0.01799737929252
-0.01944556414093
-0.01605146036256
-0.00917342271062
0.00091909291204
0.01380169239897
0.029013831795
0.04425924888189
0.05837998268622
0.07121715298371
0.08330948127561
0.09435467134861
0.10323526829068
0.10743443983453
0.10744900851942
0.10391260818991
0.09675266728509
0.08658234992764
0.07521847187184
0.06275038025536
0.04862656000078
0.03323611173585
0.01962190759669
0.0088720908131
0.00073200988875
-0.006651612143
-0.01414575803934
-0.01806075547055
-0.01728388154859
-0.01470116876073
-0.01199599586161
-0.00820600606252
-0.00392645407868
0.00013086672219
0.00446955897897
0.0084276323812
0.01087535215073
0.01412909440636
0.01945181700129
0.02596294768178
0.03192000456959
0.03643744830503
0.0387004400288
0.03824019112549
0.03477015747245
0.02967087788401
0.0241397991073
0.01717619162104
0.00888625490114
0.00339446999449
0.00038298529833
-0.00262268311826
-0.0053078580586
-0.00651751147661
-0.00615019670991
-0.00404609800398
-0.0001646352546
0.0051551171517
0.01089050934011
0.01532074886187
0.01732432524131
0.01606231891035
0.01162636385843
0.00559603016381
4.675634706e-05
-0.00593425073906
-0.01398180836051
-0.02408928047333
-0.03321009280028
-0.03857052126263
-0.04193107388745
-0.04608498815555
-0.05214282643977
-0.05866348833451
-0.0639306836104
-0.06614992130361
-0.06608868804959
-0.06433943836956
-0.06043579843562
-0.05406777989675
-0.04586613804291
-0.03674079998838
-0.02771416437414
-0.02051229252337
-0.0165115333542
-0.01346936326555
-0.00995775048991
-0.00774951207382
-0.00700028666919
-0.00610847206037
-0.00469577019551
-0.00349657232764
-0.00307812643452
-0.00225215076715
9.047761007e-05
0.00423916426302
0.00995822545142
0.01724687612947
0.02530401454028
0.03347309674274
0.04010183237232
0.04489436997971
0.04763977547754
0.04950930076569
0.05150644197631
0.05382596531485
0.05615804235003
0.05803076603223
0.05949774144567
0.06081316095721
0.06143021112866
0.06076558484577
0.05855710974852
0.05542992794531
0.05156436489249
0.04751439843091
0.04351379918144
0.03845876937464
0.03240902302735
0.02629529280717
0.02049108717084
0.01499966528192
0.01014588002773
0.00634305347414
0.0034549564235
7.4895082e-07
-0.00477083650379
-0.01076143015237
-0.01640832117831
-0.02067120473158
-0.0234651298671
-0.0241176662205
-0.02166580932827
-0.01945128926628
-0.01914678616106
-0.01854323321249
-0.01647724657002
-0.01382656151188
-0.01080424865267
-0.00718577913113
-0.00398786644277
-0.00142485144441
0.0010873178842
0.00394881245226
0.00687872850505
0.00867688962604
0.00987293387738
0.01208993429396
0.01547860719924
0.0191145303571
0.02175681963087
0.02340063425115
0.02476876329658
0.02601210699827
0.02677821832427
0.02649898253203
0.02485228935711
0.02161548259795
0.01799568414367
0.01501038789796
0.01192086238706
0.00784825129563
0.00492752742733
0.0039647500498
0.0032570397999
0.00299958826951
0.00413402505472
0.00510244439935
0.00458388877256
0.00246061409513
0.00066092382195
0.00061898663913
0.00278779701252
0.00530717040388
0.00629474333126
0.00830281345433
0.01366227440248
0.02037039577149
0.02552308854051
0.02728463604565
0.02787007009195
0.02959643526257
0.03265186109535
0.03575064115942
0.03784067972512
0.03920650592683
0.04060255695229
0.04296845700451
0.04608183773741
0.04865524959538
0.04897235437314
0.04576885888798
0.03936009280895
0.03094655734952
0.02117984533682
0.01029212499632
-0.00131934218192
-0.01151406824345
-0.0196222274361
-0.02613076741741
-0.03143348085918
-0.03585300576088
-0.03976193903698
-0.04228548793176
-0.04280976868389
-0.04206259185065
-0.04105850401561
-0.04055445310583
-0.04054559355432
-0.04056243309897
-0.03949141886851
-0.03700610677455
-0.03336571066262
-0.02976116854795
-0.02693031795316
-0.0248200015692
-0.02314596212518
-0.02201349075311
-0.02107933580391
-0.01984059778963
-0.01698787017957
-0.01224899362829
-0.00467448968072
0.00495956893889
0.01533810654636
0.02516208580446
0.03414432770934
0.04078513727644
0.04424792656697
0.04623716774429
0.04804419641277
0.04915904463364
0.04890360489311
0.04733450475776
0.04572884697845
0.04470464124486
0.04384377749523
0.04228110613192
0.03936965600715
0.03425630348491
0.02746902346244
0.02056465023392
0.01520910571928
0.01171943872438
0.00944268111263
0.00683224144678
0.00300712848347
-0.0004963059986
-0.0021102396225
-0.0007129666506
0.00199042778151
0.0040351818851
0.00670189089741
0.01159034354467
0.01745582721254
0.02286186477399
0.0277487869897
0.03313237182494
0.03955317985755
0.0469139799085
0.05404268849545
0.05902362750417
0.06185204731948
0.06303527720507
0.06317739784453
0.06279637316175
0.06218607160174
0.06079633740453
0.05811181333737
0.05583306952292
0.05531761633836
0.05669903471106
0.05833438957908
0.05914698956255
0.05946759658178
0.05951542856475
0.05844246331392
0.05512544083207
0.04820358838008
0.03651916727292
0.02170055987959
0.0072934002932
-0.00592553351609
-0.01874097392442
-0.03060839114697
-0.0395661013695
-0.04466961883005
-0.04667416432288
-0.04765848608271
-0.04832554314508
-0.04872451081846
-0.04883247260951
-0.04850401353289
-0.04787257058822
-0.04718339663102
-0.04632638694622
-0.04519642631348
-0.04432416028907
-0.04375620546624
-0.04285481806404
-0.04141146279063
-0.03976441779236
-0.03866106779809
-0.03760319896716
-0.03489572642272
-0.03005214244634
-0.02316107453705
-0.01496661787543
-0.00627976845033
0.00258227940547
0.01202965416136
0.02279904831491
0.03289997651351
0.04053142466869
0.04576746758657
0.04983275435563
0.052996381859
0.05369878117559
0.05035629947713
0.0455168254371
0.04148046814219
0.03920882476252
0.03829378021774
0.0386563341749
0.04148208333118
0.04637605800576
0.05127297520287
0.05556272526613
0.05993609734174
0.06313065331554
0.06395495942121
0.06342952724723
0.06277551963257
0.06255070451503
0.06371770255083
0.06652613240335
0.06933357075372
0.07177204236686
0.07518755939338
0.07936432618694
0.08309608442482
0.08547802442318
0.08693311780274
0.08820919706751
0.08917170577994
0.08913725907605
0.08797595418165
0.08617373909621
0.08386106032092
0.08104410674827
0.07782284418418
0.07507276903104
0.07271790343828
0.06952995214818
0.06550376574634
0.06127582464803
0.05673567231486
0.05181651028716
0.04701645645376
0.04285168363787
0.03934427675039
0.03621338481009
0.03279743600038
0.02804521414994
0.02290040542225
0.0184132664704
0.01362649716667
0.0087208035763
0.0048083264796
0.00064316761756
-0.00461912707897
-0.01015200335313
-0.01533894132721
-0.02015515984412
-0.02311111562204
-0.02357075683049
-0.02201892802299
-0.01960462027687
-0.0166828073554
-0.01505908504652
-0.01526489690583
-0.0173891726806
-0.02019694686234
-0.02231166103811
-0.02175192608798
-0.01896113537862
-0.01551254535847
-0.0116399698267
-0.00647066459901
-0.00046637782591
0.0058592308075
0.01372349966052
0.02239237251188
0.0284805635556
0.03268331730079
0.03738171017942
0.0420879231315
0.0452425631476
0.04689885150466
0.04812289289829
0.04924967112895
0.04933652351929
0.04809503488614
0.04822053986853
0.05056924855275
0.05342709359329
0.05497828272198
0.05490732635006
0.05468686104842
0.05482613511718
0.05297487265904
0.05051279689783
0.05069478551909
0.0522311340994
0.0529835403069
0.05330678600123
0.05410999869817
0.05548530813823
0.05704561268995
0.05846638730139
0.05926760100205
0.05953868088947
0.05943206242392
0.0592313631975
0.05902146858818
0.05829805582271
0.05641634465324
0.05272723699997
0.04853530981863
0.04512193571613
0.04242353061881
0.03974556325946
0.03693423886033
0.03398894972655
0.0310702392473
0.02897527515477
0.02755277341055
0.0262409041164
0.02589792433081
0.02712364488131
0.02812787664408
0.02825227818052
0.02873317271741
0.02904081024879
0.02748284052472
0.02405560138402
0.01980004215312
0.01531495177266
0.01093345257778
0.00675596134797
0.00318558927609
0.00112430187408
0.00203914731883
0.00468434873037
0.0075137808374
0.0091609153907
0.00991904032676
0.01085305774502
0.01301172745018
0.01686541966349
0.02177631384258
0.02679089995667
0.03123599601877
0.03512009376509
0.03827257486521
0.04042037642739
0.0414524182264
0.04093565370028
0.03919484778053
0.03741917936568
0.03538045903246
0.03219105247307
0.02971859792318
0.0292956742784
0.03051447030578
0.03264258575261
0.03582689087349
0.03847095525595
0.03988949099156
0.04059793527289
0.04085172784049
0.04020509252411
0.03812834328568
0.03449212107797
0.03011742166883
0.02550065180627
0.02062178954356
0.01688657704011
0.01467286297342
0.01352425570338
0.01292492143655
0.01285461753701
0.01310198133258
0.01330889184025
0.01257470208603
0.01146062147973
0.01103043428206
0.01082020384138
0.01008324267872
0.0084937655749
0.00639519689228
0.0041742208719
0.00222229855632
0.00082710374095
0.00142633469965
0.00355441048639
0.00584017317657
0.00768043955599
0.00954892376688
0.01095470590622
0.01133934797267
0.01176276736853
0.0131590822615
0.0149846344291
0.01646207019027
0.0180194162275
0.02052275127191
0.02352533963503
0.02616593375995
0.02725545069997
0.02652225084872
0.02319187507172
0.01815373278549
0.01262803850516
0.00707886321493
0.0015547825244
-0.00371280455476
-0.00769458285446
-0.01019299876883
-0.01081350480505
-0.00916398904738
-0.00795676960724
-0.009516408893
-0.00935290858853
-0.00635058409292
-0.0033666919422
-0.00131856033449
0.0005789454643
0.00161515381123
0.00213765145868
0.00334055306685
0.00448264200982
0.0046222790963
0.0052401112751
0.00691963436571
0.00833168375819
0.00906889599478
0.00972005384034
0.01061497728818
0.01096257395557
0.00916804301183
0.00556483462748
0.00108943250242
-0.00234834886489
-0.00493246894613
-0.00881164116562
-0.01351431669388
-0.01734892089153
-0.01942664564015
-0.02003712311183
-0.01954357892649
-0.01854934214512
-0.01720921503957
-0.01432851587437
-0.01012817051989
-0.00669098597291
-0.00411123169954
-0.00072856377909
0.00368287078488
0.00813658172135
0.01175478417699
0.01450102445567
0.01653198708413
0.01785063697366
0.01825622532271
0.0186331080852
0.01967575256047
0.01969439919776
0.01732933072799
0.01238406180888
0.00628280692468
0.00010852056648
-0.00594934076217
-0.01198302797295
-0.01787336156336
-0.02351795134478
-0.02905083721412
-0.03491152648931
-0.04061455092996
-0.04524488198328
-0.04831407690243
-0.05030045551707
-0.05071437568262
-0.04946162870243
-0.04654803565365
-0.04276048143163
-0.03881483059188
-0.03438967651666
-0.02910915992956
-0.02394581650837
-0.02015271307268
-0.01914908900478
-0.01928876287279
-0.01882128559893
-0.01861404565668
-0.01889089864536
-0.01852210781981
-0.01897827877072
-0.02162610126618
-0.02619337598087
-0.03100080211255
-0.03529085602324
-0.04031047960795
-0.04586081271682
-0.04936422161174
-0.05128559286738
-0.05326531882241
-0.05456485830751
-0.05431597527477
-0.05258558012765
-0.05073201482579
-0.04941331696035
-0.04804712294332
-0.04476240424134
-0.04030491440231
-0.03802578678057
-0.03715064220152
-0.03513904424982
-0.03266874861591
-0.03098559374886
-0.02954892311901
-0.02846318028396
-0.02854377981394
-0.02878935250884
-0.02837850280158
-0.02768616243427
-0.02723578057659
-0.02664490926041
-0.02522843648896
-0.02347395743467
-0.02198049931852
-0.02087825277019
-0.02007187366315
-0.01966938775632
-0.01940764717951
-0.01892951925347
-0.01749038586021
-0.01519868215308
-0.01272105260162
-0.01061664365147
-0.00905662215762
-0.00795664646907
-0.00704207368741
-0.00612015259543
-0.00508975317177
-0.00389320997096
-0.00247724574417
-0.00072638119499
0.00168627330125
0.00452281064065
0.00739518918374
0.01074258041706
0.01482931241821
0.0182996435219
0.02077038693097
0.02267896461043
0.02403493975848
0.02467877648007
0.0251259119678
0.02542088385875
0.02490802137337
0.02334363886924
0.0211295186065
0.01931407816167
0.01791070281385
0.01606949930498
0.01499352276615
0.01565110778456
0.01550469170189
0.01364310482776
0.01199627891948
0.01174267825553
0.01231819887948
0.0124707127004
0.01168616902951
0.00981277688295
0.00665679194216
0.00218564496054
-0.00326975501543
-0.0090295589464
-0.0147671580267
-0.02095416665289
-0.02777021622981
-0.03470262338215
-0.04006732170055
-0.04320406670196
-0.04556273838364
-0.04790237962074
-0.04950410337537
-0.04925138226977
-0.04708127190911
-0.0441845663809
-0.04121194697
-0.03803485422769
-0.03433300097415
-0.02993779985917
-0.02509400798718
-0.02000021364453
-0.01402142047078
-0.00814351424044
-0.00391063802012
-0.00051511143616
0.0027877026599
0.00395607920354
0.00328859035797
0.00257005514342
0.00185744815223
0.00026376468048
-0.00240716413302
-0.00513940344175
-0.00697333220336
-0.00792972398718
-0.00825805192965
-0.00755333057898
-0.00651820712731
-0.00615540689381
-0.0055557447916
-0.00380565073554
-0.00169947787107
-0.00063678666151
-0.00122837377828
-0.00223798827831
-0.00268144401368
-0.0022227351371
-0.00139861661724
-0.00066042903039
0.00068387101987
0.00324206651817
0.00628019543594
0.00897622572567
0.0110942950168
0.01275033709752
0.0138738849502
0.01350296399421
0.01181322523301
0.00911964651231
0.00556400624342
0.0012864284683
-0.00303110684364
-0.00739582246576
-0.01224033397641
-0.01703699751213
-0.02125694262532
-0.02438369264533
-0.02604909642542
-0.02589221519744
-0.02422727518448
-0.02172102960149
-0.01813516610805
-0.01343729456765
-0.00792596427498
-0.00213347435605
0.00352975086829
0.00774770658038
0.01109951799427
0.01504220072435
0.01910798964128
0.02141296028691
0.02208643012935
0.02202895498833
0.02155418537604
0.02081310148346
0.01984638688286
0.01808538310471
0.0154122277292
0.0134792239144
0.01217934859793
0.00996771348736
0.00560376547981
-0.00051547045589
-0.00739081537988
-0.01377441169695
-0.01927435410761
-0.02414422888306
-0.02851763294261
-0.03202882992703
-0.0344006150243
-0.03604097537901
-0.0376501833757
-0.03911279298127
-0.03991635750155
-0.04032033066161
-0.04018886067432
-0.03839779199214
-0.03532076100758
-0.03161954743285
-0.02708607974323
-0.0222071215287
-0.01867489510342
-0.01579312447621
-0.01214878634361
-0.00863470600696
-0.00623322542016
-0.00517852619773
-0.00436348583961
-0.00284238560292
-0.00166117710236
-0.00162225264681
-0.00231756752059
-0.00296779303429
-0.00323256728785
-0.00227664886635
-0.00013801084704
0.00232910412791
0.00448580841992
0.00625595960505
0.00691694131793
0.00650866951627
0.00593436428205
0.00545401986894
0.00456563233934
0.00301185730907
0.00120151846267
-0.00015880898004
-0.00101578676086
-0.00166397569715
-0.00207601040941
-0.00247082017053
-0.00331920858418
-0.00501478441451
-0.00718773974668
-0.00756013836071
-0.00623051318201
-0.00479554569699
-0.00337499817154
-0.00110012569324
0.00230333146869
0.00563971063131
0.00775357883185
0.00975898149429
0.01262000573851
0.0152002829493
0.01676556580136
0.01764499622843
0.01852410681609
0.01956806263292
0.02060496599088
0.0215761263592
0.02303875195674
0.02454644292639
0.02489821829562
0.02517577493098
0.02665904616209
0.0285635139052
0.03006517590208
0.03133847256403
0.03326953495364
0.03605920622507
0.0393059120138
0.04212894253515
0.04464631852942
0.04869785220408
0.05390309458729
0.05861669582961
0.06320955769667
0.06858920850724
0.07388339822888
0.0786461587877
0.08327965625112
0.08750910059463
0.09072767650773
0.09227390812564
0.09261360955734
0.09193524617201
0.09048232770041
0.08830319786854
0.08462726759874
0.07921025954571
0.07221797845682
0.06432349437524
0.05623929755079
0.04857618529455
0.04176784384728
0.03572870017626
0.02958490505203
0.02323115135062
0.01724678017765
0.01182721500857
0.00670528759189
0.00162778906691
-0.00311614894295
-0.007048742339
-0.0093076896935
-0.01018709773181
-0.01028589132632
-0.00951716371399
-0.00784883980013
-0.00568332873012
-0.00383657280918
-0.00287808287887
-0.00277893266342
-0.0028089799763
-0.00197947967869
-0.00054345288556
0.00077617123479
0.00167821494745
0.00202244050752
0.00127321606241
-1.181489799e-05
-0.00101345113361
-0.00118694386076
-0.00124190234542
-0.0020412550605
-0.0030510616241
-0.00362713237182
-0.00430044069536
-0.00554002308566
-0.00736210499572
-0.00990335540236
-0.01301823938046
-0.01622609267751
-0.018331819366
-0.01912663627857
-0.02090569499111
-0.02358622106571
-0.02529513899681
-0.02605360616103
-0.02690285974027
-0.02858240042205
-0.03101367564859
-0.03390679897546
-0.03684319657379
-0.04008243411242
-0.04448028989446
-0.04849222745082
-0.05075149304553
-0.05264735710866
-0.05456445850826
-0.05456380283748
-0.05334649406332
-0.05253072766975
-0.05175246244637
-0.05071751010879
-0.04987017556598
-0.04903740970805
-0.04802060825667
-0.04749293720686
-0.04766470695913
-0.04798189169674
-0.04672393133425
-0.04636193709605
-0.04813501481172
-0.04970785706811
-0.04932564897953
-0.04819503267601
-0.04767542157919
-0.04693691239382
-0.04503898536653
-0.04360420178917
-0.04345733153455
-0.04367303122905
-0.04391562941749
-0.04439767537623
-0.0442645102401
-0.04397352034974
-0.04511521908863
-0.04728353834862
-0.04922741030639
-0.05043483604294
-0.0516144837272
-0.05351618485946
-0.05580054185547
-0.05776472361543
-0.0589763872241
-0.05932200568478
-0.05897448417964
-0.05830056656204
-0.05720019107423
-0.05517965361116
-0.05264855650643
-0.05025358305232
-0.04865153945829
-0.04771783228425
-0.04687249673772
-0.04587923546653
-0.04491122551633
-0.04377066220733
-0.04242626524572
-0.04138402056971
-0.04063083075566
-0.03920378729189
-0.03726170643479
-0.03567942891597
-0.03485483495483
-0.03436703188681
-0.03263567722147
-0.02971826209181
-0.02666013361607
-0.02339545285279
-0.0193440950898
-0.01485579512091
-0.0102785941903
-0.00536383315281
9.636199944e-05
0.00620224417623
0.0130084363027
0.0200619586416
0.02601519344853
0.03056682801633
0.03351635502222
0.03436367357306
0.03311231789427
0.03113961241417
0.02886676963674
0.02501849390374
0.01990768410476
0.01469562754304
0.00986456208096
0.00514851886479
0.00025657021291
-0.00487650984389
-0.01027296181839
-0.01614608485043
-0.0222560089817
-0.02783885376605
-0.03189299413186
-0.03531837820401
-0.03917716066146
-0.04277341893555
-0.04486248199106
-0.0445238360294
-0.04275283726986
-0.04080711024354
-0.03921224704415
-0.03747240064262
-0.03491891477956
-0.0316191956095
-0.02807948494215
-0.02493821421317
-0.02209957552888
-0.0187323382605
-0.01505459130288
-0.01185775487413
-0.008726125704
-0.00494380405463
-0.00017170834311
0.00478656460651
0.00893852465585
0.01284074450284
0.01732091895165
0.02217433798972
0.02682419523869
0.03096250134384
0.03429199756247
0.0363645089288
0.03715244929416
0.03706622059066
0.03562897424989
0.03337493802944
0.03114567337089
0.02861072220133
0.02518860049111
0.02265807909731
0.02170959534277
0.02098771780644
0.01960414051777
0.01789512663484
0.01678838634288
0.01611915437256
0.014620327752
0.01159180041316
0.00732669557523
0.00247831080939
-0.00279626156237
-0.00873554017687
-0.01439093893098
-0.01873120283061
-0.02106667016348
-0.02316865473094
-0.02648305452967
-0.02885915745891
-0.02912540777132
-0.02872509677244
-0.02878711363301
-0.0291419114846
-0.02938191897386
-0.02968669394257
-0.03077090154848
-0.03211280376272
-0.03308418801863
-0.03463462552472
-0.03687334143768
-0.03832989008653
-0.03847666438933
-0.03790317634479
-0.03720925277243
-0.03621546376622
-0.03432417340658
-0.03212521353162
-0.03044405766085
-0.02900997773018
-0.0273982909781
-0.0257422904765
-0.02424788883411
-0.0228525094714
-0.02061862313345
-0.01761937709211
-0.01558797148608
-0.0151029862032
-0.0155218798715
-0.01503222013572
-0.01290445171465
-0.00955730675767
-0.00626491510838
-0.00379622506828
-0.00114122297778
0.00261447603914
0.00691454252239
0.01101306860159
0.01474589190468
0.01755077153981
0.01869207047945
0.01920397344662
0.02007527995281
0.02124843489715
0.02195318503336
0.02173539039076
0.02129778611729
0.02138479842733
0.02277151014217
0.02483863221453
0.02663731307455
0.0283485658333
0.0305695306593
0.03333072023175
0.03617572372019
0.03871988626461
0.04062967933381
0.04184543688685
0.04238102396193
0.04262534928316
0.04335173655509
0.0443852815993
0.04513196268146
0.04523858114701
0.04494759125665
0.04469074422273
0.04450328634765
0.04415979481901
0.04383824427353
0.043622560571
0.04326729895226
0.04291182943792
0.04273993174988
0.04158478376402
0.03886538120979
0.03497840490882
0.03100806246704
0.02721198452488
0.02215773832462
0.01608987307506
0.01050716422245
0.00657173065249
0.00361991039807
-0.00010088432073
-0.00368001941658
-0.00499671828574
-0.00474366774556
-0.00440552872935
-0.00426046236897
-0.00404245663236
-0.00360883915707
-0.00305710019206
-0.00325039673546
-0.00459151694236
-0.00605603279078
-0.00693837375643
-0.0067254806527
-0.00584302134647
-0.00526295260618
-0.00468836911169
-0.00274676961289
8.788064204e-05
0.00267032479678
0.00479690341527
0.00615334073126
0.00620162528698
0.00599847449152
0.00633477922874
0.00694240853052
0.00732677713428
0.007386668662
0.00680934254461
0.00551092569582
0.00421886245681
0.00326889464743
0.00241710794011
0.00140114558741
9.901233268e-05
-0.0023405016051
-0.00576239622934
-0.00889126198702
-0.0111250235876
-0.01264647244924
-0.01306843657582
-0.01288975509401
-0.01282261120779
-0.01322573519423
-0.01419684438825
-0.01647609514816
-0.01967114687304
-0.02319619290369
-0.02707355803054
-0.03154667202449
-0.03652087841374
-0.04085303918205
-0.04351646984047
-0.04600256554097
-0.04882447662439
-0.05019799496379
-0.05005448302291
-0.04959239504302
-0.04964504060903
-0.0500579852644
-0.0504575286487
-0.05055728655902
-0.05043515588235
-0.05068405490706
-0.05168248158463
-0.05350188803808
-0.05492053571747
-0.05509073825666
-0.05420180859928
-0.05281349768741
-0.05117459260199
-0.04897294607604
-0.04594670558894
-0.04216370907843
-0.03801978979173
-0.03407522640596
-0.03079621683736
-0.02846292441244
-0.02671893609062
-0.02518186787164
-0.02423744607755
-0.02433666026087
-0.02564061352976
-0.02762903911659
-0.02989071949881
-0.03301558246633
-0.03613276928814
-0.03768578150144
-0.03778448394172
-0.03736862874777
-0.03683697569737
-0.03580819626029
-0.03377600065092
-0.03184084431693
-0.03075466969869
-0.03059236719279
-0.03155020624991
-0.03414348013491
-0.0378625567404
-0.04177083434571
-0.04516076421986
-0.04817846499485
-0.05099458698505
-0.05251483165134
-0.05250896259826
-0.0508165163965
-0.04759782853962
-0.04312647366239
-0.03711211754523
-0.02975557135836
-0.02209962350479
-0.01490257803063
-0.00823984986913
-0.00210174628711
0.00333482154472
0.0074145522613
0.01032993161315
0.01320036393346
0.01634902295269
0.01934348739493
0.0221499022592
0.02505023796465
0.02855980376811
0.03180222370882
0.03356493862779
0.03473534295325
0.03610935704372
0.03635157142488
0.03500132140217
0.03270493844455
0.03012685693127
0.02730198733335
0.02445952656818
0.02194629249419
0.02008706603487
0.01926610225097
0.01926207227448
0.01985236787973
0.02152461622308
0.02494729765226
0.02904664731792
0.03296986142343
0.03748316323858
0.04259310947117
0.04730578317922
0.05068874055434
0.05284282696082
0.05519249516326
0.05773381113697
0.05885073831397
0.05906154446559
0.05973359102267
0.06052081174938
0.06090333967736
0.06134075204718
0.06204427080168
0.06279931568428
0.06318585759679
0.0634627425694
0.06449559995889
0.06541417872909
0.06480424498439
0.06289026201899
0.06071377086221
0.05887427849416
0.05692213868778
0.0540993960219
0.04992483612023
0.04491519152495
0.04001066215002
0.03480039828816
0.02859202758813
0.02178507744227
0.01541259874291
0.01010234988476
0.00551010210935
0.00123863982357
-0.00257120976367
-0.00672302588527
-0.0116493747044
-0.01578062994987
-0.02049977081068
-0.02835237192221
-0.03562822262728
-0.03978899745061
-0.04251996219932
-0.04528626920225
-0.047779209466
-0.04927127628074
-0.04994130784957
-0.05017272765082
-0.04963000815701
-0.0479821795522
-0.04553088237893
-0.04258093958182
-0.03867976241129
-0.03457289651962
-0.03109787337187
-0.02801873144724
-0.02481010253963
-0.02130208795728
-0.01757191292446
-0.01366858323474
-0.00972101016016
-0.00582693182522
-0.00230486349943
0.00077531262591
0.00327149814019
0.00497140459606
0.00587961897035
0.00626911459976
0.0063838505894
0.00639983616284
0.00573106476126
0.00387953203882
0.00083689082673
-0.00273690736485
-0.00657791954497
-0.01041004018964
-0.01399858073889
-0.01701926241714
-0.01973255603874
-0.02246024243355
-0.02472401776386
-0.02627626236259
-0.0274512084076
-0.02851125214648
-0.02930083968478
-0.02952365580604
-0.02914746069827
-0.02828704472381
-0.02755785885708
-0.02747892249201
-0.02817625235404
-0.02930523747659
-0.03048370175506
-0.03204186338277
-0.03429362874344
-0.03665222046526
-0.0380794398407
-0.03736186414436
-0.03600966310129
-0.03566639546023
-0.0360019229877
-0.03609395677639
-0.03575214440462
-0.03496222103495
-0.03373969887849
-0.03201486893701
-0.02963860608808
-0.02640464589962
-0.02313679872624
-0.02059874511445
-0.01923950760448
-0.01906441152239
-0.01808672643021
-0.01402182186923
-0.01147214369429
-0.01072691948061
-0.00962514309621
-0.00797860824179
-0.00636544383166
-0.00489237227917
-0.00323167493591
-0.00134240260299
0.00030200260075
0.00163823822026
0.00292864629035
0.0040722496729
0.00454901988067
0.00284338510106
-0.00010992266247
-0.00237799477931
-0.00330372995619
-0.0038360786573
-0.00542022083985
-0.00734536140289
-0.00796577948327
-0.00698212938619
-0.00568160799412
-0.00568345346748
-0.00631951329395
-0.00627440154512
-0.00584315407982
-0.00544408405784
-0.00358791366402
-0.0003035882046
0.00323088173419
0.00619135844209
0.00883126970989
0.01182316104412
0.01510528424933
0.01797777313701
0.01946179599072
0.01936349334969
0.01853122324284
0.01773552677192
0.01689003130568
0.01577144576136
0.01433813504446
0.01237270751002
0.01077558944282
0.0107132271557
0.01245866275082
0.01563770171591
0.01911333095934
0.02271131636621
0.02703978298941
0.0314393818962
0.03518644444959
0.03840935418662
0.04141051926439
0.04415031158066
0.04671104180624
0.04904056012618
0.05005256398649
0.04968810698487
0.0490942771542
0.04888897224034
0.0488423076712
0.04895920897361
0.04903026129735
0.04839341306675
0.04651515616285
0.04316093635824
0.04002894097199
0.03752133607153
0.03399186026513
0.02936763814445
0.02473276537158
0.0213262038484
0.01914277217653
0.01635348471238
0.01317974228784
0.01132223016773
0.01098607255664
0.01104230352237
0.01020801203048
0.0095234469591
0.01063577004787
0.01217689702889
0.01301828415797
0.01469360295961
0.01696848791165
0.01818701207554
0.01881565642541
0.01982126349762
0.02068972343311
0.02137219675479
0.02243200061412
0.0230881991287
0.02273944624185
0.02254296889557
0.02300219431279
0.02354430611172
0.02292191462221
0.02082664668225
0.01859122511516
0.01689519671207
0.01537515194541
0.01397586734357
0.0122552768734
0.00893576444178
0.00303948343765
-0.00317254462597
-0.00531601556262
-0.00588524974307
-0.00826378025338
-0.01126058592007
-0.0135275756364
-0.01530659596821
-0.01553140948656
-0.01431250951136
-0.01370417336449
-0.01397887383397
-0.01398000286707
-0.01362681220849
-0.01339751454169
-0.01346832218829
-0.01408953666879
-0.0155290218854
-0.01707806489168
-0.01828776148801
-0.01942646972847
-0.02058355274273
-0.02156261314436
-0.02272665266567
-0.02398811526964
-0.02450145751413
-0.0240919831163
-0.02315045586882
-0.02170858784864
-0.01967660013489
-0.01719566984078
-0.0149029170604
-0.01286270627556
-0.009953400674
-0.00639723267009
-0.00319233628833
0.00061824285259
0.00595589746997
0.01145412714062
0.01602193918551
0.01957585072242
0.02245437338047
0.02452522158189
0.02594837899689
0.02686889279549
0.0271364384575
0.02644160334283
0.02438653921603
0.02137963302095
0.01814340197272
0.01513024931406
0.01150333763142
0.00662644717864
0.0012615139382
-0.0027902261928
-0.00429019304083
-0.00431440648296
-0.00425568556746
-0.00401364709798
-0.00305599674611
-0.0012622428522
0.00119913230079
0.0041318309564
0.00698868769318
0.00913619340391
0.00980719088775
0.01079016452449
0.01319830256849
0.01391303809092
0.01263033175369
0.01185977146157
0.01323680803442
0.01598672326786
0.01692254298117
0.01599396922957
0.01528002051208
0.01513308788877
0.01458702927158
0.01314205880918
0.01063848548442
0.0062819353623
0.00115507234384
-0.00342921254982
-0.00735509091758
-0.01182546228863
-0.01753300446088
-0.02169764934101
-0.0232575381015
-0.02402916665723
-0.02400773741711
-0.02239154092943
-0.02121905764783
-0.02125193713863
-0.02099233948584
-0.01961763774064
-0.01744153039115
-0.01383232821635
-0.00933645924795
-0.00611413481703
-0.00412775620239
-0.00233832509795
-0.00154016394457
-0.00204740237386
-0.00283413694467
-0.00308743695959
-0.00274949144622
-0.00225274247005
-0.00201137726252
-0.00264863648675
-0.00320641082134
-0.00242098599289
-0.00146379620976
-0.00146621867341
-0.0024822272429
-0.00348247540588
-0.00365500477674
-0.00317337460923
-0.00267027202328
-0.00261716748773
-0.00371453648513
-0.00655816306494
-0.00979865917163
-0.01242191640162
-0.01465805920657
-0.01674955783915
-0.01865623247416
-0.02058318492742
-0.02224446277919
-0.02279671348726
-0.02267333543691
-0.02263402717408
-0.02254380047802
-0.02211695880052
-0.02128916644534
-0.02077475273884
-0.02101247337636
-0.02139711224441
-0.02212170841568
-0.02462005396538
-0.02748357615535
-0.0287676673972
-0.02802137012233
-0.02652153121006
-0.0249417964145
-0.02329508724761
-0.02126073272226
-0.01810577286676
-0.01433625119037
-0.01097373155321
-0.00745825991514
-0.00317222958416
1.109360576e-05
0.00147036986904
0.00251863456233
0.00366463514122
0.0043088556701
0.00479052581754
0.00547829567976
0.00602562086099
0.00657980020067
0.0076295019324
0.00831237025574
0.00796397718822
0.0073728084214
0.00640909071602
0.00407064407909
0.00043844401182
-0.00405369418984
-0.00922203350254
-0.0150141284198
-0.02130231184487
-0.02655253964034
-0.03022917355682
-0.03306563733316
-0.03567104912357
-0.03761989458408
-0.03679478887989
-0.03326299423781
-0.02751659957388
-0.02159050314044
-0.01671442348055
-0.01216107297434
-0.00715703676302
-0.00231416123093
0.00124874115157
0.00298097361615
0.00430607946406
0.00616292631822
0.00809059841014
0.00967429441672
0.01119736326495
0.01349301858792
0.01689369346687
0.02103772469736
0.02574598462162
0.03131135018251
0.03745576899357
0.04381030630153
0.04952925874454
0.05407494429942
0.05632653374841
0.05705976558361
0.05887718903274
0.06084562465679
0.06052437795874
0.05954296673749
0.05968100942455
0.06039210837294
0.06050667484769
0.05962996305556
0.05802592046525
0.05628607406372
0.05494103742331
0.0533238334415
0.05053270690077
0.04725903865022
0.0441359507914
0.04075780699931
0.03674590142689
0.03203063701966
0.02606289749574
0.01948487240377
0.0132020063088
0.0064506266603
-0.00066062189355
-0.00618575645492
-0.01025246491014
-0.01404619203267
-0.01755329827111
-0.02032472270451
-0.02205276703201
-0.02226518837261
-0.02136399287406
-0.02015839022211
-0.01859322411144
-0.01616612278913
-0.01422621683998
-0.01363778909685
-0.01277705808058
-0.01093955031603
-0.00884065059962
-0.00667894881692
-0.00414156846708
-0.0012102158556
0.00174668136961
0.00414779254189
0.00561915455277
0.00589193758502
0.00541580065928
0.00477768586464
0.00417681476947
0.0025663066256
-0.00101901090198
-0.00430460180601
-0.00557721401163
-0.00508722324208
-0.00492036302467
-0.00614853994179
-0.00673680296763
-0.00546414918289
-0.00270275971081
0.00087870806977
0.00520757721086
0.0091292688808
0.01221071524834
0.01604490365476
0.02027019008601
0.02479219153297
0.03146723990834
0.03715438432256
0.04012689178967
0.04212465668712
0.04468441140252
0.04733111446007
0.04864360744105
0.04827032287187
0.04755052429167
0.04719929264943
0.04673237509453
0.04654063137143
0.04699934504561
0.04660120895468
0.04565659525694
0.04615872713029
0.04715801737426
0.04694793086131
0.04595516534119
0.04489497767458
0.04339552256959
0.04152363046985
0.03960083592885
0.03744874851864
0.03505401494409
0.03261499960396
0.02987893341674
0.02653829079486
0.02250003045549
0.01839991317526
0.01487907623118
0.01215353116118
0.00990925004258
0.0068361035076
0.00357932597601
0.00163749619284
-9.016955675e-05
-0.00246517500504
-0.00456068122536
-0.00631860654924
-0.00855464220799
-0.01185063844737
-0.01553833400967
-0.01820772167699
-0.01979244596726
-0.02100110308552
-0.02183055860561
-0.02128505650899
-0.01787072288827
-0.01289011491334
-0.00790324608207
-0.00319264013577
0.00169228628206
0.00683567492279
0.01167383922046
0.0150999797128
0.01619118220649
0.01521755107876
0.01422424662925
0.01349190554679
0.01143082683999
0.00888884879871
0.00730056629507
0.00567027448481
0.00333365573009
0.00117783931226
-0.00091413588103
-0.00365456979515
-0.00724680289034
-0.010822124477
-0.01355971949657
-0.01572172032912
-0.01758588990644
-0.0181567872518
-0.01774224339941
-0.01740391727716
-0.01739644902706
-0.01723560179045
-0.01623506417281
-0.01525303246312
-0.01604966926189
-0.01681296600113
-0.01563847412807
-0.01430360678153
-0.01376151737135
-0.01278630143937
-0.01096438264741
-0.00882906441719
-0.0065170301183
-0.0044251652696
-0.00366733618499
-0.00433313308011
-0.00623816693897
-0.00909624546227
-0.01293754869625
-0.01815429250444
-0.02304655603821
-0.02624010451789
-0.02852147101546
-0.03120733840811
-0.03478698102513
-0.03782567925704
-0.03802225255515
-0.03603171602824
-0.03365275053634
-0.03155330869214
-0.02957455824729
-0.02803032562566
-0.02616415865125
-0.02313620702334
-0.01996258453857
-0.0175732882339
-0.01613124430205
-0.01513692916002
-0.01423526509674
-0.01311113513634
-0.0116970275773
-0.00983809377103
-0.00743024678088
-0.00409481274371
-0.00170369655282
-0.0016019524398
-0.00248844971852
-0.00369018071447
-0.00641125602879
-0.00989001170239
-0.01288421067793
-0.01612272058192
-0.01932679177801
-0.02005837644027
-0.01969460709337
-0.02032739336354
-0.02037780005371
-0.01897511236061
-0.01678901002972
-0.01402732630539
-0.01050702829071
-0.00663390583356
-0.0025762984086
0.00249167849731
0.00754254879265
0.01086368281005
0.01363213593538
0.01712153106678
0.01994766403035
0.02122153640322
0.02178466165104
0.02216496669516
0.02184160905705
0.02019889788271
0.01773405551065
0.01568190512083
0.0142252957025
0.01288587864043
0.01147516777586
0.01022332114359
0.00946766536773
0.00940289628909
0.01000553929455
0.00953610940113
0.00776595181922
0.00645982524158
0.00618192477885
0.00633821430394
0.00688566262335
0.00792414119037
0.00927813013572
0.01129934565832
0.01458790403235
0.01817552984091
0.02129001401976
0.0243816136892
0.02762536096344
0.03042365190683
0.03294756861693
0.03567474326869
0.03861074106776
0.04099992542865
0.04163798904898
0.04095703496448
0.03962192933758
0.03763750174331
0.03506282651969
0.03240715196684
0.02910105200066
0.02427389177771
0.01952138207181
0.01596836288683
0.0131320030583
0.01101234576453
0.00976124595727
0.00800737779624
0.00579715477665
0.00454352663889
0.00380025664398
0.0025142431673
0.00111838580461
-0.00022937186954
-0.00199863006304
-0.00396707848066
-0.0055799182538
-0.0058289292223
-0.00498198808196
-0.00382645309042
-0.00265958618877
-0.00131007771372
-0.00020143085907
0.00072137203015
0.00194115172363
0.00395474227483
0.00673768252599
0.00967834678198
0.0119071412766
0.01230499910725
0.01185566792201
0.01177991875661
0.01158270577969
0.0104580912626
0.00832872844209
0.00582362948337
0.00336079410357
0.00075395742862
-0.0018757829461
-0.00369221969067
-0.00446018448602
-0.00438285531396
-0.00304781205574
-0.00115860832838
0.00014285809318
0.00062847419531
0.00071048981425
0.0005829105134
-1.42912242e-05
-0.00147596609911
-0.00306360092796
-0.00408585564118
-0.00486456704052
-0.00569723214904
-0.00622832867888
-0.00560208632294
-0.00360988663113
-0.00117592219487
0.00100874453685
0.00274582608665
0.00400494586698
0.00441177679212
0.00295027702929
0.00015425235598
-0.00200392980198
-0.00321695592651
-0.00427476078956
-0.00516486745596
-0.00549188405686
-0.00508406962555
-0.00450445505722
-0.00421532823138
-0.00400776685053
-0.00414793007284
-0.00581875513084
-0.00834902545071
-0.01094640607367
-0.01340053222647
-0.0158923594491
-0.01862568781101
-0.02120519260964
-0.0231319851432
-0.02404726956753
-0.02445917474483
-0.02466116932085
-0.02369042474375
-0.02141326413435
-0.01891506251238
-0.01654343733482
-0.01374382545468
-0.01018889522926
-0.00625452992291
-0.00274121080404
0.00059763959774
0.00467789916878
0.00854035018419
0.01117920918034
0.01371831186537
0.01652958828859
0.01823422037167
0.01802195895076
0.01596047404792
0.01466729616858
0.0145479081148
0.0130775280109
0.01098624686911
0.01013383487575
0.00933429073679
0.00759682553962
0.0057360926367
0.0043948141093
0.00332635539568
0.00167258577393
-0.00029398902446
-0.00115528135889
-0.00116114369534
-0.00118608317292
-0.00077861864592
0.00026380402073
0.00172797396283
0.00313068244549
0.00407271024165
0.00374996829438
0.00304033421046
0.00359198521965
0.00537637885346
0.00746604960384
0.00944837105564
0.01127885674606
0.01259570274135
0.01365286472719
0.01491062998765
0.01684474204598
0.01875634220782
0.01900400985082
0.01866646733511
0.01946686544528
0.02017882796007
0.01965269213939
0.01847597098569
0.01726557074267
0.0159474837705
0.01517601673367
0.01526224703636
0.01588565881357
0.01600639499044
0.01526091650444
0.01473546354089
0.01481650285005
0.01469144884122
0.01398438946451
0.01294758685596
0.0116482440721
0.01011843460842
0.00853749401831
0.0067809791862
0.00473765316555
0.00282798003613
0.00105965881216
-0.00101165907342
-0.00356293100813
-0.00649957808119
-0.00994779868683
-0.01329628856851
-0.015796247708
-0.01788073386163
-0.02030954632476
-0.02342780460857
-0.02647309153222
-0.02870334769292
-0.02948308417756
-0.02910025240214
-0.02836476569915
-0.02817402947017
-0.02856028352722
-0.02817813940652
-0.02681205733328
-0.02566743206384
-0.02504248185909
-0.02431406360693
-0.02247577063665
-0.01935640890688
-0.01533025608817
-0.01090455668677
-0.00604197105136
-0.0009127971932
0.00425265508911
0.00918571573814
0.01378961046546
0.01777294798226
0.02032070871998
0.02129033385916
0.02232114427646
0.02397955956556
0.02538536569286
0.02606727929558
0.02631347567732
0.02696334137169
0.02808682525649
0.02895969897576
0.0286285212642
0.02660078741453
0.02447140860206
0.02307914767355
0.02158688895517
0.01919236327623
0.0160679320919
0.01320627136726
0.01049773375761
0.00680382851327
0.00271382455501
-0.00069026940716
-0.00335184659623
-0.00571364310889
-0.00776543687778
-0.00885372563449
-0.00905391791546
-0.00888225690858
-0.00959227959738
-0.01133101775537
-0.01167109179997
-0.01077127800764
-0.01058438624832
-0.01090821405036
-0.01057143914922
-0.00824244696509
-0.00496364049451
-0.0024613801105
-0.00129825453029
-0.00099938987394
-0.00093887449946
-0.00091888325731
-0.00131536849715
-0.00175191074387
-0.00175229135277
-0.00162917397153
-0.00134550856345
-0.00049835089183
-4.143717788e-05
-0.00065955970689
-0.00155485992554
-0.00164116794921
-0.00064641238832
-0.00030770773613
-0.00131424698028
-0.00091683740456
0.00124849039748
0.00334082013275
0.00433409739591
0.00463411955107
0.00502686474883
0.00558849314824
0.00569792460135
0.00518750888741
0.00439258163025
0.00384782475944
0.00359425927781
0.00339220073392
0.00325643530342
0.0033007138706
0.00327159249281
0.00376074048553
0.00561370448931
0.00782801825489
0.00931574165051
0.00948128093118
0.00906116387717
0.00875492404399
0.00843041658321
0.00784034486555
0.00771418421238
0.00814114742885
0.00865169267774
0.00914161788022
0.0098974751549
0.0113091903152
0.01254196652297
0.01201868686818
0.01123338837629
0.01175130752266
0.01177957333005
0.01061930951291
0.00938283436243
0.00855697383725
0.0078263486932
0.00771512933782
0.0080657964635
0.00761414164499
0.0064794761746
0.00548898631186
0.00473313223557
0.00368327058413
0.00179248876914
-0.00055939272197
-0.00271804323676
-0.00406603679247
-0.00485364772325
-0.00541286293435
-0.00600873813801
-0.00676436992592
-0.00802456756504
-0.00901382284769
-0.00873100645331
-0.00804324458708
-0.0078164640564
-0.00750382903432
-0.0065271338451
-0.00498608362554
-0.00382372805869
-0.00335949875399
-0.00347272030404
-0.00442529960215
-0.00631720245425
-0.00817155456105
-0.01000150292127
-0.0125702099416
-0.01532691696479
-0.0176493620363
-0.01962289909885
-0.02112093091848
-0.02196623448107
-0.02228600991786
-0.02203986151203
-0.02085325732072
-0.01897015484984
-0.01673948289791
-0.01384993697477
-0.01066454120152
-0.00805854890259
-0.0063613898672
-0.00522395298838
-0.00371542244029
-0.00165196572751
0.00050370276459
0.001886260885
0.00222598150706
0.00183489627581
0.00115438404944
0.00052529464304
0.00018660214475
0.00015076807348
0.00028062965237
0.00044514064936
0.0007309389065
0.00137916542393
0.0024712663465
0.00386024732192
0.00501394803447
0.00555272071002
0.00650771639484
0.00846280512053
0.01006687649638
0.01081635457414
0.01135824728309
0.0122169729063
0.01318116717239
0.01326717678589
0.01218810740002
0.01026273975101
0.00832016794043
0.0066162059209
0.00480401664363
0.00246630243894
-0.0004309975108
-0.00263847518887
-0.00367278624845
-0.00418176428426
-0.00511330134794
-0.00652647817432
-0.00719875661497
-0.00718959801362
-0.00750324212901
-0.00864143382884
-0.01041558620491
-0.01244211266083
-0.01453450684375
-0.01671250444412
-0.01853595686603
-0.02023779035432
-0.02285119812984
-0.02547167435621
-0.02695524943475
-0.0278477453015
-0.02886038884062
-0.02998892618801
-0.03155872997005
-0.0337059558213
-0.03558869047687
-0.03698026375066
-0.03826670581213
-0.03927832586515
-0.03977901846119
-0.03976764817035
-0.03911994139196
-0.03777151445386
-0.03586255296711
-0.03349046402241
-0.03070672577193
-0.0287258164111
-0.02817087905204
-0.0274880059311
-0.02606462462852
-0.02494629015814
-0.0240683469843
-0.02282561097747
-0.02180204492269
-0.02107952770755
-0.02001722910086
-0.01899105635493
-0.01847016590049
-0.01749727839938
-0.01554271580951
-0.01289648131669
-0.01054577043779
-0.00863573269145
-0.00565104094222
-0.00218258729583
-1.100432419e-05
0.00111325526072
0.00208612213219
0.00277481313189
0.00302133894822
0.00303782826873
0.00355267695681
0.00473062469464
0.00652009098141
0.00868279865904
0.01105131020001
0.01313978635021
0.01484940632881
0.01647929354221
0.0185455360562
0.02127413399332
0.02388559074847
0.02582218635978
0.02713376779847
0.02808377079018
0.02868745167451
0.02963134573359
0.03102918785971
0.03217648378819
0.03239179967541
0.03179856154764
0.03149247523737
0.03157201929731
0.03114655292926
0.02996692123697
0.02839270367114
0.02659424669871
0.02496872689237
0.02387978566328
0.02281601579533
0.02155082706229
0.02058774263893
0.01972251308143
0.01855447556756
0.01743252691191
0.01649050391334
0.0154914711401
0.014443576501
0.01326075121225
0.01094701057014
0.00802080145605
0.00562879451242
0.00319515887108
0.00029164859962
-0.00223380158051
-0.00355197331012
-0.00372381982386
-0.00353003232696
-0.00294056670497
-0.0013427134869
0.00040752065882
0.00164481251922
0.00263180333888
0.00349879361231
0.00384955349142
0.00298729844038
0.00116225241864
-0.00067904704205
-0.00300864132386
-0.00650253979408
-0.01026560391288
-0.01320763548232
-0.01499915034048
-0.01621181184809
-0.01728755970174
-0.0180886134827
-0.01846129035701
-0.01854702330943
-0.01911651336141
-0.02033534137274
-0.02173115251864
-0.02318498253255
-0.02467402686491
-0.02504091464601
-0.02484227838374
-0.02528044237616
-0.02474335205588
-0.02231965702323
-0.01866133391266
-0.01534045416759
-0.0132344556156
-0.01123454459574
-0.00848096080433
-0.00579510620526
-0.00384973420068
-0.00274726536397
-0.00220440354163
-0.00206340074088
-0.00262812358653
-0.00372093167403
-0.00492409555052
-0.00596078781447
-0.00689089519601
-0.00797782463525
-0.00914048245033
-0.01005411010655
-0.01038000247195
-0.01018026916052
-0.00934924322895
-0.008482751905
-0.00838128125467
-0.00939732948425
-0.01066265095064
-0.01064347977672
-0.00976578287923
-0.00909605355863
-0.00850826229592
-0.00771292884271
-0.00711572950391
-0.00683633699036
-0.00672791143218
-0.00660223373651
-0.00682699448135
-0.00826583042397
-0.00983090058282
-0.01032206676219
-0.0100316237972
-0.00985235860848
-0.01031862369099
-0.01047553690292
-0.0097036380829
-0.00956672922654
-0.01027683027599
-0.01059982969397
-0.01046266016849
-0.01050942388785
-0.01071675338513
-0.01058132058762
-0.00947495290856
-0.00781907874353
-0.00632848958684
-0.0055152851069
-0.00507989252292
-0.00463470965477
-0.00381164772438
-0.00283325098952
-0.00338723202876
-0.00484403015235
-0.00540367554745
-0.00544379300398
-0.00618965689646
-0.00832884198508
-0.01109223205264
-0.01349928584106
-0.01502088022963
-0.01592152400522
-0.01663059357259
-0.01735845210579
-0.01791986621279
-0.01795661576039
-0.01729047024032
-0.0158151038401
-0.01386685168169
-0.01161537257729
-0.0090952635553
-0.00670378754508
-0.00530003318756
-0.00459339280047
-0.00396804919326
-0.00289416120574
-0.0015742084504
-0.0008623196586
-0.00172506182505
-0.00454031225287
-0.00694428278944
-0.00782267054005
-0.00833713062325
-0.00981031252034
-0.01212521577869
-0.01365805412153
-0.01428169938151
-0.01506771111526
-0.01584004331768
-0.01576664817029
-0.01427162444026
-0.01246074810374
-0.01190190870394
-0.01231563856504
-0.01279473080688
-0.01348197613248
-0.01443458421614
-0.01531616396401
-0.01522328579928
-0.01412302385446
-0.01446664171967
-0.01612360014028
-0.01688390638108
-0.01614375002277
-0.0148223335224
-0.01379161106094
-0.01325483418327
-0.0132188218655
-0.01399364561688
-0.01545224283711
-0.0156268527633
-0.01445143495517
-0.01312601886304
-0.01229893655133
-0.01171498815907
-0.01094356110216
-0.01015433498239
-0.01002064211124
-0.00977930568926
-0.00861982387946
-0.00714712014228
-0.0061991993051
-0.00616338688696
-0.0068334152574
-0.00805612292071
-0.00895645805127
-0.00929300906483
-0.00962685103863
-0.01028814139653
-0.01110660083789
-0.01180056119178
-0.01221651873434
-0.01243731986735
-0.0127925207166
-0.01324923859288
-0.01347071298784
-0.0135374059005
-0.0138098435062
-0.01489157555511
-0.01631064222413
-0.01711425472032
-0.0170981508063
-0.01672664134581
-0.0167871389692
-0.01715413869408
-0.01712704829651
-0.01673927500229
-0.01643845005023
-0.01645065192352
-0.01656597002087
-0.01650534446172
-0.01623488826113
-0.01589673964975
-0.01572374171416
-0.01580085179623
-0.01615019478678
-0.01680284308397
-0.01770298311249
-0.01842252582117
-0.01902910125212
-0.02010766369253
-0.02119970736385
-0.0217028627233
-0.02199364471805
-0.02243918100875
-0.02288019157188
-0.02289530398375
-0.02238170586773
-0.02174490561304
-0.02140059849392
-0.0215804281992
-0.02177401099887
-0.02163273793383
-0.02192639848322
-0.023008527133
-0.02438821837291
-0.02554109549899
-0.02631342770141
-0.02631331575762
-0.02574476923188
-0.0248090950455
-0.02373790490337
-0.02268120348626
-0.02197168774292
-0.02142333907559
-0.02038063063244
-0.01921521580169
-0.01843082565372
-0.01712621671406
-0.01520401227676
-0.01395147159298
-0.01289011491334
-0.01095774917816
-0.01054016685142
-0.01236270133424
-0.01401374432507
-0.01399876784494
-0.01259079320648
-0.01090580885803
-0.0094085318594
-0.00780348017577
-0.00584524742873
-0.00357574857227
-0.0013343085871
0.0008557442402
0.00373763528694
0.00669548611333
0.00854746661094
0.00982473567829
0.01138314837994
0.01330867275026
0.0153454484599
0.01750593005528
0.01931769234695
0.02040583397753
0.02065107084106
0.02022317369353
0.01932986223629
0.01847678657617
0.01798891954026
0.01805371900365
0.01812094924651
0.01747877568982
0.01691812919738
0.01729715488388
0.01833512970384
0.01922098890295
0.01930705768674
0.01963422141377
0.0209599077702
0.02140875439874
0.02044359101925
0.01981486670953
0.01981916854952
0.01957639444941
0.01884196321645
0.01837039199821
0.01929667889806
0.02109073807868
0.02278156909145
0.02432730495829
0.02617249046774
0.02847752508126
0.03043989974859
0.0314779545284
0.03181324217631
0.03191240838373
0.03205334561739
0.03207359145171
0.03167123348064
0.03090233955182
0.02997011963101
0.02894079646695
0.02801599682033
0.02722925585273
0.02583171757404
0.02374027171496
0.02173563027031
0.02040436271627
0.01957605861804
0.01840965228513
0.01671357590613
0.01483584353885
0.01359603726097
0.01316728614223
0.01233809448965
0.01144818452448
0.0118163996391
0.01274308633821
0.0131631106388
0.01291779381542
0.01288574750627
0.01407482245698
0.0158638889445
0.01716350998864
0.01716945900157
0.01672160387518
0.01705038279121
0.01785180438748
0.01821958771891
0.01763532108643
0.01692740454012
0.01735829218608
0.01860153993596
0.01967775155675
0.01990635677123
0.0199694450938
0.02100209458768
0.02222111450265
0.02258056601759
0.02263217210553
0.02300147467413
0.02349295589531
0.02352530765109
0.022844129679
0.02117292081371
0.01877606030712
0.01633701298304
0.01373485715778
0.01061090413336
0.00740206093335
0.0048896696362
0.00347904672746
0.00237476280213
0.00109727384519
0.00021466693307
-0.00021990894099
-0.00066810229755
-0.00086180327788
-0.00039186659892
0.00063691843535
0.00151827285636
0.00176826893023
0.00234219995234
0.00384561306995
0.00509721662428
0.00548318922265
0.00526603745724
0.00542153537981
0.00634627105855
0.00734469613692
0.00789209488122
0.00802392308864
0.00829448483623
0.00898675004128
0.00978319973401
0.01036781499143
0.0106717487825
0.0105566705647
0.01012781389896
0.01070552702203
0.01237267072849
0.01379248262331
0.01469659825564
0.0156925045987
0.01698497563296
0.01839158135877
0.0197577753758
0.02105482011354
0.02230547214563
0.02344243726134
0.02450273687175
0.0257357337687
0.02702209587033
0.0280840266617
0.02914160763717
0.03027631788507
0.03077376411115
0.03067557341392
0.03055134778914
0.03070776524999
0.03095538491709
0.03075506949794
0.03005123090404
0.02912726283987
0.02835996810808
0.0277560953201
0.02687154746255
0.02584267207365
0.02512135425628
0.02421593687758
0.02267576621638
0.02102924895313
0.01979510063432
0.01898205287569
0.0181657587471
0.01688684890361
0.01475072947568
0.01293120628085
0.01144608797718
0.0097767565692
0.00848308933557
0.00780916212279
0.00719850554104
0.00668434130928
0.00671706247957
0.00798651787027
0.01011112307963
0.0118017893751
0.01328272737775
0.01557531224244
0.01845490956089
0.02126102057773
0.02382747592865
0.02620370679364
0.02833409310024
0.02982123438814
0.03044578479363
0.03066124460859
0.03097644634188
0.03151838222915
0.03242309596116
0.03358179416441
0.03358184214032
0.0320979312304
0.03006770263338
0.02852442952995
0.02749302740976
0.02599123747712
0.02373844863036
0.02117404025163
0.01857102725675
0.01591376949885
0.01355375609087
0.01139308579024
0.00908431225408
0.00670770397859
0.00419982401624
0.00110150803914
-0.0009342368281
-0.00076467044948
-0.00026706414378
-0.00081621432866
-0.00212312435292
-0.00327580477777
-0.00392496362706
-0.0041140510839
-0.00447975865759
-0.00558039801291
-0.00545272771775
-0.00346509213424
-0.00144065694827
-0.00081989823892
-0.00155641130657
-0.00167421535569
-0.00073249940296
-0.00112436440268
-0.00326880829079
-0.00569998276792
-0.00703348759859
-0.00776845936015
-0.00950388398191
-0.01222461386967
-0.01473924404266
-0.01531067232143
-0.0146338137805
-0.01426337258362
-0.01455175738204
-0.01495418092018
-0.01523129137958
-0.01539800926846
-0.01534381727893
-0.01501431872425
-0.0145163159776
-0.01427271189424
-0.01428386949187
-0.01415596731314
-0.01413663781872
-0.01460629479812
-0.01547150836365
-0.01634592051046
-0.01680284308397
-0.01675667426591
-0.01645650498463
-0.01661173903968
-0.01705031882333
-0.01677258627629
-0.01609299150925
-0.01576176422259
-0.01551808177856
-0.01512102354643
-0.01498057406786
-0.01516408512468
-0.01542338052924
-0.0155847858856
-0.0158043572361
-0.01637804837866
-0.01660969206749
-0.0159730005582
-0.01527846769177
-0.01505643837545
-0.0150456629859
-0.01516561715543
-0.01551533755647
-0.01580145469351
-0.01601472680693
-0.01655344830818
-0.01731796043715
-0.01795103456278
-0.01810460545293
-0.01774216343956
-0.01692497376064
-0.01593472377745
-0.01504720301264
-0.01497651050822
-0.01561883758782
-0.0161371293471
-0.01667954499347
-0.01767737996815
-0.01817244339066
-0.01782757655258
-0.01743946742699
-0.01744509660051
-0.01777603443252
-0.01931265487632
-0.02182983896695
-0.02371526027352
-0.02472686433457
-0.02549276776495
-0.02557130433076
-0.02510681755534
-0.02463276758171
-0.02400932062217
-0.02296811542422
-0.02200691805335
-0.02095499823534
-0.01884217111206
-0.01645512967519
-0.01475586769571
-0.01267837003307
-0.0097129837903
-0.00686227756528
-0.00471284162374
-0.00309452939839
-0.00149515454435
0.000223838328
0.00161084717364
0.00200714898559
0.00122081485371
0.00142697261934
0.00318081247458
0.00422642985712
0.00397349765752
0.00349935173207
0.00267392139089
0.00131274053669
0.00025202545489
-0.00015889652009
-0.00014345999895
0.00015812988102
0.0005185175659
0.00047580525228
1.161838067e-05
-0.00066062061419
-0.00084859439023
-0.00068902027437
-0.00117803057623
-0.00187100134701
-0.00171711541504
-0.00102181253525
-0.00055024067733
-0.00058320780412
7.007649372e-05
0.0024558452896
0.00413684923666
0.00398878438186
0.00370570092158
0.00449451284932
0.00603234708367
0.00690913083967
0.00694750836983
0.00730165214984
0.0082600621203
0.00936445319184
0.0106847534527
0.01210473646161
0.01231055151931
0.0115272568213
0.01087947647985
0.01075305675676
0.01080451411938
0.01092157214309
0.01119837555666
0.01177801251376
0.01269271323117
0.01370363923268
0.01413405511553
0.01364018949159
0.01221778050079
0.01045259002484
0.00879506708767
0.00735059397555
0.00574165144556
0.00368545188887
0.00167008942737
0.00020322259941
-0.00051059050617
-0.00060780265474
-0.00040262631633
-0.00068374004564
-0.00117457950905
-0.00088472616801
-0.00017847694451
0.0001466406739
0.00012745349202
0.00032794557446
0.00125113930743
0.00238827601697
0.00301687718853
0.00392007488176
0.00613447180558
0.00806228462684
0.00889415013684
0.00988369967174
0.0107648012597
0.01007996752322
0.00782692760252
0.00547149749321
0.00470094359788
0.00461916865809
0.00380594658699
0.00299532001265
0.00324440934181
0.00466560614126
0.00617734627778
0.0070476676786
0.00781750993125
0.00884419282103
0.00960814043345
0.00988870675762
0.00970980458662
0.00865718911791
0.00714187477605
0.00651345591296
0.00628179303376
0.00525849724328
0.00386231508367
0.0029067564815
0.00254763600035
0.00258686910092
0.00278948736378
0.00256578048978
0.00148315289053
-0.00084847572981
-0.00371597736165
-0.00655158396839
-0.0092183969285
-0.0110725331437
-0.0124283739592
-0.01392944425318
-0.01517760473631
-0.01567027096249
-0.01598508409091
-0.01665554104615
-0.01764256544895
-0.0182600474036
-0.01826174255244
-0.01842740337209
-0.01900668050985
-0.01952546002422
-0.01917015042957
-0.01810641254557
-0.0174238272801
-0.01740892276384
-0.01758846461365
-0.01698675074165
-0.01537666958338
-0.01371411717158
-0.01235431034746
-0.0108534447507
-0.00895551612422
-0.0067700182898
-0.00458990015417
-0.00250162870118
-0.0004157379728
0.00131457193712
0.00241174263409
0.00302122860363
0.00353448449148
0.00439048988055
0.00512886953096
0.00508324923748
0.00452891957328
0.00406274884339
0.00398784405401
0.00436018989455
0.00512303246183
0.00644222927673
0.00798449648523
0.00878666330731
0.00942762787105
0.01088227827303
0.01206826997188
0.01222810491677
0.0119936898195
0.01204194558968
0.01235241210059
0.01244821999426
0.01221943886811
0.01199599266322
0.01172000004254
0.01113266774937
0.01089269544244
0.01110856145344
0.01093280650218
0.01010090740904
0.00888979872174
0.00774863411465
0.00689319963892
0.00638796372414
0.00572281450382
0.00462169538939
0.00382169388008
0.00333573948381
0.00206501912827
0.00024533857246
-0.00123937561412
-0.00196522283723
-0.00220507680357
-0.00205217277858
-0.00201400794162
-0.00239771447781
-0.00283941749324
-0.00303252053381
-0.00301987568294
-0.00297552675109
-0.00285962814522
-0.00206025671953
-0.00086141083493
-6.00295864e-05
0.00029859743052
0.00062464891603
0.0011522449635
0.00184792013637
0.00272032529091
0.00408409172686
0.00597364695773
0.00722991696897
0.00805070963878
0.01026676013233
0.01332594407811
0.01562825845749
0.01684741270501
0.01748718746616
0.01765427157116
0.01777139676115
0.01828686593768
0.01882598723818
0.01891247181321
0.01831525168484
0.01785741756903
0.01843354428866
0.01966682904108
0.02072834404123
0.02026867084884
0.01897500041682
0.01837520558125
0.01833449002503
0.01804884145273
0.01780168555277
0.01753126133613
0.01643488384087
0.01415265537611
0.01131729184732
0.01031703089076
0.01083825397818
0.0110174647942
0.01047720166702
0.00999741377448
0.00998960489541
0.00981254340019
0.00871304587154
0.00755441483456
0.00714032035654
0.00716089722464
0.00754527542358
0.00862775749589
0.00842546387003
0.0061783025976
0.00596428525836
0.00770700381774
0.00806498247222
0.00649520107893
0.0045690930017
0.00409337986317
0.00532846850984
0.00766555902769
0.00947949302891
0.0102545246759
0.01082751217177
0.01157005453204
0.01173058672683
0.01119029001651
0.01032545546068
0.00914389513678
0.00749364854607
0.00535475291211
0.00398404276269
0.00392279831429
0.00341879218202
0.00178753765516
-0.00011858033134
-0.0008392290127
-0.00043100662622
-0.00014222992859
-0.00101171024773
-0.00315507819608
-0.00474969831753
-0.00524683909698
-0.00645912479329
-0.00824861186962
-0.00895581997165
-0.00863272300265
-0.00840554587111
-0.00955826467669
-0.01160561427705
-0.01346692928768
-0.01488389621101
-0.01599361740622
-0.01653531341394
-0.01677073120774
-0.01695291173264
-0.0167346533229
-0.01629909602162
-0.01665414974474
-0.01740786729381
-0.01766229954022
-0.01760807076916
-0.01766257140371
-0.01768844641155
-0.01774659321532
-0.01804725824767
-0.01833159547842
-0.01842649182979
-0.01849856763963
-0.01846967014942
-0.01813582177883
-0.01805698136558
-0.01831122170834
-0.01769142091801
-0.01643705874882
-0.01567044047737
-0.01515984885176
-0.01431358257256
-0.01369919986175
-0.01341690000801
-0.01299921213427
-0.01247191369736
-0.01207758209615
-0.01170919266905
-0.01134345950821
-0.01114658076347
-0.01040183630891
-0.0086578911654
-0.00692649811934
-0.00604108029861
-0.00615472243749
-0.00613856255157
-0.00531788022635
-0.00467578822871
-0.00491329777222
-0.00573569443665
-0.00629345917605
-0.00627410409447
-0.0061192042716
-0.00607883414194
-0.0058976994919
-0.00569961175421
-0.0058072249203
-0.00604451377462
-0.00606704486149
-0.00567201760957
-0.00533829717474
-0.00550785363834
-0.00553514873313
-0.00512361776794
-0.00514414825932
-0.0058647640292
-0.0067918313372
-0.00693343223763
-0.0063508079805
-0.0061773878569
-0.00693413908272
-0.00839312170943
-0.01000226893664
-0.01082441612634
-0.00947540388212
-0.00771674132842
-0.00767211573548
-0.0083672962767
-0.00845653786739
-0.00851099052604
-0.00917943569143
-0.01046021019865
-0.01247817455371
-0.01484600483674
-0.01661423378704
-0.01806270649092
-0.01989831281021
-0.02155880705544
-0.02226934628488
-0.02171829497458
-0.0209995038885
-0.02105619542298
-0.02162683689681
-0.02189024063852
-0.02124235794846
-0.02033620493913
-0.01985385513296
-0.01889158630008
-0.0170104188576
-0.01496816269976
-0.0134387674281
-0.01248035106086
-0.01192475163422
-0.01164075663164
-0.01107087317719
-0.0101411687933
-0.00909660208321
-0.0082587747667
-0.00774152248549
-0.00779882651243
-0.00805031463712
-0.00749203015868
-0.00665798974073
-0.00657925327528
-0.00688726182037
-0.0069472556967
-0.00679690558936
-0.00712765631531
-0.00849249581246
-0.01024337347506
-0.01142623234694
-0.01139161452898
-0.01104436488733
-0.01134455016058
-0.0122409864488
-0.01317757377668
-0.01391227687314
-0.01380679703587
-0.01224144541834
-0.01082984380103
-0.01063771467145
-0.01056908673039
-0.00962638727149
-0.00773297957499
-0.00622869809339
-0.00596665846674
-0.00658313132807
-0.00713691726527
-0.00679363523144
-0.00651291538436
-0.00722140124482
-0.00797261125295
-0.00803202621996
-0.00775830765745
-0.00789612006013
-0.00871289234863
-0.00937569074933
-0.00900768512951
-0.00707239126458
-0.00506138821417
-0.00440018101451
-0.00447780124043
-0.00419963850939
-0.00314808970509
-0.00182274397763
-0.00078045756257
-0.0007520969228
-0.00170729314692
-0.00197027629982
-0.00119003159037
-0.00021115429681
-0.00029109111954
-0.00141179432055
-0.00115925648293
0.00025191015279
0.00047596661126
3.001887915e-05
0.00049569350614
0.00142984909503
0.00216000183627
0.00305839234325
0.00383640969109
0.00379804655369
0.0031599589454
0.0025623821961
0.00259174185425
0.0030117309725
0.00337191491967
0.00368504569283
0.00415433165852
0.00495890687132
0.00611410603149
0.00755791707604
0.00890796240153
0.00988461601164
0.0101343450196
0.01040058093924
0.01190636566605
0.01319162592092
0.01279840896004
0.01200402063227
0.01202274563022
0.01269057510475
0.01323543112578
0.01334683119043
0.01325293113881
0.01317860365956
0.01285915445897
0.01281843090677
0.01383828362606
0.01511138998356
0.0157496135236
0.01520886583972
0.01424606607344
0.01375790798367
0.01363754601891
0.01348069197727
0.01365919754741
0.01404606409691
0.01413997534291
0.01385091888174
0.01351439345534
0.01405524188863
0.01520744735197
0.01608445179715
0.01628281619592
0.01605042088449
0.01588013358786
0.0158579751139
0.01576518170662
0.01558257899371
0.01543323957889
0.0151045454203
0.01406869113559
0.01162814856231
0.00945096815161
0.00891771270578
0.00893152656967
0.00825461205685
0.00672162498868
0.00508131260988
0.00379942346233
0.00255751264116
0.00159742399359
0.00219352580347
0.00324116457105
0.00311145529968
0.00250108977179
0.00247789981575
0.0030013633782
0.0037917569118
0.00493928152545
0.00645672279936
0.00792855497416
0.0079143477078
0.00739087455017
0.00823463808603
0.00938209393421
0.00933498478829
0.00847526766293
0.00751439013146
0.00619621680265
0.00474061168005
0.00353533846269
0.00247413530596
0.00156669014544
0.00124996997456
0.00027554564511
-0.00207741770279
-0.00336589234368
-0.00305585601677
-0.00251545216025
-0.00163312558738
9.082207711e-05
0.00064217963364
-0.00035320281248
-0.00192585220571
-0.00299176659686
-0.00343007611622
-0.00391870277071
-0.00481066930324
-0.00589803212488
-0.00681336612432
-0.00747404079137
-0.00814172313978
-0.00875644488036
-0.00883071159012
-0.00898240502297
-0.00980077490929
-0.01040269187931
-0.01022391764408
-0.00962696458162
-0.00932711513974
-0.00956913441886
-0.00968582622645
-0.00931759352067
-0.00876556510099
-0.00820355129509
-0.0074248111102
-0.00610756531566
-0.00428189960507
-0.00186296378277
0.00090183421785
0.00374532582542
0.00571549337985
0.00644291853065
0.00724169345585
0.00869036126177
0.01013583227283
0.01088389186283
0.01070737729299
0.0095296246572
0.00761250406724
0.00532750579323
0.00377229468403
0.0037790784778
0.00404659055666
0.00373484148974
0.00352193239404
0.00334769667995
0.0025025866202
0.00141872252182
0.00076621511388
0.00074599838495
0.00059372476343
-0.00034148245742
-0.00152618152532
-0.00243922323574
-0.00321325698379
-0.00360498988984
-0.00332651691458
-0.00237215930937
-0.00132316330329
-0.0011956462112
-0.00172324513723
-0.00219453489679
-0.00211330528319
-0.00155659457455
-0.00074235413478
-0.00040564288168
-0.00110151203714
-0.00220160174844
-0.00306750456789
-0.0036996223737
-0.00405223252376
-0.00387705488263
-0.00346769882539
-0.00310885020773
-0.00263977053845
-0.00212151556071
-0.00188715003855
-0.00227482738094
-0.00303345286567
-0.0033755003194
-0.00333308801515
-0.00343627780227
-0.00384320148084
-0.00425930774872
-0.00405774975349
-0.00332323056469
-0.00247603195363
-0.00155622803859
-0.00064165605653
-0.00066089839471
-0.00121361862703
-0.00126617495784
-0.00093825561021
-0.00085911054993
-0.00135455042342
-0.00278511835751
-0.00544487725956
-0.00758862165889
-0.00821078926082
-0.00858445763729
-0.00979941079423
-0.01164053914084
-0.01274341097521
-0.0127686127211
-0.01239628926932
-0.01215092766843
-0.01199978595856
-0.01199770540323
-0.01209795106864
-0.01205541402701
-0.01174675940633
-0.01122192693123
-0.01092163131338
-0.01092599392286
-0.01030663611011
-0.00882487771938
-0.00695396112982
-0.00580138625197
-0.00559900626947
-0.00499268031326
-0.00320243361834
-0.00013441321346
0.00248055608201
0.00349189147796
0.0034315329847
0.00329401803267
0.00359581529652
0.00394985672792
0.00387579951297
0.00382567428147
0.0039780169883
0.00372037355427
0.00267414847686
0.00099712093321
0.00075793767009
0.00221568107903
0.00339723660534
0.00338693937571
0.00271254839579
0.00239252508347
0.00274156262738
0.00352975086829
0.00405764420649
0.00393007466074
0.00356790451087
0.00332600197313
0.00304883074425
0.00256570532752
0.00186771819552
0.00119146255187
0.00067501146837
0.00028690586101
-0.00019997782865
-0.00097167435025
-0.00209413091088
-0.0032810005689
-0.00402290005196
-0.00442040925766
-0.00480066312747
-0.00505850646113
-0.00528956484385
-0.00606432782574
-0.00665546940622
-0.0063082565461
-0.00553679590607
-0.00516057201275
-0.00566836664277
-0.00643678561007
-0.00686819299507
-0.00732603670606
-0.00822187809298
-0.00948921294842
-0.01086603522887
-0.01216542279025
-0.01302389733952
-0.01378171522976
-0.01512100435607
-0.01618045159446
-0.01627400462033
-0.01698467178552
-0.01856453451684
-0.0198926196688
-0.02038873856135
-0.02035350825093
-0.02048867238334
-0.0206723241695
-0.02030150236373
-0.0192708678581
-0.017961125496
-0.01750052476934
-0.01761749003962
-0.01732558860696
-0.01671008965662
-0.01626332198421
-0.0157268889339
-0.0150294375329
-0.01447725239192
-0.01430287754769
-0.01446224232866
-0.01474524263069
-0.0149217747917
-0.014840276513
-0.01455979814467
-0.01430764315482
-0.01475616994395
-0.0156523727494
-0.01629874419828
-0.01675190865878
-0.01720198666902
-0.01657973910725
-0.01530128823329
-0.0147899897626
-0.01519154173837
-0.015773358401
-0.01595038631309
-0.01559046783263
-0.01450357997251
-0.01302283227431
-0.01159773823171
-0.01074689984822
-0.01021496693834
-0.00949763272075
-0.00806314179644
-0.00582266356836
-0.00288479630797
9.041279461e-05
0.00192002793015
0.00368940830231
0.0069492450978
0.01000815078329
0.01120779962472
0.01149070397494
0.01176387721127
0.01175556458514
0.01177510357437
0.01220100332482
0.01300237374679
0.01333649078248
0.01247004263684
0.01096289059659
0.00956189165554
0.00906573598146
0.0094358237558
0.01025123992522
0.01041461229393
0.009525110124
0.00805026186362
0.00664368332416
0.0055241542536
0.00491917482128
0.00459663437284
0.00385382814506
0.00304043495988
0.0029229259626
0.00276894727721
0.00218395620849
0.00194620678542
0.00207471186143
0.00198859670092
0.00142515897
0.0005076281536
-0.00066037161921
-0.0014745188258
-0.00156113021714
-0.0009909764984
-0.00076432998043
-0.00183509937383
-0.00210832698286
-0.00109122712132
-0.00129234021994
-0.00287705779358
-0.0042045208579
-0.00355963346386
-0.00138821511996
0.0006063014885
0.00140749152104
0.00111845664904
0.0009336305725
0.00150310655155
0.00306337704037
0.0045888654737
0.00508768061243
0.00538011457771
0.00631278547207
0.00788094368038
0.00904466176309
0.00902309179364
0.00915938495915
0.0101902753363
0.01098846655458
0.01078345429378
0.0098410123056
0.00942450943686
0.00979437012522
0.00995664064717
0.00978549937933
0.00990690721894
0.00992717704121
0.00964707928178
0.01012011696369
0.01109098467896
0.01143853816804
0.01092759471908
0.01010144154085
0.00920465023089
0.00779676034987
0.00549039040684
0.00389708642454
0.00353370088493
0.0030878591476
0.00224076288515
0.00161595500894
0.00153872258829
0.00184249246167
0.00223692801069
0.0021060481271
0.00136853316252
0.00157778825294
0.00278774903661
0.00314251010668
0.00223180738182
0.00091518687331
-0.00034999306414
-0.0012908651206
-0.00121197737112
-0.00105593652117
-0.00164505559717
-0.00164034596194
-0.00099034513542
-0.00056993430891
0.00025840689069
0.00149393835501
0.0024086769734
0.00305198915837
0.00389680816426
0.00541083195413
0.00723791295409
0.00876796709491
0.00923269854748
0.00863863043646
0.00856668576077
0.00923292243507
0.00981745613344
0.01115271048566
0.01344859609301
0.01502477267519
0.01543661068621
0.01550455577014
0.01619839458506
0.01742432303118
0.0182966850074
0.01821130387833
0.0172051690711
0.0165627876188
0.01647542348541
0.01566985357206
0.01438224089837
0.01365362114738
0.01311663317571
0.01237236048426
0.01195819724077
0.01223638555896
0.01300748478047
0.013690792883
0.01373235601363
0.01254981218356
0.01166641414868
0.01221721118665
0.01274929602025
0.01261916136248
0.01253738962109
0.01181196666495
0.00992448719182
0.00896201845932
0.00899929574193
0.00852801077996
0.008272794927
0.008828843728
0.00922370626262
0.00925910928632
0.00950456683904
0.00994693192204
0.0102508225348
0.01024170391337
0.01005156898248
0.00990221517488
0.01026340181858
0.01100603213468
0.01147080516638
0.01174079600063
0.01219882361928
0.01255885244434
0.01246891520294
0.01181470289106
0.01055430215391
0.00891631980518
0.00812909108249
0.00758688333173
0.00587338689955
0.00388998598976
0.00273796923167
0.00231036953479
0.00155067050909
-0.0001323892857
-0.00164668517894
-0.00233410481701
-0.0027095882821
-0.00337315269817
-0.00426150984302
-0.00459548614938
-0.00447140765073
-0.0046042833322
-0.00511897369978
-0.00568060849598
-0.0060100894595
-0.00639327785585
-0.00720760976969
-0.00791921886193
-0.00831505370835
-0.00931136304906
-0.01050119921756
-0.01080620447063
-0.01114352149957
-0.01197181280422
-0.01216728905317
-0.01234132966522
-0.01354302228045
-0.01517859463927
-0.01628769374684
-0.01641342261682
-0.01592221165994
-0.01538100500651
-0.01555203592976
-0.01600162938331
-0.01580431245859
-0.01454090363184
-0.01288774490335
-0.01242254488605
-0.0128412466507
-0.01288658708471
-0.01235472613869
-0.0117618718182
-0.01134990427222
-0.01121061261229
-0.01142143315668
-0.01185949320129
-0.01211368556815
-0.01221450374609
-0.01144390987084
-0.01053075877534
-0.00928038660272
-0.00834166274762
-0.00862467584323
-0.00935630368381
-0.00963418015859
-0.00941055804203
-0.00950951315543
-0.01051942846443
-0.01172835904538
-0.01277262830482
-0.01427271509263
-0.0152718997896
-0.01487314640862
-0.01423348519045
-0.01411233162316
-0.01413736545337
-0.01396047986981
-0.01363677840434
-0.01338960011562
-0.01283912291705
-0.01095291480555
-0.00857840627575
-0.00689827868867
-0.00600233015554
-0.00504927269752
-0.00313210892924
-0.00091555420887
0.00068212581616
0.00160081061313
0.00235282821576
0.00336105957028
0.00454329795372
0.00559617888913
0.00606973471088
0.00607559256957
0.00619259462139
0.00713594975108
0.00872529252235
0.0088159510016
0.00618064861963
0.00318488403021
0.00336017361513
0.00427100587495
0.00367701932297
0.00227806735411
0.00161420548739
0.00187040324732
0.00214390271984
0.00163645351638
0.00021406467547
-0.00115814967867
-0.0015285531345
-0.00036257362728
8.141441681e-05
-0.00162361676188
-0.00303432922564
-0.00306430297545
-0.0028348725753
-0.0031364267612
-0.00380279137126
-0.00457664121165
-0.00524734124484
-0.00565085703456
-0.00524786418227
-0.0043919659394
-0.00431671892186
-0.00417084496698
-0.00252885023292
-0.00127870898435
-0.00149197342163
-0.00175888644129
-0.00129821854836
-0.00051549220497
0.00038434013805
0.00106971600232
0.00080119275118
0.00057982246395
0.00137651475486
0.00228939286743
0.00277347460398
0.00334285910896
0.00408368872921
0.00476305161268
0.00564402846327
0.00674730969207
0.00783058816451
0.00868681264357
0.00922596592802
0.00936430126813
0.00891986042739
0.00754573119473
0.00644148405092
0.00652346848552
0.00694688788139
0.00688972938138
0.00627047231803
0.00549341608761
0.00480126762394
0.00427044455679
0.00389390402247
0.00404053759593
0.00430695422484
0.00410987398127
0.0043181502032
0.00497018440873
0.00454700649161
0.00329619134142
0.00233647802539
0.00187217036003
0.00144508368555
0.00068220145818
-0.00041023977352
-0.00126175333799
-0.00144315169562
-0.00131099325402
-0.00118140472203
-0.00077340542354
-0.00036806159171
-0.00053533632099
-0.00086494090244
-0.00089667057058
-0.00084956638218
-0.00099262926853
-0.00123638063794
-0.00085721022411
0.00018832559938
0.0011368522124
0.00106757003983
-0.00027377245545
-0.0005494839373
0.00094034847936
0.00224908990405
0.00197996583458
0.00035221322937
-0.00071127118191
-0.00037337972141
0.00079912530927
0.00179925976934
0.00223261337712
0.00134855503378
-0.00043999155478
-0.00165851284012
-0.001788697073
-0.00137923658819
-0.00110115733524
-0.00112363292996
-0.001705532431
-0.00247571851101
-0.00285892769693
-0.00234208640935
-0.00130686956457
-0.00086101119559
-0.0009622649948
-0.0008884070398
-0.00059399774636
-0.00026141466045
0.00026513759113
0.00053462275928
-7.95828085e-06
-0.00071681975591
-0.00097215011137
-0.00082008022754
-0.00079049428301
-0.00118361625159
-0.00198372554679
-0.0031827906813
-0.00438425461135
-0.00548506987835
-0.00679118366241
-0.00771853722667
-0.00782087464179
-0.00812604461216
-0.00912564510035
-0.01023712381309
-0.01046084827826
-0.00986205773842
-0.01064288647463
-0.01203948922306
-0.01166365233542
-0.01008831373248
-0.00876008145439
-0.00779291588023
-0.00674300625288
-0.0054649471822
-0.00407919338638
-0.00272066272149
-0.00141787574699
-0.00021172600974
0.00076287631034
0.00158903060801
0.00219741345144
0.00261088264342
0.00292301551763
0.00319263054059
0.0033893077865
0.00344692845445
0.00357705671543
0.00400274537188
0.00392218262343
0.00285502245779
0.0016772218461
0.00066194394973
-0.00061820655082
-0.00133693798685
-0.00125389328462
-0.00143888327885
-0.0022357925808
-0.0031481904545
-0.00370563215611
-0.00385410320695
-0.00365764984862
-0.0033836690178
-0.003124176912
-0.00259007229256
-0.00169902529831
-0.00061034537801
0.00033343177977
0.00093884203576
0.00166282747369
0.00262542734035
0.0029911557036
0.00261899536992
0.00203446646914
0.00207210197189
0.00256766274467
0.00213602187691
0.00105727137092
0.00053488038992
0.00028176971993
-0.00017702967121
-8.25781845e-06
0.00054838289015
0.00053932391877
0.00015432743828
-0.00013332780645
-0.00068216515641
-0.00120329916855
-0.00099531096201
-0.0003136198076
0.00032286092752
0.00080900514848
0.00131598802608
0.00187281323723
0.00170747545538
0.00072032791442
-0.00042407378729
-0.00011085499433
0.00265491173587
0.0044196320479
0.0036253748543
0.00229643733032
0.00209173211535
0.00278241571454
0.00324717915105
0.00316824918277
0.00333775607126
0.00381517395381
0.00403398728492
0.00417544425762
0.00452469769314
0.00491918121806
0.00479562245845
0.00376565961558
0.00257002635787
0.00186899915233
0.0020789721223
0.00262089681518
0.00278555653749
0.00244700972605
0.00207325339374
0.00219947961399
0.00239728269461
0.00203294403357
0.00155879075182
0.00142872214088
0.0014819651669
0.00132460849764
0.0008774574977
0.00106288743103
0.00191934987061
0.00231847106691
0.00218019809548
0.00205590530443
0.001436266033
0.00053675736746
0.00086609408341
0.00197914064892
0.00260669434642
0.00233089043099
0.00165142040132
0.0010706395386
0.00079396741911
0.00079419754356
0.00110841113302
0.00175868174407
0.00276512519632
0.00382949476316
0.00470280346402
0.00531843035012
0.00577664827322
0.00599087990485
0.00600605468541
0.00591645487459
0.00559717998647
0.0050873751658
0.00479637408105
0.00500670687035
0.00573540498198
0.00641838844751
0.00678588072508
0.00712059905885
0.00763377498685
0.00825235079226
0.0088529148416
0.00946534493285
0.01048898614989
0.01175194560228
0.0119131030831
0.01111448967681
0.0103895880589
0.01007601750657
0.00976211432125
0.00887618635668
0.00794801240434
0.00778806391646
0.00768102806049
0.0071444270945
0.00714434233705
0.0076531396636
0.00781410843918
0.00739206275356
0.00677814221068
0.00677503976846
0.00688291200447
0.00613712327424
0.00515261120997
0.00466366631527
0.0047247332528
0.00487792833165
0.00483981946659
0.00479245924674
0.00490859613297
0.00509426130818
0.00530062808886
0.00563440769398
0.00640006644721
0.00744042407074
0.00792948410763
0.00780753254102
0.00755484022097
0.00762081509417
0.00805391442962
0.00890712921988
0.00967203954892
0.009624719309
0.00927026048717
0.00929812009851
0.0095527794309
0.00966419708671
0.00953988190691
0.0093292852501
0.0091663958389
0.0090958024847
0.00904009765478
0.00890216851072
0.00857518069536
0.0081045306146
0.00789620321837
0.00808879931349
0.00869426170331
0.00932787795672
0.00971011323165
0.00983879581852
0.00981804463795
0.00963776076072
0.00938280237849
0.00914274691332
0.0089846470972
0.00887017657427
0.00871575970889
0.00851603439345
0.0083166353142
0.00814559639497
0.00804436562419
0.00835207991703
0.00896352490291
0.00906116067878
0.00847777200547
0.00757413133466
0.00674312619266
0.00600203910168
0.00515612784422
0.00420680930884
0.00332507763726
0.00280774539619
0.00252481705802
0.00197850256931
0.00109945850824
0.0002025966737
-5.568205735e-05
0.00011857022442
-0.0002201947175
-0.00091421056353
-0.00134009384225
-0.00148348760247
-0.00155792302751
-0.00153157385776
-0.00121540301107
-0.0006489584699
-0.00064748800824
-0.00131552841686
-0.00192953835485
-0.00187411338441
-0.00126437969926
-0.00087619301262
-0.00085181677223
-0.00074792269873
-0.00051390212337
-0.00033535545386
2.274864162e-05
0.00042317263977
0.00019583175045
-0.00014677059266
6.889654219e-05
0.00048708390912
0.00063831037644
0.00049849290053
0.00035526353777
0.00038761705267
0.00066773544175
0.00107421086539
0.00141001265515
0.00146016843131
0.00108547273067
0.00039007709745
-0.00023724951407
-0.00030454868233
-0.00034819012942
-0.00091884359723
-0.00162902524621
-0.00203562588698
-0.00210153039551
-0.00188503110249
-0.00146008623258
-0.00109733045676
-0.00088996241883
-0.00078763715761
-0.00080406890702
-0.00093124297135
-0.00082126475278
-0.00046840720693
-0.00024839911572
-0.0002426400874
-0.00028891781078
-0.00030195878275
-0.00028994193656
-0.00025338541204
-0.00020761575355
-0.00018062642523
-0.00031962799082
-0.00055034798345
-0.0005737774992
-0.0004347361136
-0.0003452338538
-0.00044342902878
-0.00060104476796
-0.00055995180125
-0.00049230192909
-0.0006838452728
-0.00094198205912
-0.0010720469919
-0.00114542454812
-0.00120204395881
-0.00122409496673
-0.00129966166375
-0.00147408496365
-0.00172511299935
-0.00195600826398
-0.00211402652105
-0.0021877079247
-0.00224445703027
-0.00238796737195
-0.00252306593728
-0.00254134475926
-0.00249821601474
-0.0024370963037
-0.00229767031122
-0.002229990694
-0.00234718624866
-0.00247931350592
-0.0025389587573
-0.00261106175349
-0.0026388318098
-0.00256540307928
-0.00258771187775
-0.00273582151007
-0.00288213364493
-0.00293777130857
-0.00293095233246
-0.00296597954486
-0.00300218856387
-0.00292446279094
-0.00273683380178
-0.00252199447528
-0.00232967664045
-0.00213367425568
-0.00189637580617
-0.00166619538262
-0.00150434592924
-0.00147947137906
-0.00147375600882
-0.00134074071745
-0.0011246105191
-0.00092695536421
-0.00083012654316
-0.00079906853777
-0.00077888107415
-0.00074473118123
-0.00070340041392
-0.00065656457078
-0.00062673666774
-0.00064586818157
-0.00064003559019
-0.00055077752777
-0.00042609597192
-0.00033807232969
-0.00032012710021
-0.00034632418633
-0.00038134004443
-0.0003983964402
-0.00041761175196
-0.00048375997811
-0.00060057748259
-0.00074552374328
-0.00091299901187
-0.00108647814584
-0.00124805237741
-0.00136841322274
-0.00144125152972
-0.00149810618229
-0.00158211216185
-0.00170867165476
-0.00182293428207
-0.00188270427082
-0.00188379492319
-0.00191244773626
-0.0020280424947
-0.00210323833793
-0.00210520694947
-0.00216189048796
-0.00223183456817
-0.00221958951656
-0.00215400164904
-0.00210865801664
-0.00211477654445
-0.00210759135223
-0.00204352751947
-0.00197525939774
-0.00193774383477
-0.00191783862942
-0.00188025430098
-0.0018159921678
-0.00175330364448
-0.00170000720529
-0.0016362824023
-0.00158430849904
-0.00156329600967
-0.00153670360205
-0.00149313235971
-0.00145465663885
-0.00143340458977
-0.00142230664218
-0.00140753405968
-0.00138828804335
-0.00137281837086
-0.00136470276581
-0.00136130127374
-0.00135940766454
-0.00135147212907
-0.00132716065616
-0.00130357010128
-0.0012966905156
-0.00130241979886
-0.0013057829102
-0.00129786992341
-0.00127442377601
-0.00124120813399
-0.00122330624275
-0.00122091320433
-0.00121893291865
-0.00121259018342
-0.00120635043648
-0.00120126355066
-0.00119510488301
-0.00118433429106
-0.00117203582627
-0.00116071271174
-0.001143855416
-0.00112518255188
-0.00111520308269
-0.00111149710351
-0.00110693107617
-0.00109995186052
-0.00109361872047
-0.00109055705777
-0.00108987659943
-0.00109013375032
-0.00109430621527
-0.00110164908832
-0.00110700208052
-0.00111258999476
-0.0011200967855
-0.00111798888391
-0.00110810200823
-0.00110025474844
-0.00110018582305
-0.00110508496313
-0.00110552234351
-0.00110140744965
-0.00109900785452
-0.0011003697307
-0.00110346529638
-0.00110730672755
-0.00110966682252
-0.00110880725412
-0.00110694706814
-0.00110601873427
-0.00110597507619
-0.00110524904074
-0.00110298889559
-0.0011018656196
-0.00110321486213
-0.00110414495512
-0.00110201402508
-0.0010970613119
-0.0010948169988
-0.00109610483216
-0.0010960223136
-0.00109303933139
-0.00108909843016
-0.00108557827768
-0.00108266933829
-0.00108041638952
-0.00107807052741
-0.00107504596608
-0.00107123380022
-0.0010673335186
-0.00106425282545
-0.00106102900417
-0.00105684662419
-0.00105274324455
-0.00104925923392
-0.00104581184489
-0.00104204045855
-0.00103813298055
-0.00103443355807
-0.00103092763844
-0.00102734079944
-0.00102357740908
-0.00101980122515
-0.00101634200207
-0.00101323636145
-0.00101032230463
-0.001007760391
-0.00100571885608
-0.00100344032016
-0.00100083794685
-0.00099890467757
-0.00099759845344
-0.00099624601251
-0.00099466760505
-0.00099328509923
-0.00099240106311
-0.00099142123509
-0.00098995844958
-0.0009882386731
-0.00098662076547
-0.00098520115827
-0.00098400032123
-0.00098294501111
-0.00098180334436
-0.00098060186763
-0.00097950082048
-0.00097854753914
-0.00097764799081
-0.00097666784296
-0.0009756641869
-0.00097475200492
-0.00097395832344
-0.00097319678582
-0.00097232986111
-0.00097143575005
-0.00097064078921
-0.00096990483874
-0.00096916616964
-0.00096842430214
-0.00096770610276
-0.00096702340555
-0.00096637493115
-0.00096576227878
-0.00096519584319
-0.00096467162641
-0.00096417923364
-0.00096371498675
-0.00096328064483
-0.00096287316943
-0.00096249479942
-0.00096215161174
-0.00096185480077
-0.00096160388676
-0.0009613867158
-0.00096119241336
-0.00096102049968
-0.00096088088978
-0.00096077774157
-0.00096071233441
-0.00096067875128
-0.00096067315409
-0.00096069618252
-0.00096074943579
-0.00096083307379
-0.00096094549734
-0.00096108510724
-0.00096125302293
-0.00096145036384
-0.00096167665022
-0.00096193108247
-0.00096221366058
-0.0009625247044
-0.00096286405401
-0.00096323186933
-0.00096362815035
-0.00096405257724
-0.00096450530991
-0.00096498618846
-0.00096549505295
-0.00096603190339
-0.00096659673978
-0.00096718924228
-0.00096780973072
-0.00096845772536
-0.00096913354602
-0.00096983671295
-0.00097056738607
-0.00097132524554
-0.00097211045128
-0.00097292284337
-0.00097376226188
-0.00097462854691
-0.00097552169845
-0.0009764417165
-0.00097738828121
-0.0009783613926
-0.00097936089074
