-0.0008963706056
-0.00088999479231
-0.00088361609974
-0.00087722517021
-0.00087078241358
-0.00086433893713
-0.00085786450839
-0.00085136344627
-0.00084481199669
-0.0008382774629
-0.00083170261914
-0.0008251248961
-0.00081848454864
-0.00081184995975
-0.00080518945731
-0.00079855450851
-0.0007918673727
-0.00078523494327
-0.00077854708764
-0.00077181784231
-0.00076496082877
-0.00075804083091
-0.00075107296496
-0.00074416052522
-0.00073736937529
-0.00073085535639
-0.00072455800358
-0.00071849027362
-0.00071235991924
-0.00070600570058
-0.00069905115132
-0.00069122741836
-0.0006824959913
-0.00067323117698
-0.00066367267575
-0.00065432976086
-0.00064573258039
-0.00063819569605
-0.00063103167892
-0.0006235782938
-0.00061514091356
-0.00060548559642
-0.0005945680734
-0.00058340257209
-0.00057278053553
-0.00056291790998
-0.00055304484703
-0.00054217195291
-0.00052974064661
-0.00051680438598
-0.00050519187592
-0.00049695352615
-0.00049331951052
-0.00049395511234
-0.00049575394468
-0.00049658461795
-0.00049528066246
-0.00049183559981
-0.00048630161702
-0.00047942912734
-0.0004722719485
-0.00046677755586
-0.00046262454939
-0.00045843159287
-0.00045409611181
-0.00045024291074
-0.00044688242704
-0.00044333982867
-0.00043848679641
-0.00043427656419
-0.00043079191139
-0.00042729250227
-0.00042306751372
-0.00041932840425
-0.00041858266983
-0.00042704704335
-0.0004504901692
-0.00048563038407
-0.00051967431176
-0.0005391767783
-0.00053333183289
-0.00049534544634
-0.00042802563982
-0.00034271909355
-0.00025402622201
-0.00017470239486
-0.00011506304095
-7.814213323e-05
-5.538859577e-05
-3.419802694e-05
-1.170910642e-05
3.17217532e-06
-1.840712593e-05
-9.795523847e-05
-0.00022587014105
-0.00035923862243
-0.00045429190309
-0.00046465156494
-0.00037471354728
-0.00018863765887
5.680358363e-05
0.00029803725725
0.00048497714664
0.00059491826625
0.00062383275047
0.00055345298546
0.00038497855269
0.00014534032602
-0.00012458295978
-0.00036429989886
-0.00052826105483
-0.00060749821555
-0.00061840314171
-0.00059653354426
-0.00056351464148
-0.00050109645512
-0.00037441806081
-0.00017375413885
7.815113099e-05
0.00034277225232
0.00054393191491
0.00059039455204
0.00043794081229
0.00012239974311
-0.00021557742253
-0.00046237045263
-0.00057220827794
-0.0005551758767
-0.00045740224904
-0.00032583922234
-0.00017885507741
2.902394378e-05
0.00037310078864
0.00083708471973
0.00131668264506
0.00156104599181
0.00126621564448
0.0004496584162
-0.00057793373309
-0.00143315253989
-0.00186017762871
-0.00180740900092
-0.00136727345482
-0.00068319493736
9.071088932e-05
0.0008430977433
0.0015291993173
0.00213341047088
0.00265499554712
0.00296435835785
0.0028006772122
0.00191726410194
0.00045316466362
-0.00118079954147
-0.00262454820437
-0.00369705753538
-0.00433891460025
-0.00460813840013
-0.00462670617928
-0.00449413317193
-0.00420391219749
-0.00376054573545
-0.00323172681946
-0.00267462758141
-0.00214640179781
-0.00167362417515
-0.00121817947895
-0.00075734476413
-0.00031710444811
3.519976924e-05
0.00014658737967
-6.268340436e-05
-0.00048552421049
-0.00090918089758
-0.00102868951619
-0.00058048837733
0.00045054415577
0.00180588765953
0.00304247367775
0.00371216657528
0.00362697217711
0.00296354639991
0.00217306720175
0.00170857795641
0.00181459821179
0.00254841707067
0.00372735479548
0.00508531124897
0.00648420031581
0.00775082949737
0.00879778014902
0.009503575302
0.00957116648099
0.00867171432227
0.00693340452504
0.0048492244025
0.002976360291
0.00158031091746
0.00086340856867
0.00083938130819
0.00119445418332
0.00170709980427
0.00211936388657
0.00213801264557
0.00126937889726
-0.00095250655538
-0.00459253628294
-0.00906949092998
-0.0133595512883
-0.01666763202601
-0.0186157300145
-0.01914954196791
-0.01797799032497
-0.01513085047565
-0.01122037685186
-0.00711077918287
-0.00363281712251
-0.00107783780495
0.00065375966274
0.00188397346678
0.00297398236278
0.00418726634005
0.00561841417883
0.00695479760108
0.00776082780915
0.00794069664627
0.00781949320945
0.00764822623164
0.00779128342985
0.00833715598181
0.00890021785596
0.00892490051334
0.00798382111414
0.00623288205988
0.0041326499321
0.002289647949
0.00118660561655
0.00094537780947
0.00148567678849
0.00233236571808
0.00311800736014
0.00352738819998
0.00332723013212
0.00218714041943
-7.955636528e-05
-0.00322315015388
-0.00643679291381
-0.00913506301145
-0.0109325636782
-0.011648807031
-0.01156939639345
-0.01125694015257
-0.01095219679222
-0.01066903006224
-0.01026999736712
-0.00969698756864
-0.0092652138216
-0.00928696680806
-0.00959598590432
-0.00970197592722
-0.00914586392349
-0.00757051797043
-0.00500578184098
-0.00184597340363
0.00161973622592
0.00498790508986
0.00774074120799
0.0095563201757
0.009845673766
0.00827890447851
0.00506919086076
0.00111751577053
-0.00244990310725
-0.00465724457937
-0.00483479559331
-0.00290335605913
0.0006510049083
0.00486137857776
0.00888148091891
0.01213950891295
0.01418148233923
0.01492090032469
0.01450708610816
0.01289140859217
0.01012284798731
0.00693456343663
0.0040748087267
0.00202562125574
0.00078263746969
-6.208753665e-05
-0.00111057561768
-0.00246049779062
-0.0040844939164
-0.00563195400926
-0.00653700637428
-0.00611842694364
-0.00404932346906
-0.00042963084034
0.00426439874456
0.00924492207148
0.01327099532669
0.01512745292118
0.01478839929943
0.0132861943442
0.01210593286882
0.01240292375847
0.01449747649965
0.01764821879324
0.0202343372014
0.02059230051721
0.0174106635122
0.01111815509117
0.00361772247902
-0.00331313963873
-0.00825951250447
-0.0098459221042
-0.00651184863514
0.00091659073354
0.00999397485919
0.01805587854139
0.02265271215488
0.02161228667935
0.01481428765675
0.00453004503476
-0.00593079123942
-0.01372181553376
-0.0175543793465
-0.01711297799542
-0.01292277478625
-0.00623793880144
0.00090001505863
0.00679212168526
0.00980959994348
0.00843933815234
0.0022741941149
-0.00675243796111
-0.01570481403677
-0.02236547123881
-0.02544363759394
-0.02450165122046
-0.01978355298538
-0.01228922085504
-0.00403211255224
0.00324952978894
0.00827342664175
0.01023762342383
0.00869063121454
0.00453447193306
-0.00032639197278
-0.00355329131362
-0.00388330038624
-0.00166667070562
0.00193313939115
0.00579144111865
0.0078544261159
0.00606835620445
-0.00029132748307
-0.01022110353504
-0.02178858160588
-0.03227737212326
-0.03942358088898
-0.04266036337027
-0.04191851598939
-0.03728718856018
-0.02801820287726
-0.01389939174143
0.0018085675526
0.0148008917905
0.02188758216821
0.02161253501755
0.01511681756794
0.00554266383037
-0.00347853899678
-0.00975885257267
-0.01185452823439
-0.00988931290579
-0.00544243597348
-0.00040322601155
0.00337984183896
0.00514317764811
0.00471453872092
0.00199935319292
-0.00335452609913
-0.01049251199123
-0.01797699697218
-0.02422825245958
-0.02862118601645
-0.03099226873926
-0.03183454912597
-0.03196377136721
-0.0320108368543
-0.03192676537667
-0.03141714660245
-0.02962400085191
-0.02600172550594
-0.02056222640158
-0.01338005538556
-0.00552249804891
0.00231514688323
0.00958662463401
0.01586706885738
0.0209763681366
0.02531277056204
0.02959498487295
0.03401036964252
0.0383205993814
0.04169594737871
0.04395564502126
0.04447042491107
0.04273036594914
0.03762946338029
0.02823807575881
0.01494641437516
-0.00018484503072
-0.01389957169664
-0.02368843720017
-0.02873035404845
-0.02887555271373
-0.0251948962967
-0.01937677141868
-0.01301000987658
-0.00718193347513
-0.00263642416887
0.00052962583518
0.00276934269023
0.00441179286347
0.0061237320234
0.00878569795585
0.01280148857003
0.01767227520646
0.02270676710255
0.0272458242945
0.03091772409074
0.03270699000682
0.0305654077696
0.02122210058263
0.00526875759578
-0.01269601321905
-0.02769920706384
-0.03678997229942
-0.03951712161006
-0.03684194336569
-0.03053340093495
-0.02262270642223
-0.01455885562459
-0.00696333827561
-0.00047285032457
0.00472666050424
0.00815957617503
0.00954392845955
0.00860462341878
0.00571513290902
0.0020891918753
-0.0008451506724
-0.00307052113775
-0.00517760308086
-0.0077509302723
-0.00983860152602
-0.00988970160905
-0.00691168393052
-0.00105625433629
0.00664555536035
0.01449882256466
0.02041145992193
0.02289552932642
0.02201732987867
0.01863076347322
0.0138447861308
0.0088537642166
0.00464717788461
0.00241106481271
0.00275052837244
0.00572255426211
0.01102352024238
0.01749891354994
0.02351682830745
0.02773403199717
0.02857205104438
0.02466638582394
0.01670793119699
0.0069635830147
-0.00219804318613
-0.00895584921132
-0.0115358023538
-0.00789996198366
0.00150665992655
0.01359344987935
0.0248414498568
0.03218163954765
0.03378974454817
0.02989775592413
0.02246460496799
0.01402149855343
0.0070917759121
0.0028899267212
0.00185716661804
0.00319458406295
0.00589380684351
0.0088029376655
0.01027776423423
0.00870033439976
0.00369770897326
-0.00343983638847
-0.01007499789547
-0.01353812804696
-0.0124974254404
-0.00764859334028
-0.00059707269009
0.006802084006
0.01260580886767
0.01469023732841
0.0106726723558
8.139817092e-05
-0.0147161868705
-0.02987203672471
-0.04192589415323
-0.04897427206554
-0.05012818089914
-0.04438735758354
-0.03075290310876
-0.0101304384983
0.01322615408606
0.0334730413642
0.04723504089761
0.05290611357163
0.04855213312073
0.03371558860292
0.01343016571491
-0.00506924124822
-0.01705062711231
-0.0213829805454
-0.02012104819496
-0.01581630349105
-0.01068150455778
-0.00645808521492
-0.00519870462944
-0.00813849982018
-0.01465839965166
-0.02293346748498
-0.03060051703217
-0.03606885575938
-0.03821413787584
-0.03583640040916
-0.02765324650177
-0.01465925623849
-4.540381662e-05
0.01295000560948
0.02161257460769
0.02494870316531
0.02319461129568
0.01796705264696
0.01183871377004
0.00702281347437
0.00486930380546
0.00551438926689
0.00932892876524
0.01538305411124
0.02275214101061
0.03038821306699
0.03636963290677
0.03916710871568
0.03748251195121
0.03130678726691
0.02213891482055
0.01179666543436
0.00222889578802
-0.00540429986418
-0.01108850207074
-0.01563341140631
-0.01997833291166
-0.02468698709703
-0.02981888155312
-0.03483992719549
-0.03891088847968
-0.04138106174242
-0.04228800003811
-0.04189033500263
-0.03986695454923
-0.03558868485665
-0.02849679737231
-0.01761678781528
-0.00342469783591
0.0118424352439
0.02594517277988
0.03724284759505
0.04486323115572
0.04880417839573
0.05001315352532
0.05037720292652
0.05127543138977
0.05310406430882
0.05506370462484
0.05605626561212
0.05431350732196
0.04908127343675
0.04137375556067
0.03255357818551
0.02431649889821
0.01793203696111
0.0141232056422
0.01282171193716
0.01336628521246
0.01517908567165
0.01767015893313
0.02012262460265
0.02164625142675
0.0214951502304
0.01876708674726
0.01211174902139
0.00179907419515
-0.00998923123971
-0.02066649965172
-0.02812933961932
-0.03141396859334
-0.03085922784835
-0.02721414137924
-0.02153864180691
-0.01554256281526
-0.01069784089226
-0.00833133623013
-0.00914850566606
-0.01235822288291
-0.01655318410798
-0.02047498411304
-0.02338710219162
-0.02480661772527
-0.02462711599679
-0.02360193632713
-0.02289234052
-0.02305903663533
-0.02401977794138
-0.02513300969805
-0.02576657082748
-0.02529318423637
-0.02353065966533
-0.02010796185168
-0.01517862498629
-0.00900537288666
-0.00204124352792
0.00511138675972
0.01254394026454
0.02005973025479
0.0273529012469
0.03497753534977
0.04323575217669
0.05193633491465
0.06039840500983
0.06777106222068
0.07282729990502
0.07382709509197
0.068322157073
0.05691238455491
0.04303589391423
0.02964600937478
0.01840351602693
0.01003195980611
0.00444989658083
0.00105859771311
-0.00046047624403
9.207343823e-05
0.00270831267841
0.00683014262322
0.01154012847718
0.0147917176736
0.01484598136932
0.01121067366663
0.00518003607537
-0.0011282832109
-0.00570228050752
-0.00783724399192
-0.00741535698441
-0.00464629250495
0.00045426526972
0.00831806633253
0.01785993250531
0.02717650194634
0.03417193703421
0.03622260949561
0.03215585556436
0.02332541714281
0.0129367501083
0.00401354477309
-0.00126415515726
-0.00080247609257
0.00676807247024
0.02046325103299
0.03662797661432
0.05073772520549
0.06005407870026
0.06389025601374
0.06321581985663
0.05999138230314
0.05592925322093
0.05148140812957
0.0463041325672
0.04009855691173
0.03252265108215
0.02398744718735
0.0157456530734
0.00887622622662
0.00383996717031
0.00027060974297
-0.00227258783464
-0.00386740314249
-0.00432867874758
-0.00424753694086
-0.00512056087661
-0.0080111563114
-0.01315836495634
-0.01988796300148
-0.02699582331076
-0.03308853105498
-0.03719469157935
-0.03867637084268
-0.03790249143343
-0.03583942005767
-0.03282768596994
-0.02920316118377
-0.02498480578067
-0.02015519649668
-0.01467392618767
-0.00866332121101
-0.00232696850125
0.00406795243298
0.01095898470296
0.0188572587067
0.0288429772206
0.04247450562357
0.05878838168672
0.07445341122442
0.08671559560786
0.09368749255352
0.0950351771633
0.09106162203823
0.08395609034944
0.07612062431506
0.06936895656227
0.06519705479853
0.06429403952655
0.06678199236459
0.07228221555691
0.07922197250106
0.086144021852
0.09146497365852
0.09340323529493
0.09033125580011
0.08252886553435
0.07135530223229
0.05867896891562
0.04629207556775
0.03432338374457
0.02068544533682
0.00221646736101
-0.02164560358797
-0.04563311555919
-0.06513234290299
-0.07720607818464
-0.08090923260272
-0.07530146817355
-0.05960649408797
-0.0347896117172
-0.00774211246673
0.01408226942975
0.02743447134704
0.03253766654534
0.03031501808259
0.02073908998659
0.00550211272208
-0.01082625333502
-0.02428420773432
-0.03310543604794
-0.03690643931497
-0.03566912843713
-0.02937363995773
-0.01760055585483
-0.00241226295453
0.01265501582183
0.0243972771954
0.03019696386203
0.02748154403234
0.01391952153185
-0.01046448576595
-0.04098998306783
-0.0702185971173
-0.09295824203774
-0.10678718851046
-0.11288806622148
-0.11407811006238
-0.11265628390376
-0.10978920141744
-0.10591012278057
-0.10032546460108
-0.09282032436049
-0.082803153274
-0.06979408276365
-0.05330834946959
-0.03256416315129
-0.00569662991375
0.02653038714107
0.05719635388516
0.07880112923381
0.08556467403083
0.07200882759334
0.03841442803083
-0.00852335564341
-0.05867274246516
-0.09906782958119
-0.12348667260963
-0.13453052419228
-0.13819959509253
-0.13871495083902
-0.13646806600782
-0.12929040826862
-0.11148848252751
-0.07912807186955
-0.04121517902466
-0.00945046331966
0.01068683843037
0.01928699895981
0.01855913050009
0.01092993993116
-0.00216277772243
-0.02067538584026
-0.04436407137864
-0.06873465041825
-0.08855639349948
-0.10193505603168
-0.10888100343525
-0.10949249125793
-0.10329476164987
-0.08931868379285
-0.06537816172753
-0.03071432071053
0.01067604831565
0.04795986451508
0.07202142445843
0.07969183556905
0.07041557609632
0.04509652509726
0.00849773361981
-0.03337721161278
-0.0748866354105
-0.10879538074366
-0.13097198178546
-0.14259097023723
-0.14695348056535
-0.14646925707116
-0.14160067668567
-0.13208471686573
-0.1191998514452
-0.10559822440085
-0.09403369039733
-0.08608708402178
-0.08216827127329
-0.08226728263293
-0.08574376546142
-0.09158716324992
-0.09797892057147
-0.10308878491007
-0.10558641933871
-0.10477316572828
-0.09976897109229
-0.08918512103182
-0.07205302459429
-0.04728780376683
-0.01841890579697
0.00719102121352
0.02413992324154
0.03038116602074
0.02582262327804
0.01153220324948
-0.00930593048868
-0.0324393174209
-0.05306152289584
-0.06774601245467
-0.07631396819872
-0.08028216065837
-0.08102497979741
-0.07900685403631
-0.07408486294282
-0.06540598280387
-0.05188583948115
-0.03532946296765
-0.01892780475033
-0.00524292322502
0.00399391165907
0.00806654652676
0.00574244651165
-0.00238336970502
-0.01346695935829
-0.0245652761865
-0.03353289086981
-0.03821730508764
-0.03682765492157
-0.02793881383434
-0.01020090896074
0.01239992210548
0.03269416999726
0.04580875184964
0.04910333594618
0.04262415638089
0.03016038976401
0.017211780607
0.00762839516688
0.00347805527716
0.00566333100065
0.01551656288571
0.03495047368445
0.06123051792686
0.08690512444095
0.1051263818255
0.11025179429472
0.09661360035056
0.06521152319787
0.02315191152211
-0.02221351705474
-0.06602304923823
-0.10224259949517
-0.12645758925536
-0.1389100582838
-0.14322578025586
-0.14310776562545
-0.14092339723616
-0.13761855569233
-0.13300792311291
-0.12732637704533
-0.12074966175317
-0.11247629269709
-0.09817071684028
-0.07233947730652
-0.03493670711045
0.00965150208834
0.05676654884817
0.10080069033449
0.13253690833155
0.14505991980451
0.13693998056527
0.11312121619884
0.08245605565411
0.05607922789763
0.03995056174241
0.03362324998268
0.03413565806274
0.04005486378538
0.05196429995516
0.06763206481214
0.08314675976271
0.09473936677987
0.09989429190445
0.09820839946243
0.09118150820287
0.08215840972748
0.07391545310284
0.06808969092546
0.06444469803306
0.06211812903239
0.0598531407065
0.05692800466763
0.05283776658074
0.04774399023842
0.04290585827542
0.03905560846408
0.03710431807006
0.03736870827285
0.03980735338182
0.04378609121711
0.04840597349461
0.05242376161169
0.05449860925675
0.0546250098002
0.0538181266044
0.052833807566
0.05192521368233
0.05140802239264
0.05152704477225
0.05182159546917
0.05072937528349
0.04583725675579
0.03592079220707
0.02141316983237
0.00576581549595
-0.00765325777947
-0.01668227318235
-0.02063132560527
-0.01917654244846
-0.01093743326634
0.00582330039003
0.03022529961029
0.05552277037989
0.07534519729095
0.08662255876138
0.08928647180926
0.0857027716633
0.07916928161393
0.07238655359092
0.06740974813876
0.06539702103413
0.06662168825851
0.07020794376853
0.07461432717822
0.07851795170651
0.07968316172766
0.07451661149614
0.06109749503148
0.04202425767409
0.02278363317335
0.00794726141254
-0.00039983457556
-0.00282975113674
-0.00149644170949
0.00128621730678
0.00364709476932
0.00367872009891
-0.00054654414482
-0.0098760538055
-0.022144968514
-0.03394493432702
-0.04305716462071
-0.04832038679406
-0.04917621780851
-0.0439802988858
-0.02859639538595
-0.00143791487472
0.03454637704956
0.07368806169238
0.10831824748496
0.13151109162042
0.14071702459489
0.13587568942904
0.11787930408193
0.09411096316692
0.07336259468941
0.06018886515676
0.055410190397
0.05947519876265
0.07398955866063
0.09757913206445
0.12672565054455
0.1556656524192
0.17797894744279
0.19054392447204
0.18991480103823
0.17249186098121
0.14057309641343
0.10015601877005
0.05703684158204
0.01456321054081
-0.02623570327729
-0.06296305476077
-0.09065341162711
-0.10720040167657
-0.1143889287108
-0.11530295724198
-0.11253481413321
-0.10766317450906
-0.10204266925062
-0.09684376307134
-0.09333013748634
-0.09201070584541
-0.09298267995602
-0.09564839255605
-0.09885260314331
-0.10166317969192
-0.10314068399425
-0.1025101929008
-0.09933743848524
-0.09269399579912
-0.08132946402224
-0.06354089095813
-0.03908749652829
-0.01361568514579
0.00663878544513
0.01864144561481
0.02090844584001
0.0129536946914
-0.00299145673404
-0.02136899442604
-0.03681203480885
-0.04640008468817
-0.04978252292098
-0.04729295048599
-0.03894968682417
-0.02524143631456
-0.00656605114608
0.01556560788017
0.03873874332042
0.05991943620794
0.07773280710076
0.09190233681456
0.10261096782155
0.11010005605691
0.11484237986312
0.11696433978363
0.11514524449101
0.10786771160713
0.09392629312465
0.07248675265498
0.04441557456135
0.01447282983332
-0.01009118666667
-0.02575446344057
-0.03276396022899
-0.03247201888268
-0.02550524706156
-0.0111565683315
0.01170829662618
0.03845160677837
0.06167241595434
0.07735198587346
0.08483956248501
0.08506929331327
0.07854721242457
0.06347387563583
0.03767024123215
0.0024733253583
-0.03625266201662
-0.06811636028842
-0.0874201922591
-0.09523665502271
-0.09578753392877
-0.09342817708781
-0.09107677426738
-0.09040071851334
-0.09263335089146
-0.09763085119342
-0.10430027941267
-0.11152576924819
-0.11831976246769
-0.1238226489972
-0.12751072316821
-0.12913251556243
-0.12824119737946
-0.12439490658287
-0.11731546840035
-0.10701947470278
-0.09298685491702
-0.07385815536219
-0.04790353853259
-0.01582550280168
0.02021902301255
0.05634736116891
0.0858100969539
0.10267020907853
0.10364401873234
0.08781940490943
0.0584895840467
0.02192606019241
-0.01398248786179
-0.04154762829
-0.05805427238011
-0.06576560530676
-0.06782792806882
-0.0659470721462
-0.06024245581997
-0.0504880193483
-0.03838462744712
-0.02632513022214
-0.01594247009273
-0.00815804295659
-0.00308285742769
8.70143573e-06
0.00180695335432
0.00284768187443
0.00354384186525
0.00453090162159
0.00622658362734
0.00802120501064
0.00960918381984
0.01099637579766
0.0128277548333
0.01663142143752
0.02265337439007
0.02978165601722
0.03634217174087
0.04055719077427
0.04027142189186
0.03402333361626
0.02334206659936
0.01192268807186
0.00260751652294
-0.00292273075746
-0.00337778315129
0.00280750507299
0.01516599932837
0.03023835716073
0.0438991750746
0.05317053976547
0.05727287084284
0.05673707218386
0.05327610149495
0.04877905664763
0.04499643400633
0.04299374840273
0.04302070569403
0.04415226408985
0.04450094531564
0.04214806686244
0.03550717594128
0.0229793092766
0.00355890051769
-0.02125294130749
-0.04937319678753
-0.08022497089085
-0.11049952064454
-0.13470302926197
-0.15058350118381
-0.15950233360728
-0.16311730996971
-0.16127392072298
-0.15229160009944
-0.13653126627955
-0.11735718201933
-0.09936839078232
-0.0860785901356
-0.07840364415355
-0.07516347851421
-0.07460597725622
-0.07495296690298
-0.07459751936108
-0.07243557339166
-0.06767986091741
-0.06004950783779
-0.04838085174651
-0.03094769743146
-0.00883218758625
0.01515156692007
0.03885870146715
0.0613337042475
0.08245414812883
0.10126846592198
0.11653748601218
0.12708055822079
0.13187431322763
0.12864980369205
0.11472389734915
0.09118150820287
0.06432301231626
0.04053221299034
0.02225157038463
0.00865651170566
-0.00220528998266
-0.01233916562558
-0.02166675552401
-0.02935396725356
-0.03457885896598
-0.03614224149631
-0.03287696490619
-0.02466974018916
-0.01267674001546
0.00050571194649
0.01276068192534
0.02292690991692
0.0307597809971
0.03653386003655
0.04120078260741
0.04539046394645
0.04928066381565
0.05180989838016
0.05075698041356
0.04315718372955
0.02839344549287
0.01024205392124
-0.0065815021009
-0.01872266660183
-0.0252277777137
-0.02676888898654
-0.0247394620379
-0.02059761639428
-0.0156761291754
-0.01050836964484
-0.00481781861827
0.0013588882616
0.00801744754573
0.01600024291515
0.02680902259873
0.04181216245696
0.06107939153678
0.0822292041093
0.10101336140831
0.11445939917323
0.12135805434614
0.12216562137176
0.11670362066724
0.10207081424634
0.07673531534057
0.04237862548469
0.00412508461484
-0.0299814458967
-0.05433837713276
-0.06833360222471
-0.07488343220766
-0.07748936368507
-0.07794972511767
-0.07609539459383
-0.07072909407297
-0.06063842927643
-0.04489439939907
-0.02303867290313
0.00391632936651
0.03237024701004
0.06021128757663
0.08633077937477
0.10952387544753
0.12744806276214
0.13740743223336
0.13655444451132
0.12253647308011
0.10105615475859
0.08102332420943
0.06723825081827
0.06039527378908
0.05852903022996
0.05890207739195
0.05984543862327
0.06114489523527
0.06265993819558
0.06527943829624
0.07051134826207
0.07870740855752
0.08960340893501
0.10193185282884
0.11355069731644
0.12318082072516
0.1295150643598
0.13129885243912
0.126874581481
0.11369095441149
0.09087410870355
0.06077472735674
0.02710579034392
-0.00694123617603
-0.03804253258222
-0.06163894428423
-0.07599307205822
-0.08254585330671
-0.08306588788881
-0.07903712250358
-0.07178733871395
-0.06319897604845
-0.05545140014137
-0.05009460125591
-0.04798117121261
-0.05094168644688
-0.05913933034822
-0.07059200418971
-0.08207433465074
-0.09068587554801
-0.09526213668125
-0.09651095389557
-0.09606365721162
-0.09475606662388
-0.09349861155921
-0.09390401466896
-0.09834207019659
-0.10884584018612
-0.12620036127015
-0.14769806326551
-0.16783778721274
-0.18235909338204
-0.19015108223634
-0.19220696260167
-0.18984843355471
-0.18232655747906
-0.16787845709147
-0.14627321385926
-0.11777824123284
-0.08590334974663
-0.0566887002219
-0.03421047264408
-0.01853088832855
-0.00690433455951
0.00372424157025
0.01617119677088
0.03301015336037
0.05479693901321
0.07679801173769
0.09404200432829
0.10390416199204
0.10524328073356
0.09746626415321
0.07987315844431
0.05491930855983
0.02859304821894
0.00648478696981
-0.00873300346961
-0.01792519866291
-0.02359946374247
-0.02768330622099
-0.03215145385979
-0.03928451149835
-0.04910049265377
-0.06008233166912
-0.07077699815137
-0.07975813107048
-0.08541930620765
-0.08681208759447
-0.08215218327702
-0.06682867274752
-0.04009700929688
-0.00533138560992
0.02939312910759
0.05390457708998
0.06068730511299
0.0458772428047
0.01376797044746
-0.02182432431081
-0.04802738371198
-0.06037724227647
-0.06197905964176
-0.05772171514165
-0.05073830106218
-0.04131897719303
-0.02831109798621
-0.01339857997546
0.00070075028846
0.01172214957868
0.01833499267993
0.01914041463937
0.01297650581453
-0.00176325302975
-0.02498483457351
-0.05038004621892
-0.07094154920053
-0.08344742893697
-0.08813025954889
-0.0872992623542
-0.08321679833263
-0.0774316340519
-0.07080636684256
-0.06425898425054
-0.05818653946359
-0.05336345175661
-0.05024936274134
-0.04916981140283
-0.05007962898197
-0.05253562177371
-0.05530488060482
-0.05678152112211
-0.05636269335328
-0.05344651908414
-0.04581429447028
-0.03166626580564
-0.01289926903599
0.00620389487375
0.02125281893794
0.03020998182233
0.03352869791329
0.03182342789365
0.02586634879633
0.01655876631877
0.0059833489597
-0.00415675673279
-0.01255432368048
-0.01862310817834
-0.02172120277405
-0.02052934858368
-0.01435899736212
-0.00148028029149
0.0170285034181
0.03655142366559
0.05250877245554
0.06198863325923
0.06394427856947
0.05813849142102
0.04662153757651
0.03353260294147
0.02312985980999
0.0170835013311
0.01521862183252
0.01675698698877
0.02138042158223
0.02781524938508
0.0347262602831
0.04123033125382
0.04614109314185
0.04800535719359
0.04505434359471
0.03528158408298
0.01668679725647
-0.01011226662063
-0.03795111533269
-0.05956679596741
-0.07180846545626
-0.0756953541495
-0.072931601948
-0.06381229941433
-0.04730295599598
-0.02283986557912
0.00533827069647
0.03047812589092
0.0487619249111
0.06028121817342
0.06688564656879
0.07005717728889
0.07015118589353
0.0665162704932
0.05820755823278
0.04643143288673
0.03390562850882
0.02282339607779
0.01523633662394
0.01255222180356
0.01818330482957
0.03439466400548
0.05951244949229
0.08959567086074
0.12061116821923
0.14998198288008
0.17440118581895
0.19196809004846
0.20253761567377
0.2075363396712
0.20875118134081
0.2067629281455
0.20151946505483
0.1939396793908
0.18548063254324
0.17757430014495
0.17152892062243
0.16761547053937
0.16573029569157
0.16519874397567
0.16509789707283
0.16441737842944
0.16298389117285
0.16135061763588
0.16021351661941
0.15987509284091
0.16026973462877
0.16052570292747
0.15992893544143
0.15794496518025
0.15395107511581
0.14764674003801
0.13898294014612
0.12728030851013
0.11191134129317
0.09347107841122
0.07287527596551
0.05273681170478
0.03569838915519
0.02302503589689
0.01387237326535
0.00688619867288
0.00146872176799
-0.00233495959256
-0.00449330177883
-0.00473487006118
-0.00313001253248
0.00041843258718
0.00558151256232
0.01208024246224
0.01971517360255
0.02810254428772
0.03823018988107
0.05141176546112
0.06688838188806
0.08284256346622
0.09699514139872
0.10753403864633
0.11392334857694
0.11655800090676
0.11596051359986
0.11310930316356
0.10921453243188
0.10561146910472
0.103386682774
0.10326600480641
0.10586668159152
0.11154675202633
0.12018938918486
0.13083273243962
0.14122759353265
0.14953990489738
0.15408820099011
0.15344367338985
0.14651672925704
0.13309401368806
0.11545573922004
0.09752586532062
0.08276615448167
0.07277687645361
0.0670242840669
0.0641343472682
0.06299303529969
0.06307045203345
0.06407262262925
0.06514292426967
0.06561976960002
0.06473233844971
0.06178370025968
0.05647584919286
0.04888681383075
0.03949829829451
0.02901893743043
0.01848100834188
0.00863310673031
-4.045558806e-05
-0.00746072009517
-0.01410428515083
-0.02097139057533
-0.02931624864037
-0.03981761082911
-0.05304878206658
-0.06941938001368
-0.08756502021663
-0.10447393619574
-0.11763521282747
-0.1259928369155
-0.13011032022203
-0.13071342213166
-0.12897757412178
-0.12596973066581
-0.12236565958945
-0.1192309836975
-0.11795463333519
-0.11965682971975
-0.12407840134964
-0.13003999372376
-0.13606187109512
-0.14079400943613
-0.14318583019799
-0.14228195114097
-0.13722823282965
-0.12618261768589
-0.10786990706076
-0.08516251011496
-0.06380661282952
-0.04843037542185
-0.03981624316947
-0.03698673533218
-0.03863861623845
-0.04404911376026
-0.05263459714231
-0.06331180796865
-0.07402605357836
-0.08321337918353
-0.08952325688197
-0.09253779467196
-0.09245868635918
-0.08983439944978
-0.0858281284665
-0.08166875158577
-0.07857838066792
-0.07780003836931
-0.08134396841262
-0.08998898098
-0.10197662568649
-0.1145682000966
-0.12554237301976
-0.13349700539792
-0.13799063109615
-0.13963167869844
-0.13916768217048
-0.13753861958555
-0.13550490970278
-0.13416244379425
-0.13424324368606
-0.13594050929771
-0.13898668321461
-0.14268519478813
-0.14609642585544
-0.1484000325706
-0.14890469897729
-0.14721628716225
-0.14367606419638
-0.13911754664741
-0.13431878888558
-0.13007234967153
-0.12739915093453
-0.12717953358939
-0.12964146490325
-0.13431497383501
-0.13988638731063
-0.14491933879006
-0.14837084383463
-0.14905701307179
-0.14572899329618
-0.13794596621163
-0.12507376963828
-0.10495099747235
-0.07651393443432
-0.04177901470624
-0.00548069085322
0.02489503692091
0.04524966698575
0.05497898170933
0.05497858580785
0.04533176255511
0.02585214313161
-0.00082374535941
-0.02889933559503
-0.05292652049309
-0.07031721257546
-0.08129124153444
-0.08745812681855
-0.09006024324538
-0.09002187679341
-0.08758895426031
-0.08261556795724
-0.07562092467232
-0.06783973313097
-0.06084383015954
-0.05615153390327
-0.05411652834294
-0.05431188772502
-0.05618417777938
-0.05905813455493
-0.06191272814928
-0.06352545080063
-0.06314621317923
-0.06064566347609
-0.05658403826849
-0.05165697243793
-0.04674966569003
-0.0423801371085
-0.03874529369027
-0.03559091990042
-0.0322013770357
-0.0278976364819
-0.02228151853162
-0.01536731882718
-0.00723613598607
0.0017036640993
0.01073848557726
0.01889149698602
0.02547976540303
0.02979974511549
0.03168065502468
0.03034002106024
0.02490306652263
0.01608203615975
0.00582017636748
-0.00410306889376
-0.01224787074559
-0.01850236182777
-0.02337071906879
-0.02775994194912
-0.03257755541844
-0.03861158696506
-0.04583920027212
-0.05311676914704
-0.05949474189907
-0.06396605315056
-0.06578392474771
-0.0645455449359
-0.06085793864844
-0.05541429337591
-0.04889275235286
-0.0418784579584
-0.03483560827032
-0.02799686018869
-0.02155039648159
-0.0153993796484
-0.00829279702116
0.00089174503674
0.01302858485393
0.02745148791223
0.0431985374381
0.05906097784734
0.07308312423955
0.08404448435135
0.0923352730723
0.09907715126136
0.10517694924109
0.1107580443073
0.11563065568962
0.12001468866153
0.12452548208733
0.12940896276467
0.13514697877891
0.14234921840057
0.15072890499803
0.15976388051766
0.16868300086947
0.1769982275087
0.18372182224785
0.18822617327693
0.18997346643852
0.18853479647172
0.18345761200028
0.17464049026468
0.16063457583292
0.13975905100005
0.11298646573338
0.08268467076004
0.05139193439636
0.02110580632409
-0.005814846094
-0.02826604439842
-0.04709683529201
-0.06395241254521
-0.07877456784399
-0.09064182251123
-0.09914013558683
-0.10445493292497
-0.1059890151471
-0.10290407887675
-0.09436653556414
-0.0787585518298
-0.05789306849796
-0.03675398125629
-0.01968922046135
-0.00846429794075
-0.00310648626732
-0.00261906388922
-0.00567771302149
-0.01074911013319
-0.01641520164685
-0.02153504990081
-0.02414617488573
-0.0223249885135
-0.01263781210321
0.0094151057189
0.04347365297174
0.08518928745105
0.1286307284392
0.16577733598493
0.19093072021249
0.20366305559226
0.20732359661529
0.2065993488545
0.20494829574223
0.20256820806043
0.19847185149621
0.19149178458375
0.18096796758321
0.16734812907104
0.15192596709234
0.13597048983663
0.12070496087761
0.10688080121363
0.09444675959927
0.0819808299207
0.06847137593779
0.05343399420114
0.03674743088644
0.01910534496695
0.00197154003461
-0.01309853344625
-0.02507554279949
-0.03395041576289
-0.04070464607795
-0.04636337382418
-0.05187234283998
-0.05773481588134
-0.06404523344543
-0.07046207652403
-0.07654618240896
-0.08179086919509
-0.08580055932747
-0.0878418273293
-0.0879328846684
-0.08628917372892
-0.08338430064733
-0.08000913260523
-0.07659354662171
-0.07329313197618
-0.07002910427525
-0.06692440892223
-0.06429134019831
-0.06201274725812
-0.06098354738894
-0.06280419029642
-0.06823459086508
-0.07671703189067
-0.08716505175439
-0.09803099961087
-0.10784489328579
-0.11579790606702
-0.12159768271126
-0.12570112951098
-0.12856810402416
-0.13028109772165
-0.13079325026531
-0.13048077602891
-0.12936768103821
-0.12758673625129
-0.1251150153737
-0.12198303880999
-0.11818378830676
-0.11419378527498
-0.11048868734056
-0.10726716506156
-0.10371376937392
-0.09846566343868
-0.0894102809976
-0.0737000107187
-0.05251186768525
-0.03103846684222
-0.01414547330058
-0.00411511509589
-0.00058471624516
-0.0017532108089
-0.00496255659819
-0.0080341941781
-0.00910503928328
-0.00708767293319
-0.00185392094577
0.0065375210462
0.01898337852002
0.03617956420803
0.05818463193831
0.08154469046012
0.10191619672508
0.11662382852463
0.12531840075839
0.12980050932282
0.13258510033829
0.13568400113336
0.14041056086269
0.14671478796735
0.15340494702744
0.15872240770278
0.16166345178271
0.16147356303919
0.1576445479433
0.15049078825672
0.14073401236724
0.12864893990702
0.11285596221101
0.09227628375262
0.06713607224684
0.03864847778426
0.00769950986898
-0.02377932898048
-0.05145574651582
-0.07233699392454
-0.08687356029613
-0.09692283539308
-0.1046296334483
-0.11144478940116
-0.11753292628291
-0.12173106551708
-0.12357175543558
-0.12286589909783
-0.12017366109901
-0.11615601694611
-0.11202179780452
-0.10902485963462
-0.10813019428464
-0.10933150332204
-0.11152792871077
-0.11331240061991
-0.11376167681123
-0.11200045511595
-0.10710282995866
-0.09703246411044
-0.0800069371516
-0.05892885472803
-0.03879870439826
-0.02330800467614
-0.01366063435955
-0.00911478205865
-0.00747242078329
-0.00638511337499
-0.00513226516383
-0.00392391987751
-0.00365431457257
-0.0046950783639
-0.0069794406683
-0.00939746290956
-0.0106674140644
-0.01055347362008
-0.00974709429888
-0.00903264689914
-0.00945365212608
-0.0123906760065
-0.01892714251513
-0.0288650109372
-0.04038547750752
-0.05134676563724
-0.06052135041314
-0.06716054615617
-0.07134418099996
-0.07342018035841
-0.07386585744541
-0.07293376141058
-0.07011364723555
-0.06546597987276
-0.05881843420772
-0.05026811407481
-0.03929329331287
-0.0243783315103
-0.00549483533316
0.01409356701819
0.03114072819304
0.04387556495031
0.05204520782011
0.05615416124942
0.05710479267145
0.05578089814118
0.05323456783119
0.05048845124081
0.04809965372658
0.04603718700035
0.04349420385737
0.03909224734598
0.03173673626808
0.02186352215588
0.01119811639168
0.00181498655514
-0.00501287207648
-0.00832209732936
-0.00796466668099
-0.00462354616569
0.00062593282784
0.0065244994868
0.01131068917637
0.01337845018504
0.01070832868222
0.00243133640784
-0.01120604521848
-0.02993732087783
-0.05169663456745
-0.07230704937666
-0.08846108921729
-0.09918066150139
-0.10521848290485
-0.10796172021177
-0.10887790820554
-0.10858814431735
-0.10755034258886
-0.10640510759665
-0.1053750079514
-0.10451359832526
-0.10370693107572
-0.10225969524066
-0.09969087052871
-0.09599473436404
-0.09089458760709
-0.08424041959012
-0.0761753307006
-0.06701431454796
-0.05582268374224
-0.04184851341052
-0.02542834499972
-0.0060972750076
0.01549368337959
0.03798246353125
0.05908728729986
0.07691775393817
0.09093939645578
0.10159022584751
0.10961702026714
0.11595018417048
0.12193153562728
0.12846758104071
0.13639306067395
0.14619155018242
0.15942977566434
0.17566771062649
0.19208718441016
0.20520815107358
0.21277429613227
0.21290767893809
0.20306823162255
0.18301420234899
0.15635034602359
0.12686083290252
0.09770477679599
0.07298029782934
0.05484995381973
0.04294580833329
0.0350824636369
0.02913451546722
0.02380532531093
0.01893507854014
0.01518656820951
0.01393839523486
0.01581443555592
0.02108754806791
0.02928366954813
0.03932957228434
0.04953897153216
0.05812657838575
0.06400423964731
0.06622373529469
0.0635852679143
0.05521724241481
0.04145016454522
0.02445918178957
0.00747367327159
-0.00640575063911
-0.0156773780646
-0.02032324227613
-0.02099767123502
-0.01862261150195
-0.01372353230651
-0.0066061235735
0.00229445707218
0.01237188508288
0.02274535309988
0.03246645826652
0.04184369061074
0.05079516691032
0.05921440766418
0.06727701317172
0.07469642274759
0.0810365689133
0.08610770688949
0.0900800383191
0.09335457540462
0.09572300198845
0.09670120254952
0.09525947334405
0.0901122503027
0.08123088455512
0.06964453997947
0.05647887244048
0.04278636801225
0.02966816906004
0.01699199050485
0.00380450879463
-0.01110767809852
-0.02769252712624
-0.04374909242477
-0.05724199052784
-0.06681704764059
-0.07238972080272
-0.07378602931176
-0.07028435275309
-0.06117239239222
-0.04706357956816
-0.03102908397727
-0.01693801113837
-0.0074582403123
-0.00343142420196
-0.00503357052538
-0.01222010365582
-0.02325428084607
-0.03530284759126
-0.04579759462627
-0.05365026437927
-0.059408723306
-0.06338497775932
-0.0657402676124
-0.06688204746447
-0.06697774764814
-0.06675755444631
-0.06743004708708
-0.06962532076244
-0.07327214919804
-0.0782924318303
-0.08437315455716
-0.09093601329772
-0.09732528723729
-0.10303659789754
-0.10790895734255
-0.11244785977303
-0.11682620616012
-0.12106220797166
-0.12516986572342
-0.12884991389182
-0.13174809263939
-0.13385004153993
-0.13472426397742
-0.13425576856907
-0.13248162608931
-0.12978924412632
-0.1267070791663
-0.12368170807232
-0.12104122519352
-0.11960748599963
-0.1201059619469
-0.12265945447447
-0.12671341358989
-0.13145264216639
-0.13601911373589
-0.13926773727036
-0.14032680970534
-0.13901007739264
-0.13505811689343
-0.12894766556495
-0.12164234759578
-0.11345823632665
-0.10499677807921
-0.09677340058203
-0.08916752141173
-0.08255535494209
-0.07706697280296
-0.07299113113332
-0.07005951670669
-0.06768565547535
-0.06550934907972
-0.06361866760232
-0.06198046329244
-0.06079948919441
-0.06017702410358
-0.05999548528206
-0.06003601119661
-0.05986976856842
-0.05895854733861
-0.05720056483721
-0.05495825086849
-0.05226241376536
-0.04909138691986
-0.04514424922044
-0.04024097346938
-0.03402732142383
-0.02660550044807
-0.01859439452414
-0.01044192658012
-0.00206541115347
0.00600366590354
0.01316468498351
0.01927398099951
0.02489637218861
0.0304781942739
0.03630276154865
0.04233104532568
0.04866305751564
0.0548425036738
0.06066740206614
0.06593465523632
0.07063674105632
0.07477495520369
0.07783034282762
0.080218420521
0.08220793340281
0.08318127517306
0.08264270520375
0.08070602717324
0.07733928103524
0.07279555580499
0.06777872831287
0.06300394058576
0.05891557403312
0.05587155957881
0.05397850269256
0.05308866014236
0.05279936413773
0.05246403558894
0.05134309455084
0.04911168586819
0.04603009676485
0.04294249715732
0.04060599462874
0.0391479254897
0.03851451912175
0.03840460247605
0.03847824015029
0.03877995306479
0.03958330913837
0.04140344817124
0.04449835396053
0.04854666248218
0.05277798545811
0.05682913727217
0.06085718283654
0.06538604376598
0.07056950978776
0.0765614066202
0.0833917867843
0.0909769711048
0.09850158249972
0.10466857575696
0.10828103274637
0.10862733856331
0.10557824937192
0.10026813086938
0.09389800416475
0.08739222721859
0.0815471738421
0.07713895488921
0.07415623318134
0.07192597621207
0.07031246175777
0.06909941964031
0.06771426835463
0.06620962680579
0.0653990005415
0.06574901343588
0.06768918259758
0.07134849992514
0.07636212421442
0.08229909871505
0.08852087033992
0.09413835235074
0.0980025666868
0.09968705547814
0.09870223256514
0.0943395422818
0.08682864347431
0.07636453561431
0.06371926256785
0.05028888090669
0.0381279753186
0.02857503830096
0.02224356237754
0.01882564777352
0.01871143739638
0.02297645518688
0.03117076991674
0.04103014907196
0.05035884749452
0.05778559924319
0.06223355230769
0.06256276237915
0.05804397894178
0.04830908560652
0.03448975594052
0.01805448568802
0.00131977283602
-0.01413354586889
-0.02769200165701
-0.03875137617655
-0.04673278589081
-0.05184250626523
-0.054353601344
-0.05425441002915
-0.05181864420364
-0.04825481111349
-0.0444961585069
-0.04118026771283
-0.03933979374059
-0.0402620282296
-0.04501072245045
-0.05330762964873
-0.06423166704881
-0.07675226712188
-0.08925530356591
-0.10040558066307
-0.10943706505152
-0.11562255770492
-0.11870256320236
-0.11921180047152
-0.1178957159976
-0.11542107984551
-0.11267046437475
-0.10997592294917
-0.10705690538763
-0.10303753366466
-0.09652876946191
-0.08548031102575
-0.06821245637356
-0.04461345331644
-0.01686051522432
0.00994698495329
0.03089696085796
0.04441247933164
0.05179456619579
0.05502451037888
0.05688607510239
0.05943708424799
0.06354258253716
0.06877801962521
0.07492032302686
0.08180627336155
0.08967675868089
0.09796556789447
0.10574240451961
0.11239891195438
0.11747965953908
0.12064334421178
0.12215198076642
0.1230798658492
0.12462416952757
0.12720231591968
0.13085990567718
0.13559621897918
0.14109766586697
0.14664359768405
0.15177556052313
0.15617035481693
0.15983143570561
0.16287177907352
0.16507230744117
0.16549851337385
0.16348150333508
0.15854032901561
0.14978028907441
0.13652925078113
0.12054490870884
0.104871421276
0.09214642806903
0.0837560881228
0.07975975066742
0.07926188656789
0.08118366430654
0.08472266357694
0.08955025016431
0.09512598256511
0.10104910051413
0.10754256852355
0.11466066108638
0.12190954509993
0.128704006203
0.13410809731913
0.13732094575674
0.13813311963588
0.13662711042739
0.13314688453041
0.12866132082585
0.12435348089224
0.12062570860065
0.11756193506367
0.11532340015447
0.11314551015294
0.10961486080455
0.10344491628178
0.09412708715424
0.08235470487668
0.06928552932431
0.05661923750867
0.0455343921279
0.0363291789743
0.02887319889951
0.02280255366472
0.01715720378921
0.010685859474
0.00245226699896
-0.007939134635
-0.02103921929521
-0.03679126797697
-0.05420315878374
-0.07102051354915
-0.0851052843564
-0.0957795439172
-0.10299643189341
-0.10736243335271
-0.10969839601564
-0.11099058243693
-0.112317644179
-0.11422887654202
-0.1175748198571
-0.12300090150059
-0.13103874517046
-0.14149914595302
-0.15321430247201
-0.16534817878672
-0.17730541106177
-0.18819223372326
-0.19801343357994
-0.20738812855561
-0.21555694363141
-0.2209641659683
-0.22279261893214
-0.22111968326564
-0.21680396129358
-0.2104053296828
-0.20282061324586
-0.19418175514685
-0.18382295707903
-0.17100161584962
-0.15621905069828
-0.14032328258311
-0.12468222308013
-0.11044614592759
-0.09732301980158
-0.08448541062067
-0.0713591532739
-0.05778725483117
-0.04411087439026
-0.03108877152319
-0.01965639663002
-0.01054569955476
-0.0041289752466
-0.00020507404845
0.00106646931415
0.00021248885117
-0.00197404177202
-0.0044245013008
-0.00633490586983
-0.00676483687547
-0.00501709022673
-0.00084040165426
0.00504547276334
0.011376646362
0.0173943847634
0.02328110856962
0.02925954475193
0.0356342171253
0.04275613553602
0.05096918360382
0.06058188734768
0.07195829616879
0.08586196004704
0.10185493996968
0.11891822153276
0.13448060461546
0.14593104701228
0.15298176434239
0.15611877965213
0.15582293327765
0.15276301078228
0.14771415126178
0.14102338035396
0.13289106019589
0.12373267138939
0.1141373873104
0.10461692861007
0.09542031731578
0.08677429699919
0.07894340182728
0.07152032116501
0.06413967394259
0.05630885075276
0.04787704912485
0.03878499181083
0.0291980108655
0.02006022333208
0.01187315719831
0.00525304030725
0.00046253133259
-0.00309316274307
-0.00614303042072
-0.00866875945763
-0.01122973452307
-0.01421169681993
-0.01776734914598
-0.02212048020826
-0.02681515907159
-0.03130332132946
-0.03502615205082
-0.03727394385631
-0.03773516907394
-0.03704961168452
-0.03542915095889
-0.03369004935872
-0.03309910882256
-0.03440098043355
-0.03791908330431
-0.04321955620729
-0.04955750691936
-0.05604881546619
-0.06195534154434
-0.0666086595009
-0.0696061735275
-0.07085754610588
-0.07043652288342
-0.06829905082332
-0.06410379087259
-0.05792963539777
-0.04960116405467
-0.03850267806857
-0.02416765434027
-0.00785822317095
0.00753082344897
0.01922008441243
0.02588421115103
0.02653131930909
0.02010802303645
0.00815006014323
-0.00658263221965
-0.02127872888988
-0.03365753145125
-0.04293011623848
-0.04933806952944
-0.05328527921095
-0.05533633677651
-0.05577125254162
-0.05429414414076
-0.05119027658173
-0.04757123323143
-0.04410605159048
-0.04101690436809
-0.03909260725641
-0.03957154006727
-0.04295192681062
-0.04862724642773
-0.05532003283397
-0.06214433051178
-0.06838593320142
-0.07395050837884
-0.07896773177243
-0.0836218055409
-0.08797610991119
-0.09297796512937
-0.09897263327213
-0.10600236782409
-0.113794032759
-0.12150716523781
-0.12839534701716
-0.13426645790888
-0.13855306312705
-0.14096964572658
-0.14230063049235
-0.14322232511572
-0.14443022051401
-0.14649272323128
-0.149451114994
-0.15288113338581
-0.15640793169259
-0.15923707961945
-0.16052080814561
-0.1595325660835
-0.15554601819186
-0.14857077407918
-0.13846632471312
-0.12608303046957
-0.11370286744676
-0.10296339211582
-0.09449934251327
-0.0887107230924
-0.08505784816156
-0.08263500312053
-0.08040892111225
-0.07752006404485
-0.07359041799238
-0.06883589322256
-0.06351548128168
-0.05779330132642
-0.05201472340658
-0.04636002665717
-0.04067542135093
-0.03478547994545
-0.02848094691692
-0.02134435495792
-0.01311033850839
-0.00378330647112
0.00713618526021
0.01960300031844
0.03352665002293
0.04888746166952
0.06520392908777
0.08126154892387
0.09513613203927
0.10589299104404
0.11340529350221
0.1177886426443
0.11947431914007
0.11926510320639
0.11831497565895
0.11813825963721
0.11998708353146
0.12404608139291
0.12921291955277
0.13388876790233
0.13650189758836
0.13580575883225
0.13189612379976
0.1259226543814
0.11948335289189
0.11453382865042
0.11252390884715
0.11332488951188
0.11577094877572
0.11888680135211
0.12153538221561
0.12263757192025
0.12162399216379
0.11889392757865
0.11535402853217
0.11250749693148
0.1108944143697
0.11065593771796
0.11236497240071
0.11594867254667
0.12119339532385
0.1272161004892
0.13312604571644
0.13778163110873
0.14086703526263
0.14278557380741
0.14400160318144
0.14457731590725
0.14398026049287
0.14130821346924
0.1348206479909
0.12406533660098
0.11005485130674
0.0952924771306
0.08175610184743
0.07089108975807
0.06353214513465
0.05940184901677
0.05777066296029
0.05810797101645
0.0599047158713
0.06316852762597
0.06744897837577
0.07213116114892
0.07648345002079
0.07973279337612
0.08061072289105
0.07830672027442
0.07259490573957
0.06375622536914
0.05270823481654
0.04098771563212
0.03010001478917
0.02121658315572
0.01489555543212
0.01119087499381
0.01005639052618
0.01090004577074
0.01350408411927
0.01737596094842
0.02191930107451
0.02647530644868
0.03049003172798
0.03356180607386
0.03554146460807
0.03586287901958
0.0346397198199
0.03227721016357
0.02891457060358
0.02449204161195
0.01925240796826
0.01339590224185
0.00706891440151
0.00051523121749
-0.00642942554728
-0.01342729362966
-0.02030016481928
-0.0271319018457
-0.0340513274496
-0.04194691292242
-0.05122875100683
-0.06178164877022
-0.07340801538583
-0.08475411974863
-0.09459407093877
-0.10184252305981
-0.10569086534586
-0.10641853225574
-0.10452083252493
-0.10037545615998
-0.09461508970796
-0.08824312746013
-0.08221729107403
-0.07776595485148
-0.07558907259915
-0.07611295822287
-0.07947966836983
-0.08502293684973
-0.09126047255149
-0.09718956501367
-0.10234826919779
-0.10655454240771
-0.1098425761344
-0.11236781569312
-0.11426922250137
-0.11625995907865
-0.11868222826299
-0.12159098837724
-0.12478324993818
-0.12747689158768
-0.12903775114589
-0.12932953053249
-0.12773318380577
-0.12293654951548
-0.11450428000401
-0.10062530598135
-0.08027622213626
-0.05763656033361
-0.03848680601855
-0.02629137062369
-0.0214219588451
-0.02355052312203
-0.03107440389877
-0.04107423809979
-0.05134694559245
-0.06008197175868
-0.06651907779457
-0.07033733156857
-0.07161130652203
-0.07045498628854
-0.06730738961212
-0.06206626593925
-0.05521457907762
-0.04705458180738
-0.03772026878209
-0.02731386536153
-0.01558713772217
-0.00334285348403
0.00794757453461
0.01760070701721
0.02557144898628
0.0319221225321
0.03649340610407
0.03938046361932
0.04049316270855
0.04000944308896
0.03863379343867
0.03685205684881
0.03510210754823
0.03390037381653
0.03338604381476
0.03334270699974
0.03345182464428
0.03342476297895
0.03275245029339
0.03095673838149
0.02806392949755
0.02459411940846
0.02120092705196
0.01887735970428
0.01808518604781
0.01884625624482
0.02075510600078
0.02381015530892
0.02781700574799
0.03200927484303
0.0356567511174
0.03865686369731
0.04075665313526
0.04096568911372
0.039063886404
0.0356838703684
0.03151306273237
0.02721438251923
0.02339069409772
0.02044696868508
0.01796572817658
0.01531768717872
0.01181211998828
0.00725797175194
0.00252146337848
-0.00084082922785
-0.0015909045211
0.00128923875485
0.00844612246397
0.02027463277328
0.03647152354986
0.05518819764301
0.07351667234502
0.08853670639889
0.09893739804091
0.10481916228139
0.10720587231512
0.10754188469373
0.10629565883451
0.10325265212941
0.09917177171374
0.0953212699651
0.0929683915119
0.09246984358254
0.09412791494823
0.09798485909359
0.10318308144305
0.10868211693095
0.11375548635181
0.11769718940373
0.12043484809896
0.122583117472
0.12485066116195
0.12748560142011
0.13090435461543
0.13531584875325
0.13995934115504
0.14385839482085
0.14612579454663
0.14597142896267
0.14208479220673
0.13323538650546
0.11760001358729
0.09623824976182
0.07387042830789
0.05496105816985
0.04200295097656
0.03477290827409
0.03184899593068
0.03202013334074
0.03368874648296
0.03646652079486
0.04014980815714
0.04395924412558
0.04727873402396
0.0501111211447
0.05200842497403
0.05244999908212
0.05164207214607
0.05013217590493
0.0484570447848
0.04717623153314
0.04663816543844
0.04706145609662
0.04794006944136
0.04863376080654
0.04802770763137
0.04462529436963
0.0375411773515
0.02678443351807
0.01265981342788
-0.00364287661906
-0.01985924574817
-0.03394740691168
-0.04536447841331
-0.0542337511704
-0.06111757803354
-0.06633304009266
-0.07019167581704
-0.07325681701367
-0.0758974078656
-0.07760942980493
-0.07853821466379
-0.079617514065
-0.08163096099049
-0.08481983939338
-0.08932426240454
-0.0948943802026
-0.10058006524014
-0.1051114455426
-0.10821560102997
-0.10972726083223
-0.11004441390424
-0.10987950294464
-0.10977408517933
-0.10992276417848
-0.11035328903633
-0.1116842738021
-0.11464630066018
-0.11993007371915
-0.12788722547034
-0.1385509396555
-0.15123396730619
-0.16525690550135
-0.17910877826855
-0.19176330101308
-0.20247272382302
-0.21088195906689
-0.2170242264775
-0.22078637021527
-0.22170000284497
-0.21973600761273
-0.21531058494123
-0.20941471221185
-0.20287276426734
-0.19598436654173
-0.18946915994226
-0.18448411254122
-0.18141623602532
-0.18044714119816
-0.1811318707936
-0.18268038542401
-0.18353862783835
-0.18266930018273
-0.17947930605751
-0.1732988161591
-0.16344245305329
-0.14927274338427
-0.13166858842513
-0.11309893774314
-0.09564403763984
-0.08069828909897
-0.06875433751884
-0.05904247845117
-0.05018695427256
-0.04130396892805
-0.03231787644319
-0.02372520205073
-0.01567652507687
-0.00891823857125
-0.00390101157856
-0.00066188212135
0.00158064275488
0.00375461441155
0.0057485793854
0.00720256714015
0.00827474751303
0.00930365945386
0.0105054219784
0.01291211423928
0.01706490835822
0.02262787113691
0.02893931804483
0.03554055043557
0.04207630072245
0.04806092736418
0.05330093531471
0.05761946458813
0.06075849539629
0.0621730513642
0.06202836737084
0.06111995344238
0.06013520251146
0.05988240142456
0.06133723136973
0.06456641974091
0.06951828340019
0.07565205692462
0.08269568401923
0.0904297272941
0.09826098237644
0.10524241694853
0.11087170402149
0.11496212206359
0.11754332769437
0.11917051874506
0.1199313693967
0.11938740077092
0.11715307681378
0.11294075710861
0.10750844901467
0.10212613247962
0.09801552346233
0.09621168837199
0.09722343258525
0.10137082444862
0.10806065958932
0.11681677650682
0.12686461196205
0.13693260240143
0.14549803877246
0.15145110126936
0.15463983570808
0.15538434642614
0.15388222425031
0.15048211441533
0.14566489324838
0.13967990669622
0.13236461920811
0.12334364420426
0.11260553653295
0.10007993370489
0.08680845249912
0.07443210452689
0.06399319039707
0.05591431693804
0.05009406139026
0.04623063885714
0.04379883204637
0.04195425509522
0.03987422473994
0.03750101134738
0.03496900187345
0.03284370918234
0.0319484967685
0.03284238831106
0.03567672614634
0.04027167382916
0.04587961821355
0.05161738229049
0.05650244657373
0.05982816292257
0.06041499688071
0.05781669550445
0.05209987821461
0.04414902489597
0.03557033662286
0.02770159327
0.02187308137693
0.01870599555066
0.01835054440966
0.02047474297305
0.02442660269734
0.02968969170382
0.03552819111136
0.04140715524869
0.04682323138218
0.05129130343978
0.05419214552455
0.05548084081465
0.05503825895735
0.05238525119554
0.04773977928638
0.04169850274278
0.03483969685282
0.02759361294242
0.02036989026712
0.01229838057551
0.00218973069481
-0.01039442920051
-0.02494804812833
-0.03955286071589
-0.052435710638
-0.06227807322803
-0.06854940451929
-0.07135184709215
-0.07092369764314
-0.06715946642488
-0.06008675856742
-0.04923236383578
-0.03542577859815
-0.02086936676539
-0.00834166925861
0.00048378512329
0.00537820275881
0.00656646864218
0.00378083748557
-0.00240139761852
-0.01028571465565
-0.01803005856706
-0.02488987220622
-0.03024018550572
-0.0331851094201
-0.03314406883363
-0.02995692159992
-0.02393699494309
-0.01527104998504
-0.00472847085371
0.0062961579128
0.01631885722351
0.0242646573997
0.02966544093897
0.03322646312865
0.0357721743927
0.03745990957613
0.03780542359012
0.03691054229388
0.03501773374584
0.03244271497537
0.02949424954235
0.02658308522642
0.02407973901923
0.0224179605761
0.02165927298615
0.02150487860935
0.02156917300879
0.02158885291117
0.02148260735187
0.02129997800174
0.02107683713348
0.02050646547846
0.01947465625866
0.01804225233247
0.01587312974904
0.01247006864853
0.00812417898412
0.00341421076577
-0.00123294552421
-0.00522014449383
-0.00826325917206
-0.01033902458873
-0.01205257254829
-0.01364450317402
-0.01496072441391
-0.01596675684863
-0.0170096441115
-0.01871016691256
-0.02182640819221
-0.0267504075859
-0.03309236050197
-0.04001520165586
-0.04708992501173
-0.0535061562426
-0.05846582995824
-0.06135576675693
-0.06216185814979
-0.06111196343081
-0.05774705283601
-0.05183699963563
-0.0443721333723
-0.03660047945737
-0.02953566083657
-0.02425501899835
-0.02201529998384
-0.02331686207186
-0.02791552043123
-0.0345280468113
-0.04141611701842
-0.04758458590843
-0.05254865053133
-0.05597193859808
-0.05803274973632
-0.05844851826649
-0.05710061771045
-0.05453499620135
-0.05147172653897
-0.04817001621589
-0.04524376445468
-0.04340512602564
-0.04299947097858
-0.0437212353574
-0.04465725441593
-0.04484001693291
-0.04375449108124
-0.04133125013874
-0.03752800462972
-0.0325217764998
-0.02666217554368
-0.02058104971713
-0.01472425246327
-0.00904092843816
-0.00341332070727
0.00243159194424
0.00870197199223
0.01513223253171
0.0210621671843
0.02628985180167
0.03086044434561
0.03463670017139
0.03718641363943
0.03825207243529
0.03753826207701
0.03595325612797
0.03398968559004
0.03183621551127
0.02932433582776
0.02623103523899
0.02276775752422
0.01906728803795
0.01562248812473
0.01304754853456
0.01126579754828
0.00968516451098
0.00735687153934
0.00362213498091
-0.00228578287087
-0.01004084959376
-0.01860060657818
-0.02681576372111
-0.03386616433004
-0.03966015001544
-0.04500298437618
-0.05100578649468
-0.05827072251346
-0.06737400903294
-0.07821926203962
-0.08939689232956
-0.09948438991431
-0.10756517089863
-0.11325269147937
-0.11658992496201
-0.1184720045801
-0.11990909094101
-0.12196122823786
-0.12558782970722
-0.13142269761851
-0.13954011748473
-0.1490561852778
-0.1590675258153
-0.16865841898702
-0.17705063046749
-0.18341147148299
-0.18703404195553
-0.18785564548796
-0.18612084121834
-0.18154922292966
-0.17435410953454
-0.16474399714579
-0.1523307943454
-0.13734012898272
-0.12139861625174
-0.10638347697974
-0.09333211699371
-0.08257900105742
-0.07375129795515
-0.0663804762875
-0.05998562373624
-0.05390148186028
-0.04790332258634
-0.04194961225065
-0.03614994357954
-0.03091498877146
-0.02617360433148
-0.02164880679081
-0.0170978545591
-0.01228486593882
-0.00719861172451
-0.0019171179783
0.00386484417932
0.01064597420001
0.01898662851121
0.02981411633901
0.04356132715279
0.06008308748102
0.07920098972292
0.10043336574837
0.12195025096971
0.14134751568834
0.1572911878819
0.16932284963413
0.17774853278471
0.18401849641633
0.18953819076297
0.1946853058312
0.19892454683662
0.20132543734135
0.20150046178406
0.19915308996046
0.19441512107047
0.18824431276266
0.18177009996132
0.17552536605093
0.1694319024948
0.16362086065406
0.15853003557728
0.15400678925057
0.15006497822552
0.14702528269639
0.14542598470412
0.14528331620918
0.14621422453958
0.14796119378179
0.14923250539806
0.1487062443655
0.14585492595608
0.14011878147608
0.13136464406595
0.12045518303833
0.10896227121062
0.0981805783861
0.0889627683674
0.0812867786451
0.07433464078211
0.06625216821876
0.0556525540814
0.0421139833446
0.02597485099404
0.00822816430591
-0.00859797587312
-0.02238121372107
-0.03255261362555
-0.03974102188934
-0.0453553726794
-0.05050680667281
-0.05594652892163
-0.06251741366481
-0.07028572041273
-0.07861858266309
-0.0862419174893
-0.09226329098605
-0.09652794166792
-0.09904439941212
-0.09977530551588
-0.09900232588271
-0.09683937216407
-0.09306923841473
-0.0874607541647
-0.08027413465575
-0.07231140429288
-0.06428187455397
-0.05693563476877
-0.05118743328933
-0.04778779133791
-0.04727387523314
-0.04940548075321
-0.05330842145168
-0.05816422501686
-0.06310165626784
-0.06752117640827
-0.07118484865205
-0.0742870606231
-0.07672934082741
-0.07872173299268
-0.08101148315624
-0.08394446524251
-0.08771683043653
-0.09201725621526
-0.09629270421006
-0.09964739334862
-0.10184417864779
-0.10269892993094
-0.10206746707933
-0.10074886323239
-0.09958879993041
-0.0987728110007
-0.09853789746223
-0.09890277465743
-0.09948147463982
-0.09939102914845
-0.09764319612121
-0.09410981145354
-0.0892341768236
-0.08352844477504
-0.07787234437495
-0.07343194942951
-0.07143023558407
-0.07233458252465
-0.07522034436235
-0.07878676880761
-0.08182614041735
-0.08346959941953
-0.08376386218811
-0.08306117306216
-0.0817939644248
-0.08027186722004
-0.07864251670676
-0.07706585708062
-0.07529319023363
-0.07337281614566
-0.07167090768944
-0.07046736720737
-0.06944057873808
-0.06792711938367
-0.06584690907318
-0.06353351279429
-0.06081924827708
-0.05773398808735
-0.05442140846925
-0.05096691616811
-0.04746545555569
-0.04374531336525
-0.04004212295612
-0.03652457434742
-0.03349904849196
-0.03175409114907
-0.03150477759424
-0.03204197630481
-0.03247163017942
-0.03205112882708
-0.03064391863107
-0.02763227812005
-0.02274168561259
-0.01626636068801
-0.00880482719527
-0.00129894194008
0.00578908730443
0.01188112561526
0.01644174864026
0.0195998762959
0.02159536369087
0.02312481746485
0.02483606199765
0.0265243154521
0.02776359503999
0.02841340612539
0.02888036111709
0.02980356376517
0.0312491872015
0.03298354878129
0.0346158505601
0.03552628718518
0.0354496874481
0.03406901704729
0.03125509693078
0.02673275757835
0.02042646818691
0.01301827342008
0.00557087360997
-0.0012676862385
-0.00684570155116
-0.01127542875142
-0.01457312967229
-0.01657149275162
-0.01751405498178
-0.0178543286999
-0.01799352765828
-0.01814523710326
-0.01846826031441
-0.01934648855499
-0.02087816657543
-0.02307345464721
-0.02578582603555
-0.02893758327655
-0.03231448968603
-0.03567103596242
-0.03864235930693
-0.04040332906491
-0.04033534198445
-0.03826650484359
-0.03425544345247
-0.02844251208197
-0.02121877141114
-0.01287274363721
-0.0044982793401
0.00303168716213
0.00867144079034
0.01186056033322
0.01302197689842
0.01311870282681
0.01328120598562
0.01454549574938
0.01753894278811
0.02271351182403
0.03001996711016
0.03841658749341
0.0464428420474
0.05303053460772
0.05799164796508
0.06117152860718
0.06239896714189
0.06251179906208
0.06287145755602
0.06425873231324
0.06682755702518
0.06983237723353
0.0728064970821
0.07517956651049
0.07601938151075
0.07435479576626
0.07034856077402
0.06471034792236
0.05840047022392
0.05277035535697
0.04831538403906
0.04526593493724
0.04364399857885
0.04304654726299
0.04310784000943
0.04412998563416
0.04673670891451
0.05088482059874
0.0566682573094
0.06326681916474
0.06974034813627
0.07589888349837
0.08164291001681
0.08690246110376
0.0916210308215
0.09579566790452
0.09894384043763
0.1007108926819
0.10075350607696
0.09798867414416
0.09107367903767
0.07930154869741
0.06417516111111
0.04894933027265
0.03669477599035
0.02918598265888
0.02629986091076
0.02767200503345
0.03243202923467
0.03901061966018
0.04569386843999
0.05136936801232
0.05570636069087
0.05903571213507
0.06153683769489
0.0628286282147
0.06295823196099
0.06208167010571
0.05960973328185
0.05569657112714
0.05083914796502
0.04604938796397
0.04215522908002
0.03955606391872
0.0388539866405
0.03989675513294
0.04184815350009
0.04408251344828
0.04644107848629
0.0486187885326
0.05032767925118
0.05182213533482
0.053111730401
0.0542109688401
0.05465628601668
0.05402374343377
0.05144890821762
0.04628073838917
0.03806808622284
0.02672944640239
0.01329449747785
-0.00097963588387
-0.01519410473394
-0.02821006392995
-0.03924902432983
-0.04796641488493
-0.05414690478334
-0.05802569549187
-0.06010428620542
-0.06050594624669
-0.05966803877171
-0.05781662352236
-0.05579968546569
-0.0540717554853
-0.05297046555674
-0.05293818159106
-0.05414974807575
-0.05556552773912
-0.05589196650026
-0.05487421178279
-0.05300026614045
-0.0503867045619
-0.04729464206502
-0.04412051998981
-0.04182421945641
-0.0411697223372
-0.04207579684785
-0.04416396117887
-0.04648246818588
-0.04826963942325
-0.04946148281631
-0.04974336466606
-0.04897653950125
-0.04737267064651
-0.04517408579519
-0.04237182317754
-0.03870091673409
-0.0341173422209
-0.02856293451315
-0.02214664569661
-0.01540812187277
-0.00930659632298
-0.00434007711094
-0.00107828301415
1.223704824e-05
-0.0006885028964
-0.00248901889274
-0.00485615987651
-0.00733891560792
-0.00943496197739
-0.01140196246173
-0.01308765335391
-0.01488911663451
-0.01682207679026
-0.01836171243034
-0.01923890052978
-0.01953151490859
-0.01935390990808
-0.01862659930953
-0.01761639911201
-0.01625697422396
-0.0141317175239
-0.011427228174
-0.00860481417131
-0.00599941176224
-0.00431231721938
-0.00451369070476
-0.00696671423546
-0.01129850260917
-0.01654290146696
-0.02130380025052
-0.02429530737202
-0.02466090078897
-0.02204761994056
-0.01637466133587
-0.00837984855716
0.00093176059831
0.01003634351516
0.01753431074086
0.02252833070895
0.02420886408465
0.02190666102017
0.01633590258153
0.00899202020966
0.00126385823115
-0.00524595726996
-0.0092302485232
-0.01012487788214
-0.00798574303585
-0.00350037512256
0.00213152310058
0.00841978421861
0.01459401527462
0.02004489474681
0.02372442104509
0.02476742707841
0.0227396953079
0.01778746453998
0.01097757047763
0.00315332285138
-0.00493369178161
-0.01249385872803
-0.01923836786234
-0.02448405879858
-0.02791677291953
-0.02949221244931
-0.0291623725346
-0.02648152210182
-0.02126089892712
-0.01352215522203
-0.00419328044335
0.00596014553419
0.01515814608276
0.02154511659557
0.02404302095703
0.02224913379101
0.0169712524658
0.00980190145935
0.00278440026294
-0.00232224071783
-0.00474454085447
-0.0042166098375
-0.00084061580097
0.00530759553041
0.01381131446069
0.02357565566744
0.03291243407919
0.04059606110084
0.046142892694
0.04936229150146
0.05048114505906
0.050274952373
0.05016881478683
0.05078037459159
0.05250837655407
0.05539345456194
0.05865849001208
0.06166917676046
0.06408673111815
0.06498423976054
0.06319825622759
0.05792718800684
0.04912932147932
0.03811429872221
0.02669025215642
0.01692650120278
0.01019110140149
0.00662039042299
0.00625589113375
0.0091918532784
0.01478066122516
0.0218738047969
0.02938367426056
0.03605449533318
0.04120157441036
0.04500230054636
0.04739120603372
0.04859442259641
0.04913651968794
0.04995797925621
0.05140201188843
0.05306692155231
0.05429374823929
0.05442579937651
0.05361369747946
0.05294260848936
0.05321700420214
0.05454946460068
0.05687905684898
0.05950647497913
0.06219363824086
0.06433794859916
0.06477667941484
0.06256344620896
0.0575633545519
0.05057105068478
0.04297881211983
0.03616775914589
0.03100864106478
0.0280178969534
0.02708321676167
0.02727585162178
0.02793980718713
0.02858857813138
0.02864296419665
0.02703099015899
0.02261770006813
0.01503787121484
0.00492316440149
-0.00667897664299
-0.01865151590868
-0.02986808130907
-0.03947148496738
-0.04670654842037
-0.05107827245553
-0.05230923811246
-0.05062341765253
-0.04631374217571
-0.04026717494877
-0.03373030174135
-0.02814579112514
-0.02421979096534
-0.02273340407356
-0.02460446683335
-0.0302066166598
-0.0388050748129
-0.0485701286423
-0.05775687839078
-0.06472801952454
-0.06893166538831
-0.07005314629206
-0.06835714036692
-0.06439978121125
-0.05879597579682
-0.05220148092935
-0.04580849991234
-0.04052893780541
-0.03684176341047
-0.03508919756106
-0.03584080571283
-0.03899982234724
-0.04375503094689
-0.04915228376483
-0.05434683502789
-0.05852838239119
-0.061021985823
-0.06209696629903
-0.06211557366833
-0.06109850278068
-0.05914631261059
-0.05617737547223
-0.05224513806466
-0.04747067425694
-0.04205708150542
-0.03627659606029
-0.03065825026444
-0.02576785210861
-0.02166011517656
-0.01816934750305
-0.01538209674949
-0.01289893431929
-0.01043165473642
-0.00825940453135
-0.00637247332064
-0.00450870234619
-0.00214783784043
0.00077832718236
0.00415130768886
0.00794810360295
0.01174083972737
0.01519143779765
0.01799741469094
0.01986675347977
0.02069322300124
0.02031383781656
0.01858161410472
0.01571014790936
0.01200399183828
0.00756593271153
0.00268041961998
-0.00250973929618
-0.0077581932648
-0.01281822800419
-0.01740710759714
-0.021132853593
-0.02313519728169
-0.02327159253782
-0.02192695636938
-0.01956028254936
-0.01662558009122
-0.01323471635522
-0.00981217330306
-0.00676906222393
-0.0050286613471
-0.00576312336592
-0.00985407047636
-0.0179747619284
-0.02962648423389
-0.04265856381811
-0.05471538330949
-0.06401586475424
-0.0693831730243
-0.0706564281569
-0.06878064697136
-0.06427150913355
-0.05756742153977
-0.0496311445936
-0.04145113630338
-0.03374279063331
-0.02700740882754
-0.02174665923885
-0.01829202657264
-0.01655358720766
-0.01588000043918
-0.01534597973772
-0.0144221580437
-0.01262800094486
-0.00959817415975
-0.00560822511453
-0.00109499293565
0.00373578389778
0.00837845210469
0.01239878118941
0.01547433459481
0.01711885893186
0.01722398516973
0.01601349481723
0.01406207485545
0.0124142969281
0.0118739849923
0.01325116066282
0.01722647934901
0.02361369100181
0.0310130859586
0.03839927580167
0.04488990051868
0.04997161986155
0.05309967340156
0.0540487212177
0.05335254647055
0.05171221868912
0.05006771594669
0.04913421626118
0.0489825859965
0.04926346009704
0.04952770633566
0.04914767691131
0.04735406327722
0.04304305613181
0.03593645550904
0.02628581720573
0.01513037539388
0.00447731815658
-0.00388224584867
-0.00920039395293
-0.01136275381935
-0.01016717455602
-0.00632235219399
-0.00127311188825
0.00445809893955
0.01009725115744
0.01509381929138
0.01894274463233
0.02089327201623
0.02094616445321
0.01942224610166
0.01721859371147
0.01549345303692
0.01499105766505
0.01621789874844
0.01908360637691
0.02298233612333
0.02728790142302
0.03130464939895
0.0343825818123
0.03583403939673
0.03533937850003
0.03273111840214
0.02846450980752
0.0232876877323
0.01833876094214
0.01426476921212
0.01117647857656
0.00894494392525
0.00682449922765
0.0040713895776
0.0005129994129
-0.00371516103007
-0.00796938510675
-0.01177669760363
-0.01523239200562
-0.01808969572551
-0.01985781690376
-0.02010577359626
-0.01900382143251
-0.01751563138947
-0.01614059358692
-0.01462577377107
-0.01321674962649
-0.01182881623318
-0.01039726529471
-0.00889862345275
-0.0073009234628
-0.00596109209863
-0.00519309722492
-0.00550259500206
-0.00749572858282
-0.01133073618739
-0.01701734259563
-0.02392931445449
-0.0315859445947
-0.03921648842685
-0.0463622221108
-0.05263369736623
-0.05783692247069
-0.06195123856542
-0.06492866958995
-0.06668074956028
-0.06747507188203
-0.06774338510852
-0.06784545570682
-0.06800450012639
-0.0687393652449
-0.07011134380879
-0.07162811433917
-0.07270500234049
-0.07296582943001
-0.07211449729595
-0.07021193877432
-0.06714654564039
-0.06325217081019
-0.05860471939365
-0.05371123320632
-0.04914652519793
-0.04563527502178
-0.04372451054232
-0.04383727048043
-0.04589232305177
-0.04953054962806
-0.05422892837062
-0.05895599197455
-0.06299519476228
-0.0658491765089
-0.06713956337803
-0.06629010277821
-0.06300761167216
-0.05795382137875
-0.05129025969953
-0.04294465661991
-0.03354493347284
-0.02376952142123
-0.01405606075215
-0.0049888552534
0.00306637065066
0.01007097049775
0.01588868867699
0.02072160193874
0.02467666846496
0.02775578498363
0.03043597318121
0.03249855147968
0.03372168548562
0.03403881696301
0.03445747917305
0.03639493461009
0.04066268052166
0.04729298647704
0.05546867584207
0.06373797791028
0.07098714985217
0.07678969780673
0.08092258527972
0.08338721592182
0.08422296393421
0.08347460217453
0.08162721792201
0.07877233639931
0.07523240136179
0.07156656965543
0.06837639557499
0.06616179470947
0.06479561070352
0.06453658316616
0.06553619839789
0.06797851459325
0.07170045633585
0.0758796282903
0.07990943741578
0.08309881969327
0.08491172452647
0.08550788016478
0.08545500932243
0.08529614485808
0.08531712763622
0.08546634650102
0.08493360708069
0.08284522680341
0.07921855335197
0.07480662732164
0.07033837530882
0.06605259788464
0.06183318794398
0.05752261269108
0.05333595459967
0.04947782274989
0.04610988890746
0.04358508124126
0.04214299212536
0.04182357161763
0.04303639778883
0.04566154848326
0.04864552987764
0.05112912779947
0.05248012358522
0.05178740397821
0.04802788758659
0.04091429390414
0.03132670111107
0.02080632485425
0.01068616539787
0.00214278289842
-0.00407675224303
-0.00788176851136
-0.00929798006726
-0.00885054661735
-0.00697628065472
-0.00413299904522
-0.00094031171024
0.00202792540232
0.00397409858983
0.00406138406761
0.00305514972314
0.00239579309329
0.00315364461131
0.00570738763654
0.0096657329468
0.01429815090462
0.0184802705255
0.02116367992143
0.02198893294564
0.02023075609261
0.01601830322059
0.00967433840521
0.00218485246882
-0.00491045236506
-0.01090857204885
-0.01577009818989
-0.01913531470856
-0.02124065396536
-0.0220944730805
-0.02185394853841
-0.02080362912512
-0.01899069909819
-0.01678695313128
-0.0147594121133
-0.01318632999684
-0.01187744013244
-0.01064480449111
-0.00995452867593
-0.01017840736058
-0.01115939362839
-0.01219194426368
-0.01279732800544
-0.01257301023007
-0.01134018743531
-0.00953201542428
-0.00759282161985
-0.00595793568415
-0.00484222774371
-0.00420998028736
-0.00414536556764
-0.00435958425632
-0.00409294101423
-0.0024597416188
0.00080476548282
0.00545428782398
0.01088092013042
0.01649723963055
0.0217416060964
0.0258446210036
0.02886463303125
0.03106995900495
0.03244321525087
0.0331467969547
0.03345898326276
0.0336204282849
0.03375586617928
0.03372637151944
0.03304496749639
0.03171052399137
0.03035274749309
0.02946926096111
0.0291562036698
0.02922273671212
0.02940422514618
0.02951177718035
0.02917537609848
0.02782045368992
0.02503847562418
0.02071100617564
0.01535037064498
0.00975874459954
0.00482832080465
0.00110606593998
-0.0011374335737
-0.00154094535414
-0.0001899848756
0.00319453187594
0.00816181121881
0.0140031071304
0.02031806316502
0.02654602524931
0.032393500823
0.03770979538854
0.0421673940526
0.0452378619236
0.04674441099774
0.0467252637628
0.04520082714023
0.04093470082559
0.03371517830503
0.02434304229252
0.01431688424256
0.00474566377501
-0.0033120721444
-0.00900350855062
-0.0121952194486
-0.01297651301274
-0.01144140504589
-0.00830586176981
-0.00439200138886
-0.00064626884693
0.00183568032521
0.00277542625625
0.00225879642683
0.00023994231499
-0.00298121116379
-0.00638740960354
-0.00949986462545
-0.01234073123595
-0.01476419892203
-0.01635558248391
-0.01678639886921
-0.01603941916559
-0.01478723318963
-0.01330424025322
-0.01191271495381
-0.01105225189211
-0.01115079536818
-0.01249427622413
-0.01506524240314
-0.01838942553355
-0.02188079785658
-0.02460257730359
-0.02582045661724
-0.02557628618248
-0.02450413460244
-0.02313625541836
-0.02219707994534
-0.02269341082644
-0.02452503820028
-0.02717511269208
-0.02948293755749
-0.03041612052183
-0.0299660021401
-0.02815800288607
-0.02590298048002
-0.02372493571701
-0.02240898081084
-0.02231203893619
-0.02361414448896
-0.02575137900817
-0.02827077722059
-0.03042250173377
-0.03187375776835
-0.03318531816815
-0.03402820680349
-0.03393873307029
-0.03235055271124
-0.0289688307002
-0.02445469010739
-0.01937923680513
-0.01407583063214
-0.00924805329224
-0.00582563260962
-0.00442941047908
-0.00568573182589
-0.00967251006022
-0.01529821602439
-0.0212639689631
-0.02671980440193
-0.03127810960375
-0.0349438441343
-0.03789673286653
-0.04030043067262
-0.04238485193515
-0.04409708982074
-0.0451700907894
-0.04516505204336
-0.04391911411249
-0.04131750156026
-0.03759779126234
-0.03337959062073
-0.02935956386077
-0.0262701790975
-0.02434483104736
-0.02380673615982
-0.02464810237404
-0.02641472272579
-0.02876381132214
-0.03092939598603
-0.03276154163089
-0.03435948276083
-0.03531530409128
-0.03527881997087
-0.03445024857248
-0.03282273720151
-0.03100939687668
-0.02939463353319
-0.0284906177102
-0.02865893342248
-0.02988477035577
-0.03223347384796
-0.0357360321872
-0.03960731516413
-0.04267177253094
-0.04356935315541
-0.04179348310558
-0.03775852726093
-0.03183160145954
-0.02482975636689
-0.01774202584804
-0.01146126130438
-0.00652778186993
-0.00292906230177
-0.00100480262078
-0.00112000059214
-0.00314028221673
-0.00642899365476
-0.01023655089074
-0.01377590287336
-0.01598800596049
-0.01617610954827
-0.01412244263209
-0.01040831814405
-0.00558798735098
-0.00100392983798
0.00268855971421
0.00470486072942
0.00443898409655
0.0020063394143
-0.00232169941254
-0.00805050891795
-0.01455034014379
-0.02056295701975
-0.02477695750663
-0.02710745672921
-0.02792094068232
-0.02740622197729
-0.02587062453225
-0.02366313189775
-0.02146069240571
-0.01973446120256
-0.01879568523012
-0.01861699689922
-0.01951288234556
-0.0213857338602
-0.02377153691964
-0.02638495093491
-0.02946800847281
-0.03321912455496
-0.03761031614535
-0.04260868023234
-0.04783749496846
-0.05248858148035
-0.05584636584862
-0.05756634180848
-0.05761680125094
-0.05597665342473
-0.05320631486233
-0.04950722743212
-0.04489943814511
-0.04019396916706
-0.03618255146461
-0.03309222733511
-0.03087007914785
-0.02887897906104
-0.02721603450811
-0.02623650587755
-0.02643152334472
-0.02799266003396
-0.0304483109108
-0.03331360104316
-0.03565568938163
-0.03701772362031
-0.03687465922389
-0.03527081556288
-0.0324260475233
-0.0286758096226
-0.024592240676
-0.02039878027744
-0.01635309550283
-0.01266721678545
-0.00961233663522
-0.00728009184704
-0.00576721194842
-0.00500590421053
-0.00474984953333
-0.00510312321622
-0.00604938892472
-0.00669151952152
-0.00653429984784
-0.00543820342681
-0.00372851010797
-0.00176404879172
0.00047039249623
0.00303907216427
0.00570865092215
0.00786636434491
0.0091001373032
0.00950390282049
0.00968956261645
0.01047083818507
0.01191332680154
0.01362293374188
0.01579450731534
0.01835485973573
0.02114061326189
0.02394043208771
0.02624942666203
0.02773650458183
0.02847066067679
0.02882575910557
0.02903873610326
0.02920818913249
0.02943377739169
0.02992899974866
0.03098100714187
0.03212255305216
0.03301968018949
0.03425273692602
0.03573402028789
0.03692292321272
0.03755816512386
0.03771011930793
0.03752375768663
0.03692904169005
0.03643690016637
0.0364799094629
0.03695391150085
0.03761751435397
0.03865178896023
0.04008120922895
0.04138192552746
0.04215861223807
0.04239449753471
0.04231049444006
0.0421605557544
0.04214889465643
0.04274429448283
0.04476029677239
0.04811584969598
0.05240497428717
0.05694441658329
0.06109148452727
0.06401132988281
0.06610935575964
0.0677631441912
0.06847976185084
0.06788123080369
0.06657194863692
0.06488558831134
0.06279548046399
0.05974959447543
0.05588512820206
0.05146280076027
0.04672162866744
0.04246935890441
0.03938381078633
0.03808478606685
0.03899305603113
0.04168802934923
0.0457846018597
0.05065012300653
0.05556466395409
0.06008049612592
0.06334913068037
0.06570474445284
0.06709140736233
0.06706437808894
0.06611788563686
0.06425840839385
0.06145700956124
0.05831772681578
0.05540187646604
0.05274041080909
0.05078400968695
0.0497470717435
0.04969686423834
0.05081992874799
0.05291449948468
0.05614386781108
0.06008387928397
0.06422698821321
0.06836905340219
0.0720378363741
0.07454817564096
0.07493252399048
0.07250766345104
0.0673412571837
0.06005461856591
0.05161212759819
0.04325687891901
0.03598651905003
0.03030030134505
0.02611068119079
0.02280805669521
0.01971840559822
0.01664416226679
0.01383548964436
0.0113177254253
0.00917118002323
0.00768078372925
0.00680977889102
0.00689780218519
0.00782673820643
0.00886179021922
0.00948798038301
0.0096016400972
0.00896420633153
0.00743391756535
0.00552245485966
0.00315620969295
0.00054802661589
-0.0020853793441
-0.00480902240733
-0.00749043430037
-0.00963036094961
-0.01069046992663
-0.01055311730875
-0.00985247967225
-0.00924298215426
-0.00902044953462
-0.0088739587909
-0.00833923266499
-0.00743687242999
-0.00656260320415
-0.00581037600644
-0.00513626016962
-0.00411460402308
-0.00233330292484
0.00024061865867
0.00364305297517
0.00754605485842
0.01147599603744
0.01509780349985
0.01817227357486
0.02054193105236
0.0220119312222
0.02256895739842
0.02184820436792
0.02028421718807
0.01839209966805
0.01646353761776
0.01464473745169
0.01267642689338
0.01058615708634
0.00815353327889
0.00530852409933
0.00238733843735
-0.00059341384064
-0.00365261579533
-0.00693838928452
-0.01050991725969
-0.01415309620351
-0.01781879114392
-0.02084010244823
-0.02265161442806
-0.02332493846193
-0.02357578163609
-0.02448403360485
-0.02597254396817
-0.02737897315854
-0.02825501674281
-0.02854413279223
-0.02845014578221
-0.02824158128641
-0.02810827406178
-0.02809607669727
-0.02785048821541
-0.02706600224574
-0.02533899363606
-0.02253913522009
-0.01876800451886
-0.01414634788293
-0.00940274999379
-0.00491822643038
-0.00131619352678
0.00109858088274
0.00191174847458
0.00133504851445
0.00018767810167
-0.00098297153375
-0.00162405155199
-0.00171809902696
-0.00178858604528
-0.00242048978717
-0.00344322062626
-0.00437428659743
-0.0049204182849
-0.00473265301292
-0.0034739022707
-0.00119045413879
0.00192782567354
0.00577631048412
0.01012379455174
0.01454068734602
0.01841117852001
0.02126339310641
0.0224470017488
0.02149036342166
0.01818344519464
0.01343326454372
0.00820713114031
0.00313236310751
-0.00137181012581
-0.00435062968479
-0.00574931720178
-0.00541260659694
-0.00380752844315
-0.00144040725445
0.00086462398619
0.00236095700274
0.00248870793013
0.0006780176258
-0.00304865046058
-0.00801357490949
-0.01327504791814
-0.0180741655904
-0.02184490398927
-0.02463920178907
-0.02706377799928
-0.02940762270065
-0.03128807192449
-0.03244701590503
-0.03267973398987
-0.0320470618392
-0.03118556943367
-0.03060411973558
-0.03054291336765
-0.03135004130254
-0.03304114884671
-0.03564538514598
-0.03932176222799
-0.04404119573077
-0.04909412223914
-0.05380077892161
-0.05781324036431
-0.06081010655213
-0.06238593838428
-0.06206720170637
-0.06011447167063
-0.05727765765158
-0.05432153332458
-0.05157793610722
-0.04916520454931
-0.04712919123978
-0.04539215552548
-0.04407740272015
-0.0430726767603
-0.04252521700334
-0.04222310818735
-0.04220338509572
-0.04283344429665
-0.044481222224
-0.04707444886319
-0.0502807109399
-0.05419070588282
-0.05842739152418
-0.06242995543002
-0.06611990113528
-0.06931392625733
-0.07158647270228
-0.07217528616779
-0.0707535679823
-0.06721003384046
-0.06238806185582
-0.05689222957076
-0.051300661111
-0.04612910812449
-0.04191041800469
-0.03936905445865
-0.0384700701835
-0.03864102763834
-0.03977366576545
-0.04128827683325
-0.04240151578812
-0.04282671397159
-0.04254965492162
-0.04141208602159
-0.03934807168051
-0.03660584212279
-0.03355170698716
-0.03027323248152
-0.02673032098473
-0.02256268415961
-0.01816047571092
-0.01444659236288
-0.01199170809526
-0.01134724527887
-0.01254287133056
-0.01557083018053
-0.01992242082617
-0.02497381771521
-0.02961426887385
-0.03341825939746
-0.03642045225966
-0.03832290280816
-0.03870797097855
-0.03763014721011
-0.0354007792196
-0.03165127913528
-0.02661968091906
-0.02035870785002
-0.01344869750301
-0.00688815658563
-0.00109063190096
0.0037332141373
0.00746561487703
0.00963526652879
0.01029684308619
0.00936132430316
0.0066441841016
0.00194187657678
-0.00414712912875
-0.01089570165183
-0.01765648233674
-0.02358819854597
-0.02804499101066
-0.03022963653098
-0.03018781493887
-0.02804039855356
-0.02422060796202
-0.01958867588328
-0.0148896097118
-0.01106135402692
-0.00883635174994
-0.00843424541974
-0.01024873745795
-0.01396403165488
-0.01873220782736
-0.02354521084406
-0.02722196943112
-0.0289258501965
-0.02772426042896
-0.02347659032124
-0.0167860533552
-0.00905987052416
-0.00130605916886
0.00562382003351
0.01130857650214
0.01527450152607
0.01703717366039
0.01666203901791
0.01455622827844
0.01160681988009
0.00853487637631
0.00548555324314
0.00252445495398
-0.00030718578451
-0.00238970304888
-0.00282633522684
-0.00155609938284
0.00089600961544
0.00426589597196
0.00787956226042
0.01125375854435
0.01368884054005
0.01504591161388
0.01497858676861
0.01303542675123
0.00926156792893
0.00412483987575
-0.0016000962736
-0.00748971447951
-0.01301489746023
-0.01778391942223
-0.02118769674451
-0.02269767576505
-0.02220107495113
-0.01982192663556
-0.01569434784143
-0.01029624203577
-0.004596678852
0.00074941017877
0.00526792260358
0.0084585861622
0.00967092285521
0.009106306168
0.00741573489037
0.00540929182187
0.00355952352265
0.0018817693753
0.00057479963305
-0.00030034953781
-0.00153164382895
-0.00342346046385
-0.00603187568314
-0.0089526604049
-0.01173326001369
-0.01373099684886
-0.0146772085708
-0.01450231009674
-0.01315093640504
-0.01082725748512
-0.00828695927396
-0.00626482051155
-0.00449394961761
-0.00293417482944
-0.00153940565731
-0.00010872156311
0.00181663998366
0.00441176407064
0.00750683541872
0.01081823812972
0.01396754078158
0.01690427313455
0.01946209538461
0.02117626958832
0.0219686124027
0.02183651807622
0.02074696842593
0.01923889693068
0.0176503602603
0.01574523917641
0.01352712918419
0.01114531033321
0.00870182802805
0.00624864253767
0.00361089857725
0.00070551802195
-0.00272062953318
-0.00659290046425
-0.01047602809348
-0.01376293889963
-0.01635184661364
-0.01826490012344
-0.01926992120985
-0.01903973329534
-0.01759346921844
-0.01482340778708
-0.0111649146544
-0.00709090132975
-0.00304159945532
0.00084208927427
0.00421550491248
0.00652282590329
0.00781770805371
0.00822536420276
0.00809259324467
0.00746727766323
0.00623252214945
0.00424810919845
0.00153565539062
-0.00124803872806
-0.00356952471371
-0.0049923571819
-0.00527083427897
-0.00431873802147
-0.00234694460992
0.00062791809378
0.00386943303732
0.00688277592468
0.0086893463343
0.00855603910967
0.00649825121905
0.00309879570123
-0.00074365665061
-0.00413457185381
-0.00612096071308
-0.00661219166337
-0.0057148629762
-0.00370185514143
-0.0010990969943
0.00158273923314
0.00420654314274
0.00633357060213
0.00819058245868
0.0100107538835
0.01152486467579
0.01314183427023
0.01496602229545
0.01682003609812
0.01900246816929
0.02164467141995
0.02424048221603
0.02646550248853
0.02850044686408
0.02966917680924
0.02939975505863
0.0278468063317
0.02587922999066
0.0241290395501
0.02297666033583
0.02307376057107
0.02442339229629
0.02596888007998
0.02646685215265
0.02565108996651
0.02413348084482
0.0227077280634
0.02215888265128
0.0230659361183
0.02546549495443
0.02898772959694
0.03292025853196
0.03651482077473
0.03952219634714
0.04205301451755
0.04395812840324
0.04560587033955
0.04729824116933
0.04875069570565
0.04948833213448
0.04899518286159
0.04692663364908
0.04337568535236
0.0388730978844
0.03409532290071
0.03012609749812
0.02781421644215
0.02732129751194
0.02849722206662
0.03133767478012
0.03501534394057
0.03881731176756
0.04207766838209
0.04419379775362
0.0455836278749
0.04647465812952
0.04679472647603
0.04647451416535
0.0459173008357
0.0455131934035
0.04538823250178
0.04546413761173
0.04578996452513
0.04652223828853
0.04777389879526
0.04954768136459
0.05171909297836
0.05398840022942
0.05574649070395
0.05639123425048
0.05563794171789
0.05404926108334
0.05232514615352
0.0504783377577
0.04831534804802
0.04588670844905
0.04284557327818
0.03851311547107
0.0331111586238
0.02755914432042
0.02292363113289
0.02031897013931
0.02007679000923
0.02193937327926
0.02559300042291
0.03031998844564
0.03466148360368
0.03731590941259
0.03790914977641
0.03661714331034
0.0338592936399
0.03051765845269
0.02748179956875
0.02595403377469
0.02573870296279
0.02661974570294
0.02848297681175
0.0311399399892
0.03421568054802
0.03708682642311
0.03932424560996
0.0402246335358
0.03941127195224
0.03673540987804
0.03270564034271
0.02823645976098
0.02403900795573
0.02072216699812
0.01896195665115
0.01890945651654
0.02038126703585
0.02303293233175
0.02618991907133
0.02948473351055
0.032457676452
0.0344675386696
0.03521910003301
0.03459835891315
0.03292324218944
0.0306991936751
0.02852068822674
0.02662577780177
0.02489415873946
0.02348989261078
0.02243295804377
0.02157640360935
0.02051850448239
0.01919138515465
0.01794786222277
0.01668726873914
0.01534541467834
0.0140324866189
0.01308891663952
0.01262930741972
0.0125336432271
0.01261820418292
0.01300609045198
0.01366107704938
0.01424933985193
0.01436833703781
0.01321123579869
0.01032253709187
0.0057839729772
0.00067812056019
-0.0040917533098
-0.00777791995553
-0.00983914858988
-0.0104927315366
-0.01041016448457
-0.01022830174366
-0.01027642536742
-0.01064544873078
-0.01161009506501
-0.01318187790481
-0.01481651550232
-0.01641884034131
-0.01802874129488
-0.01929605430626
-0.02007007048148
-0.02107857190176
-0.02254247158979
-0.02391737622549
-0.02458773819651
-0.02424411731139
-0.02313631300402
-0.02129272940566
-0.01924703090642
-0.01768305092477
-0.01738137400131
-0.01891752210931
-0.02202691429345
-0.0257109214766
-0.02855204722261
-0.02988219699618
-0.02964091304308
-0.02831011902983
-0.02660436313111
-0.02546510625116
-0.0256862208237
-0.02720557551098
-0.02950838322498
-0.03201976263299
-0.03403261930538
-0.03540842371716
-0.03634141592896
-0.03724223574732
-0.03805700098156
-0.03865502815411
-0.03900176586357
-0.03886795116523
-0.03782021590885
-0.03551121053722
-0.03234398434587
-0.02856713826699
-0.02436272939311
-0.02037920834819
-0.01760247777653
-0.01632670687002
-0.01643978712841
-0.01786082868229
-0.01960665340932
-0.0212910918132
-0.02293971193096
-0.02417041125417
-0.02480286385947
-0.02497342181373
-0.02469669028225
-0.02395773298214
-0.02269446536401
-0.02055786788625
-0.01758369045202
-0.0140293122089
-0.01040955623594
-0.00723026944604
-0.0050242380479
-0.0044261712852
-0.00563916301519
-0.00832675816945
-0.0119348206525
-0.01618455304699
-0.02075948251163
-0.02508454415938
-0.02885763277336
-0.0319756196186
-0.0349596154094
-0.03833852292088
-0.04229336270353
-0.04667156512645
-0.05053894667432
-0.05376136872939
-0.05578554098574
-0.05618115453176
-0.05526266311123
-0.05397947445073
-0.05291719881292
-0.05255829613088
-0.05287588109541
-0.05387668403156
-0.05585593946609
-0.05879000128366
-0.0620246602934
-0.06500461069095
-0.06739214851867
-0.0692313628044
-0.07034398991154
-0.07039772453893
-0.06952260232536
-0.06810984590961
-0.0663526912022
-0.06436800112017
-0.06240612935947
-0.06033531271124
-0.05811095827303
-0.05543354858399
-0.05225762695662
-0.04885388202629
-0.04548112538408
-0.04259306011963
-0.04071000874337
-0.03991942949011
-0.04033555793071
-0.04215080218172
-0.04530779252039
-0.04908562835296
-0.05267551895834
-0.0561947951371
-0.05970158242391
-0.06275005976756
-0.06509336460329
-0.06643899772362
-0.06644497223677
-0.06519370763152
-0.06317547389729
-0.06088467999348
-0.0587374543607
-0.05671792494891
-0.0544656054702
-0.05178085360836
-0.04872517805608
-0.04545971071342
-0.04217210887925
-0.03930239904679
-0.0371232133677
-0.03578249302476
-0.03476435680224
-0.03347825646635
-0.03206934749311
-0.03095982641299
-0.03035143022091
-0.0301787415969
-0.03024427768732
-0.03035482417628
-0.03040204442486
-0.03036892186787
-0.03029512223395
-0.03010999870453
-0.02946244425754
-0.0282939014658
-0.02659646669625
-0.02469068697626
-0.02270687867478
-0.02046251681571
-0.01838291475385
-0.01700386394998
-0.01620853387902
-0.0154737407426
-0.0148361126253
-0.01479089707782
-0.01529595218777
-0.01632382398746
-0.01781931301404
-0.01961368246004
-0.021556828081
-0.02282206081009
-0.02237942856533
-0.02003608054035
-0.01591005655929
-0.01040481261645
-0.00429108250394
0.00243387881512
0.00939334193512
0.01599719087469
0.02220180916841
0.02791581915689
0.033165163184
0.03806934590935
0.04247220219682
0.04651658769476
0.04998018572981
0.05222746646249
0.05272759799774
0.05132293956669
0.0479338429909
0.04290611021272
0.03721822972155
0.03161179696097
0.02635141448093
0.02226501663834
0.01942737842441
0.01759119818362
0.01680070170975
0.01669836117863
0.01679229420208
0.01679038307769
0.01664139455557
0.0164346907967
0.01627788142091
0.01622433034785
0.01638114692184
0.01740286065405
0.01900667552223
0.02040104771315
0.02139629003314
0.02238180757328
0.02306753771972
0.0232745833935
0.02290827375479
0.02211155802867
0.02136586680439
0.0209584302007
0.02089212750106
0.02072518664663
0.01985973882546
0.01825225646999
0.01571557175956
0.01255124644629
0.00938950169082
0.00674288953737
0.00476134867161
0.00318409159415
0.00118378643814
-0.00151436596879
-0.00475972187646
-0.007779730305
-0.00997227226019
-0.01106840467226
-0.01076559763004
-0.0093532695077
-0.00735847673986
-0.00513429145956
-0.00314294663365
-0.00115012653488
0.00049878906934
0.00149694018544
0.00189210240378
0.00198709464363
0.00251423961621
0.00367511739549
0.00512684131364
0.00631199757088
0.0069289452348
0.00733603272537
0.00833696163017
0.00969433142966
0.01082850637432
0.01145121980335
0.0115935607798
0.01104603983807
0.00959770267708
0.00765482698895
0.00568685474644
0.00398494988933
0.00290179512759
0.00297161883098
0.0044270062774
0.0068182799754
0.00956893143721
0.01223491756917
0.01433920948661
0.01532980536294
0.01541078520997
0.01482155784746
0.01395553057049
0.01320029452158
0.01322227065251
0.01397029409638
0.01507042871245
0.01597337920056
0.01670180192235
0.017733985449
0.01930496208943
0.02130930328102
0.0240660300309
0.02745633230663
0.03089362448827
0.03388597020107
0.03564488846959
0.03545647895794
0.03324171973183
0.02942441972048
0.02482351911912
0.02026066105034
0.0166281498517
0.01434342763687
0.01308085104676
0.01249777455352
0.01223041149057
0.01202253442369
0.01177844676833
0.0115239505033
0.01132701831263
0.01136533437714
0.01207395482701
0.0134853255876
0.01514093876504
0.0170883421264
0.01892430642094
0.01986198826566
0.01923755446477
0.01740570754556
0.0147913001775
0.01180261835289
0.00876395216759
0.0057818782985
0.00281504699607
0.00020411100011
-0.00152331478175
-0.00221802901237
-0.00184413894016
-0.00035742035493
0.00238610934323
0.00568831958189
0.0090991331531
0.01239687726323
0.01531832422018
0.01787192831999
0.02021571183659
0.02253861694907
0.02493040891809
0.02725387908996
0.02932616057364
0.03064491918207
0.03085577630732
0.03005803123737
0.02795716206812
0.02481934415812
0.02119477258359
0.01751617125512
0.01406768225997
0.01101731538655
0.00837907834884
0.00618439492659
0.00436854962516
0.00307796444538
0.0023584923361
0.00206981969634
0.00200184593256
0.00198644680485
0.00194365201494
0.00186891949317
0.00179254218074
0.00174337085771
0.00179133108214
0.0023360375243
0.00386796100366
0.00654014839235
0.00987871714269
0.01348075472512
0.0168791909766
0.01935536394622
0.02042920710529
0.02044343796375
0.01958091621438
0.01788501106416
0.0162036714891
0.01540182344023
0.01576588723785
0.01709157052297
0.01923227097964
0.02193524150751
0.02477445972824
0.02679094429777
0.02731247250816
0.02654494911712
0.0253436184851
0.02433838145243
0.02410844907433
0.02448033372562
0.0250308995096
0.02571190403207
0.02667693547047
0.02726293443641
0.02689092021736
0.02547482383281
0.0232836783301
0.02094667912512
0.01891837149792
0.01731254832954
0.01608823021827
0.01535068376705
0.0150789765852
0.01513707332701
0.01546296142518
0.01622176058737
0.01756400695054
0.01931882943835
0.02149947995289
0.02343280721728
0.02459666757431
0.02498528086244
0.02491126888136
0.02472799889067
0.02465144954105
0.02472530676064
0.02488070888664
0.02502311104787
0.02513242304405
0.02570614546517
0.02701754750439
0.02868619303854
0.03072667283653
0.03262328563783
0.03389321519805
0.03505030204076
0.03645118861049
0.03771789337324
0.03824239084469
0.03782597447575
0.03677194078681
0.03548526459423
0.03409079162838
0.03238023812361
0.03039027535376
0.02813698771599
0.02588433711968
0.02366456794037
0.02142014129742
0.01916677447936
0.01708403759764
0.01511724226225
0.01360992657889
0.01269548415072
0.01239563557224
0.01306219688911
0.0143086494919
0.01604089119925
0.01796486439154
0.01947579717473
0.02095637511214
0.02251461092331
0.02374810315147
0.02444887035572
0.02469341509733
0.02469290762362
0.02464132526062
0.0246411417063
0.0247030750933
0.02478415211615
0.02446337114699
0.02316991424189
0.02088632214581
0.01760400019766
0.01388423591317
0.01006093619492
0.00669401729991
0.00415874703747
0.0026292313589
0.00199230434712
0.00212861538421
0.00289873264973
0.00440254676449
0.00631613294173
0.00825763737113
0.00969819326859
0.01040976858309
0.01051579459703
0.00995766349578
0.00886162466042
0.00804827387417
0.00810185374007
0.00925370748511
0.0114210485119
0.01421913256944
0.0171647115208
0.01980597180614
0.02173715400436
0.0226809435291
0.02230168431308
0.02043431063521
0.01696936293604
0.01230411394868
0.00767417937283
0.00377964978114
0.00093878497019
-0.00093102134228
-0.00151287162068
-0.00071732416382
0.00053237555088
0.00144931827682
0.00227939266117
0.00342968727422
0.0045632971595
0.00534625350983
0.00570826581799
0.00552095403316
0.00469190035479
0.0033780044962
0.00210921369259
0.00133393531149
0.0010959848488
0.00106193588236
0.000349150513
-0.00076728369069
-0.00139866772192
-0.00123328024092
-0.00043078399336
0.00046717525689
0.00064358859395
-0.00031892897805
-0.00224679593332
-0.00485579636697
-0.00768401212582
-0.01071547650339
-0.01380316608853
-0.01674932089659
-0.0194568262959
-0.02217268881542
-0.02452987899558
-0.02604875500199
-0.02661141377646
-0.02614067972523
-0.02520660778213
-0.02417077836281
-0.02308860327726
-0.02188466329461
-0.02101169334542
-0.02120453335448
-0.02281065884763
-0.02552216285183
-0.02863532689729
-0.03171181247071
-0.03422241447219
-0.03587597256107
-0.03720077406564
-0.03856584234925
-0.0397569299304
-0.04056240947552
-0.04096378158844
-0.04108280396805
-0.04098062539662
-0.04037133302757
-0.03925607857428
-0.03794517681057
-0.03695376753668
-0.03664132929131
-0.03752145425987
-0.03916682078734
-0.04096752465692
-0.04295487807615
-0.04481640680862
-0.04676273043869
-0.04854313535995
-0.04974300475563
-0.0502940636169
-0.0504042321999
-0.05035020964417
-0.05038396924262
-0.05073405411909
-0.05169900997629
-0.05320195994612
-0.05454266229353
-0.05539608190809
-0.05620415280832
-0.05737404166507
-0.05859514577618
-0.05947926575053
-0.06001938333469
-0.06033398104264
-0.06066268723949
-0.06117253635639
-0.06151135603636
-0.06102713254217
-0.05910704638254
-0.05566396324207
-0.05135169641015
-0.0467071602681
-0.04255249821403
-0.03952820685135
-0.03785174406262
-0.0372781907994
-0.03726069915244
-0.03741243739025
-0.03782640636826
-0.03843433107767
-0.03936300796341
-0.04031403528692
-0.04097425498199
-0.04130054977895
-0.04161705501219
-0.04233378064496
-0.04351241532519
-0.04479078118592
-0.04565953298485
-0.04554263407678
-0.04447967460915
-0.04312119268643
-0.04216159949465
-0.04165452168808
-0.04151091742601
-0.04127053324899
-0.04050871083918
-0.03888216762727
-0.0365681235096
-0.03364578757388
-0.03053314179944
-0.02731730250615
-0.02414043071525
-0.02110157737652
-0.01831309213018
-0.01583624252894
-0.01368247012541
-0.01192592366664
-0.01007758205237
-0.00809766798175
-0.00621614982394
-0.00476554882634
-0.00437408864669
-0.00546289688149
-0.00829234353401
-0.01268949884024
-0.01805419056147
-0.02301220149092
-0.02645144078798
-0.02815591540557
-0.02775615209227
-0.02546385736197
-0.02184579656714
-0.01749464141312
-0.01343744310382
-0.0100658417741
-0.00752234395921
-0.00551965835561
-0.00378340724604
-0.0021145205719
-0.00104762008505
-0.00132899518091
-0.00249601267224
-0.00383037195822
-0.00465649956478
-0.00475047577748
-0.00433529750041
-0.00346133239889
-0.0023450705563
-0.00065911620969
0.00151588874982
0.00408554845397
0.00641995270473
0.0077514341469
0.00754292363766
0.00566303227499
0.0026920994333
-0.00080215757184
-0.00427822650333
-0.00711360447976
-0.00913287835513
-0.01041293939399
-0.0107133962211
-0.01001253184103
-0.00840176350332
-0.00605819233387
-0.00353837194652
-0.00105882805579
0.00141917613811
0.00347164707194
0.00522878234418
0.00726279095261
0.0097156417263
0.01208952095316
0.01400685379799
0.01515771059113
0.01540568168005
0.01480388264618
0.01337245407726
0.01118765739455
0.00883209041043
0.00684604346607
0.00565190384446
0.00524362145126
0.00579298873351
0.00730142733741
0.0088649502328
0.01028336084143
0.01173935329729
0.01346960829906
0.01545945949669
0.0178842948424
0.02073709968191
0.02353012699789
0.02588736756551
0.02742115826019
0.02808969548532
0.02818231123659
0.0278685089307
0.02713596523447
0.02618905528629
0.02513686073966
0.0243095634242
0.02387701227062
0.0237730053542
0.02382317686832
0.02387397102748
0.02386070112988
0.02406505467363
0.02486252621166
0.02601017620286
0.02716321765233
0.02761163005861
0.02715210721731
0.02602922266288
0.02472612375732
0.02380285632537
0.02344711365692
0.02351207389066
0.02372625298919
0.02387289129619
0.02363957216093
0.022618178749
0.02104142554615
0.01963782165266
0.01885495527994
0.0186885039037
0.01886841593007
0.0190927804938
0.01918669912083
0.01912690720089
0.01898492613487
0.01887026586968
0.01914812032171
0.02020473096933
0.02170504279569
0.02295400037508
0.02341394791068
0.02281301266185
0.02141395083801
0.01989523319219
0.01889023729951
0.01861530172109
0.01924589718856
0.0207984392167
0.02314716430353
0.02566856001884
0.02745527416997
0.02818809499722
0.02784116653524
0.02649862144641
0.024709827013
0.02289094406753
0.02128703922174
0.02005162867098
0.01934389719989
0.01908244026711
0.01904981078741
0.0190502966665
0.01899076388206
0.01887472875903
0.01885853638873
0.0196762420912
0.02117420730155
0.02263709564127
0.02417374762387
0.02582943998161
0.02712747134829
0.02788109139938
0.0282787096465
0.02865862389951
0.02971901360666
0.03122620332136
0.03322498029768
0.03529179834102
0.0367801107536
0.03765026620321
0.03820164898388
0.03905276517168
0.04021124486776
0.04143252893409
0.04282624608803
0.04421352084525
0.04568922559542
0.04760304931355
0.0494885120897
0.0504341047657
0.04963161247716
0.04693026874443
0.04287148682923
0.0383839436173
0.03408972629351
0.03028305803629
0.02749414809564
0.0256452450211
0.02458611500046
0.02407702169547
0.02386901506084
0.02390141779697
0.02397180548
0.02406690101415
0.02400188679385
0.02371294350144
0.02338446044905
0.0229223066625
0.02214540760473
0.02129682878547
0.02031718858267
0.01940144687784
0.01880250193369
0.01854430938853
0.01809683634847
0.01665032033427
0.01390548862413
0.01047529747531
0.00730654526374
0.00524325434262
0.00459224475549
0.00540996485437
0.00754733254045
0.01061784360071
0.01383322580775
0.01682562910622
0.01942891164285
0.02130467483287
0.02229930530513
0.0226311103308
0.02283128171534
0.0230046757638
0.02308874364233
0.02312339581865
0.02313761947889
0.02313772025381
0.02314110701097
0.02342985955085
0.02409593498864
0.02497905081288
0.02551367256476
0.02523600886526
0.02434073526665
0.0233771542673
0.02219513282991
0.02067584652562
0.01885753583773
0.01641293421113
0.0135189592174
0.01021124558832
0.00668954001415
0.00379487039328
0.00175286025614
0.00058083137197
9.990627692e-05
-1.076386286e-05
-3.65107178e-05
-0.0001226987207
-0.00027872745076
-0.00044386601772
-0.00052667348992
-0.00016925129944
0.00112444944499
0.00340089192035
0.00617231273341
0.00871682189662
0.01015331080621
0.00987224955224
0.00789968125353
0.00485455467598
0.00148970670559
-0.00165656370089
-0.00384911609348
-0.00474460923745
-0.00426857370557
-0.00267578469345
-0.00049962694083
0.00172552073996
0.00348148558349
0.00428958887565
0.00427234916599
0.00392272137577
0.00365656761187
0.00363735559305
0.00360964968805
0.00315910661201
0.00228863444122
0.00110966972313
6.973700097e-05
-0.00060841022858
-0.00153970942172
-0.00316858809241
-0.00540911546575
-0.00769740799207
-0.00930202905961
-0.00989971431725
-0.00924280219904
-0.00735803764914
-0.00464660922613
-0.00159382915326
0.0012992633401
0.00364740789139
0.00493684459698
0.00495496248809
0.00425629716076
0.00300152162925
0.00110255213444
-0.00133587594853
-0.0038159179553
-0.0062809696926
-0.00857511076342
-0.01089971825225
-0.01286368469165
-0.01408680790029
-0.01457691593003
-0.01431142440132
-0.01325949618841
-0.01120209700105
-0.00832478945939
-0.00492669512282
-0.00156506331204
0.00149010980528
0.00387256785718
0.0055764882127
0.00639686445057
0.00613694793444
0.0045292460336
0.00165427323091
-0.00244156038346
-0.00735921455625
-0.01166443074282
-0.01443055115496
-0.01573199087343
-0.01560233673968
-0.01418811188937
-0.01207814418442
-0.00937555876071
-0.00628626397505
-0.00324384788296
-0.0009908398956
-0.00019616342198
-0.00078330474363
-0.00275669147866
-0.00581471292714
-0.00928155735428
-0.01228571892654
-0.01412085542708
-0.01476560257271
-0.01463915884001
-0.014159840925
-0.01399022593606
-0.01431353707555
-0.01550922431201
-0.01736202521652
-0.01899009804777
-0.01976643204616
-0.01932473196942
-0.01783483235184
-0.01558780715557
-0.01314671465568
-0.01063460822859
-0.00837056646714
-0.00683390368722
-0.00617048438842
-0.00660882650084
-0.00809152431069
-0.01026879886538
-0.01320756111318
-0.01667645702978
-0.01998175925897
-0.02251136813032
-0.02414836674026
-0.02426408154301
-0.02274256739314
-0.02008516152586
-0.01690119590036
-0.01400490308345
-0.0116226019525
-0.00960114701991
-0.00840263808567
-0.00861827482144
-0.00977063244108
-0.01169019673059
-0.01437509255661
-0.01732387111171
-0.02030515317785
-0.02344635424591
-0.02626602933022
-0.02811975160544
-0.02892746619433
-0.0290457831495
-0.02885626511372
-0.02827680572032
-0.0275455253097
-0.02709705171865
-0.02745760279046
-0.02832326655789
-0.02912779953857
-0.02964241027047
-0.0299113353447
-0.02999124985685
-0.02984579925427
-0.02941265064938
-0.02855711836059
-0.02748580897095
-0.02631073740399
-0.02537470394904
-0.0248764115561
-0.02475687450457
-0.02487941320909
-0.02545425855077
-0.02667785324207
-0.02780859464121
-0.02807302803325
-0.0271234727434
-0.02457903196318
-0.02108217100607
-0.01736911905112
-0.01424328975758
-0.01181802971756
-0.0099137796169
-0.00867336631115
-0.00859570123919
-0.00963373331035
-0.01161965428607
-0.01425740184559
-0.01709272583545
-0.0200276874291
-0.02332677400513
-0.02661871995821
-0.02971836936699
-0.03216927662434
-0.03379920659341
-0.03466821752785
-0.03422433279479
-0.03241315553165
-0.02943651631007
-0.02575668768703
-0.02192397271191
-0.01836574342717
-0.01560267865459
-0.01406172574233
-0.0140722099332
-0.01586628065354
-0.01904691710755
-0.02289320790414
-0.02679900989054
-0.03017229920018
-0.03247467862077
-0.03351363566174
-0.03327622434488
-0.03192002425429
-0.02982357478514
-0.02771229700623
-0.02537896528855
-0.02309006451361
-0.02146857444416
-0.02038141819823
-0.01944857714881
-0.01853748908585
-0.01782761254859
-0.01743224374166
-0.01780309545001
-0.01882552540398
-0.0201732424057
-0.02149678422376
-0.02274907457374
-0.02384327066769
-0.02455782963967
-0.02487302479894
-0.02492819186984
-0.02465173027118
-0.02371722283647
-0.02232978971866
-0.02105034412664
-0.02005949991211
-0.01927977915656
-0.01868751415001
-0.01843058848957
-0.01872848995261
-0.0187696241158
-0.01757893603522
-0.01501445544219
-0.01147143957138
-0.00727095372119
-0.00262100596591
0.00179527642028
0.00556599322452
0.00845610278023
0.01029552581401
0.01057096886614
0.00918949586507
0.00655281364042
0.00306946624028
-0.00097942209707
-0.00553221203145
-0.01007224458067
-0.01343487334335
-0.01503936124403
-0.01487279469645
-0.01363319838738
-0.01140660530629
-0.00836517140977
-0.00528169637578
-0.00296182314877
-0.0013091864306
-9.637375604e-05
0.00090359472778
0.00170100256166
0.00224457168686
0.00255073273439
0.00268578768407
0.00272636830501
0.0027306634761
0.00272994761425
0.00273600526672
0.00307397267879
0.00428959247475
0.00582454208101
0.00700266568843
0.0078477461783
0.0088862317366
0.01014059157157
0.01132518276943
0.01248033689313
0.01340062426671
0.01393263306886
0.01411817049527
0.01431322035437
0.01493483605659
0.01575028871976
0.01640331740441
0.01643241256367
0.01525969121183
0.01280235955327
0.0093435879171
0.00542512788084
0.00197343640267
-0.00040077646116
-0.00150778932548
-0.00130973493409
9.543453378e-05
0.00171000644091
0.00272220594087
0.00295780654836
0.00287727622946
0.00348489753437
0.00496447132169
0.00709148798376
0.00956419501593
0.01208358962925
0.01455576759309
0.01708736676913
0.01920975858216
0.02042562959561
0.02037727562917
0.0193071071556
0.01783009952967
0.01671654385361
0.01627918069757
0.01665937568072
0.0179402069279
0.01961761268195
0.02122510943384
0.0228202360642
0.02423798803674
0.02512291421045
0.02493368770212
0.02362559683888
0.02188638366647
0.02000761882345
0.01828082975913
0.01712899760871
0.01664497566436
0.01660811363799
0.01677739750933
0.01735663375826
0.01854148409164
0.01974500297909
0.01978764516698
0.01852345257904
0.0162007562146
0.01337395850286
0.01089273239078
0.00916478801397
0.0084667597281
0.00909944267607
0.01082504763508
0.01313234703126
0.0156983284508
0.01816466146924
0.01988222962831
0.02065457222002
0.02075316608356
0.02060198930602
0.02044009799494
0.01991904846543
0.0188040963369
0.01755227387048
0.01665100776319
0.01593070102162
0.01513869652305
0.0144504470036
0.01414543371043
0.01456396275361
0.01535600324323
0.01621442561278
0.01750872110919
0.01906161944866
0.02065703040827
0.02242833319473
0.02460964954356
0.0270175619008
0.0291274936147
0.03093498539502
0.03187430843131
0.03161802701054
0.03071355770041
0.02919051753032
0.02723802143636
0.02464862784327
0.02138980444717
0.01805035391627
0.01487352171552
0.01198960261924
0.0092214847042
0.0068401445341
0.00528362549569
0.00476285669631
0.00527368476958
0.00638891043004
0.00827293356446
0.01069360834559
0.01350915525725
0.01668662449947
0.01992546926752
0.02266838985326
0.02437751451362
0.02505203704923
0.02470189098799
0.02320530063548
0.02093436299017
0.01821622943582
0.01573001136606
0.0141421513273
0.01336941643322
0.01344225150719
0.0143295998781
0.01533734908558
0.01571569772821
0.01528506849633
0.0143664043188
0.01353141211832
0.0133390255964
0.01402114944032
0.01478726558157
0.01463546975809
0.01351661260139
0.01188241769371
0.00992829480459
0.00800529337047
0.00615764998244
0.00435919555305
0.00263661024256
0.00110351669439
5.501446888e-05
-0.00029546112635
0.00020644851039
0.00121486290433
0.00263054035314
0.00426557205257
0.00575148386258
0.00713146323536
0.00777994265216
0.00742578358961
0.00623608886183
0.00479587128017
0.00333159332628
0.00176102518418
0.00035118587847
-0.00093694078914
-0.00194964812272
-0.00254262647174
-0.00237076240253
-0.0011584494636
0.00037901519675
0.00182599657514
0.00334718320652
0.00525950429859
0.00752938380724
0.00966350150212
0.01180166099115
0.01367751415878
0.01489075782607
0.01511439896984
0.01403927812874
0.01233965150466
0.0103044515927
0.00801576316492
0.00556404610909
0.00296316669441
0.00083787328348
-0.0006684461678
-0.0017446884898
-0.00241019382946
-0.00260279089898
-0.00183893283577
-0.00028193068959
0.00157824143248
0.00339612490669
0.00453541489839
0.00433719062928
0.00311897407956
0.00133806636342
-0.00070328441781
-0.00284096810524
-0.00476423875237
-0.00620174980758
-0.00708978560742
-0.00749442930616
-0.00736170153733
-0.0070161587305
-0.00683875527984
-0.00674588399216
-0.00673155595789
-0.00692192698139
-0.00734395795307
-0.00776642801546
-0.00799182552213
-0.00782251645707
-0.00732264045822
-0.00682502109778
-0.00618088939899
-0.00519522429557
-0.00422992292436
-0.00360701514369
-0.00332212804184
-0.00283881296158
-0.00170371556649
-0.00030268391686
0.00078584715092
0.00131233888606
0.00137719294622
0.00122365731572
0.00108618232829
0.00139328994026
0.00281495521891
0.00523098139692
0.00824466260008
0.01165540778831
0.01510010692661
0.01783654912459
0.01955162310438
0.02028221248697
0.02014085406599
0.01904965242682
0.01681521689744
0.01345222462524
0.00962103207124
0.00619718254421
0.00366315397276
0.0023006648073
0.00227448672208
0.00355480077797
0.00573108413933
0.00818669542603
0.01073979925033
0.01293833011509
0.01429079793451
0.0148005570738
0.01462477322007
0.01368570572019
0.01226628736236
0.01088306519659
0.01003243848698
0.00992171564191
0.01023363201715
0.01079377861681
0.01162946904353
0.01280100629005
0.01387352137963
0.01398251305552
0.01252117592976
0.00936405242422
0.00481538922286
-0.00048609646808
-0.00584526932275
-0.01045121226925
-0.01410091279009
-0.01674793884053
-0.01851670425845
-0.01990619966303
-0.02100360975714
-0.02176697258359
-0.0224050253952
-0.02326956264298
-0.02454544152263
-0.02590169200068
-0.02686709774592
-0.0272883045227
-0.02730159601493
-0.02706889592561
-0.02630661283045
-0.02477716265558
-0.02214144858999
-0.01849014646773
-0.01434288777122
-0.01031412238599
-0.00671560832668
-0.00367755398911
-0.00149529899387
-0.00068251614628
-0.00105476466702
-0.00212859594904
-0.00303371633714
-0.00266328212489
-0.00123531229521
0.00070271683906
0.00279867035163
0.00462351377375
0.00587295723223
0.00656185099135
0.0064403740226
0.00583506946113
0.00465843228379
0.00264960624832
0.00033010322518
-0.00191878832262
-0.00394954550021
-0.00547177587183
-0.00598525288588
-0.00541940170588
-0.00450149334025
-0.00347044065217
-0.00203489290836
-0.00041222737144
0.0015389154593
0.00338429105171
0.0046717885599
0.0056377521663
0.00659425732658
0.00749515272613
0.00785504876095
0.00728740882611
0.00586339081296
0.00352868099824
0.00045044410067
-0.00306006070098
-0.00703916420526
-0.01106992709339
-0.01441068409915
-0.01659649213017
-0.01759464612555
-0.01780462506934
-0.01751787363146
-0.01677130062662
-0.01582189290005
-0.0146825460425
-0.01307407753244
-0.01149116986122
-0.01071091643822
-0.01104868517974
-0.0131647605647
-0.0171784744957
-0.02287099783143
-0.02911206425452
-0.03478803890862
-0.03881849947198
-0.04064119386892
-0.04041851728511
-0.03881781564216
-0.03609433741791
-0.03253567983976
-0.02883633327404
-0.02558558986713
-0.02277125945272
-0.02066121256748
-0.01965658018434
-0.020028270484
-0.02134953406902
-0.02289352102621
-0.02423271174982
-0.02509334037032
-0.02578741683965
-0.02627956196244
-0.02677776797688
-0.02725287134075
-0.02803511866753
-0.02951049230011
-0.03110623077821
-0.03224788826073
-0.03294146805367
-0.0333745590729
-0.03339485442212
-0.03263510509639
-0.03139201405703
-0.0297642039604
-0.0276855628594
-0.02557986729127
-0.02376963299346
-0.02192277780928
-0.02031100892057
-0.01926957929494
-0.01882417933896
-0.01875706684085
-0.01881606335874
-0.01884107353461
-0.01880544240191
-0.01892448277705
-0.01927749732443
-0.01953350521327
-0.01940140728769
-0.01901965029328
-0.01827668719006
-0.01727576548347
-0.01625263010506
-0.01550532288294
-0.01543839034004
-0.01641832566939
-0.01820044736341
-0.02039011363425
-0.02224074067976
-0.02317621627354
-0.02284694501731
-0.02145633029128
-0.01919389732946
-0.01637830722854
-0.01347353492187
-0.01074642160227
-0.00822600484333
-0.00637046861954
-0.00538668224857
-0.00492438089875
-0.0041860606401
-0.00284811628632
-0.00141114545666
-0.00044524843368
-0.00052830964274
-0.00182234600364
-0.00395958700124
-0.00623178073396
-0.00809714971073
-0.00915097465162
-0.00944244091615
-0.00923050765871
-0.00823712967476
-0.00672195354758
-0.0054653226778
-0.00529739206969
-0.00655189226972
-0.00859629869051
-0.010710977623
-0.01252306545953
-0.01382140275008
-0.01500433116176
-0.01636028651325
-0.01759265582086
-0.01842065496166
-0.01881015362946
-0.01890125775692
-0.01880351688111
-0.01812525847522
-0.0162638485132
-0.01324800424834
-0.00938251942845
-0.00522990886383
-0.00114735810384
0.00276316518759
0.00593271676023
0.00783184533545
0.00856318693083
0.00845940315888
0.00756351411344
0.00613962566804
0.00447810636043
0.0026795471971
0.00113513950461
0.00019027319985
-0.00016612612518
-0.00017355849154
0.00030625617186
0.00139317836802
0.00273713538547
0.0043048238842
0.00618501397253
0.00766212597249
0.00818309272261
0.00767852709084
0.006357752984
0.0049907771751
0.00416004991323
0.00409105508357
0.00498591478518
0.00660510142787
0.00833124625253
0.01037361198117
0.01284393280719
0.01530461523185
0.01712819500845
0.01863308129639
0.02019737080101
0.02151617259869
0.02184660276651
0.02069666734406
0.01819815113486
0.01495900404205
0.01137899297801
0.00765577355338
0.00420893654711
0.00139994864315
-0.00049544298207
-0.00129047756656
-0.00111275019651
-0.00045268382328
0.00052476740427
0.00206527690688
0.00428025279906
0.00706368850205
0.01025312836521
0.01352952258855
0.01656358192034
0.01929997373086
0.02123678492823
0.0222043033477
0.02216723977149
0.02127831859199
0.01989976806363
0.01835993087371
0.01692914294535
0.01580345108955
0.01498493198951
0.01434491046784
0.01400541415626
0.01393442902191
0.01382668983432
0.01359919045073
0.01292220972688
0.01153316780944
0.00954316185033
0.00742535169709
0.00553512370684
0.00388687429682
0.00270209378606
0.00251192359258
0.00307365631752
0.00375972873877
0.00416499148346
0.0046893161979
0.00532778650561
0.0056579467406
0.00531594905152
0.00460518713459
0.0039805841758
0.00367144630909
0.00369268822275
0.00437911659542
0.00585496530977
0.00738654615439
0.00836376775909
0.0082458503045
0.00675255313245
0.00418407753362
0.00096709012606
-0.00199031440235
-0.0041095256869
-0.00481789060035
-0.00380203261086
-0.00182743405741
0.00054769153928
0.00310650498267
0.00562971176727
0.00819315581827
0.01048973708181
0.0122207586928
0.01341445562458
0.01426083899021
0.01429616419904
0.01352061120628
0.01181872074559
0.00925328638991
0.00601444162185
0.00273147291466
-0.00019047071869
-0.00267765046913
-0.00486695718944
-0.00678233931974
-0.00840723414187
-0.00978657287408
-0.01100989043435
-0.01199519562734
-0.01260763361355
-0.01231153170267
-0.01148350376903
-0.01057351343289
-0.00945682293698
-0.00802928859892
-0.00624532056439
-0.00412548411542
-0.00195918826852
0.00017544467413
0.00191944587897
0.00295374387941
0.00338690688072
0.00382724433657
0.00471853372671
0.00606412365778
0.00731969279179
0.00844553580997
0.00991642495857
0.0113627970086
0.01255789039285
0.01387059170872
0.0151656142242
0.01594885850288
0.01596571310838
0.01550421435881
0.01501377881058
0.01495101403047
0.015615286317
0.01657966631751
0.01734008147753
0.01772992565934
0.0182007676837
0.01923396615777
0.02052792333838
0.02155466501931
0.02207822672363
0.02217132115578
0.02203667506435
0.02128982852758
0.0195974540987
0.01676903319091
0.01267158969719
0.00784955652777
0.0030748807328
-0.0007854120192
-0.00352361381928
-0.00502511982845
-0.00551382060841
-0.00546787084365
-0.00474666072691
-0.00298802138897
-0.00056165462437
0.00167482051743
0.00317449530232
0.00356293799291
0.00272311363498
0.00092635618327
-0.00129628688083
-0.00335313936424
-0.00487560583711
-0.00535151540034
-0.00452476154963
-0.00299466389589
-0.00170088055202
-0.00110806020368
-0.00133007671176
-0.00248528158282
-0.00442838113525
-0.00711797019329
-0.01001654484233
-0.01254555986148
-0.01428446711002
-0.0150983433655
-0.01499063297074
-0.01369563204988
-0.01120274483983
-0.00793847239981
-0.00433838913102
-0.00085554128655
0.00246122157049
0.00544037368671
0.00805900640323
0.01009548399722
0.01067485701212
0.00959566918315
0.00707726072441
0.00343899527779
-0.00048184340651
-0.00368136903968
-0.00551085494646
-0.00606770836567
-0.00592936239501
-0.00568033676853
-0.00516593478468
-0.00403346581546
-0.00281923743323
-0.00200459492844
-0.00169660625574
-0.00171975893387
-0.00184110129612
-0.00190468595219
-0.00186768464048
-0.00164599169188
-0.00083772356074
0.00093336399928
0.00344982534258
0.00615997140472
0.00832021859691
0.00930259771809
0.00873551924352
0.00628208901404
0.00197154075443
-0.00327698195708
-0.00820272583663
-0.01161035060142
-0.01354142482651
-0.01414274517951
-0.0133754953204
-0.01148049491783
-0.00906098624649
-0.00673604764007
-0.00482481527705
-0.0034374566607
-0.00313830990757
-0.00416636994041
-0.00613589339687
-0.00883372440379
-0.01191611970649
-0.01490182507183
-0.01756099450023
-0.01993415390623
-0.02212357903708
-0.02375899404112
-0.02466632463917
-0.02473071621442
-0.02379872095452
-0.02203068615477
-0.01978794389264
-0.01761960951306
-0.01545987699279
-0.01319470511258
-0.0105517388518
-0.00732304355791
-0.00344182381387
0.00084662522544
0.00511400330855
0.00932059323965
0.01304896298255
0.01557979195027
0.01661895414018
0.01625167634241
0.01462177156708
0.01216228764414
0.00914957819914
0.00595199356293
0.00305863617549
0.00057614605797
-0.00136962726905
-0.00277863989649
-0.00370696586955
-0.00432868234669
-0.0045484400569
-0.0046241400179
-0.00488233256307
-0.00544097473713
-0.0062550993308
-0.00740609288991
-0.00880838670943
-0.00996866595767
-0.01021620155496
-0.00934219866284
-0.00752572711726
-0.00502769318804
-0.00220845683454
0.00030207235706
0.0021851655909
0.00392768454062
0.00513827566804
0.00511880811281
0.00354465742229
0.00059851953002
-0.00329980171806
-0.00788156696152
-0.01224888929211
-0.01600924427503
-0.01926492565306
-0.0219604388368
-0.02375363497479
-0.0242310237699
-0.02318120463211
-0.02088447580529
-0.01769438810336
-0.01408198510051
-0.01074877181738
-0.00842034927799
-0.00733141147543
-0.00727983990974
-0.00851877398362
-0.01074457526175
-0.01328159468889
-0.01570881983987
-0.01779960431883
-0.01975027926601
-0.02186911516398
-0.02383450324959
-0.02554292608461
-0.02661807931765
-0.02670855720096
-0.02600920084559
-0.02470200615932
-0.0227428697179
-0.02038021249829
-0.01755189956363
-0.01428972540142
-0.01086540079263
-0.00735854512284
-0.00397305125047
-0.00101206921238
0.00173743485497
0.00417797345271
0.00584304867539
0.00623460603085
0.00505142208277
0.00277133299492
0.00011476535903
-0.00234844795579
-0.00429496233839
-0.00561820543078
-0.00629087802677
-0.00651089127339
-0.006548451526
-0.00654773530424
-0.00603405674035
-0.00479433446263
-0.00345015502054
-0.00206637859271
-0.00045053767738
0.0005056709167
0.00050377706801
-0.00038861076876
-0.00153467643425
-0.00232424325947
-0.0022827614228
-0.00103905421679
0.001324381849
0.00405876032057
0.00620208812339
0.00792217205638
0.00927630986019
0.00972689252638
0.00945147826708
0.00864952584418
0.00749598411922
0.00617758902033
0.00514595615664
0.00446754658837
0.00397704265716
0.00362642511325
0.00330186256519
0.00292645619033
0.00259334181052
0.00237583965898
0.00228226366668
0.00227422254782
0.00232106453054
0.00281223321632
0.00411065580565
0.00578078057168
0.00780675238018
0.00975162917032
0.01104352406415
0.01156417409309
0.01156193904931
0.01138671665586
0.01128458127368
0.01133226220762
0.01154140256011
0.01241660395396
0.01395447603293
0.01541124949442
0.0162636793553
0.01648297997926
0.01611985194876
0.01477058373308
0.01260879972335
0.0096881049792
0.00640830600318
0.00328531640294
0.00109564941228
0.00026508151875
0.00080081798521
0.00223995079683
0.00418986849246
0.00643681090933
0.00851106830129
0.01005908625531
0.0106018167892
0.00971855700079
0.00790369425484
0.00585820090454
0.00374522074929
0.00180412625788
0.0004238362824
-0.00063380226942
-0.00152836828412
-0.00240810274986
-0.00322973651477
-0.00368422672851
-0.00356593136797
-0.0029493410951
-0.00174970780067
-0.00013196821386
0.00144916711444
0.00298234200237
0.00432799491777
0.00531152935143
0.00510669352769
0.00366658032006
0.00136803466539
-0.00138532584224
-0.00390587036938
-0.00575543208001
-0.00671000092216
-0.00695558940403
-0.00687558491426
-0.00667549990822
-0.00605713779631
-0.00488914206843
-0.00367970265439
-0.00287450419932
-0.00256714788924
-0.00259261947028
-0.00272162864454
-0.00279534082023
-0.00276689206011
-0.00267002900584
-0.00235341184046
-0.00141778904331
0.0003274314301
0.00279175107359
0.00507525895063
0.00645267216203
0.00688263915872
0.00673995266825
0.00646536260384
0.00633617995275
0.00643483140196
0.00711245996459
0.00860554119038
0.01021011546957
0.01128470004413
0.01183170271484
0.01230196888251
0.01275884638214
0.01318350469996
0.01390844348877
0.01485532824322
0.01565573305126
0.01639846221269
0.01766505180411
0.01912388395327
0.01992081562564
0.01968012552475
0.01854867510206
0.01661319917239
0.01446443312296
0.01254681954799
0.01081209445866
0.00912126764462
0.00712468252283
0.00473598218441
0.00196678705746
-0.00095520696335
-0.00375044664875
-0.00646011510975
-0.00895805906137
-0.01066981106787
-0.0109828899538
-0.00952150603968
-0.006761025424
-0.00352927557028
-0.00034255565822
0.00267882881588
0.00489631508332
0.0058149288734
0.00498737962063
0.00288248629286
7.276082445e-05
-0.0029713262238
-0.0058342128743
-0.00814685694039
-0.0098623664118
-0.01091952772238
-0.01142119247607
-0.01160287526176
-0.01168407105505
-0.01178168236311
-0.01191052669839
-0.01203256512741
-0.01217168850461
-0.01264813793349
-0.01309017272693
-0.01301990741344
-0.01260966350839
-0.01188784154391
-0.01063362567312
-0.00912769924403
-0.00795863458217
-0.00744506039231
-0.00810935427346
-0.00987776697915
-0.0122414499435
-0.01494737533601
-0.01764327722302
-0.01974101877061
-0.02081788877641
-0.0206489576173
-0.01940821319395
-0.01685641584451
-0.01318034108727
-0.00903250293496
-0.00472623221083
-0.000636765412
0.00275692937946
0.00522770261289
0.00659460284059
0.00684867801043
0.00640668640623
0.00515525264308
0.00318856852
0.0008927063575
-0.00107173552358
-0.00221985375826
-0.00240769461143
-0.00153678155036
1.728123972e-05
0.00141301915037
0.00213794534232
0.00174460499058
8.095782051e-05
-0.00230986195846
-0.00478004961761
-0.0065603933541
-0.00733809141304
-0.0072753806195
-0.00637925763227
-0.0045522767021
-0.00210405509638
0.00036533680081
0.00237522385223
0.004098177711
0.00527945053469
0.00518043557595
0.00372401842579
0.00130366072574
-0.00126932886971
-0.00359506467773
-0.00544330335762
-0.00655069016888
-0.00697864886536
-0.006959487234
-0.00645570980607
-0.00556292678765
-0.00467194692049
-0.00402782961811
-0.00350904140583
-0.00314827618732
-0.00292938190223
-0.0024933201823
-0.00126462520028
0.00080439153588
0.00317720830715
0.00519623204478
0.00631891145026
0.006171470543
0.00483764608392
0.00288704023955
0.0003627691998
-0.00248677557102
-0.00525843896371
-0.00761024128472
-0.00947537991882
-0.01075034822507
-0.01141911939199
-0.01166129592296
-0.01143414205339
-0.01048406849252
-0.00911212232056
-0.00782873570932
-0.00633225332995
-0.00473691795153
-0.003529714661
-0.00295236794183
-0.00336090011287
-0.00459663926185
-0.00603846924224
-0.00708458490169
-0.00756623143719
-0.00806163015027
-0.00909126191197
-0.01067732599768
-0.01287502546934
-0.01505098995006
-0.0171763042358
-0.01914020589132
-0.0204918927051
-0.0211161609472
-0.02122802470833
-0.0211399474276
-0.02093401027794
-0.02025309573308
-0.01920429874092
-0.01809111377261
-0.01720542458879
-0.01630496827997
-0.01502978042835
-0.01345607206775
-0.01160001037473
-0.00946957096446
-0.00716314255151
-0.00478623647793
-0.00260815608378
-0.00062199972664
0.00156994549704
0.00382680164674
0.00552550690011
0.00631472569195
0.00616359570277
0.00508294663744
0.00321216532761
0.00122227346011
-0.00026286713383
-0.00047142939818
0.0004515148342
0.00162374058938
0.00238343988756
0.00255612347282
0.00232749505021
0.00199685181542
0.00148673384543
0.00031817043083
-0.00136605011927
-0.00316269743839
-0.00471645344441
-0.00595181720681
-0.00670613908324
-0.0070177423364
-0.00696565249968
-0.00630038326126
-0.00499169854581
-0.00349146122091
-0.0016967394226
0.00012923357841
0.00178703555114
0.00347261487109
0.00500941693634
0.00605757688703
0.0065518778733
0.00654968961788
0.0055873431113
0.00377162737763
0.00148502679026
-0.00084944044483
-0.00241681510167
-0.00290493786547
-0.00261175014935
-0.00171587226112
-0.00016375867036
0.0020460594894
0.0047802079782
0.00750756243779
0.00966818393683
0.01088481076218
0.01123273617606
0.01059192285145
0.00873542206771
0.00576436145781
0.00229004169101
-0.00056489453807
-0.00206705342477
-0.00200861440813
0.00143669189907
0.00381095119135
0.00638869088467
0.00897618774979
0.01124264451024
0.01269706055841
0.0133114816511
0.01340488200711
0.01334938741772
0.01337419244464
0.01352734153134
0.01374039411022
0.01392127789475
0.01401688810081
0.01423910759837
0.0152198599244
0.01669742901061
0.0180257576374
0.01937732568074
0.02099799155531
0.02301983159206
0.02523716777685
0.02688089311275
0.0269918570978
0.02563580097139
0.02345100428868
0.02112729657594
0.01946132157718
0.01875487858543
0.01877001641817
0.01905970112606
0.01932774801884
0.020065499619
0.0213503510657
0.02256546626724
0.02367031570996
0.02513958166252
0.02684088187011
0.02890674974991
0.03086305009713
0.03221592101623
0.0331818558298
0.03388988602656
0.03432673451069
0.03428914546525
0.03372830423845
0.03306688964075
0.03249736017615
0.0314394754456
0.02963820651664
0.02746616865872
0.0250434207935
0.02269568546037
0.02072040703611
0.01943531804853
0.01886657678776
0.01898928105109
0.02007447938426
0.02183244389014
0.02405752174831
0.02605140754186
0.02723191015723
0.02757629045337
0.02715112826094
0.02592330822118
0.02406208541258
0.02187778900537
0.01992646981852
0.01873454364606
0.01861847613109
0.01965723522132
0.02134572621666
0.023247964418
0.02506631469604
0.02632235171361
0.0268568978843
0.02687056728247
0.02630277618525
0.0248327688172
0.02240984459588
0.01923942959811
0.01582633059567
0.0123204862742
0.00892541158615
0.00577123934615
0.00335690402735
0.00162617934246
0.00052758154393
5.974077667e-05
0.00034202561813
0.00130880276608
0.00287777542522
0.00483942044235
0.00679820777065
0.00865515484333
0.0103864031979
0.01165721813778
0.01231744863016
0.01249924298808
0.01245188237443
0.01238110958724
0.01237902210673
0.0124382525664
0.01250665354386
0.01260109044191
0.01296252689338
0.0131176878794
0.01292980023787
0.01247683136553
0.01150512358864
0.00991994848169
0.0078545880756
0.00571402438489
0.00415746575634
0.00372388525893
0.00444669337799
0.00623585132094
0.00859400606106
0.01063559438317
0.01175416721064
0.01197176185916
0.01141181321023
0.00993239778351
0.00757265943749
0.00457905403818
0.0015803811
-0.00099060415426
-0.00277324447922
-0.00400615941104
-0.00481691164398
-0.00528662354959
-0.00542243215171
-0.00492872501765
-0.00375592448552
-0.00218269228641
-0.0003684208733
0.00125456750328
0.00226209104692
0.00261835270621
0.00231771700362
0.00113809220979
-0.00040726672596
-0.00201902373763
-0.00363315183921
-0.00516644225839
-0.00678093206995
-0.00840304478445
-0.00996887110661
-0.01147470035988
-0.01284547322383
-0.01388936823592
-0.01493063590186
-0.01621449399576
-0.01740120506607
-0.01803788301983
-0.01811276238505
-0.01804252226529
-0.01800761095346
-0.01799608302235
-0.01784232928612
-0.01778304483989
-0.01779805670397
-0.01744701806486
-0.01670204306234
-0.0157662651438
-0.01505394841381
-0.01515519121812
-0.01604843132279
-0.01739332302763
-0.01914134680739
-0.02101522046765
-0.02297183393695
-0.02485130780352
-0.02640702784077
-0.02717138402001
-0.02708269129244
-0.02596320069338
-0.02404387034565
-0.02158785955838
-0.01886389905416
-0.01642086303793
-0.01434794451278
-0.01235101027787
-0.01052007753116
-0.00963363613454
-0.01016477755255
-0.01171362330056
-0.01375444861256
-0.01582158697618
-0.01747805314135
-0.01855335033856
-0.01877811080377
-0.01786290896458
-0.01603973588677
-0.01413887974148
-0.01244912186143
-0.0109872268745
-0.01012955671774
-0.01016673186619
-0.01068145776943
-0.01131006653132
-0.01211397326786
-0.01269626875546
-0.01261853889962
-0.0119687098187
-0.01085121312343
-0.00916709863894
-0.00721914101551
-0.00539221767101
-0.00392086423794
-0.00303875724264
-0.00281703550121
-0.00346161600831
-0.00455884146836
-0.00546940406209
-0.00558763823786
-0.00493641990267
-0.00361646999072
-0.0018629687341
7.021978482e-05
0.00198935776042
0.00371766240757
0.00500851716026
0.00562637179847
0.00600369829548
0.00634196731249
0.00639399236532
0.00628164992332
0.00601483752332
0.00574410569874
0.00557288550928
0.00551339951321
0.00559889263704
0.00598043728431
0.00675746231073
0.00751143507403
0.00741060976583
0.00664463758875
0.00564055226946
0.00443766682437
0.00318540814651
0.00226244771815
0.00182918214237
0.00182027004027
0.00227398212766
0.00313127329872
0.00437784251249
0.00611725003653
0.00819898996636
0.01019925337275
0.01161503663523
0.0121741035036
0.01170041098863
0.01028506321777
0.00797491333097
0.00504464496935
0.00200638224364
-0.00063549888719
-0.0024163572956
-0.0029332451808
-0.00249136658848
-0.00177410216979
-0.00086719014757
0.00021722984331
0.00109382106729
0.00155474216061
0.00166289668484
0.00160860779539
0.00161552275451
0.00214415919591
0.00357623200451
0.00559349757968
0.00794083341224
0.01040813818884
0.01264417531964
0.01439120574661
0.01526990187076
0.01493110018631
0.01336455044419
0.0109379875284
0.00836223094155
0.00626757022725
0.00475794751803
0.00371506745336
0.00341868805153
0.00384552418737
0.00446629769918
0.00485919752055
0.00496345277516
0.00513891990771
0.0055107217796
0.00621771543431
0.00692782591336
0.00720873600494
0.0067491699744
0.0057713653148
0.00484734207094
0.0043193462701
0.00428884386105
0.00468725391113
0.00555468123967
0.00660199540085
0.00763531984357
0.00870299053875
0.00960657806832
0.01008898041573
0.00978017366662
0.00900434714193
0.00809756000862
0.00737884407117
0.00701618032512
0.0069502267386
0.00701420081775
0.00705984825775
0.00703505042903
0.0071390141562
0.00754940202543
0.00828605949788
0.00901705198015
0.00946425148828
0.00941821534502
0.00861886507455
0.00728914719349
0.00560232978166
0.00384851144395
0.00235174725471
0.0012518699746
0.00064529528922
0.00059478869849
0.00118144630052
0.0021608755958
0.00323327551404
0.00423022165001
0.00506476756156
0.00576639495174
0.00650775285443
0.00723445160526
0.00784356761819
0.00789218072014
0.00720955300162
0.00625391882459
0.00537448488406
0.00484083129124
0.00480910158762
0.00507103720127
0.00533516107034
0.00547081851009
0.00552585241413
0.00540513125728
0.00518594580465
0.00498714567885
0.00486948016157
0.00481888755225
0.00468084030724
0.00450699996985
0.00435564323709
0.00426657260357
0.00404744473661
0.00357412904786
0.0028521904724
0.00219196501876
0.00179302338098
0.00166076745473
0.0016852672776
0.00174186859157
0.00187311460916
0.00220693801252
0.0029398732913
0.00409654011854
0.00533438006471
0.0061919134555
0.00652323980029
0.00646525463071
0.00625276351211
0.00606877010145
0.00598572436854
0.0059826867245
0.00599847599512
0.00587097052664
0.00526132184627
0.0041559325379
0.00267363458854
0.00113956784256
-0.00023066547966
-0.00119362566951
-0.00154856393815
-0.00132814543238
-0.00076974583795
-6.81928053e-06
0.00079122529249
0.00152731734566
0.00210708950123
0.0021334111907
0.00152028901476
0.0006732387351
-0.00032942457807
-0.00126909960676
-0.00185809194776
-0.00191054781338
-0.0014524055885
-0.00044897026745
0.00095148620931
0.00257051845043
0.00420243656472
0.00569798317697
0.00688755913431
0.00773132595111
0.00820705915823
0.00854014906413
0.00894211862837
0.00945495860095
0.00986906074582
0.01008828578859
0.01031902796517
0.01072359608272
0.01112708806808
0.01133646236235
0.01130612191299
0.01107674019785
0.01046440298655
0.0094502473734
0.00812730300666
0.00669281159997
0.00535251595134
0.0043493052144
0.00378607778144
0.00355737089836
0.00347533903314
0.00338859881966
0.00323482096943
0.00302710946136
0.0028115767397
0.00262674761702
0.00247329692537
0.00209639980151
0.0014013857655
0.00050153518594
-0.00051567858615
-0.00139883975911
-0.00206734567204
-0.00246941853057
-0.00253339800837
-0.00242999898067
-0.00242257186901
-0.00270942156244
-0.00326565917491
-0.00384990429732
-0.004426336844
-0.00503296947496
-0.00554234710919
-0.00575366132069
-0.0055174808975
-0.00499220961862
-0.00441745065545
-0.00383614132243
-0.00333445641376
-0.00300077301555
-0.00273321272168
-0.00241475857346
-0.00205747440864
-0.00179080669264
-0.00168131474125
-0.00178972480188
-0.00224194146142
-0.00285163764998
-0.00336617460024
-0.00370936287303
-0.00381226486442
-0.0036943150179
-0.0034132562833
-0.00303050017753
-0.00263158913214
-0.00237658323393
-0.00239726620668
-0.00259727275225
-0.00295407391728
-0.0035192394679
-0.00414151812513
-0.00471996617022
-0.00517066760685
-0.00533883575585
-0.00510222703924
-0.00461310516408
-0.00406373788183
-0.00355872956024
-0.00315854515174
-0.0028596294611
-0.00271782763048
-0.0028811902554
-0.00332271793504
-0.00391184488254
-0.0045200647185
-0.00499805456402
-0.00529567529693
-0.00538107844316
-0.00535290825371
-0.00531998364746
-0.00533792878156
-0.00540680484079
-0.00549683283606
-0.00557026896045
-0.0055472778821
-0.00542442245639
-0.00521559162688
-0.00498554047833
-0.00475522299607
-0.00449488898384
-0.00426869247601
-0.00415211388823
-0.00416691340516
-0.00439107641905
-0.00476636942212
-0.00511170708
-0.0053217724023
-0.00540009970945
-0.00540775140522
-0.00540852161354
-0.00543779672802
-0.00549875115865
-0.00557504497187
-0.00565399852317
-0.00580687047884
-0.00606947192679
-0.00633442718895
-0.00652028133654
-0.0066335811403
-0.00668584373402
-0.00671826806477
-0.00674789589147
-0.00677845588619
-0.0068075942347
-0.00684167415343
-0.00687409488508
-0.00687184184578
-0.00681854271002
-0.00675270069573
-0.00669419365602
-0.00659965238394
-0.00647145588744
-0.00635430504207
-0.00630911468833
-0.00639186529468
-0.00655756805722
-0.0067079422345
-0.00678904085197
-0.00680157653229
-0.00677719979878
-0.00676857994395
-0.00679748075158
-0.00685887427294
-0.00689085591386
-0.00686280089575
-0.00680545276763
-0.00675332334077
-0.00672399423973
-0.0067468341557
-0.00684531284789
-0.00697553204102
-0.00707037923697
-0.00710154388121
-0.0070804243371
-0.00703538874484
-0.00697820257642
-0.00688526290576
-0.00675719237791
-0.00663920294123
-0.00656250962744
-0.00652723480607
-0.00651545133856
-0.00650763768309
-0.00649272659393
-0.00648793618609
-0.00652536327183
-0.00661132427923
-0.00672781288941
-0.00683093802527
-0.00689246471349
-0.00689092789595
-0.00683863291029
-0.00676785652399
-0.00670327779531
-0.00664347867716
-0.00655990387592
-0.00645677154185
-0.00635305255377
-0.00626896308062
-0.00620241204277
-0.00614177433332
-0.00606621113828
-0.00597070170714
-0.00587912969612
-0.00580927108142
-0.0057749572209
-0.005776961922
-0.00580086717285
-0.00581687238972
-0.00580616145529
-0.00576924544236
-0.00571782503905
-0.00566413360091
-0.00561516778674
-0.00557172299859
-0.00553226601801
-0.00550466088794
-0.00549078274171
-0.0054835953304
-0.00546669033744
-0.00543157027756
-0.00538090208705
-0.00532254980883
-0.00526371165153
-0.00520786434992
-0.00515497191294
-0.00510321319382
-0.00505803363739
-0.00502339225838
-0.0049966149223
-0.00496568781894
-0.00492226462541
-0.00486661527454
-0.0048039908595
-0.0047399807893
-0.00467783865424
-0.00461515305444
-0.00454658651818
-0.0044774981118
-0.00440793462365
-0.00433535148698
-0.00426264238166
-0.00419472368418
-0.00413303503627
-0.00407588485889
-0.00402060261665
-0.0039651440183
-0.00390872085999
-0.00385153109247
-0.00379420095988
-0.00373720194488
-0.00368072120091
-0.00362461836289
-0.00356868000393
-0.00351241232693
-0.00345428751211
-0.00339695773942
-0.00334141636168
-0.00328677296045
-0.00323394098843
-0.00318603906949
-0.00314155593974
-0.00309498317003
-0.00304329931228
-0.00298697045051
-0.00292828345559
-0.00286843394998
-0.00280438320991
-0.00273973393878
-0.00267688493964
-0.00261745616932
-0.00256120360856
-0.00250675059996
-0.00245362530093
-0.00240405951607
-0.00235637102402
-0.00230800158144
-0.00225916209583
-0.00220710069204
-0.00215179649526
-0.0020931044616
-0.00203249266569
-0.00197095949909
-0.00190976212891
-0.00185002023652
-0.00179271637739
-0.00173723078575
-0.00168385462916
-0.001632598345
-0.00158289435454
-0.00153450295742
-0.00148789023765
-0.0014423374541
-0.00139686709003
-0.00135056749234
-0.0013020270923
-0.00125111560234
-0.00119880514053
-0.00114599512304
-0.00109307821216
-0.00104080914005
-0.00098909217054
-0.00093804787363
-0.00088881140682
-0.00084130179025
-0.00079440977998
-0.0007472859874
-0.0006997339014
-0.00065163187227
-0.0006028870431
-0.0005543858733
-0.00050684134542
-0.00046025849822
-0.00041412805842
-0.00036836184799
-0.00032306449287
-0.00027823109829
-0.0002336986968
-0.00018931799756
-0.00014506988932
-0.00010100360784
-5.710295713e-05
-1.323002312e-05
3.054203519e-05
7.407266198e-05
0.00011727519442
0.0001599720887
0.00020206732071
0.00024363470809
0.00028480576209
0.00032561352251
0.00036602386983
0.00040614056622
0.00044609026418
0.00048590175653
0.0005255206968
0.00056490821467
0.00060409922144
0.00064302065529
0.00068158037916
0.00071977443404
0.00075760389964
0.00079503746378
0.00083208484402
0.00086878455078
0.00090516357735
0.00094126439315
0.00097710319417
0.00101268142003
0.00104800914823
0.00108305974539
0.00111779290156
0.00115220141852
0.00118628025752
0.0012200200609
0.00125342154847
0.00128649191844
0.00131921641449
0.00135157992038
0.00138359575279
0.0014152768685
0.00144662830626
0.00147766014355
0.00150837094074
0.00153876177755
0.00156883265399
0.00159858392997
0.00162801380593
0.00165712084224
0.00168589892041
0.00171434192197
0.00174244372844
0.00177020469973
0.0017976230363
0.00182469981786
0.00185143648406
0.00187783555429
0.0019038963087
0.00192962054686
0.00195500718904
0.00198005731497
0.00200476984491
0.00202914513877
0.00205318319657
0.00207688437819
0.00210024868366
0.00212327647287
0.00214596702601
0.00216832178271
0.00219034074299
0.00221202390683
0.00223337127424
0.00225438392494
0.00227506113913
0.00229540399652
0.00231541213722
0.00233508628103
0.00235442642796
0.00237343329784
0.00239210689065
0.00241044756632
0.00242845568474
0.00244613196575
0.00246347676926
0.00248049009525
0.00249717302347
0.00251352555391
0.0025295484064
0.00254524194085
0.00256060651716
0.00257564321506
0.00259035167466
