0.00018043660609
0.00026051404611
0.00017390155662
0.00025920604125
0.00016660739247
0.00024624606707
0.00016713623256
0.00023885293385
0.00012491827077
0.00021720493707
0.0001279664128
0.00019972909363
0.00011194261833
0.00021773799823
5.554005123e-05
0.0001408999299
0.00012055948572
0.00015139487307
2.107575502e-05
0.00011427694684
6.786012588e-05
0.00010917856956
3.924394481e-05
0.00012521163532
-4.958762283e-05
0.00011082508937
-0.00018740506926
4.472596482e-05
7.479550639e-05
-5.752124932e-05
-0.00032708895338
-1.183671662e-05
-0.0001389964523
-2.614237626e-05
1.157237195e-05
2.59860006e-06
-0.0002313403292
-4.646331306e-05
-0.00025678367323
-0.00055474074354
-0.00033120728805
-0.0002825938737
-0.00044095283811
-0.00015024628907
-0.00038971987135
-0.00016827780656
-0.00011483593744
-0.00074066745751
-0.00054957603513
-0.00039460003424
-0.00066369898819
-0.00088348480962
-0.00083573769503
-0.00091558757402
-0.00055747170212
-0.00039466742065
-0.00051728490537
-0.00092580030834
-0.00088915989094
-0.00013635345786
-0.00072391077932
-0.00076559552919
-0.0022722998441
-0.00221030585584
-0.00153589830805
-0.00125794746343
-0.00147258448085
-0.00073268292187
-0.00095848799279
0.00062799353836
0.00245395294823
0.00023073528367
-0.00135296229937
-0.00060926697605
0.00098273654716
0.0016601749758
-7.711326719e-05
-0.00141464347601
-0.00092678246147
-0.00052595905874
0.00301447520442
0.00431290803009
0.00240725808673
-0.00106338466111
0.00109102137998
0.00431172839106
0.00402437359977
0.00434625977971
-0.00084557128659
-0.00620754248159
-0.00659676230659
0.00129116353571
0.00679438237146
0.00565049884145
-0.00138775976634
-0.00402163216389
0.001748225042
0.00439765510702
-9.949120802e-05
-0.00140888623453
-0.00048492126362
-0.00154000706994
-0.00425534616802
-0.00263860527517
-0.00195974675712
-0.0019390582252
-0.00147818644715
-0.00328288944009
-0.00307021974399
0.00225914291167
0.00420238527505
0.00144630152025
-0.00069916134946
0.00119056859259
-0.00108701889867
-0.00673604413354
-0.00726838093143
-0.00048688813268
0.0054743120263
0.0067236869436
-0.0022948079598
-0.00736955627203
0.00120203558847
0.00544266830355
-0.00254990621906
-0.00727064523535
-0.00264314518947
0.00490788026852
0.00422367304852
0.00274632704706
0.00228590300421
-0.00123430267319
-0.00480799160129
-0.00204860334969
0.00545056397054
0.00465376717745
0.00303452153029
-0.00137514252818
-0.00259718901567
0.0024300232356
0.00111366140419
4.9680969e-07
-0.00750084142776
-0.00258297606132
-0.00250765705148
0.00133829784102
0.00598569421395
0.01386400731723
0.01191851497142
-0.00090457886601
-0.01484680115037
-0.00553903388271
0.00404181793592
0.00302705173937
-0.00539132498588
-0.00582400452177
0.00476940798299
-0.00028714117487
-0.00421456533069
0.00338331855536
0.00605370624567
-0.00420290612525
-0.00140560962695
0.00598345930677
0.00536011693812
-0.00401152043381
-0.00585503015889
-0.0076312167916
0.00060183849134
0.01207149870143
-0.0015685859925
-0.01127495215765
-0.00085533327066
0.01767283938404
0.00986763902641
-0.00721749590164
-0.00423876338294
0.0022246507187
-0.00113679891196
0.00101186044034
-0.00183080278913
0.002789280983
0.00160734749887
-0.00291926815892
-0.00503034865893
0.00035500773034
0.00080108570432
-0.00363828942868
-0.00134098274467
-0.00097594589666
0.00772022112171
0.00052435226224
-0.0018465006565
-0.0030275740971
-0.0073094987008
-0.00299026810701
0.0127929026159
-0.00223335668086
-0.00954558626486
-0.01015305137056
0.00363825626311
0.0074083298386
0.00131093247682
0.00374901193091
-0.00747248034269
-0.01357309250349
-0.00568203326858
0.00628406600464
0.00523960531635
0.00813230333099
0.00229541172393
-0.00347575024565
-0.00766991498187
-0.00135926300394
-0.00437966353897
-0.00269233576013
-0.00296599844728
0.00362322019962
0.00361637226314
0.0016583659447
-0.00479558164795
0.00798904314315
0.00868364324682
0.00383458663956
-0.01715424293112
-0.00378395788918
0.00743659067319
0.01079894331187
0.00318866454773
0.00294091020098
0.00702703507734
-0.01064035158545
-0.00180882306127
0.00499763459278
-0.00416371422024
0.00224089807926
0.00254489520291
-0.00118289227062
-0.00581576061629
0.00601066261194
-0.00388281163987
-0.00078049817664
0.00309784666394
-0.00302142791394
-0.00788626002616
-0.00150337720522
0.00305957284221
0.01059385948619
-0.01218184959852
-0.01367393844968
0.00031390661913
0.00083221309944
-0.00174347332031
-0.00491918143656
0.00554672829499
0.00533645631886
0.01582153725749
0.00169411239923
-0.00814754441801
-0.00983823473341
-0.00290744840197
-0.00309631954019
-0.0009218980775
-0.00521385526617
-0.00514775326978
-0.00127893448547
0.00548988778407
-0.0004752249323
-0.00588762739179
-0.00457620572281
0.00287372504722
-0.01090183195568
-0.01210911147305
-0.0012235133102
0.00050002780395
-0.00053538576905
0.00178700689997
0.0044420916947
0.0002039561963
-0.00354004245717
-0.00763638006786
-0.00480831571937
0.00764256846175
0.0038628791322
-0.00719535863732
-0.00023920381051
0.00333348276361
-0.00664012252076
-0.00814573538691
-0.00174049068029
0.00733224123678
0.00901659542075
0.00257070781542
-0.0009072773374
-0.00576836324771
-0.00711473841259
-0.01208279007055
-0.0107384613721
-0.00704916405027
-0.00696282125717
-0.00718085473047
0.00024526745663
0.00971086386872
0.00590680387521
-0.0038170571282
-0.00563103291306
-0.00382505304567
-0.01298190114006
-0.01147408879359
0.00090157738191
0.00072166057076
0.00072767092584
0.00128573719617
-0.00322517381038
-0.00901906776325
-0.00869721098007
0.00735907142928
0.01084128971487
0.00255460819239
0.00077275778482
0.00882109192226
0.00252119840303
-0.00355270944369
0.00163679400259
0.00031367423401
-0.0065407351059
-0.01679334876433
-0.00628010498029
0.0141762536227
0.0165863428431
-0.0014883396342
-0.00498322716759
0.00455262424866
0.01020015401782
0.00800692993815
0.00875395425557
0.00082450436567
-0.00784750907247
-0.00377966445537
-0.0029188309764
-0.00707231587954
-0.0022395277382
0.00762557110704
0.00303464288613
0.00278152551593
0.00901351253025
0.00900507792275
-0.00573432482004
-0.00667233382702
0.0035589196967
0.01479391714122
-0.00213306851927
-0.00961396010281
-0.00196948160572
0.0040813015472
-0.00040003941388
0.00116690345075
0.00774015815195
0.00490021223795
0.00473215777135
0.01328437867758
0.01289122345618
0.01074345128288
0.01553093902419
0.01626337802837
0.01681682848048
0.01168522533584
-0.0051258534408
-0.00289689722808
0.00075155217151
-0.00250872965617
-0.00260329826444
-0.00196069348339
0.00552474253702
0.00423263227504
-0.0054003859704
-0.00624061006257
0.00478457670876
0.01235977534482
0.00624292562237
-0.00510485888112
-0.0071011307299
-0.00818743355376
-0.02018715140868
-0.01685833066896
-0.00791789545751
-0.01347802038156
-0.02230545898793
-0.0091346573129
0.00844722549496
0.00887680254251
0.00884330531664
0.01584537124223
0.01234787342771
-0.002416173595
-0.00616622044245
0.00056159199657
0.00117800637912
-0.00830441002726
-0.01014515193476
-0.00348669865262
0.01133287884099
0.01613051976934
0.01837214296857
0.01680801699149
0.00169463324943
0.00288755735127
0.00184943807075
-0.00217986513877
-0.00512817955328
-0.00939061260064
-0.00601528091758
-0.00849466733555
0.00139178335301
0.00489904164407
0.00732439682567
0.00436205337497
-0.00319471274171
-0.00380159669617
-0.00497099284102
-0.00768300784446
-0.00690464130947
-0.00395997736896
0.00087951850894
0.00946356931737
0.00120853830151
-0.00104924934436
-0.0072686439947
0.00532683227341
0.00982130521737
0.01277787258251
0.01688008426793
0.01889788509433
0.01335622736276
-0.00072830476511
0.00156028027846
0.00472431411401
0.00598201585071
0.00504757214253
0.01029124627133
0.01485320813552
0.0067072978756
0.00342836795233
-0.00026267508451
-0.0211699150913
-0.0340555380887
-0.0257428366689
-0.00723806232396
0.01005231095119
0.01218432947865
-0.01211404862042
-0.02793279695497
-0.01730530456558
-0.01381192983445
-0.01841525820978
-0.02185935191871
-0.02224657502563
-0.0216500319452
-0.01728883484495
-0.01497022983479
0.00916876508676
0.02598698802871
0.02086570389897
0.02218604032245
0.0375659252498
0.02537900282657
-0.00247133999839
-0.01463267970682
0.00445593078261
0.02684590091966
0.02346905040424
0.00752774096645
-0.00230662319417
-0.00036012035374
0.00180957079413
0.01006435608326
0.00539064132288
-0.00941926313069
-0.02935258486316
-0.03127802711429
-0.01337991059491
0.00049675639733
-0.01822426221379
-0.02651432813195
-0.02940229553026
-0.02633785714816
-0.03161089637429
-0.02004016763181
0.00270534570879
0.02343406072772
0.02079038036655
0.01993862822371
0.02813048636603
0.01930810550911
-0.00583492202445
-0.01190500753921
-0.00092604678883
0.00583442378714
-0.0007413692862
0.00458129663783
0.03161479332878
0.04697426635522
0.03682969481794
0.02443364086194
0.01969351204731
0.00301244230572
-0.00942798416811
-0.00839084402568
-0.01013362689913
-0.0095339783153
-0.0006364086234
0.01061754271834
0.01424290134347
0.01622389592461
-0.00107802499905
-0.0075456043948
-0.02212071922449
-0.01815061957276
-0.0036727175518
0.00188539407139
-0.01014974235117
-0.02324133107692
-0.02614104963975
-0.01154804047743
-0.00110379992341
-0.00703021068069
-0.0149882221566
-0.01173573499167
0.00242506272157
0.02857899040146
0.04406315089646
0.03421707702828
0.0063785878796
-0.01873177081359
-0.02106221743982
-0.00965637434447
-0.00953533508863
-0.00496530946831
-0.00094417478797
0.01762142521265
0.00586004795891
0.00393335747632
0.01107342609313
0.01647626330067
0.00988944538879
-0.00870676869438
-0.02790249568405
-0.02121896998462
-0.00469077241613
0.00148337082878
0.0015173368952
0.00460272762626
0.01593831021498
0.00709081473006
-0.00571745786633
-0.00903377367857
-0.00591514124729
-0.00635202979553
0.00112690577313
0.01300489844792
0.01727799573361
0.01481598732064
0.00246248554492
-0.00264350774945
-0.00518393012297
-0.01419262535415
-0.01801929899017
-0.00754449636325
0.02283057549044
0.03512114032043
0.01593156403651
-0.00582431054953
-0.01917943063451
-0.02410106556949
-0.02182672152025
-0.01484233133603
-0.01181003340647
-0.02567464373406
-0.02448520578592
-0.00936953738833
-0.00280697104587
-0.01367182037576
-0.01050594057473
0.00485131638861
0.01522431579039
0.00832379681054
0.0042597277921
0.00074727614963
0.00027802539178
-0.00547740396195
-0.02061646463919
-0.01119965123812
-0.00538289716225
0.00898180926022
0.02731835200428
0.0386923636899
0.03174963398439
0.02598942268307
0.00675042291573
-0.00894016385678
-0.00664066673762
-0.00333932894912
-0.0115868894203
-0.03770261262466
-0.04123419560015
-0.02057108057147
-0.0074354916868
0.00020778101568
0.01443450034983
0.01615600449496
0.00939634873675
-0.00574733024613
-0.01655528027159
-0.02757884494502
-0.02719845846813
-0.02398411170889
-0.01307768179917
0.00500618377225
0.02566684982508
0.02727403827996
0.03023640208225
0.02991273626797
0.01949745076423
-0.00909494908026
-0.02802893188267
-0.01690242580202
0.00810721809974
0.00318918765922
-0.01128083150872
-0.00810954722728
0.00825628226237
0.0149733654887
0.01309111385508
0.02702504022432
0.02909704414505
0.00342590842379
-0.01670596502457
-0.00746486809057
0.00083887937904
-0.01486057239962
-0.02693913385997
-0.02266464965044
-0.0052435603106
0.00091563355356
0.00223259538028
0.00751629130711
-0.00262998147317
-0.01190472864691
-0.02203904900796
-0.02203271739911
-0.01659825983547
-0.01350067095846
-0.01524518748671
-0.00032694144197
0.00555261367617
0.01325020306505
-0.01314411846631
-0.026428881563
-0.01930646984349
-0.01277016912508
-0.02147595792762
-0.01420050971469
-0.00506971920577
-0.01154771635936
-0.0187167407802
-0.01334178526448
-0.00623025411328
-0.0107916619617
-0.00733241460226
-0.00420900331382
0.00091873227308
-0.00395523016985
-0.00588945375943
-0.02535860600092
-0.03183379915631
-0.03299701369114
-0.02950228218668
-0.03695337978176
-0.03503472139727
-0.0368371495336
-0.02431500610994
-0.01775909247935
-0.01553806962177
-0.00793548074733
-0.01823591538912
-0.02935333862612
-0.02718440832659
-0.00575840302398
0.01437119179896
0.01529770215201
0.00907999442317
-0.00020924112991
0.00358118886954
0.00979025018349
0.02602992236682
0.02886264647792
0.03004388348508
0.03118104043445
0.04176605828113
0.04586385291562
0.04132977274326
0.04961990650008
0.06089458730307
0.06721309575232
0.06573893138431
0.0601012291766
0.03305365143982
0.03422760709681
0.06947102284433
0.08346477537957
0.06080378901711
0.03556944083986
0.0184004844558
0.02589845103163
0.03429819699785
0.03674600451669
0.04365623196344
0.05116894968036
0.07474924042199
0.07843227698869
0.09424072138359
0.10392853518105
0.10570636049442
0.09483687250728
0.08341563003469
0.06962956934498
0.06288709938222
0.07265023671209
0.08688844211233
0.10438501402857
0.11209065737467
0.11150709409238
0.07754117841942
0.04052223633554
0.00451016251993
-0.02664434470462
-0.04967941608564
-0.05491175964965
-0.0554231275158
-0.03095084876462
0.00754835562959
0.04094197677649
0.05357018218601
0.05775906153637
0.01820278750711
-0.01949817437667
-0.05559246036438
-0.08229139258243
-0.09273643664777
-0.09632819252022
-0.08699110462725
-0.05271032709136
0.01430940584927
0.04683536291727
0.02930708019337
-0.00099550076909
-0.00967179633459
-0.01341594046432
-0.04047235230297
-0.08716680677282
-0.1227723830089
-0.13795369662252
-0.12233241157016
-0.10253980230673
-0.08305842176877
-0.0790516440115
-0.07642824741153
-0.09328894489618
-0.11266962270292
-0.13155108330239
-0.13866298756626
-0.1406580473642
-0.1319988184996
-0.11256500040431
-0.0784446387012
-0.05106223192073
-0.02225357748351
0.00326053358451
0.03157060020654
0.05184126855099
0.06867272003286
0.05327243074223
0.02434252599554
-0.00022922165227
-0.02023330431461
-0.02958940964702
-0.0145601601726
0.024679435425
0.05379701207304
0.06278921572446
0.062475748323
0.06945950534633
0.07346723284493
0.05851702295432
0.02733559810076
-0.02010377015023
-0.05765100207867
-0.0770574887291
-0.08280764483255
-0.05156530839434
-0.00181422528039
0.04154837907641
0.04365170938569
0.01906163255939
0.02306421939461
0.04828781137445
0.05710667969599
0.03291042894012
0.02540710310966
0.01447763820393
-0.01571882951679
-0.07795567267017
-0.1257690430258
-0.11859857138007
-0.08717562579943
-0.06118425840793
-0.04704989139283
-0.04905202148732
-0.05579080554922
-0.06308054510783
-0.05062408458835
-0.03698174388188
-0.00370383439424
0.03945958131697
0.08386276222154
0.11697918704053
0.14673322605527
0.14459668495005
0.13097241947933
0.12726993582831
0.11546932445882
0.10581000290118
0.07924543646807
0.05415351180178
0.05933571505381
0.07727819052328
0.09615776671536
0.09764825758904
0.07628887664055
0.04959651723549
0.02155915828295
5.081225397e-05
-0.0212278568499
-0.04412547201785
-0.07320395098124
-0.06978677414755
-0.03955945490895
0.01776849944107
0.05496481702428
0.06433538706787
0.04726038723655
0.0178805161543
-0.03660721414318
-0.09732964198658
-0.13684498668721
-0.13737661570167
-0.10056765690271
-0.04927725339688
-0.01406937003521
0.01112386037266
0.03213704553205
0.04191629831397
0.02189819332395
-0.02209078729742
-0.0811847931834
-0.13153857083728
-0.14297074287277
-0.11583866830837
-0.07255562438557
-0.03583034835024
-0.00416449134985
0.01337581766205
0.01581540162701
0.01624696860877
-0.00104800488171
-0.04164333059627
-0.0807224349848
-0.1119438243504
-0.12921569952878
-0.1238182291135
-0.0943272533712
-0.05749978215398
-0.02836526845227
-0.00777335387264
0.01809248937342
0.03043326235407
0.00575674399171
-0.02805521559702
-0.04774562967857
-0.05449078303746
-0.04726043246233
-0.03631906563949
-0.02466901842092
-0.00870134160108
-0.00412574718003
-0.00704387791065
0.00927748785586
0.03828886684071
0.07089795642537
0.10816264784653
0.1287403766073
0.14223589936475
0.11199658775748
0.07923804959108
0.06167014154846
0.04068067730937
0.03185651003424
0.04892880385653
0.08419931738241
0.11833513122616
0.12409523700067
0.09139767825759
0.0468405940322
-0.00185688223373
-0.02469262627677
-0.01884451113926
0.00938025589759
0.02713812728095
0.06731152965704
0.13188959824695
0.20327517146766
0.25158775903055
0.26359045424915
0.23876873852814
0.20260266415629
0.11003672868968
-0.01912822751675
-0.1238417465178
-0.16635337435384
-0.19003728488934
-0.19055270800021
-0.17432434226125
-0.11256711094059
-0.0281206422218
0.03078134255056
0.03808771765766
0.03030457994183
-0.01408046542596
-0.05244745225966
-0.08611184013642
-0.12380986234466
-0.15621616708067
-0.17163318237134
-0.16832559513416
-0.13953252851492
-0.09582701552927
-0.05440383648022
-0.01400468963576
0.0125603215175
0.04778136558042
0.0579595700209
0.06326398839898
0.0640406959017
0.06569604980962
0.04365343550286
0.01135722538454
-0.0341132763313
-0.06972519171386
-0.09916211511443
-0.10419167382978
-0.09823996151128
-0.07577948363335
-0.06626404788682
-0.05805022509189
-0.02329983062011
0.00180249220618
0.0375658724864
0.05938106897101
0.06391431246649
0.03473854531807
0.01538262862452
0.02417703733806
0.03950532719091
0.05387106174606
0.05256440612027
0.05657768131424
0.06843088272533
0.07020640152405
0.04034148397815
-0.00789094843176
-0.04786957845943
-0.0632399659735
-0.05946235476843
-0.04488030531952
-0.0390103009057
-0.04400090515137
-0.05574624308312
-0.06559838474311
-0.07440273559007
-0.0869053264026
-0.10286150833732
-0.09865475726722
-0.07159712433258
-0.0261014921597
0.0220138582499
0.05767950185612
0.07110043223123
0.071843928938
0.06364696028282
0.04463279217691
0.00626164532544
-0.00987521434414
-0.0257155730627
-0.03402480717289
-0.02409958819409
0.00295291462985
0.04724730944923
0.08198393267176
0.10675484476937
0.08214199676411
0.05946445022945
0.05343479882107
0.05346405989911
0.03840429056251
0.03574398972811
0.04793382167636
0.06676482538341
0.09122250374609
0.11144928047348
0.10720943920951
0.08681969893054
0.06833706184991
0.05639260235747
0.04389223514567
0.02162968034532
-0.00594445810379
-0.02112498328136
-0.0106236481983
0.01255475120924
0.03358950906449
0.05355414964788
0.06934696853666
0.08114567288586
0.04170212410701
-0.00769486453579
-0.07791956742447
-0.14906589628222
-0.19975163114293
-0.21434237147875
-0.20673893838979
-0.18662711051354
-0.13531364186118
-0.06020265552026
0.01317573128478
0.0597828849288
0.08163644794799
0.08481627236375
0.04335578204827
0.01857350320524
0.00034086073026
-0.00898805041752
-0.00959509341596
-0.0106326179775
-0.01402310406483
-0.03003867498304
-0.02184900275329
0.00840059771836
0.0508453893929
0.06378377579737
0.04783620183563
0.0451166778456
0.02632465122113
-0.02945853378458
-0.06686082463377
-0.0764216142975
-0.07433590696619
-0.07545988813904
-0.0669624469558
-0.04923201254413
-0.02881067452195
0.01399558417923
0.06646153378189
0.07761858987523
0.07146201232231
0.0382452164278
0.02610114542874
0.03567517117002
0.03834004734558
0.04102047365096
0.04397725206973
0.04743519994183
0.04504183672148
0.02986931952158
-0.0018799240136
-0.00812233104706
-0.01980996088673
-0.03184451012795
-0.06016855528403
-0.07218406447292
-0.08631377323295
-0.08740574963059
-0.08574754649869
-0.07303127896276
-0.04683944831251
-0.01419263289178
0.01681287876258
0.03471684448251
0.05113873132337
0.04432447297646
0.04481541386644
0.05986196973839
0.06690415092861
0.06111304288363
0.04582190600699
0.02000303726849
0.01331706183945
0.01151667640074
0.01565468428905
0.00083408620039
-0.03270577475932
-0.04591204098154
-0.06399464098495
-0.07035256369929
-0.05896723049403
-0.0554536775285
-0.05482772261743
-0.07509102669779
-0.07945166601345
-0.05313539663642
-0.01136854690418
0.00542956338076
-0.00726527241299
-0.03078776461097
-0.03464336766933
-0.01425095153186
0.00534116507606
0.03333362161541
0.05875074223479
0.07884526371352
0.09486295270564
0.09860342600976
0.08123280788384
0.07583194553525
0.05764263530983
0.00515458989982
-0.01613045946831
-0.00973655964797
0.01376227946838
0.01043301400852
-0.01663582738131
-0.05580337077773
-0.08168672393731
-0.09502704690166
-0.08323261638843
-0.06649523452375
-0.06538145930135
-0.06373630380626
-0.05696595215168
-0.03670383147917
-0.02526825243511
-0.01314269385432
0.00432293684625
0.03585705417185
0.04146254055073
0.03376025144979
0.01988298544213
0.01489438620593
0.00352906540721
0.02102335342169
0.039462287326
0.05209472888334
0.06398997519224
0.07056365501575
0.06869653894234
0.07555878183917
0.07372984385959
0.04568035686106
0.01300032310676
-0.0045937344804
-0.0139599311913
-0.03701569336552
-0.03523030027205
-0.01876771776907
-0.00533388221836
-0.0086084478541
-0.01899996721177
-0.02796811828719
-0.03312563580234
-0.02804219811073
0.00064931455278
0.02317178136876
0.02126494198745
0.02253837174204
0.03455670000439
0.0283397686514
0.02355476832786
0.01173990330083
-0.00032110739205
-0.01990817620019
-0.03524698104632
-0.05617860151599
-0.04984295249706
-0.01619741623189
0.03084998020554
0.05675132568694
0.05803924276559
0.04637295949289
0.03725126690287
0.00451099015166
-0.02532716654793
-0.05057513522184
-0.06787538203797
-0.06857435396681
-0.04100156173834
-0.0297273256555
-0.03417833361223
-0.03029533880796
-0.01021418154648
0.01864322627888
0.04986637944981
0.05688530705277
0.04024130134337
0.02344046017524
0.0184783255565
0.02526633033957
0.03275803314522
0.03560786013785
0.01857475445175
0.00525058010503
-0.00430809977618
-0.00813174554641
-0.01291132631428
-0.01991395002445
-0.02403118420563
-0.02278409846643
-0.01350318098911
0.00236988275044
0.00070386603634
-0.02259681098419
-0.05766800697101
-0.06728860018785
-0.06428778693705
-0.06291394088116
-0.05561695012289
-0.03003688856483
0.00656596505964
0.04806600154872
0.07215989883248
0.09683954531111
0.09529674328812
0.06891546185594
0.04422688328625
0.01941444638727
0.00147262367652
0.00173561534147
-0.0010429931118
0.01428915977621
0.03681836576068
0.0594040738165
0.07483897590217
0.07479807672405
0.06833216239068
0.04705372050865
0.02128331872837
-0.00858739525468
-0.02364238573413
-0.03344907548773
-0.02897225114968
-0.00594649100249
0.02952244534581
0.04046224434169
0.02642440421103
0.01736620861261
0.03100364232222
0.02882741559725
0.01186055813756
-0.01590818984717
-0.02792277944525
-0.02309873420047
-0.00818181801972
0.00545229762534
0.01212244553978
0.01600455090376
0.01136115248956
0.00125848489642
-0.0165745464528
-0.01753026512048
-0.01410632703306
-0.01040295394175
-0.00798057838512
-0.01786634541068
-0.03785635765525
-0.0567089943592
-0.0583521900706
-0.03842774012814
-0.01264604697874
-0.00999930633996
-0.02575727122955
-0.03421071526892
-0.01321173854129
0.01937450448811
0.03094355987681
0.03428373228668
0.01594599859716
-0.00666136129963
-0.02256843934644
-0.0317408978717
-0.04068497375823
-0.05256932065476
-0.05365397801408
-0.03265246864291
-0.00492440878267
0.00483220849762
-0.00979551898656
-0.03089749742243
-0.044023540653
-0.04851534226103
-0.05973537524954
-0.07709186031999
-0.07670729045868
-0.04369527688468
0.00843567784644
0.05619221447501
0.07997545589315
0.10238588391065
0.09394735684023
0.06992319770537
0.06032319729255
0.04942300854012
0.03177110115344
0.02864471853142
0.03422842116081
0.04717790295603
0.04581442867844
0.04738802191828
0.05473428616113
0.04962790392507
0.03217929394586
-0.00385020310053
-0.03799313548166
-0.04542521563731
-0.02229461233896
-0.00940304215182
-0.00403155696076
-0.02509707286729
-0.05162409436746
-0.06980082428909
-0.05256918497742
-0.03830269085336
-0.02548624068265
-0.03561110131857
-0.03716337814194
-0.00943953181663
0.04429730735945
0.08900478237026
0.10814719570589
0.11105581620926
0.09761863470478
0.05425266178131
0.00684718648174
-0.01770996220973
-0.017392552628
-0.00434868689643
0.00072253169461
0.01237408176577
0.01737087440532
0.03818067924331
0.06106078449774
0.07423411127868
0.06294890794479
0.02847346358731
-0.01666298546069
-0.03375029424112
-0.03680233322256
-0.03917662624007
-0.05106875197032
-0.0629886840161
-0.07142635933438
-0.07344327825812
-0.06597742198431
-0.04456420728534
-0.01353407019514
-0.00621323113063
-0.00911511223939
-0.02682274532158
-0.04394332519898
-0.06109517870152
-0.07393223675152
-0.07445380303049
-0.07764482082618
-0.08112720569339
-0.07214976072069
-0.03521839081731
0.00071051038145
0.01669330180688
-0.0051246609878
-0.04487771991257
-0.07368252262107
-0.07527373883887
-0.04051007813903
0.012972969049
0.07493314350855
0.11998511834181
0.14772412284021
0.15003553695174
0.13510590478989
0.11923829000276
0.09645082975353
0.0464937876951
0.00307799857772
-0.01885330755298
-0.01672214077766
-0.0056783353075
0.0130946339281
0.04647494362115
0.06875182745533
0.06822050748368
0.05996385587746
0.03535776158829
0.00675224023822
-0.02490188594925
-0.03984974409943
-0.03009467203321
-0.02520632327046
-0.02387571305786
-0.00525148311305
0.01245832985161
0.00249586819882
-0.02396689576292
-0.06107038743782
-0.09001467398175
-0.10355655316114
-0.09338286376078
-0.06516105147472
-0.02232615731877
0.009880935405
0.02245429702167
0.03648410957683
0.04155551721163
0.04084979910432
0.03509965807612
0.0132469015833
-0.02365355650117
-0.06964263205704
-0.10528719291333
-0.1181844540108
-0.10453101791359
-0.06913577169338
-0.02839708478674
0.00359102773743
0.00238344671488
-0.02088057564214
-0.02552356702434
-0.03455415228559
-0.03133835076384
-0.03953084206705
-0.03199750139559
-0.00109542410942
0.05013408590207
0.08895201896318
0.11707280439995
0.13074259715335
0.1206374248059
0.12443804839409
0.11762968447351
0.08582495795451
0.04112183969359
-0.01294520042162
-0.06726546720266
-0.0806446466475
-0.06228557392863
-0.03039218981047
0.00313502300681
0.03555171233508
0.05628507053384
0.06422094323791
0.04927648455867
0.01444930425433
0.00712773027094
0.01596726225021
0.01660869191481
-0.00159925208469
-0.02071255434111
-0.03114872661643
-0.03181645507064
-0.01270998115286
0.01419910017796
0.03645520276739
0.03264490840044
0.0342536948328
0.05372696488133
0.07912272385846
0.08475725272412
0.08215609213143
0.06044343755965
0.02694324186809
0.01698198548226
0.01277023696375
0.00341716175843
-0.02135373526393
-0.05652292043532
-0.09391856309522
-0.09766853381262
-0.07442885347658
-0.04456675500414
-0.03626052087052
-0.04521361929967
-0.05923279625949
-0.06435824116076
-0.0669431581617
-0.05976779459438
-0.03838015507258
-0.01911736579252
-0.00516488253301
0.00502757179619
0.02091451005052
0.05128025031878
0.06672480057032
0.06822469840572
0.08143376108852
0.07595518577892
0.05472716310117
0.03166115728835
0.02469105844982
0.01017916925706
-0.01439437754756
-0.02476945733511
-0.01292331868294
0.01407613128895
0.03242495283159
0.03997284866578
0.04096271279547
0.04851171666121
0.05284674311155
0.05822120868134
0.04922060057294
0.02183054309844
-0.02181613868831
-0.04698887428135
-0.0403600717727
-0.02618885328657
-0.01098235645251
5.59469174e-05
0.01807580859916
0.02942114714185
0.03443128892339
0.00876139389597
-0.03684354144349
-0.08557960811159
-0.10178181827589
-0.08926844865307
-0.06785518119069
-0.05752689500759
-0.04719686763206
-0.0349655787211
-0.02545819316297
-0.0161413890312
-0.00559201663481
-0.00346599203039
-0.0166811285351
-0.04036563454333
-0.07981656266155
-0.09630678565221
-0.09418313389358
-0.09651512573387
-0.09868558617221
-0.10082891114405
-0.09196081456371
-0.08383374234765
-0.06319006686566
-0.04471976888467
-0.02246211354355
-0.0044947895244
0.0230676565537
0.05344400980442
0.07730630588162
0.07961176526579
0.05847572428183
0.01998695196696
-0.02202454660864
-0.0435893882643
-0.03855440999328
-0.0167051811111
-0.00834932676194
-0.01363567744191
-0.02018398560425
0.00179620054677
0.03369865394084
0.05082001773172
0.05484169738268
0.05471764307501
0.05482211462103
0.05697686663931
0.03885562120903
0.00718486022683
-0.06460940251609
-0.12404496101135
-0.13444575919103
-0.10082521770555
-0.06355538562102
-0.03831646210261
-0.02404243034897
-0.00346258351429
-0.00163890755393
0.01839480862073
0.04972150620923
0.06647675225601
0.05852604549693
0.04055709787236
0.01100934116641
-0.00945167493789
-0.02528751861633
-0.05854173884172
-0.07614438028145
-0.09918759230242
-0.1049607381761
-0.08702133052187
-0.03938379045152
-0.01064507014157
-0.00134937363392
-0.02112975460088
-0.0422537353775
-0.04617833035944
-0.04315358513472
-0.04186404746571
-0.03467863623815
-0.04839142363069
-0.06161341334822
-0.04074391802157
0.00038516812297
0.03831433649107
0.06057916011792
0.06437232145282
0.06757758536842
0.05775084552012
0.03764253017925
0.00391967517111
-0.0281344285463
-0.05351176555674
-0.06870833533264
-0.05630801507829
-0.02729567881449
-0.00172057098659
0.00321480052455
0.00212389296278
0.01653541861764
0.02219335936078
0.04692350041998
0.0733668843823
0.09539201892605
0.09939932431739
0.07588953302526
0.04174840515265
0.01176611917652
0.00764035993628
0.00628476775795
0.01361503187449
0.0038708742959
-0.00224644502087
-0.00616008481197
-0.01391386873692
-0.0285319631305
-0.02604189212259
-0.02048286015484
-0.01639018357084
-0.02263968502126
-0.03370675689265
-0.04297502622753
-0.04895759760154
-0.04253078849044
-0.01720379530799
0.01201789107984
0.02399403876705
0.02769689929955
0.0132612230795
0.00038706428907
-0.02592394329488
-0.02165225554592
-0.01241194327916
-0.01553907966414
-0.02750328774609
-0.03377066845388
-0.01449107025985
0.02144785764453
0.04897251457048
0.04483930815222
0.04357976271132
0.04870691111688
0.06804811435749
0.10009414301233
0.11313974465999
0.11235409752859
0.09907935194161
0.07890955969386
0.06777269691017
0.04895298457224
0.03131955191566
0.01865642466828
0.01365069240004
0.01453764527304
0.02063609262662
0.03226711486813
0.03792501038549
0.05269472419812
0.06389356137225
0.07268145757383
0.07647339781273
0.07011368114255
0.04634749738016
0.02493919721568
0.01621208445906
0.01075332557764
0.00986960634773
0.0049081433318
-0.00528973432189
-0.00897460328634
-0.00839798969853
0.00021463852495
0.00912550663059
0.01739131645675
0.04069780280378
0.06884068103285
0.08559159294263
0.09176491157086
0.08960884800502
0.07876310355107
0.0609278207119
0.03775426800019
0.01748394638669
0.01344586485376
0.01644150729067
0.02612493418771
0.03959326117762
0.04967139604776
0.05159474283786
0.05135607887238
0.04542445433672
0.02205213433292
-0.01401276243705
-0.04679551146967
-0.06385247375339
-0.06123927556625
-0.04841341089619
-0.03267051372814
-0.01357025835477
-0.00247586709872
0.00303390118338
0.00386563262829
-2.279356573e-05
-0.00983854377622
-0.03452863740945
-0.05087245702073
-0.04646772257201
-0.02683397638966
-0.01077328522077
-0.00955623693546
-0.00867573627339
-0.00780970032248
-0.01757122459963
-0.03863311792138
-0.05810861157064
-0.07293002598457
-0.07635151434238
-0.07217616503712
-0.05777865937328
-0.04675065503602
-0.04500870883946
-0.05468022628176
-0.07178321333171
-0.08862699637558
-0.10387991747024
-0.1167250935473
-0.12483128652942
-0.12517341953617
-0.12112051148585
-0.11067674881755
-0.08925254425465
-0.0579126105886
-0.02820684255371
-0.00555613676423
0.01808498943199
0.04954734927772
0.0828049312859
0.10383793287346
0.1001778107007
0.10237186391963
0.10538292080903
0.10184928006066
0.08836137030908
0.06951553254702
0.05807675754802
0.03465905347649
0.02440408581635
0.01789668436975
0.00799116121706
-0.01062518587473
-0.03015856851918
-0.04806694375242
-0.06143511825807
-0.06722623384068
-0.06831654442219
-0.06168900823531
-0.04976353603178
-0.03004209706687
-0.00182961335119
0.02788518174889
0.04931720283367
0.05784966384395
0.05966607428316
0.0368650764512
0.01815967226589
0.0030323318489
-0.00755845605323
-0.00234857311785
0.02207210151368
0.0476670574278
0.06617092047333
0.07783612586499
0.08676309133237
0.09026839059351
0.07829773030063
0.06629817827357
0.04776038081966
0.03328223759455
0.02296352420102
0.01847874766376
0.00956183739424
-0.00101844983612
-0.01364082564292
-0.02465650595581
-0.02780105426512
-0.02877484063091
-0.03261506692493
-0.03541910281784
-0.03333953111701
-0.02555272257556
-0.01630047070354
-0.00493289464606
0.01526921744982
0.03984048035268
0.06412167265631
0.0693245817768
0.06123848411515
0.03513118044304
0.02001385376694
0.016339877431
0.02549521799948
0.0393467128516
0.052501044806
0.06309726357024
0.07593558794201
0.07266449036963
0.0506635666921
0.01806459260634
-0.02201342860501
-0.03894184415383
-0.02776201688151
-0.01366928773222
-0.0262129661636
-0.05778239803756
-0.0757171474367
-0.06912347781953
-0.05614585805308
-0.047563965268
-0.04375061062344
-0.03925699998431
-0.03922279422126
-0.04229850135959
-0.04088869327297
-0.03542443192195
-0.02569911841732
-0.00732317799097
0.0120790589439
0.01779497913379
0.01590742854658
0.00952310905345
0.01709849462272
0.03966027824224
0.05711874744095
0.05122130605545
0.02233239847606
-0.00439159183778
-0.03301049097283
-0.05791980148722
-0.07557031441243
-0.08499634633448
-0.09707826204
-0.11443365415416
-0.12912773539155
-0.13833012584388
-0.13661230006199
-0.12867110579143
-0.12129696739438
-0.11406551632534
-0.09832943317443
-0.07590370376887
-0.0525021679128
-0.02888632217244
0.00080575601961
0.03317357512648
0.05208046768817
0.06420795590214
0.06623995008504
0.06411145163059
0.05676413965723
0.03780628518194
0.02309971409232
0.02601740990171
0.04145382705093
0.06396095531835
0.0853716449114
0.07669997895799
0.06564614316415
0.0507591664481
0.03552962708041
0.03400726710885
0.03445002747054
0.02923938474209
0.01046349618255
-0.00728126952425
-0.01435753361416
-0.00565172973637
0.0081899661973
0.01122053800969
0.00500385539847
-0.00630263420135
-0.0151477259362
-0.02316243470808
-0.03635150005959
-0.0454843257285
-0.05391818700621
-0.05674506945439
-0.04756875920041
-0.03371834976694
-0.01366058177005
-0.00246797067797
-0.0065096906247
-0.02286775107954
-0.03956415838981
-0.05476008746719
-0.06789427887534
-0.0693244536371
-0.05179468600017
-0.03023140463384
-0.01153120141294
0.00517571109167
0.01354430629611
0.01700178683518
0.01693919435912
0.00619701618187
-0.00576569191179
-0.02195444665352
-0.03318289917428
-0.03359787583332
-0.04375657288844
-0.03834172823697
-0.01818202133761
0.00749301209191
0.02680568766584
0.04704019800118
0.05532194237628
0.03820170169221
0.03382934890018
0.0242498433022
0.00238505750632
-0.00758612669143
-0.01250659329383
-0.01151596786356
-0.00220082954793
0.01725884261684
0.03616382815824
0.05304275916884
0.06992208213619
0.08538988597499
0.09855918012411
0.113739287717
0.12055910883453
0.12376795312418
0.12191708818015
0.11695695103326
0.11758234815974
0.11147505916665
0.09463456252928
0.06950212310399
0.03126128603898
0.00194031248676
-0.00748788273498
-0.01645187906897
-0.02575418833905
-0.03955960566154
-0.05214159032646
-0.05488478247338
-0.05592630951622
-0.05506294942382
-0.04342389206918
-0.02874537603687
-0.01218590484324
-0.00574581895139
-0.00794757864281
-0.0100248212161
-0.00370456252926
0.00786302905178
0.00842776333538
-0.00316650542428
-0.01922923929079
-0.03311527909929
-0.03346315577979
-0.02801010288397
-0.01887593551699
-0.02027949490869
-0.03067493383375
-0.0419848455174
-0.05038952109337
-0.05388300888895
-0.05680438306157
-0.06488338781379
-0.07463447247396
-0.08926867478195
-0.09842674397234
-0.10335665522461
-0.10432923556966
-0.10589397209473
-0.10685773341318
-0.0975460473319
-0.08795577046124
-0.08818446214278
-0.0850844612243
-0.07774454366556
-0.06146405521804
-0.04507718820422
-0.03566699284192
-0.0348556574689
-0.02845818481214
-0.01805813285778
0.00229176501874
0.03334085773981
0.06520991038968
0.07060231551788
0.09214970756105
0.13263017035345
0.14985131728474
0.15552323279313
0.16563745029608
0.15733324378482
0.13599881239025
0.11856902387211
0.08764431560688
0.07083178357527
0.06101486525832
0.06139903562526
0.06878319906965
0.07332055057325
0.08520272663246
0.08849501248159
0.0838850736051
0.07957761980378
0.07674739064806
0.06837801379144
0.05460367411572
0.02827801285223
0.00599802502218
-0.0100149092332
-0.02124679891304
-0.02456741117414
-0.03287748196122
-0.04326078530264
-0.03687469446655
-0.01074268244467
0.00817554671191
0.01490236855566
0.00766470647983
0.00470823408882
-0.00010492191938
-0.00259056042421
-0.00567035069649
-0.00674836062028
-0.0129798735177
-0.01279153830495
-0.0032570949179
0.01089723400163
0.01327147425574
0.01547820576763
0.01218774402485
0.01193983892551
0.01290770071445
0.00905705741635
0.00591148775823
-0.01902666549575
-0.02851035274648
-0.03124966301417
-0.03291679823712
-0.05014518883044
-0.06663710778776
-0.079356767257
-0.08443079798689
-0.08356856853893
-0.06635122811057
-0.03940179784859
-0.00670586723351
0.0277449667634
0.04796864552503
0.05356721235995
0.04368898296397
0.02156025123924
-0.02815423743685
-0.05562350786063
-0.06639891869294
-0.05404551264512
-0.02649853679797
0.00836298494674
0.04070014700658
0.05168247330857
0.06660388945419
0.04964260230276
0.03454381819543
0.00579744040759
-0.02109894830878
-0.03483826815745
-0.04100085320116
-0.0295144931466
-0.00266804499503
0.01714274050837
0.01934157258446
0.01293907232877
-0.01758709884753
-0.05151539421124
-0.07183226822504
-0.08150770523472
-0.085097124442
-0.06342153993252
-0.02313060329835
0.0220732773839
0.04582734063792
0.05125176561659
0.04612192627727
0.03948527709622
0.02203378774251
0.00779865769515
0.00012666436267
-0.00986355363118
-0.00078030445956
0.01719315971265
0.04545070036293
0.06458361628528
0.07655525647
0.07695889653416
0.06881151040637
0.05286354448789
0.02315736188337
-0.02047967927515
-0.06256932799427
-0.08076811302007
-0.08253659167276
-0.07571624292115
-0.07546109415978
-0.08193290291948
-0.09631198661662
-0.10345833784768
-0.10156654357501
-0.1049608135524
-0.11498488100554
-0.13713096435357
-0.14863971870562
-0.14580685137955
-0.12352343242052
-0.10199437943013
-0.08322658628476
-0.06267800553759
-0.03547280842861
-0.01278997801562
-0.00110409765978
0.0172268830674
0.03728475659111
0.0454966572905
0.03625880982861
0.02317573108666
0.02640685660936
0.03299751871232
0.05879456601318
0.06072760619492
0.04414545427387
0.00944509458727
-0.02070515992649
-0.05331072190051
-0.07744303848225
-0.09164174670347
-0.09389044773688
-0.07179612529119
-0.04262170737847
-0.00249157401124
0.03333720198947
0.07486215411314
0.10034198027301
0.10490360294386
0.08741260887351
0.05295368700007
-0.00266731535249
-0.03203656139208
-0.0434133996888
-0.03737524583425
-0.01370224224876
0.03701082405681
0.0954869176825
0.14169416992664
0.17448821032838
0.16833358502152
0.16144698050588
0.1384021102064
0.09588739194222
0.05201581743924
0.01935041422396
-0.00722028180953
-0.03040324751307
-0.04714760168511
-0.07210007266648
-0.08856375566338
-0.10377032033611
-0.11145169251494
-0.12295260773222
-0.13002471331189
-0.13941690127712
-0.13593594855953
-0.11685263023983
-0.08386027480378
-0.04666533660678
-0.00661103179315
0.02692646310464
0.05841457903066
0.08040864346527
0.06909074943189
0.05015715858622
0.0185110916323
-0.00783758201431
-0.01752081293298
-0.00405868941221
0.04171324211065
0.07423794793213
0.09127406113243
0.09237410279373
0.09446330758517
0.07869669703445
0.06381879562442
0.0415427183166
0.02757087767055
0.0297247025604
0.04537554265836
0.06294476224852
0.05959249194317
0.05787324908692
0.03648541358675
0.00969204240765
-0.01354546709107
-0.02514288657989
-0.02874068763127
-0.02441104304845
-0.01693908883231
-0.00453674547818
0.01122233196553
0.02332358169093
0.03612484353803
0.0496370847579
0.04444998958427
0.02959366087011
0.00904954239965
-0.01433829004583
-0.0273926579567
-0.0322921021102
-0.04225605696741
-0.05596619111435
-0.04966818501756
-0.03233823240324
-0.01227815035407
-0.00279105910982
-0.00560853987262
-0.00554917877837
0.00026606777159
0.00253416161838
0.00812974053694
0.01953509368637
0.02985395029486
0.04287804708532
0.06290131535161
0.08738321211814
0.10919763976453
0.12754385328734
0.13930067102895
0.14448995211516
0.14805690918628
0.15052231707019
0.14018830228861
0.12439689293656
0.09893417719585
0.07566189661186
0.04804924539816
0.02783648112416
0.01389320809424
0.00229185094772
-0.01002396192633
-0.02880278262377
-0.04699960032825
-0.05775556407624
-0.05826004254895
-0.05831433609484
-0.05741833052871
-0.05851105315169
-0.05826923091941
-0.05741813455034
-0.0609893051564
-0.07519350077196
-0.0897410580279
-0.09526297470759
-0.09051456957568
-0.08182134600166
-0.06951523104184
-0.06686885220928
-0.06968009407607
-0.07059614973688
-0.0668773169673
-0.05899248909076
-0.04694627159895
-0.03509370334875
-0.03876033049585
-0.04337818388339
-0.04066018249454
-0.0291573677946
-0.01614899449945
-0.01867497477468
-0.03913058639858
-0.06883923380797
-0.08645661131354
-0.09189787535669
-0.07646668932241
-0.05058047940121
-0.03567095763508
-0.02052347290303
-0.0088340717204
0.00611929040691
0.01908192385823
0.02113642540306
0.02158716811448
0.02555384568237
0.02346261326858
0.01668382700649
0.01506022159438
0.00738948124206
0.0021984288129
0.00112719371058
0.0021034682479
0.00280155299773
0.00066977552365
-0.00215822460424
-0.00181295142099
-0.00654975312593
-0.02475411825891
-0.04683016195286
-0.06121918024579
-0.06792334397501
-0.07001708641945
-0.07608943096179
-0.07399184432626
-0.0615289918969
-0.03979898570182
-0.02359452178628
-0.01253991715422
-0.00817478541132
-0.00969749965147
-0.00773378885496
-0.01363270007823
-0.01642833905178
-0.01605542990344
-0.00686041351413
0.01028627143581
0.03487821759424
0.06573843390076
0.09152951139899
0.10324170637347
0.08823059243583
0.07284766230612
0.05858024859126
0.04196071756511
0.02028376874467
0.01272065443635
0.02552729061335
0.04824587200345
0.07819288187314
0.09479028995646
0.09704253367577
0.08726245929222
0.06543224031185
0.0432759359381
0.02054634960881
-0.00017319475309
-0.00244245881688
0.00699548029862
0.01060010064348
0.003848223719
0.00492126408361
0.01984411388637
0.05016226156145
0.07210482891075
0.08576292326304
0.08835443568987
0.07394998033156
0.07028026275633
0.06699199446377
0.05626729680329
0.04307488474424
0.02338924198222
0.01755574230847
0.01835456521638
0.02143084521456
0.01979014445856
0.01261267035495
-0.00231861179402
-0.02049880977903
-0.01907167268199
0.00069539321306
0.01552153206247
0.02247733955531
0.02227178839659
0.0202523594422
0.02072576026814
0.01394621270546
-0.00147530104255
-0.01233425293105
-0.01712588636863
-0.0149044941672
-0.01079186547769
-0.00836645979398
-0.00876990387977
-0.00125115530541
0.01595082268009
0.05368017881451
0.09030592798883
0.11212766713592
0.10762822990912
0.08389087757988
0.05005696087618
0.03060598713595
0.01862526410759
0.00936818815263
0.00668942766339
0.00907688138215
0.01418538169212
0.01638517858479
0.01629544310461
0.01151130207084
0.00669988084809
0.00483913030286
0.00016519770499
-0.00728693556041
-0.02015425719318
-0.03290240136462
-0.03769796944483
-0.02991436439596
-0.01248768138121
0.00959853811268
0.03091630380824
0.04029065774187
0.03530095047413
0.01335220226857
-0.01418007520089
-0.03480455234033
-0.04243649274437
-0.04410108024852
-0.03422297145462
-0.01420170066017
0.00489880119369
0.01497515190691
0.00379971907264
-0.0196972054858
-0.04142843277686
-0.06561875895587
-0.07297251560253
-0.0603405112277
-0.03331209414533
-0.0072673701353
0.00476696051466
-0.0033132419669
-0.00553352689054
0.01230208986562
0.00943459466926
0.00228242514192
-0.02259705972597
-0.05781957362666
-0.08269797232213
-0.09763883555206
-0.10146780062748
-0.0969661774881
-0.09227415382546
-0.08829805422059
-0.08165167395975
-0.06870553887206
-0.05021499481801
-0.03931378094796
-0.03846199111696
-0.04178806062188
-0.06317319011303
-0.08920754460604
-0.10833548569287
-0.11257329179685
-0.1125144982861
-0.09828269987101
-0.08170986446013
-0.06292535285235
-0.04678654922809
-0.02245747790136
0.00126975139135
0.01662863648269
0.01748558958994
0.0075626017495
-0.00044895244901
0.00131579952424
0.00807469322809
0.01616548683298
0.0241646153245
0.01273808143595
-0.00423286141898
-0.02409633947574
-0.02947228995857
-0.03293535588115
-0.02861924888106
-0.01799928658363
0.00380605595783
0.02091400502934
0.03525743573855
0.04095604953092
0.034440311466
0.01936081615278
0.00465704830761
-0.00353629399398
-0.01308786513673
-0.02042100636648
-0.02241546315406
-0.02384116810148
-0.02808986608021
-0.02845776270488
-0.03236230759213
-0.04143110863537
-0.05310083660478
-0.05805169492966
-0.05884425406739
-0.04743261453489
-0.03544066797607
-0.02880239820466
-0.02122857292471
-0.00329067807274
0.02298951394782
0.04830467305183
0.06387922480078
0.07158881032715
0.06977502298303
0.06084048219792
0.06204141503119
0.06483650375778
0.06552389034995
0.06531506032236
0.0540217088109
0.0446766913316
0.04031396409254
0.04836841878521
0.06050440944535
0.0775668817363
0.08859556446022
0.09866877725824
0.09685899239543
0.09746531931907
0.09882865038169
0.10166460813588
0.09392052287892
0.07782919124577
0.05926986632178
0.04168272224847
0.03440072383544
0.03973153145469
0.05629100264832
0.0718196200826
0.0858431236418
0.09062190542094
0.09179445907882
0.09346713445952
0.09187579010202
0.0788727760615
0.06635677580595
0.04729172870036
0.03062853218603
0.01773362282899
0.00675005206436
0.00606072076376
0.00587702948459
0.00601635126098
0.01271189571078
0.01855199834804
0.02265204673377
0.02228674305368
0.00495836580394
-0.02315926890365
-0.04574642418435
-0.06467194222873
-0.0868293470964
-0.1119997535619
-0.1286265584006
-0.13962177404918
-0.14886132501535
-0.15083226439863
-0.14945091840131
-0.14268755412935
-0.13619268022312
-0.13525447146896
-0.13323860781336
-0.12188716379071
-0.11336745644968
-0.10325836453485
-0.09513438274691
-0.08988947395438
-0.09163435982648
-0.09010286424787
-0.08854242417166
-0.08231634213635
-0.06670365751934
-0.05840247359755
-0.05720970401712
-0.06204874914477
-0.06374222084548
-0.05951128152205
-0.04928375083358
-0.03616172515958
-0.02496010660014
-0.01181652330554
-0.00471648251687
-0.00394301167229
-0.00364174618561
0.00224395006548
0.00868867084575
0.01609944212257
0.01857187507725
0.03325572775131
0.05142758082661
0.07409723546308
0.09661952190359
0.11948665489751
0.13173364469088
0.12743033658583
0.12782787117002
0.12786887587495
0.12495942623232
0.12653509232029
0.12780194172425
0.13012918485791
0.13177412176174
0.12954999340078
0.12571333994318
0.11507616169978
0.10853870018642
0.10542377476137
0.09782328134795
0.08671620727637
0.06597557526506
0.03516404450802
-0.00740798536893
-0.05323404913239
-0.09047748443813
-0.11407056653716
-0.13705151773777
-0.15738887149114
-0.17132730536287
-0.17891159287269
-0.17980321907603
-0.17710927026317
-0.16732030147671
-0.15536547020596
-0.14071171528683
-0.12263798707344
-0.11160214360142
-0.10686300975389
-0.10378878752858
-0.10261683688107
-0.1020563387453
-0.09400961766058
-0.08302812049785
-0.07616164145319
-0.07017949218644
-0.06055311760771
-0.04767660006685
-0.02474984442293
0.00780670034591
0.03615440612126
0.0544489039675
0.06317857198055
0.06841157885597
0.06978834197451
0.06211909784167
0.05427253097289
0.03926343711997
0.02207399345871
0.00875126332181
0.00281532047816
0.00834838455824
0.01420668303332
0.01718231306368
0.01589108696565
0.00360952131161
-0.00517979196433
-0.00692253639586
-0.00802891720364
-0.00401416463427
0.00400680187769
0.0145698686395
0.02216784448464
0.02620361950292
0.02964220320462
0.02499315156823
0.01652785083754
0.00587517975029
-0.00492905271626
-0.00818451649111
-0.00628470444186
-0.00389825473536
-0.00284623078955
-0.00080727786702
0.00289302514776
0.00802802022572
0.00922073704274
0.00702452730798
0.00793860886361
0.00630789094422
0.00838668325415
0.01392546914885
0.02491420997361
0.03909564948546
0.04656749817479
0.05103948335465
0.05218545933063
0.05353845630309
0.05621019172157
0.06529503284056
0.0760025220927
0.07757600226809
0.08768486805404
0.10912791669089
0.11350675184437
0.11353938978046
0.11411820435612
0.11356991718027
0.10852912739685
0.10248025503303
0.09803229981628
0.09081117529976
0.08803800599999
0.08572056178479
0.08347887074689
0.07728738643137
0.07245565280442
0.06949562566729
0.06885290706803
0.06814799548709
0.06505291664073
0.05537098973198
0.03733653256871
0.01907915001054
0.00798438488806
-0.00102574098521
-0.00590363580949
-0.00707130357588
-0.00600168529511
-0.01038909977857
-0.02575265066262
-0.04091756239427
-0.05224267747679
-0.04833779339621
-0.03578894415094
-0.01878119505076
-0.01603670643156
-0.00659733667396
0.00988242031802
0.0151122312385
0.00763699061586
0.00354953459411
-0.00330563423736
-0.00828115643999
-0.00897144501955
-0.00834032683222
-0.00263856231068
0.00374842927214
-0.00126097231418
-0.01211000091334
-0.02183126671088
-0.03829381152572
-0.0541727026067
-0.07307825347032
-0.08567254708435
-0.08946359788296
-0.08810267886181
-0.08705555136018
-0.0787517971067
-0.0741615239058
-0.07364322895806
-0.07850313070676
-0.08234890469615
-0.0909512998337
-0.09056921739015
-0.08769609912212
-0.08066386760294
-0.07065886281501
-0.06179929129373
-0.04439354781396
-0.01521864749295
0.01829870384355
0.04416502196027
0.04562833214168
0.03492903629289
0.02514333130004
0.02080130239182
0.02606090956203
0.03581809216454
0.04375640706059
0.05336693754194
0.06379503701597
0.07030983287718
0.07547044082046
0.06887522598923
0.06455232004726
0.05948912089108
0.058181779341
0.05314164533134
0.05163010939586
0.0448418257205
0.04270529969054
0.03627453332392
0.02965194935967
0.02252245980599
0.0203164669818
0.01724782260239
0.01477336956298
0.00825071195411
0.00764605838424
0.01049678235479
0.01503880718873
0.01650035356482
0.01470118168446
0.01122896507957
0.00284120168309
-0.01015096344717
-0.02668078914365
-0.04185507014887
-0.05974059128922
-0.06977015367432
-0.06986681623609
-0.06056954210257
-0.05311359781166
-0.04597790478883
-0.04133861438276
-0.03948456855904
-0.03503948517916
-0.03177462876408
-0.02558447107137
-0.021681780441
-0.0225848638413
-0.02255247464699
-0.01243650841397
-0.00497722872197
-0.00437076687477
-0.00286336382159
-0.00176916909956
0.00746768867156
0.01789885520707
0.02864166579144
0.03873244880402
0.04976689027695
0.05665340434103
0.05825623604601
0.05887809048659
0.04870256190461
0.03158056495285
0.02291629341405
0.01701729173923
0.01539714609909
0.00789489814966
-0.00498662814606
-0.01847258188276
-0.03073626752566
-0.03748182037892
-0.03957879646645
-0.03778367983082
-0.03684792080627
-0.03972293855696
-0.04474771087753
-0.0457379518887
-0.04121927109357
-0.03183257052269
-0.0240252897793
-0.02199012979197
-0.01950571954388
-0.01465812674429
-0.01347775656453
-0.01039271030314
-0.00841132376526
-0.00622592223756
-0.00519568882512
-0.00434186684919
-0.00332184918612
0.00106549745868
0.00546656786567
0.00823240305185
0.01364203920128
0.01862648520358
0.01930806782097
0.01850518966833
0.01711674322394
0.01576854772152
0.0162143382103
0.01951633252634
0.02509204526836
0.03340918635198
0.04127177822125
0.04923921098038
0.05471217829356
0.06221454684507
0.06495427922001
0.05627992233284
0.04657823175932
0.04058604990759
0.03501024671401
0.02848383536561
0.02376607069795
0.02352323088568
0.02284119601052
0.01897108301521
0.01659937540465
0.00336878675929
-0.01740132642884
-0.03426396108429
-0.0513358780251
-0.06511679805144
-0.07267521641653
-0.08003319413575
-0.08546631753896
-0.08712859099083
-0.081766396682
-0.07064187299793
-0.06302901033437
-0.05759101762245
-0.05515086833527
-0.05150258024095
-0.0409830794706
-0.0280299343874
-0.01585945907192
-0.00583465519237
0.00107237026934
0.00430866057582
0.01243827221929
0.01879055678671
0.02474877407953
0.02368918687621
0.01875953190334
0.01617876059867
0.01212019178853
0.00626168527488
-0.00392251459617
-0.0186715376156
-0.02976996602605
-0.03253160275256
-0.03145320916342
-0.02650426539645
-0.02205867699539
-0.02183630184745
-0.02480171085209
-0.02922403812826
-0.03290829579095
-0.03694692003321
-0.03826275649183
-0.03787721427631
-0.03429785026689
-0.03315475366542
-0.03729748010984
-0.03774592384424
-0.03398663661668
-0.03243795524262
-0.03024053270327
-0.03068523023576
-0.03175698317323
-0.03693594524454
-0.04006409167188
-0.03801565038122
-0.0346002222776
-0.03110428475241
-0.02692094555979
-0.02686612437983
-0.02927203021581
-0.03189801222272
-0.04046697797307
-0.05022855501363
-0.05938589305394
-0.07212618301536
-0.08484725202134
-0.09162131972731
-0.09794116987462
-0.09974138194786
-0.0973092903867
-0.08997284013757
-0.08804848330511
-0.08341065519917
-0.07828687611403
-0.07517012658263
-0.06868947618342
-0.06415968492229
-0.05975999314776
-0.05386213719263
-0.05085815059978
-0.04686725462804
-0.04392625246798
-0.0364352054361
-0.02703137183317
-0.01281106076557
-0.00337799623512
0.0035261129177
0.01353185413204
0.02566181468852
0.03784065677283
0.04959733883711
0.06417482802012
0.07527457551575
0.08138438961475
0.08911219359182
0.09848546210679
0.10373723014224
0.10302869296146
0.10596663484391
0.10127890763014
0.08966485259282
0.08032625717393
0.08108951754547
0.08712768647528
0.09009268844793
0.09497428349458
0.09674509881244
0.0909531088648
0.08380102903526
0.07498133157447
0.06597742952194
0.05714783515351
0.05198207900923
0.05582020230459
0.06281855971642
0.07199345289604
0.08626590928509
0.09923379797176
0.11026428972678
0.10825098886524
0.10608588014391
0.10405049402769
0.09765029274903
0.09427758039225
0.0899885937834
0.09197483455473
0.09126614662137
0.09346720983581
0.10003972132674
0.10617143223967
0.11171143923036
0.11258263845753
0.10935261342876
0.10594221292406
0.09861993341854
0.08977083166475
0.08186046629919
0.07610993331426
0.07516312412474
0.07208880391026
0.06973921924252
0.06833777038709
0.06613216951964
0.06044405564528
0.05543138875782
0.04638331619594
0.03642465275469
0.02626414666847
0.01711215280753
0.01099313526281
0.01005087880157
0.00964889701592
0.00587647773011
9.303990161e-05
-0.00678621761109
-0.01864685187871
-0.02759573677292
-0.03565969641649
-0.04412909761768
-0.05483623260123
-0.06519351604534
-0.07254825258384
-0.07883033920695
-0.08021718767387
-0.08163584493763
-0.08191745077884
-0.08086240876615
-0.08106667852784
-0.07911088978002
-0.07554973668367
-0.07477963968209
-0.07148969049813
-0.06557126435187
-0.05855489954297
-0.04854223652339
-0.03953104558305
-0.03146281964114
-0.01932516316486
-0.00562851006844
0.01161088169526
0.02482966792022
0.03043040559245
0.03298613689165
0.03368994044105
0.03167529034381
0.02771305243974
0.02646418028233
0.02633317628019
0.02392406695163
0.02268553642201
0.0205320281126
0.01672543472179
0.00592117964235
-0.00410543854465
-0.0127618928078
-0.02095898960269
-0.03010443326352
-0.03374781436098
-0.04070115704895
-0.04310280412422
-0.04413917542843
-0.05138939519514
-0.05646485053702
-0.06511861462017
-0.07271325883303
-0.080028671558
-0.09067301054951
-0.09978464794166
-0.1031002250662
-0.10261661075218
-0.10118770231219
-0.09936397283465
-0.09888849916058
-0.095345888633
-0.09231651530372
-0.09373389117045
-0.09724816021079
-0.09961814170418
-0.09866365167012
-0.09630392135296
-0.09299022863582
-0.08883330129726
-0.08005475175636
-0.0698240628011
-0.05949414849001
-0.04825377897689
-0.03996624570226
-0.03462406379997
-0.03224048442281
-0.03114294525454
-0.02666259330584
-0.01756954370823
-0.00913002920834
-0.00249349083044
0.00487821668106
0.01329524793944
0.01677886144027
0.01883904635781
0.02005808457733
0.02193618297705
0.02359420520583
0.02566867393144
0.02988073149277
0.03250619340323
0.0347347312775
0.03777478542791
0.04179912586211
0.0495820977501
0.0564179890939
0.05543969522562
0.04953831165985
0.03719989795727
0.02570502038128
0.01729565639972
0.01548431878522
0.01592571483595
0.01967610012297
0.02209504605813
0.02289747949062
0.02170762697284
0.01681825309247
0.00537335904577
-0.00620222769897
-0.01896257303141
-0.02592376239177
-0.02851941297724
-0.03273065647458
-0.0363788691926
-0.03502342249052
-0.03282039195476
-0.02720659910808
-0.01848381295084
-0.01496716955718
-0.01437273701303
-0.01813442874442
-0.02151928422246
-0.02220471103093
-0.01977013205201
-0.01630882993475
-0.01061189703378
-0.00833201282679
-0.00650389343379
-0.00304662997845
0.00381543201527
0.00914710947697
0.01350183175341
0.01620534581821
0.01747595649934
0.01796817124872
0.0192757163148
0.0229265219774
0.02826219136773
0.03733261300133
0.04135946346618
0.04923112310384
0.05198383527692
0.05340082672454
0.05398444277024
0.05207462602524
0.04419831567014
0.03599954552148
0.03059250985426
0.02574109547647
0.02343592252223
0.02303222215704
0.02272772453478
0.02271834018595
0.02362167232803
0.02895323371024
0.03342411839618
0.03422768247311
0.03856508327677
0.03620947604299
0.03433669167213
0.03480322571752
0.03456410195664
0.03414742179331
0.03369725947937
0.03483538124532
0.0348589438754
0.0312433766311
0.0294274787507
0.02669430411349
0.02281326909292
0.02217546502815
0.02294156708605
0.02106934803741
0.01877273029274
0.01658188056638
0.01557967733707
0.01004205977496
0.00473501227167
0.00044041849555
-0.00373649569699
-0.00678683418919
-0.0048913736135
-0.00015102583073
0.00695697281037
0.00960003810097
0.0134097445328
0.01168204445615
0.00940574062321
0.00816872515714
0.00370860420624
0.00327713295238
0.00524743239091
0.00967395963428
0.01404897320956
0.02057258809739
0.02459377780242
0.02887021425802
0.02969015760403
0.02597664640093
0.02114942781409
0.01670060576994
0.00841084135696
-0.00291664431006
-0.01237846866619
-0.02029075612729
-0.0267420549969
-0.02990944232385
-0.03200681036812
-0.03341511846646
-0.03226123551705
-0.03116213605945
-0.02921066637338
-0.02922146779657
-0.0308675504201
-0.03245096519128
-0.03725342266493
-0.04239988247748
-0.04505973859174
-0.0511703592171
-0.05641420520385
-0.06138010863738
-0.06212998217878
-0.05853518864161
-0.05678841836212
-0.05550940322401
-0.04836419771264
-0.0405069123346
-0.03376512829613
-0.02782841586051
-0.021514837021
-0.01100332613801
0.0017380831614
0.01298680059929
0.01915123989987
0.02486285610327
0.02995814294858
0.03280175893443
0.03299433029501
0.03382325849548
0.03501990241751
0.03587709672891
0.03429975728718
0.03212247529407
0.03327751903843
0.03439539473132
0.03539230654467
0.03609014782907
0.03453432078216
0.03149906056417
0.02490684570951
0.01757740545589
0.00780223053157
-0.00044773843839
-0.00720659498174
-0.01921436754762
-0.02948905364676
-0.03313257042155
-0.03785719433214
-0.04230831535331
-0.04279834419011
-0.04397208125584
-0.04541973578061
-0.05227854905597
-0.0577364184971
-0.06527193754352
-0.06955645433802
-0.06971757870798
-0.07039120158853
-0.06926277321422
-0.07031413686368
-0.06729187905672
-0.05993375812253
-0.05474158258656
-0.05064769998183
-0.04415419038656
-0.04278279406028
-0.04015636733323
-0.0333567018372
-0.02781502903037
-0.02332096613346
-0.01548832880416
-0.01005943401114
-0.00936108770557
-0.00664814481992
-0.00356263424056
0.00126136502468
0.00732465009002
0.01448651753158
0.02389923799979
0.03198074524502
0.03825408821781
0.04310913573307
0.04380872574753
0.04291296138555
0.04429995306743
0.04370661347957
0.04108863643528
0.03622759650451
0.03053658064276
0.02179013386625
0.01619671523234
0.00839397214196
-0.00060810723636
-0.00750079243316
-0.0120028233583
-0.01985780222169
-0.02310994265566
-0.02495541819454
-0.02555136580224
-0.02300451383069
-0.02319630127779
-0.02356483860098
-0.02392118757713
-0.02285331651889
-0.01573928664348
-0.00850503157623
-0.00521250527672
-0.00092912063417
0.00538804008691
0.01317080167503
0.0176142267764
0.02097854221382
0.02467351838578
0.02558448614663
0.02566890006032
0.02789070683138
0.03122689937283
0.0343452694946
0.03858765093974
0.03642050705842
0.03255800706898
0.02668901269753
0.02050171930405
0.01875653192677
0.01881118727887
0.01898701756415
0.02179718908754
0.02297817735293
0.02365502633894
0.02567464373406
0.02582346669255
0.02622996351831
0.02638399497883
0.02816392329086
0.02607734159452
0.02303257642563
0.02230734339533
0.01907775554907
0.01791890530176
0.01830398018425
0.01814009704187
0.01934788158042
0.01944418233597
0.01950293062094
0.016822006832
0.01575041218475
0.01552196924498
0.0111233101257
0.01015016445843
0.0138443039535
0.0164985897595
0.01821757633635
0.02144379486219
0.02216752036657
0.02283871613039
0.02021742252908
0.01530128252606
0.01114046577063
0.01367538567456
0.01561354390678
0.01489333093779
0.01573556305447
0.0150187721693
0.01556004181201
0.01529721220609
0.01486700199765
0.01142287813821
0.0073167612069
0.0007069042287
-0.00505696629028
-0.01121407826114
-0.02087530683906
-0.02976490073897
-0.03914747068884
-0.04465695027973
-0.05322240349469
-0.06009727192107
-0.06794068806068
-0.07831551910645
-0.08894199391584
-0.09497285134496
-0.1032465304564
-0.10707504327405
-0.11086948600598
-0.1144419455467
-0.11422538944879
-0.11209254178207
-0.10698670225534
-0.10251161157209
-0.09575329751195
-0.08863724755181
-0.08192694819211
-0.07184077067121
-0.06060685336901
-0.05395999069987
-0.04490428251922
-0.03425643099233
-0.02451732362557
-0.01254702513891
-0.00370648160975
0.00604664424051
0.0138463918769
0.01786284041293
0.02008107434756
0.02263807196853
0.02499018174218
0.02613866774881
0.02971065241886
0.03335814152445
0.04005007168085
0.04968307937362
0.0516626568804
0.05607982088031
0.0632131621627
0.06730952464757
0.06869640326501
0.06872450354809
0.06822093712856
0.06471713031808
0.06366524657219
0.0565547141569
0.05173008097702
0.04288701686452
0.03296384812098
0.02545350475737
0.01989960591536
0.01951240542132
0.01970025068815
0.02048628223867
0.01784977016323
0.01841795668117
0.01913316466413
0.01826014886823
0.01791295057439
0.01908032588075
0.01963936171638
0.02062149977575
0.02147891267841
0.02676903971081
0.03152307545202
0.03461030008835
0.03564940755211
0.03825812838727
0.03959785913167
0.03583183326327
0.03287323073813
0.0301797718712
0.02857165628788
0.02852539785513
0.02699613341487
0.02653287823835
0.02442834190834
0.02178471431058
0.01829389483587
0.01785915451206
0.01613520063731
0.01190732912912
0.00673198587377
0.00305402891565
-0.0003706436384
-0.00198329883451
-0.00303085522726
-0.00478327420637
-0.00608082362186
-0.00914783308941
-0.01288325618171
-0.01722579011112
-0.02082479718323
-0.02352556001322
-0.02574502258148
-0.02860080430148
-0.02611411015162
-0.02259367533029
-0.01684167250758
-0.01858877444278
-0.01612534141782
-0.01020164646848
-0.00707852462502
-0.00551380016016
0.00062007789666
0.00830491504844
0.01655257426257
0.02376456317203
0.03101202416631
0.03481070304607
0.03765575871917
0.03952021400934
0.04193308461506
0.04473600493879
0.04638096445551
0.04736712760907
0.04508954991674
0.04420339603248
0.04147086209379
0.03943878499696
0.03554378274876
0.03214007565914
0.03067737602573
0.02928001256554
0.0264901097281
0.02378180926852
0.02159016055342
0.02054365867505
0.02009383555444
0.01721298367845
0.01129739921855
0.00159272977382
-0.00668077974097
-0.01379178175057
-0.02115061875957
-0.02417099969676
-0.02332426761522
-0.02192099465344
-0.02214870644313
-0.02238896084845
-0.02257302976286
-0.01715586352148
-0.01374351077072
-0.01368316450828
-0.01481034917371
-0.01458829814383
-0.01423950941015
-0.01465028760952
-0.01710118555648
-0.01806898704438
-0.02147291272526
-0.02622223744799
-0.02844089348988
-0.03238445314784
-0.03875148885635
-0.04476105248189
-0.04932917258945
-0.0533403523224
-0.05469874623765
-0.05721809339885
-0.05851731692187
-0.05829169305557
-0.05838337324418
-0.05755503297882
-0.05723723897799
-0.05545608956997
-0.05469278397265
-0.05460418667453
-0.05413900940246
-0.05145536452925
-0.04983990729471
-0.04741946137127
-0.04411381130488
-0.04048374166126
-0.0334023874101
-0.02749680538465
-0.02317310045394
-0.01651467506102
-0.00689018639722
0.00270246784181
0.0142075950865
0.01971659226909
0.02500784994592
0.02613715268526
0.02653758925684
0.02574984666441
0.02552296401397
0.02113141287939
0.01521078574529
0.00752918894509
0.00276837009101
0.00036205684615
-0.00316521347457
-0.00332693256351
-0.00642681664872
-0.01291135646479
-0.02311240746054
-0.02672345212709
-0.0318248293771
-0.03412755260173
-0.0335757528905
-0.03424942099682
-0.03341962596895
-0.03025387430763
-0.02420240899923
-0.01957682200374
-0.01523098659257
-0.00912196394468
-0.00439235539966
-0.00411600027122
-0.00446191038416
-0.00210603631829
0.00224263248783
0.00447451028577
0.00900605781459
0.01435318440189
0.01495443850081
0.01059433435685
0.0086155558388
0.00703593777164
0.00123971167618
-0.00449153025337
-0.00863085722685
-0.01386917813113
-0.01900739177691
-0.02186398002327
-0.01734784694695
-0.01446016597856
-0.01564699590687
-0.01447069604708
-0.01441770651112
-0.01083634502986
-0.00815849659379
-0.00639725331174
-0.00127121369149
0.00444391881611
0.01304029515644
0.02357304707959
0.03256965270669
0.04056152999856
0.04876535035903
0.0575141564136
0.06521570682683
0.07029301642559
0.07463416343115
0.08087846391716
0.07972369906509
0.07580149351173
0.07447070993365
0.07041680691622
0.06583396581809
0.06545703911318
0.06010171912252
0.05742191090276
0.0554770667931
0.05314149457875
0.05263821458914
0.05257887083144
0.05351564743597
0.05391127499988
0.05368237226471
0.0528847478399
0.0513978448779
0.0474999858681
0.04368118151736
0.0410849731473
0.03481952207268
0.03132717245917
0.02475484940898
0.0170538492427
0.01039266507737
0.00558654582326
-0.00061986586314
-0.00812357475594
-0.01591558426179
-0.02121584186835
-0.02793240499823
-0.03248205037568
-0.03779715711251
-0.04474221594556
-0.05112795251306
-0.0527883566328
-0.05656316383967
-0.05810275483245
-0.05480178563404
-0.04831254233711
-0.04159909224825
-0.03515279082705
-0.02682327295565
-0.01957331700598
-0.01406225451289
-0.00938702468896
-0.00478984174302
-0.00085753576602
0.00402206256254
0.00836319600037
0.0143794831915
0.01863848510988
0.02249334194291
0.02606876377206
0.02874779561597
0.03335879729822
0.03840853424796
0.0390125697322
0.03908139582792
0.03610038393004
0.03113515134555
0.02451643418528
0.02237022983894
0.02308001826622
0.0225240427082
0.022949097178
0.02537857318169
0.02649664485295
0.02740628599099
0.02781425265452
0.02938488360593
0.0323427323681
0.03295784816783
0.0298219832078
0.02672419081479
0.02313082188961
0.01819252879324
0.01524407191753
0.01059713081743
0.00933728387134
0.00950397101194
0.00952407387003
0.00903780631039
0.00899824129271
0.00884326762849
0.00857503354216
0.00593346899362
0.00303266048955
0.00245526826459
0.00143665636944
0.00186736632271
0.00422430997822
0.00780638376547
0.01347878168215
0.01748265745203
0.01791503849779
0.01899387680707
0.02036458720905
0.01970971041328
0.01850028267148
0.01643044958807
0.01228626838113
0.00670105370325
0.00466573617947
0.00305166285373
-0.00023749548214
-0.00338409870003
-0.00513830108229
-0.01138232569105
-0.01816746617488
-0.0228867232932
-0.02614720034549
-0.02867228364281
-0.02921698290697
-0.03217795978542
-0.03429018449761
-0.0377571247618
-0.03560743049296
-0.03674090154146
-0.03577043173269
-0.03321421048756
-0.03284268826306
-0.03069472764903
-0.03087673125293
-0.02949763900685
-0.02749865210389
-0.02598635486783
-0.0245396274715
-0.02460932039462
-0.0238702708893
-0.02450270816181
-0.02469729206948
-0.02207614922077
-0.02235158174335
-0.02230831574954
-0.02253307278844
-0.01877634081731
-0.01806877599076
-0.01636261092182
-0.01825128461584
-0.02201002159644
-0.02230182585047
-0.02255905499761
-0.02287745200881
-0.02261152443714
-0.01606451274709
-0.00995778153859
-0.00987032996017
-0.0089502341299
-0.00969249466543
-0.00905623581472
-0.0066614231082
-0.0044834815725
-0.00213070094981
0.00234149302238
0.0081881571662
0.01379765356402
0.0159779355337
0.0175862244825
0.01861001548294
0.01899906269622
0.01731979188964
0.01600162630348
0.01644080629111
0.01518184878532
0.01082146574907
0.01337926235877
0.01506001054075
0.0157943264147
0.01623236068263
0.01732004063142
0.01806000218992
0.01950385021175
0.02166451926926
0.02272115925942
0.02317769087035
0.02206922967681
0.02299693851296
0.02242169677373
0.01976391350761
0.01940243140571
0.01944704663521
0.01864006047446
0.0161271956747
0.01536811114994
0.01603412856224
0.0158761172333
0.01175797853657
0.0078597727958
0.00422195673026
-0.00292894119896
-0.0083663618048
-0.0128706909532
-0.01697190013388
-0.02124329391529
-0.02234180543778
-0.02546405743878
-0.0271813028232
-0.02948539035878
-0.03105280274236
-0.03152410056964
-0.0336119862759
-0.03854894521183
-0.04461648828413
-0.04530061108268
-0.04583089839908
-0.0458407123928
-0.04471324883508
-0.04306684209348
-0.04386646399013
-0.03979853344405
-0.03476169337852
-0.03047881978726
-0.02777562984054
-0.02365504895182
-0.01604885709044
-0.00932089706463
-0.00345637929138
0.00216109493358
0.00500187375566
0.00805690442228
0.00604145609007
0.00508519471306
0.00798776174612
0.01335508164307
0.01706201249554
0.02191972833167
0.02814599880771
0.03285879617748
0.03855883458184
0.04625243279587
0.04652640301831
0.04953156548137
0.05170007367365
0.05137561640826
0.04825343978355
0.04471594730647
0.04051861073571
0.04003043615579
0.03999612486593
0.04013683733498
0.04069854902911
0.03985303804356
0.03657565408812
0.03317003997821
0.02538952535747
0.01688013703134
0.01232422034608
0.00430835228677
-0.00255899509281
-0.00732345839079
-0.00914347633951
-0.0131776232298
-0.0139905565803
-0.02035920534153
-0.0228315327694
-0.02267468977304
-0.02556962194109
-0.03130693392374
-0.0336244459776
-0.03611671043572
-0.03947629224176
-0.03986878415176
-0.04382956729332
-0.04410028879741
-0.04367304841504
-0.045587749544
-0.05001481798918
-0.05381887119883
-0.05628687202731
-0.05728922600922
-0.05811191305239
-0.05858029381703
-0.05837426778765
-0.05850044770686
-0.05849832209532
-0.05817847785924
-0.05747363411696
-0.05733705226892
-0.05640065254586
-0.05409018063803
-0.05058505474237
-0.04674639627531
-0.04586367201251
-0.04498487485472
-0.04475162290728
-0.04140885755284
-0.04257920268525
-0.04127071541548
-0.03842172509973
-0.0389118217752
-0.03937741361689
-0.03582196650614
-0.03338957343981
-0.03311000275858
-0.03063512007429
-0.03146276687773
-0.02948174968369
-0.03030799448803
-0.0301762819487
-0.03002399168061
-0.02751709668348
-0.02621140587428
-0.02434380739257
-0.02312072146597
-0.02033178344511
-0.01581229612362
-0.01058215354744
-0.00846902431971
-0.00597072071278
-0.00083285530548
0.00735619130101
0.01388560262599
0.02260242651823
0.03180896266683
0.03946539282938
0.04505510294954
0.05139299818208
0.05358650115405
0.06100240555662
0.06071749069602
0.06164630002609
0.0602274317087
0.0584742393688
0.05613133304087
0.05570189167066
0.05426860386788
0.05088935638625
0.04550189594306
0.04018439977765
0.03719718441062
0.03028150725768
0.02739455743936
0.0235018843187
0.01746334604504
0.01159334163122
0.00964629653372
0.00634261755747
0.00362129584279
-0.00257499145031
-0.00660116428226
-0.01305901109069
-0.02130073819034
-0.02280602543089
-0.01592793843668
-0.01659100863581
-0.01598019682257
-0.01485471566143
-0.01400507405487
-0.01043444615814
-0.00817559947532
-0.00687005037355
-0.00513042727443
-0.00198318652383
0.0022946654986
0.00564866719747
0.00810584625116
0.00925197297973
0.01340144560263
0.01530001620429
0.01446203531069
0.01067553724034
0.00933165326205
0.00999599732058
0.00603246746679
0.00528746021905
0.00369906608977
-0.00035594480845
-0.00179322393685
-0.00232590897322
-0.00257734846708
-0.00199578944049
-0.00173780351534
-0.00114305363699
-0.00100914161735
-0.00216095021109
-0.00139856872716
-0.00310244084917
-0.00448828681136
-0.00462556212132
-0.00403419362359
-0.00015717819474
0.00418384270628
0.0126424439918
0.01521468269979
0.01545673106095
0.01872429348504
0.01656519979212
0.01525537082427
0.01650391886361
0.0159191269477
0.01499744067758
0.01483650474836
0.01502943037753
0.01457864997797
0.01453379354432
0.01485870306748
0.01474508837678
0.01068181608579
0.0097840617896
0.01017980995558
0.00891897558002
0.00827773435616
0.00726586185562
0.00826014906635
0.01002719556942
0.01379332696464
0.01472671917349
0.015024862574
0.01764137731816
0.01953727206132
0.01774877346445
0.01561922727949
0.0161357056585
0.01522969012028
0.00804643465479
0.00297112177411
-0.0009057064954
-0.00639322218744
-0.00823538795317
-0.01185697776351
-0.01375157603438
-0.02021553058406
-0.02383120335517
-0.02568956070301
-0.02986849038232
-0.03220514801533
-0.03378434925157
-0.03406753045736
-0.03396646591992
-0.03398778987401
-0.0332897676865
-0.02961846720906
-0.02559993828727
-0.02345102039428
-0.02251554026203
-0.02264400408301
-0.01737981403401
-0.01399803390884
-0.01113977984634
-0.00886233029371
-0.00359758999775
0.0002788044058
0.00350079552746
0.00895218637596
0.01380292990472
0.01854752099607
0.02112301596003
0.0252831543288
0.02946671211268
0.03077929985295
0.03260410721151
0.03346714318584
0.03344964834758
0.03382717052523
0.03798332148794
0.04172746561767
0.04378019581955
0.05011958350275
0.051786590586
0.04587206139423
0.04415710744921
0.0422649965961
0.03947302091052
0.03596447293103
0.03331503382086
0.03143138018815
0.02723722449708
0.02129891408398
0.01622282558121
0.01241250860138
0.00869546978764
0.00646424399465
0.00115842889381
-0.00383516552951
-0.00844706720474
-0.01203586832639
-0.01524420005723
-0.02078418443503
-0.02278869642048
-0.02175128492338
-0.02230101178648
-0.02218741970867
-0.02256510017654
-0.01978650378347
-0.01836808018623
-0.0189597916461
-0.02182626926247
-0.02226850952772
-0.02202575262938
-0.02248203549854
-0.02252233920391
-0.01713112502119
-0.01459689104156
-0.01506092259393
-0.011064169884
-0.00803360560924
-0.00570102809513
-0.00222513840333
-0.00110766069728
-0.00095642268228
-0.00092698220866
-0.00171051201991
-0.0038285158327
-0.00462837893349
-0.00422003614224
-0.00556775526647
-0.0065829043746
-0.00783657950958
-0.00950068460544
-0.00947493606278
-0.00987973692189
-0.00957252575299
-0.00996941963867
-0.00909680333714
-0.00788552887609
-0.00534772130627
-0.00305107642614
-0.00327732440817
-0.00661160088418
-0.00772413315146
-0.01277506858431
-0.01448483664018
-0.01549202978028
-0.01515572336119
-0.01561944587075
-0.01598649828091
-0.02068297668263
-0.01892446277624
-0.02049559874883
-0.02014002614853
-0.01795266634466
-0.01676989166107
-0.01508652038399
-0.01513505518087
-0.01469234004496
-0.01489784597791
-0.01467834266683
-0.0149558631128
-0.01086605082805
-0.00891626203337
-0.00679924188125
-0.00487887622365
-0.00438649112384
-0.00305169677306
-0.00040491641097
0.00426782396003
0.00876997171843
0.01358860494517
0.01623581291698
0.0175463730349
0.01891830453287
0.01990144509697
0.02031995690429
0.0191381018115
0.01864821618967
0.01897212320809
0.01818298615419
0.01718436329893
0.0151477259362
0.01100034877432
0.00891856854802
0.01373162392887
0.01123900520217
0.00889712399186
0.01051091541026
0.01038808973621
0.0092577241911
0.00602243111301
0.00344359396408
8.997540293e-05
-0.00575026992166
-0.00834193234732
-0.01237527271124
-0.01553335860328
-0.0177445825424
-0.01669621133189
-0.01496784040621
-0.01395043377803
-0.01019965653427
-0.00825607874637
-0.00844898176265
-0.00590740160923
-0.00368510112344
-0.00426717798518
-0.00392335202682
-0.00428639064922
-0.00454638686018
-0.00756939315376
-0.00865169123502
-0.01256375867659
-0.01458572781215
-0.01603463358342
-0.02119956812608
-0.02274972687554
-0.02282483935433
-0.02415023352726
-0.02576844953422
-0.02681043637247
-0.02552718508654
-0.02500010880034
-0.02532343542129
-0.02643399961349
-0.02593583013674
-0.02634427920856
-0.02672370086887
-0.02441519628235
-0.01862423898996
-0.01346754307644
-0.01045480529564
-0.00855730503739
-0.00526454808641
0.00115615629849
0.00277424868833
0.00731574438067
0.00890172948354
0.00612746647371
0.00760579236701
0.00994228417217
0.00955504598999
0.00942371786977
0.01003463520982
0.01377847029673
0.0108883848245
0.01279209608954
0.01591611943349
0.01713644658767
0.01764898278641
0.01921509116006
0.02178619922361
0.02387690400333
0.02770896704451
0.02884228734042
0.02689745830601
0.02262743637319
0.02064020063474
0.01844422532027
0.01855149332686
0.02016250335994
0.02012819960771
0.01892847279518
0.01639315339689
0.0150767139279
0.01528234800055
0.01086283226022
0.00644310622002
0.00482941052952
0.00329772651016
-0.00137108125336
-0.00504757892639
-0.00728305895751
-0.00949509922192
-0.01317610816626
-0.01098638154671
-0.00827632481943
-0.00801862833926
-0.00338091329776
0.0036812478872
0.01278885490882
0.01564591048821
0.01997546461948
0.02494092333286
0.02784272228145
0.0303461801195
0.03317597963032
0.03816571704859
0.04026625843492
0.04171381497049
0.04908343832742
0.05426084764704
0.05691434200192
0.06237987721234
0.06374849969093
0.06337663073546
0.06081261558136
0.05809483278376
0.05565469103421
0.05265473707319
0.05134028000078
0.04820439242786
0.04627624416772
0.04350588640378
0.04030335111009
0.04056127371915
0.03999959217554
0.03945474969641
0.03934402191784
0.03945153112858
0.03901241144198
0.03933332602146
0.03964230099569
0.03952882951995
0.04035419995926
0.04106312155914
0.04256596660771
0.04380939659656
0.04339891990237
0.04447594918056
0.04467477677369
0.04634993957215
0.04689831719955
0.05040197325744
0.05305146513101
0.05389478266635
0.05455642071586
0.05470421855672
0.05430274179226
0.0531087661911
0.05285173302233
0.0522616873786
0.05157387114155
0.05155621801306
0.04565478168388
0.04257746149282
0.04047447791451
0.03361249129709
0.02648973284662
0.02056556302662
0.0160249703423
0.00738175441798
-0.00375193653119
-0.01322482386625
-0.02413913059888
-0.03248227650457
-0.04169533270276
-0.04554948099861
-0.05355357678803
-0.06171974668874
-0.065396300894
-0.06929363226973
-0.07367646236689
-0.07490045280905
-0.07488870918216
-0.0754769985582
-0.07651040757398
-0.07610654138094
-0.07531686915534
-0.07191222739965
-0.0688819194043
-0.06584759385238
-0.06323673233041
-0.05978485225013
-0.05615474491836
-0.05319342130894
-0.04557588531504
-0.04086935925309
-0.03909989317092
-0.03526929996751
-0.03348024358606
-0.03408355545786
-0.03353847177458
-0.03756152327413
-0.03992211288106
-0.04067970495516
-0.04118796731792
-0.04347572834782
-0.04035608436665
-0.03440964085123
-0.03629103319507
-0.03907262956472
-0.03817001349745
-0.03825754798979
-0.03789202571844
-0.03487450154286
-0.03731476389448
-0.03836910490762
-0.03724943525888
-0.03949699057259
-0.04048131454454
-0.04329569206524
-0.04442990180144
-0.04491234778288
-0.04440962557786
-0.04591691029025
-0.04599477400384
-0.0497224936387
-0.04732510532415
-0.04963113003053
-0.04773044135496
-0.04554891567639
-0.04495409871313
-0.04348748704997
-0.04079445782792
-0.03939543608923
-0.0355264914265
-0.03334417429683
-0.03127442412735
-0.02694282729847
-0.02537800032184
-0.02333057661118
-0.02232039856976
-0.0223112101993
-0.01835716569859
-0.01489613493599
-0.00967460787043
-0.00458691292563
0.00112924469959
0.00615330320664
0.00930184193705
0.01403591803513
0.01857199567933
0.02263330818663
0.02566302824688
0.02829722627003
0.02762883450442
0.0280423940891
0.02971114990241
0.02745509968016
0.02876275027306
0.02745302683203
0.02893763081701
0.03291813993519
0.03265255155684
0.03463749585589
0.03829796475962
0.03964889642157
0.03954203544698
0.04024012547315
0.03959360790858
0.03941128018661
0.03935426555645
0.03944021714658
0.03919776929105
0.03536049774783
0.03261808951439
0.03212449537879
0.02998127593377
0.03057591953155
0.02952074184152
0.02570462842454
0.02475709562259
0.0241017816443
0.02329414724741
0.02235346615074
0.02247540992213
0.0229924385481
0.02083434735991
0.01979389066046
0.02025900009386
0.01896790213553
0.01882943588009
0.01693510896389
0.01592658166335
0.01601522418725
0.01487838381832
0.01132247691217
0.00565038653077
0.00432635742256
0.00208743797106
-0.00105225911985
-0.00564185393409
-0.00582997281687
-0.00758764929261
-0.00924491775844
-0.01324325337058
-0.0158253362228
-0.0204894254302
-0.02236546605704
-0.02528691560596
-0.0264442206392
-0.02738380877957
-0.02794529434482
-0.02717865711522
-0.02701702018645
-0.02649922272226
-0.0261280924545
-0.0262541668469
-0.02708345685359
-0.02665179942028
-0.02369196826152
-0.0220107753594
-0.02251612065951
-0.01756293320709
-0.01413573886369
-0.01050465164008
-0.00778062768518
-0.0084709841034
-0.00869712806614
-0.00542438126042
-0.00465528902487
-0.0049993313132
-0.00447173266927
-0.00463877332469
-0.00640885523119
-0.00676561123934
-0.00598048269685
-0.00451543735311
-0.00416673982475
-0.00484732445998
-0.00466739219669
-0.00556171687141
-0.0023518421878
-0.00072775994524
-0.0010160204581
-0.00014907976552
0.00282566662852
0.00416909608776
0.0076480860066
0.00807300479907
0.00651936743356
0.00826189779641
0.00914529290824
0.0088752724037
0.00774117573195
0.00577577801393
0.00441876725372
0.00302434874541
-1.97712325e-06
-0.0014133108231
-0.00382423445909
-0.00662888240753
-0.00695238540901
-0.00799753805169
-0.00852152390976
-0.00842627088472
-0.00825049336285
-0.00667949683641
-0.00489403138169
-0.00300027431028
-0.00182077924931
0.00146989505461
0.00441141731111
0.00575748644823
0.00707325657571
0.0090996977869
0.01049103114342
0.00995043234975
0.01026867107073
0.01124817095974
0.01459467497846
0.01037549435718
0.00576605522554
0.00544270523793
0.00796711617869
0.00896748776402
0.00949858160678
0.01397585066498
0.01233019014871
0.01068876578026
0.01426238611594
0.01495918720745
0.01503041780701
0.01620328804533
0.01601797542204
0.01738354516065
0.02132901937653
0.02250049515338
0.02566590008375
0.02838632858933
0.02940809196741
0.03197098401471
0.0334644824026
0.03152433423616
0.03292057458954
0.02993199491156
0.02414889182919
0.02211881974183
0.02305916918279
0.02057522626774
0.01717648647602
0.01524789349573
0.01482479880962
0.01104137609214
0.01315831936044
0.0116894464084
0.01316471880796
0.01172466221381
0.00893943270671
0.01035021314756
0.00934146725576
0.00967894200744
0.00947991089831
0.01393206457473
0.01525468489998
0.01527570734889
0.01819216698702
0.02229794397124
0.02273978474212
0.02198116001277
0.02485059991757
0.02560017949142
0.02579050463838
0.02616389619502
0.0239103258529
0.02349724113888
0.02256765543297
0.02091034174136
0.01900296718835
0.01673007790161
0.01507622398198
0.01052612634676
0.00842141665127
0.00656653113562
0.00353533897631
0.0010471139339
-0.00134670455929
-0.00393101854986
-0.00729702693889
-0.00876394161477
-0.01205545862568
-0.01629865413481
-0.02205024992552
-0.02578027607504
-0.02943467718695
-0.03282258540497
-0.0370904968015
-0.0413914456285
-0.04516255185924
-0.04960191417827
-0.05482996129342
-0.05617728996844
-0.057229648585
-0.05794294954767
-0.06139075930798
-0.06333478935365
-0.0636843846137
-0.06262944059019
-0.06180700228879
-0.06225360684157
-0.05906226492781
-0.0572387465039
-0.05450499146922
-0.04714891323265
-0.04530777183078
-0.04433714373179
-0.03921668120367
-0.0343429252918
-0.0336563979894
-0.03186045975214
-0.02890604814906
-0.02685123756141
-0.02375801297192
-0.02169996120355
-0.02210760374902
-0.02228806967648
-0.0223209940425
-0.01564986774374
-0.01328046664783
-0.01079234034836
-0.00843753964095
-0.00856569441911
-0.00578902313664
-0.00439764153929
-0.00305113898847
0.00165282955577
0.00385286086872
0.00420693724955
0.00419995438951
0.00540575125514
0.00510248905038
0.00332782426509
0.00122400627118
-0.00056791893209
-0.00157421207922
-0.00163177243377
-0.00271837299399
-0.00259425009389
-0.00150743244993
-0.0021952524558
-0.00229321148985
-0.00154418517801
-0.00320079787007
-0.00473213591222
-0.00414112922072
-0.00276548317888
0.00081296953112
0.00407618198918
0.00758617945484
0.01028030163318
0.01363685331213
0.01700021147059
0.02012999356355
0.02480182391654
0.02913679760347
0.03482672804656
0.03852146301437
0.03928438419258
0.03908017473193
0.03943000365849
0.03549678562832
0.03335376969929
0.02838489643971
0.02369960388029
0.01956954819119
0.01636591994121
0.01235431056337
0.00950369211964
0.00546208749864
7.877335473e-05
-0.00540698215005
-0.00893585987029
-0.01295199182587
-0.01834266329927
-0.02127755997937
-0.02245736483691
-0.02501923930422
-0.02732106555092
-0.02664124673886
-0.02655112683957
-0.02717428529006
-0.02613206478529
-0.02677457233092
-0.0282333900851
-0.02807092401707
-0.02707803729792
-0.02652825013379
-0.02406459851757
-0.02237132279523
-0.02238783020401
-0.02290741408641
-0.02303594574605
-0.02424369259646
-0.02655575494413
-0.02581376576327
-0.02744589623444
-0.02811189103385
-0.03042379509131
-0.0313697073029
-0.03105085049629
-0.0299635248161
-0.02907396392327
-0.02766488698671
-0.02598985986558
-0.02640275613886
-0.02683708943068
-0.02444143477093
-0.02223734896702
-0.01725517932886
-0.01396490602683
-0.00995810565666
-0.00461209313102
-0.00160053574301
0.00280806475592
0.0056996366487
0.00816816737255
0.01018198833053
0.01528573993386
0.0186584673659
0.02092425620557
0.02719353639602
0.03279489215388
0.03792978924265
0.03955487203016
0.04098357695415
0.04446497439188
0.04473181401674
0.04470822877378
0.04366021183186
0.0438831975278
0.04441525618716
0.0440370179347
0.04187755489792
0.04035648386102
0.04135470722192
0.0416835966135
0.03958417079635
0.03995420810782
0.0398906809657
0.03941640577473
0.03955045497922
0.03927098982482
0.0353982763473
0.03437367882049
0.03438720132797
0.03321448184223
0.03009721975201
0.02663652064511
0.02635286456866
0.02591065445393
0.02365837304647
0.02190102747267
0.02244696290809
0.02039045635378
0.01921533236421
0.01615550701141
0.01501317924815
0.01129559018745
0.00781424551312
0.00510245588481
0.00333768348458
0.00055323781558
-0.00335899990104
-0.00739504853527
-0.00832112095204
-0.00887771459569
-0.01344497541347
-0.01369293327622
-0.01346273406877
-0.01401529508059
-0.01511569854811
-0.02081353596463
-0.01662489028078
-0.0130072652636
-0.01361849918409
-0.01012183804646
-0.0092477368319
-0.00775637159319
-0.00517716434665
-0.0021776769649
-0.00100502305654
0.00320662144269
0.00618380573227
0.0094151400473
0.01410190244449
0.01749134080131
0.01992656801637
0.02296310963139
0.02614891892504
0.02553684079003
0.02559045594926
0.02612847687361
0.02346166352725
0.0226275419
0.02114691024581
0.01686480549277
0.01591718223926
0.01557736328479
0.01042147389763
0.00850610945726
0.00642980531885
0.00468435940088
0.00300579411643
-4.086383417e-05
-0.00174905719631
-0.0052551855967
-0.0081278712048
-0.00803569353263
-0.00886542072184
-0.01311646290337
-0.01473075934295
-0.01041334833294
-0.00912119510647
-0.00895526926646
-0.00620253071168
-0.00359519680036
0.00135538489352
0.00457757907892
0.00571414809318
0.00560193012524
0.0051136296669
0.00615721146757
0.00580403809477
0.00406655568244
-0.0003920976166
-0.00330010689359
-0.00620679550249
-0.00873757498649
-0.00861901561078
-0.00902876115489
-0.01326990642878
-0.0145010199309
-0.01749515484188
-0.02158434150338
-0.02435714145931
-0.02560337544636
-0.0255890916383
-0.02817421969287
-0.02848461927909
-0.02797483431515
-0.02818043823728
-0.02620144112797
-0.0262056772758
-0.02663765128955
-0.02660746308307
-0.02653137071243
-0.02582621792734
-0.0256910606913
-0.02762065617632
-0.02692788771663
-0.02756642293147
-0.02842982071202
-0.02689999848718
-0.02437432725475
-0.0234720202303
-0.02226746179721
-0.02174179504774
-0.02232737841476
-0.02200139101057
-0.01696981974812
-0.01653812462666
-0.01644901476973
-0.01487005473764
-0.01559264959758
-0.01435672708779
-0.01049944313803
-0.00896515863648
-0.00982571473067
-0.009308761481
-0.00954973196113
-0.00943317005727
-0.00949039574106
-0.00677571769309
-0.00418134398207
-0.00152410870162
0.000163954976
0.00497837745672
0.00915650890106
0.00902630388765
0.01030619339079
0.01428943866851
0.01517363276908
0.01473681959713
0.01491938852325
0.01489493645289
0.01496170477573
0.01509477408838
0.01523149161376
0.01519170046719
0.01504296796026
0.01114999333443
0.00941547170301
0.00712070821522
0.00290664941324
-0.00060660966012
-0.0029368074692
-0.00341180627261
-0.00368816366234
-0.00462420911681
-0.0061838863849
-0.00428205425092
-0.00189093046032
-0.00142848105639
0.00059275579845
0.0028107798101
0.00504058249862
0.0097774889766
0.01424998671527
0.01708712033968
0.01906947923178
0.02280581437726
0.02443375392638
0.02612973565775
0.02539617354676
0.02614848174252
0.02881770713035
0.02741851202617
0.02574720849406
0.02530099589802
0.02553397649079
0.02601982194318
0.02361981807116
0.02226410001441
0.02023673393607
0.01675447720857
0.01525114221408
0.01146075472686
0.00714902256698
0.00216469264418
-0.00119490499089
-0.00336387147104
-0.00710324201995
-0.01210390297101
-0.01701710329849
-0.02071608195175
-0.02249118618085
-0.02466893550699
-0.03023071117192
-0.03049720406582
-0.03189876598568
-0.03308246026009
-0.03296275516469
-0.0319624438804
-0.03264566970103
-0.03118376905636
-0.0271627527168
-0.02294097161331
-0.0222194320215
-0.01641433413602
-0.00995957549443
-0.00813910981051
-0.0060013415792
-0.00183420979771
0.00067606846446
0.00333813197354
0.00524754847041
0.0057511156437
0.00853328261191
0.00998483409116
0.00994000027041
0.00938357999224
0.00811614265317
0.00643306986623
0.00376292413383
0.00333868975813
0.00228256684936
-0.00035268794946
-0.00127450085175
-0.00247736859453
-0.00365888298646
-0.00559332592107
-0.00541304617305
-0.00567611924441
-0.00858335508522
-0.00808013539665
-0.00720843868593
-0.00763674187408
-0.00756548112401
-0.007045702017
-0.0060289571927
-0.00659341936787
-0.00715969509671
-0.00699888806096
-0.00271991217795
-0.00050276064693
0.00076563472486
0.00295974899859
0.00354209043113
0.00419099365546
0.00564401723378
0.00659827963142
0.00687642419313
0.00895760593163
0.00982582779512
0.00967802241663
0.01016825476943
0.01421095686929
0.01206692336027
0.00950229012054
0.00952527989077
0.00919009657848
0.00890963645697
0.00775226358506
0.00873310517214
0.00797900302054
0.00594893244071
0.00819769226762
0.01406681477878
0.01531477488301
0.01453434379128
0.01496557157971
0.01637427917242
0.01622158187233
0.01680271050027
0.02005727805097
0.0223804131765
0.02429886050737
0.02619571252949
0.02856079456365
0.02973343113546
0.03124122086903
0.03372606829964
0.03449828337513
0.03475015326763
0.03528016169174
0.03443180148221
0.03397118447604
0.03311441227189
0.03331322478976
0.03010605385388
0.02689143573997
0.02554024026098
0.02496140307243
0.02372405595065
0.02184760829182
0.02017648566282
0.01806243684428
0.01680501701492
0.01546982392353
0.0110360922138
0.00904202738296
0.00821541323477
0.00681425985443
0.00595514043243
0.00423556516671
0.00467522454759
0.00461340015599
0.00434600576159
0.00475788822369
0.00522772148955
0.00494808673848
0.0037337361708
0.00332885465905
0.00071696734108
-0.00064001183647
-0.00054342344498
-0.00165387954757
-0.00347306534199
-0.00497038832313
-0.00646575755067
-0.0062667294566
-0.00774140939847
-0.00681781535431
-0.00577837095851
-0.00566652384195
-0.00581212220249
-0.00861490006503
-0.00902175869701
-0.00865346257797
-0.0139872701738
-0.02101707457625
-0.02218591972038
-0.02153878407019
-0.02192256248039
-0.02185666852258
-0.02199147902766
-0.02174538295942
-0.02186920360057
-0.02214321151116
-0.0221284679077
-0.01678243427669
-0.01422590398876
-0.0107815464628
-0.00591218875778
-0.00193148290747
0.00278045517252
0.00711907707218
0.01355923080269
0.01864266849429
0.02264479553412
0.02867207258918
0.0329896645023
0.03379208285952
0.038194767073
0.04112705573326
0.03982291013812
0.03994351221144
0.04228621502338
0.04217522342777
0.04361561921525
0.04400197549477
0.04279654269664
0.0408960650747
0.04011789527184
0.04020503780744
0.03978515415154
0.03571482663925
0.03165853419325
0.02985553319707
0.02494469968528
0.0208313398457
0.01657169722882
0.01120256076314
0.00896607822728
0.00687411617095
0.00211678271679
-0.00017493948821
-0.00364687403501
-0.00678897261471
-0.00862442009119
-0.01299533319597
-0.02050113136894
-0.02265560449494
-0.02469659860756
-0.02766936433868
-0.02883857128903
-0.02993255269615
-0.03171458400683
-0.03258241391357
-0.03349640426388
-0.03364548350177
-0.03342962086578
-0.03632130431548
-0.03883302339554
-0.03758075176719
-0.03440404039245
-0.03181992238025
-0.03018188240748
-0.02712636104117
-0.02415827617803
-0.02226340655249
-0.01973594136423
-0.01595442566703
-0.01518192416162
-0.01094255023068
-0.00821929511401
-0.00664222551941
-0.00469845024562
-0.00529189159148
-0.00426265239238
-0.00163981508453
-0.00181298760162
-0.0036113408954
-0.00401161390041
-0.00248247383105
-0.00084450245071
-0.00052955232214
-0.00141000708005
-0.00141935298697
-0.00137619327374
-0.00183601958257
-0.00344782785062
-0.00486069998368
-0.00685594369979
-0.00859065904829
-0.01312587740272
-0.01466117194664
-0.01648870792711
-0.0171375244687
-0.01829911087554
-0.02147359864956
-0.02186030166004
-0.02175520449077
-0.02426101406924
-0.02389453451893
-0.02460474505347
-0.02648243642118
-0.02649992372182
-0.02645227836522
-0.02649329060778
-0.02643730109524
-0.02659326972657
-0.02653930029876
-0.02551131083864
-0.02313488467195
-0.02183352799976
-0.0192270759911
-0.0210597149468
-0.01617546665454
-0.01284463336773
-0.01058479925543
-0.00814065502457
-0.00716329808365
-0.00234948743232
0.00173371359753
0.00528689640436
0.00813524300653
0.01049623210783
0.01381710818597
0.01565681743822
0.0160340682612
0.01636168379338
0.01764078938305
0.01879575775112
0.01652252173342
0.01674311046316
0.01674890690031
0.01658678756324
0.01658343331808
0.01708109777365
0.0157356987318
0.01502192289847
0.01540956057502
0.01674608782684
0.01557289347044
0.01599878461713
0.01608674875436
0.01715787606858
0.01881730783409
0.01918540797477
0.01966646703236
0.01947079770603
0.01825208360458
0.01778824803058
0.01871952970315
0.01824827710164
0.01667451803396
0.01631976703528
0.01537358346902
0.01529929259185
0.01246189515041
0.0096374247437
0.00507342922705
0.00310907848578
-0.00020298120391
-0.00589512657946
-0.00766733711256
-0.00763873180829
-0.00910292389236
-0.01208447849957
-0.0141906504952
-0.01352013311804
-0.01409016635523
-0.0142924687956
-0.01679381609736
-0.01610798225689
-0.01760485750283
-0.01779949417391
-0.02063242933865
-0.01707378627295
-0.01441552813617
-0.02111566677119
-0.01652046396054
-0.0128959947757
-0.0141570929683
-0.01338915172878
-0.01358429342105
-0.0103842907709
-0.00907314271788
-0.00941687370211
-0.00853223488139
-0.00671910255729
-0.00462104180486
-0.00224871912372
-0.00202210782794
0.00011098752529
0.0037629369478
0.00479132740981
0.0093947809098
0.01433701618644
0.01596240047913
0.01602824167353
0.01714727062375
0.01935347450157
0.0217976111948
0.02219589200432
0.0231912586036
0.02364545354937
0.0246356342595
0.02640518325559
0.02806970292108
0.02864967829169
0.02710380091583
0.02662144538595
0.02633362853796
0.02416775851604
0.0226105219324
0.01976743358062
0.01575699253537
0.01098194942051
0.008934359882
0.00664415590635
0.00355237175788
-0.00101674633183
-0.00360798438894
-0.00408118772899
-0.00720831280752
-0.00814074547613
-0.008941136211
-0.01284938961199
-0.01397680040631
-0.0131959170568
-0.0147571184336
-0.0180445801998
-0.01922010368374
-0.02096206495556
-0.02230536099875
-0.02153734438294
-0.02197087868602
-0.02214529189693
-0.0220647674001
-0.01661676471609
-0.01778902440642
-0.01967441923157
-0.0174403261243
-0.01569440759695
-0.01448651753158
-0.01432240072267
-0.0139568483008
-0.01051947061983
-0.00767269636719
-0.00605045074345
-0.00474691645007
-0.00579415776991
-0.00434227915753
-0.00395989143998
-0.00538553684013
-0.00593187478496
-0.00489866853141
-0.00424617362658
-0.00529330263574
-0.00498116637967
-0.00488511135084
-0.00479744645751
-0.00531847907231
-0.00528834815181
-0.00495827761368
-0.00448678456178
-0.00580721520563
-0.00509112607378
-0.00434991628382
-0.00270194246903
-0.00321831456746
-0.00396705520314
-0.00407088378935
-0.00536592392795
-0.00778141913629
-0.00909840131461
-0.00812366520749
-0.00808715292979
-0.00768523898282
-0.0075497576287
-0.00829397794791
-0.00602734037115
-0.00465192422702
-0.00493885766482
-0.00533566712904
-0.00588432666379
-0.00468623174807
-0.0060856861467
-0.00891055604778
-0.00852858666868
-0.00850971998183
-0.0092465383488
-0.01277973437702
-0.01450729877634
-0.01397369490292
-0.01484747199941
-0.01466423976188
-0.01430021747881
-0.014645312774
-0.01527032548137
-0.02049954846673
-0.02245750805187
-0.02156304016218
-0.02237326750366
-0.02260581091391
-0.02550268779039
-0.02674696199376
-0.02873342135635
-0.02970400422957
-0.02825778939206
-0.02989032689522
-0.02764387961306
-0.02557997864414
-0.02431687544207
-0.02228261243267
-0.01814422766288
-0.01414880157576
-0.01048423220154
-0.00669150804915
-0.00616228278476
-0.00281667649772
-0.00016729233687
0.00342471823208
0.00796539006152
0.00933172110071
0.01346766367852
0.01548680620298
0.01790848076005
0.01946919219092
0.01961395236706
0.01917918943036
0.01629404110551
0.01620434331348
0.01548018816421
0.01095292200899
0.00663216806026
0.00396215574391
9.443315707e-05
-0.00171851170619
-0.0046113853476
-0.0074085454148
-0.00874267796171
-0.00929833693929
-0.0123726873043
-0.01052431731566
-0.00874998946241
-0.00944081321366
-0.01306590802176
-0.01456762996352
-0.01338223972245
-0.01371048087789
-0.01415074628419
-0.01347085963346
-0.009921857196
-0.00870328630951
-0.00934923855186
-0.00759961904839
-0.00261402958768
-0.00068276971867
0.002563150588
0.00524321357964
0.00640372964308
0.0091080570181
0.00935048979837
0.00905756997516
0.00907645927489
0.0092185360549
0.00974480581473
0.00937766295302
0.00890621437314
0.00890292042901
0.00607706988232
0.00542423578417
0.00623185133699
0.00583274289574
0.00613737016522
0.0059948848457
0.00421600124913
0.00311478296385
0.00327348624719
0.00206637708024
-0.00037309758908
-0.00191879104678
-0.00160167091003
-0.00306037559976
-0.00443357869585
-0.00501776157129
-0.00786882548893
-0.00711080301618
-0.00523440736699
-0.00500619884751
-0.00543897788011
-0.00421920926428
-0.00182191592386
-0.00156790911336
-0.00176170307746
-0.00159610286305
-0.00044309571083
0.00308187593438
0.00408010683291
0.00564222704675
0.00609475542261
0.00931871868968
0.01438527209102
0.01627301111897
0.01733971384463
0.01976484817368
0.02065517790473
0.02211182482158
0.02586835327671
0.02655259667734
0.02990289966137
0.03300039808682
0.03046307367907
0.03060766802735
0.03158127349003
0.03285477108328
0.03449503465678
0.0343790833009
0.03827337701192
0.03952530190931
0.03906619996668
0.03913210899975
0.03922999265752
0.03947056364328
0.03970545879396
0.03948963384612
0.03931240156174
0.03928188923719
0.03937624528431
0.0361337530162
0.03484348419712
0.03170588558229
0.03015674441282
0.02909803911216
0.02640102248406
0.0238226481456
0.01967647700445
0.01596020702892
0.01591796615274
0.01588105438067
0.0146655965352
0.01495689576806
0.01502071687773
0.01523996390941
0.01145934519013
0.00972786122343
0.01064748972067
0.01093541209547
0.00936062791016
0.00872314042583
0.00884969722653
0.00885639817923
0.00722234033617
0.0073684904512
0.00733515754566
0.00626019508551
0.00424699598197
0.00440060910405
0.00407411441739
0.00161420824931
-0.00098742872157
-0.00211563925838
-0.00326342577298
-0.00468129686198
-0.00642636363719
-0.00751951515128
-0.00841427851605
-0.00938490661505
-0.01330700664159
-0.01459851916955
-0.01428381559684
-0.01821932506641
-0.01918734514557
-0.01871991412226
-0.02123188948173
-0.02233565473204
-0.02186541971052
-0.01985621931948
-0.01825279967939
-0.01600374437739
-0.01388046950024
-0.01344282718904
-0.01021580967447
-0.0077037589387
-0.00751018130457
-0.00839230632582
-0.00727894718057
-0.00572553066761
-0.00419046903644
-0.00138206810224
0.00056122106982
0.00065847247121
0.00217950408631
0.00274740417433
0.00318618692889
0.00431861100064
0.00459944121976
0.00573624993064
0.00632837520637
0.00579009046499
0.00533825630481
0.00517970452782
0.00710125886961
0.00864537470143
0.00900432415979
0.0093777081788
0.00987733995568
0.00991501302834
0.00928246269139
0.00937186651587
0.00929494500598
0.00902026624635
0.00900519098719
0.00896214358464
0.00743379948896
0.00774040689373
0.00891338265887
0.00860978955217
0.01008544637083
0.01060316845872
0.01395016242336
0.0151899441995
0.01487244416621
0.01579348973781
0.01662699327944
0.0168303132998
0.01638876649648
0.01600437000065
0.01598563899113
0.01623066471598
0.01566772438822
0.01517726590654
0.01181644039161
0.00679575045123
0.00549653823465
0.00388347796632
0.00141678340905
-0.00261655092477
-0.00705903909879
-0.01167042896896
-0.01574677150966
-0.02073534059534
-0.02561912155456
-0.02810444385582
-0.03190480362698
-0.03759977674426
-0.03943578502038
-0.04165882796269
-0.04525428481127
-0.04968306429836
-0.05356320987864
-0.05501283926236
-0.05577710213863
-0.05672046663143
-0.05716073203772
-0.05618873962778
-0.05684155111304
-0.0577374888405
-0.05723699023621
-0.0561909632285
-0.0569517663328
-0.057050373603
-0.05587907872926
-0.05511331586469
-0.05315133118535
-0.04704202964517
-0.0457825671182
-0.04611797655937
-0.04196427532627
-0.03935890119864
-0.03964514268204
-0.03520429544999
-0.03325804934122
-0.0333823599283
-0.03332369455725
-0.03372483212839
-0.03153010052279
-0.02922736976054
-0.02933349204743
-0.02896126128575
-0.02796226908664
-0.02815798363875
-0.02821273698004
-0.02805369299584
-0.02627680988617
-0.02755909635552
-0.02670007793775
-0.02403069425971
-0.0236014337926
-0.02224528609097
-0.0223989105195
-0.02252493214849
-0.02219217595293
-0.0170570828858
-0.01346272653114
-0.01435830245238
-0.01475481191895
-0.01469266416304
-0.01057178930677
-0.0075835186716
-0.00788075001893
-0.00777048203577
-0.00832856059244
-0.00733535503156
-0.00504465357235
-0.00509770114807
-0.00777887895512
-0.00802705540913
-0.00796121421473
-0.00818585818918
-0.008761454197
-0.01278585493224
-0.01395490359237
-0.01373209126191
-0.01452145444469
-0.01039767006341
-0.00771566839344
-0.00774330888112
-0.00770098509101
-0.00803073377237
-0.0059233436958
-0.00475668069543
-0.00516154487063
-0.00463890447944
-0.00270398742793
0.00145591727431
0.00281995235154
0.00794177466803
0.01421171063225
0.01634657084607
0.01850382535738
0.01922051825336
0.01961223378752
0.02221812801159
0.02245662614921
0.02177232244755
0.02318792697133
0.02527389811967
0.02666148527429
0.02912858912486
0.02843533071925
0.02869806233598
0.02760169903792
0.02753723722973
0.03045158633158
0.03016343782789
0.0305113672718
0.02735947731128
0.02650531312697
0.02614925811837
0.02531025964478
0.02452323312716
0.02394658938882
0.02130983610924
0.01875841633417
0.01634025431248
0.01500859636937
0.01500241551311
0.01518594171819
0.01210547833559
0.01001206000922
0.01008332075929
0.00896811338727
0.00655667191612
0.00825907872295
0.00707940426639
0.00332743080082
0.00379738240747
0.0041148651042
0.00361683281231
0.00298967941814
-9.6635652e-07
-0.00216746649187
-0.00226886946888
-0.00226281750609
-0.00155758029955
-7.55363951e-06
0.00265646644223
0.00468176344125
0.00665687414874
0.00921468432618
0.01044856413835
0.01390715270896
0.01520440137303
0.01466565683624
0.01559597369223
0.01583881350449
0.01883101878231
0.0207196095624
0.02203846107285
0.02270191569109
0.02552979310637
0.02900087152921
0.02899183391134
0.02701962820628
0.02672571341597
0.02929272854665
0.03205248840339
0.03394003145297
0.03517155198708
0.03858313589962
0.04021219855555
0.03965408984836
0.03904646645244
0.03642605475379
0.03461425734388
0.03405872650601
0.03031477835466
0.02988747767124
0.02888425686193
0.02695437494699
0.02408186722695
0.02278849290448
0.01946901128781
0.0175685412035
0.01604234457848
0.01104917000113
0.00907560752275
0.00633800302064
0.00543115608189
0.00644403937856
0.00815450918775
0.00734191126177
0.00513407699467
0.00612194516005
0.00510101242874
0.00459959875622
0.00157312892185
0.00119315023072
0.00050144344616
-0.00071959126531
0.00037552312291
0.00083956530334
0.00073536217231
0.00148419393793
-0.00028582819517
-0.00137904777407
-0.00079649076532
-0.00289714898491
-0.00466532763994
-0.00523119181421
-0.00730371733891
-0.00778851958336
-0.00861751562249
-0.00899676391732
-0.00927002560258
-0.00785736075434
-0.00780922545182
-0.00648647171053
-0.00772107287385
-0.00751660939508
-0.00784230810806
-0.00616802268968
-0.00626093904955
-0.00586544716298
-0.00439256720705
-0.00231485277815
-0.00186956881808
-0.00144301737504
0.00062789366477
0.00123626773322
0.00241274246601
0.00305612739173
0.00334984620368
0.00091782248119
-0.00195163551392
-0.00173427439717
-0.0009667982294
-0.00204313479943
-0.00179076742337
-0.00146898224767
-0.00098091696337
0.00042927968806
0.00130316796458
0.00238538840826
0.00348742301882
0.00319191929619
0.00106276959054
0.00140765835467
0.00289213646124
0.00254955421176
0.00108744326721
0.00242374062134
0.0033821193185
0.00114050516442
0.00233629507302
0.00140049760657
0.00245200899356
0.00292242717948
-0.00025322470605
-0.00199062013412
-0.0021702109428
-0.00436304758832
-0.00602717152825
-0.00754682549079
-0.00683442602862
-0.00732448953851
-0.00879661723901
-0.00868359048341
-0.00944878802576
-0.00913480806549
-0.01292528600426
-0.01384801246726
-0.0143282423856
-0.01430659431344
-0.01400183287415
-0.01507118130779
-0.02082902579342
-0.01656822238158
-0.01402922462006
-0.01505466636137
-0.01420396194904
-0.01452416045371
-0.01453784878904
-0.01523232829064
-0.01473706833891
-0.01397780291104
-0.01039362235632
-0.00874754727042
-0.00791857384418
-0.00569078144147
-0.00640935949861
-0.00707080081599
-0.00628205873388
-0.00658503752377
-0.00563320224285
-0.00647627480523
-0.00733526834882
-0.00441672304857
-0.00172628300229
-0.00159118606728
-0.00239009188912
-0.00249037778943
-0.00116359820018
0.00234171613622
0.00201344332274
-0.00104127302473
-0.00155459615199
-0.0018097177779
-0.00428499543399
-0.00410278303774
-0.00245003714966
-0.00218361435572
-0.00237251715198
-0.00091098434363
-0.00175962495298
-0.0025550333147
-0.00236480464939
0.00012017951381
0.00164547358306
0.00134668043887
0.00125269373561
0.00269294555436
0.00341175727802
0.00757375744129
0.01424584855663
0.01228953971237
0.01009140863583
0.01412008320705
0.01532974461537
0.01459288856025
0.01516020825079
0.01648897174415
0.01610761291304
0.01584058484744
0.01890059864098
0.01874232349501
0.02096572824353
0.02382627374543
0.02232896131697
0.02194342663907
0.02215585211597
0.02300252389648
0.02119513599988
0.01813143630548
0.01673175125538
0.01577386175038
0.01499269950858
0.01505673920951
0.01501983497507
0.015346621368
0.01044421492608
0.0072849169832
0.00591131966909
0.00605225600574
0.00452236895728
0.00354427332866
0.00330274355641
0.00426114788151
0.00464687627649
0.00448138234266
0.00621463840608
0.00663637330381
0.0053516928833
0.00799286472134
0.01061132417393
0.01386419575797
0.0151392159524
0.01617042398035
0.01742468554291
0.01729386244388
0.01994698745491
0.02198421275275
0.02156671852542
0.02261784850836
0.02293506964934
0.02394226278944
0.0263954521758
0.0254916828512
0.02527655890291
0.02640930633897
0.02483046690895
0.0230120062345
0.02341949802737
0.02288020324361
0.02090541213161
0.01823348073477
0.01606258311391
0.01668984957253
0.0156880759881
0.01502577462718
0.01037618028147
0.00867133429771
0.00988808107784
0.0091205920961
0.00624396732278
0.00429086046356
0.00179732440734
0.00049486158801
-0.00125291308063
-0.00179506085718
-0.00293814690597
-0.00536447745684
-0.00409326979545
-0.00365040239942
-0.00210332352541
-0.00194576671553
0.00046089597384
0.00126576097025
0.00249610789544
0.00416060117922
0.00427846860053
0.00456841332135
0.00356910303427
0.00458448580891
0.00553074852027
0.00702908229754
0.00639547744621
0.01286187946421
0.01259387150677
0.01332711703732
0.01547854496096
0.01513418835347
0.01612491931056
0.01657607659161
0.01635775668837
0.01516154241123
0.01528606405193
0.01501858372856
0.01173467972353
0.01028806539165
0.01056577427836
0.00901257786418
0.00689853582951
0.00478512846324
0.00366508570185
0.00139502830254
-0.00051944993872
-0.00439191972467
-0.00603508528555
-0.00747420419857
-0.00913142366981
-0.01213917907745
-0.01408556086356
-0.0134731133847
-0.01429093111917
-0.01683645646791
-0.01883099616942
-0.01899968078185
-0.01908535347969
-0.01718835070498
-0.01555413231041
-0.01457119526231
-0.01439123435602
-0.01063103507529
-0.00892749310145
-0.0091056600519
-0.00891242537991
-0.00859370425064
-0.00743217136097
-0.00759793815699
-0.00808583384462
-0.00727787909846
-0.00669341054686
-0.00637651578523
-0.00442539584517
-0.00436042675451
-0.0039691355889
-0.00370172838054
-0.00369849247616
-0.00365638576978
-0.0043329355119
-0.00519478129451
-0.00470026606059
-0.00436528551054
-0.00452075741207
-0.00474564862078
-0.00538644060191
-0.00599862124868
-0.00775579873334
-0.00724792681979
-0.00766680194086
-0.00852086059835
-0.00817770247397
-0.00799610590206
-0.00745730860186
-0.00810488143457
-0.00823502614695
-0.00883988323281
-0.00940160246457
-0.00942127567778
-0.00880615234043
-0.0088902798242
-0.00850351651268
-0.00819289833521
-0.00825281495276
-0.00771606035018
-0.00810412767161
-0.00667948176115
-0.00550967104667
-0.00525835064736
-0.00540448719466
-0.00787729024695
-0.00817522259384
-0.00633312466677
-0.00587009863419
-0.0055279724113
-0.00516812371373
-0.00571991287228
-0.00603704280795
-0.00839104000405
-0.00843551955622
-0.0085095843045
-0.01212518923695
-0.01362982824136
-0.01493643864137
-0.0205128674582
-0.02213427942011
-0.02201379794886
-0.02588911190858
-0.02559548354819
-0.02349364568957
-0.02271628995071
-0.02265965220202
-0.02221309287503
-0.02296737592974
-0.02496716935906
-0.02639631146557
-0.02630322174023
-0.02635299270836
-0.02829043486578
-0.02883497583972
-0.02688912922532
-0.02527876742838
-0.02239316684576
-0.02173313431135
-0.02195453710508
-0.0218104025522
-0.02172126254475
-0.02311477427623
-0.02350593956342
-0.02322462015213
-0.02309921660877
-0.02457536337335
-0.02327255193865
-0.02236386807957
-0.02274234753617
-0.02201503412011
-0.0217682596652
-0.02188228892553
-0.02181507588254
-0.02189990436586
-0.02175460901803
-0.02185914086508
-0.02192761269221
-0.02201766475283
-0.01944194365998
-0.01880067982324
-0.01901204249436
-0.01871149459001
-0.01849918971519
-0.0212357562857
-0.01629650591038
-0.01289400484149
-0.01080644325331
-0.00879885591499
-0.00806640183555
-0.00543551886189
-0.0065695167907
-0.00534204622496
-0.00267655950141
0.00081760818836
0.00357212034739
0.00452024560703
0.00546353849234
0.00568439103911
0.00701482939376
0.00656540275247
0.00840077862147
0.01082683254133
0.00926633216408
0.01040939107741
0.01427406944179
0.01548457506462
0.01510818353141
0.01172130043102
0.00877794653053
0.01068587886813
0.01444642487983
0.01152641501816
0.00829412116288
0.00941057224378
0.00901747732341
0.00906790406532
0.00631681474388
0.00472408195502
0.00174080047686
0.0013702257324
0.00077739493454
-0.00181091324595
-0.00195400232961
-0.00193614719266
-0.0021499859751
-0.00213310093107
-0.00228455452228
-0.00161358865616
0.00037690318751
0.00133205668372
0.00154644722065
0.00117282652008
-0.00036132742974
-0.00134701963221
-0.00093351657974
0.00061889479032
0.00238145527314
0.00287723381379
0.00350858265258
0.00409082760346
0.00445994909294
0.00449858170584
0.00417112295635
0.00517902840245
0.0055301681228
0.00716556766392
0.00722021849344
0.00795437758469
0.00964595734038
0.00931539459504
0.00891571932404
0.0102817865462
0.01426596648999
0.01530439556708
0.01480837431476
0.01501920181419
0.0150303650436
0.01502030984574
0.01495362443682
0.01527098879277
0.01591410688639
0.01597724207178
0.01718041358103
0.01911044624857
0.01910799651895
0.01655255918731
0.01520256219142
0.01547671331697
0.01517514029499
0.01055143770689
0.00908676321453
0.00948514201324
0.00716762845185
0.00626381465524
0.00380801951033
0.00418438541561
0.00475347192652
0.00375493123142
0.00274724513035
0.00015526687801
-0.00123288635259
-0.00414443447129
-0.00577318356183
-0.00743068192536
-0.0078724360135
-0.00755392593786
-0.00764215389212
-0.00622023660357
-0.00664562875917
-0.00512705041637
-0.00320536115102
-0.00127572797785
0.00174854312997
0.0044260810157
0.00581323324909
0.00590936440798
0.00962090979728
0.01444824144856
0.01523262979582
0.01641911299318
0.01850809165572
0.01776767783945
0.0185315261461
0.02188843963127
0.02241884001211
0.02086388733024
0.02180318150306
0.02243525696935
0.02169683308728
0.02204083542617
0.02058524377746
0.01986390016402
0.01957426674731
0.01667708836564
0.01655254411205
0.01577553510415
0.01498830507053
0.01201250167469
0.00999504757925
0.007272471603
0.00524889921363
0.00598177690785
0.00648761366141
0.00620004027886
0.0057842397569
0.00517246086579
0.0035938671625
0.00179608672856
-0.00093758991477
-0.00248537204962
-0.0022609655105
-0.00484737119328
-0.00591637515725
-0.00689789739228
-0.00841084889459
-0.00563748135517
-0.00466335654981
-0.00640829443155
-0.00561077101098
-0.00425973532973
-0.00269606839429
-0.00190417407549
-0.00235790696456
-0.00141837460265
-0.00080480250946
-0.00060997023689
0.00086680629665
0.00312621076406
0.00537336809093
0.00583574437984
0.00813056967619
0.01012913447189
0.0102028223387
0.01429408938596
0.01580077108799
0.01535669164112
0.01544309548903
0.01626132779312
0.01629139539753
0.01544895976485
0.0162736292046
0.01654512708454
0.01582881860767
0.0174540596854
0.01745954707973
0.01874955961941
0.02157029889947
0.02321116548333
0.02277084731363
0.02191898964397
0.02175818185445
0.02248078425203
0.02317999738501
0.02466460136998
0.02383147470984
0.02375457581283
0.02190165309593
0.02282927901815
0.02084576686872
0.01799826900364
0.01617755457794
0.01537600304811
0.01189609052341
0.01003402466182
0.00723211664174
0.00615792452733
0.00483863357307
0.00224146490901
-0.001207694087
-0.00461860413545
-0.00705846247013
-0.00889572953039
-0.01266400161241
-0.01413513585332
-0.01415601508727
-0.01499220202502
-0.01690460417697
-0.01609859790806
-0.01457574799058
-0.01426872526242
-0.01365305921573
-0.01496120729218
-0.01417513805352
-0.01002383378662
-0.00906106743529
-0.0094060948918
-0.00830314370549
-0.0063297666528
-0.00659522387639
-0.00647136102451
-0.00279622087856
-0.00136059038051
-0.00133118382622
0.00156219483638
0.00393378033734
0.00467619840933
0.00426532071325
0.00376088445126
0.00649551761979
0.00873202729111
0.0067558567929
0.00822296593962
0.00996633674817
0.00997626380633
0.00993669125102
0.00726775078559
0.00599380319585
0.00466927358903
0.00232031303702
-0.00131381562013
-0.00415805119913
-0.00484172701625
-0.00508985296815
-0.00748182097327
-0.00848745382404
-0.00886781015041
-0.01327571794119
-0.01444607061124
-0.01469827215945
-0.01803577624844
-0.02126662287884
-0.02306208624544
-0.0244899921807
-0.0248619214372
-0.025293141688
-0.02639202255434
-0.02703140952132
-0.02597636750863
-0.02595133504079
-0.02715774773076
-0.02767289948696
-0.02854848561454
-0.0292317943491
-0.0301698598883
-0.02886193794074
-0.02780447634895
-0.02613602204082
-0.0272751689244
-0.02721894574534
-0.02609225102584
-0.0250894824743
-0.02583281335323
-0.02912474493377
-0.02820429483491
-0.02814918722503
-0.03060091431124
-0.03234519717298
-0.03074211672622
-0.03058893701784
-0.02985979195778
-0.02863482916141
-0.02995259525321
-0.02972708445135
-0.02875433827845
-0.02818446333147
-0.02787858632301
-0.02628378219353
-0.02614830837704
-0.02481083138389
-0.02224346952224
-0.02199197651122
-0.01745362250288
-0.01374572683382
-0.01036549946035
-0.00770303532626
-0.00724386252992
-0.00336098908149
0.00057711619696
0.00340485959319
0.00319244240768
0.00437109174661
0.009809184709
0.01438939517441
0.01538007336809
0.01615885371894
0.01808789141938
0.02021124921045
0.02300908163422
0.02371985749098
0.02724710632946
0.02869142922195
0.02925344995889
0.03416066540849
0.0349698827076
0.03355353195849
0.03510121836545
0.0350158245599
0.03842644365585
0.03642691404356
0.03069552663777
0.03170781521546
0.0320414080879
0.03095767785702
0.02631886985924
0.02381178642137
0.02348502264133
0.02077623223582
0.01720029031024
0.01537760856322
0.01254964069638
0.00976876793918
0.00711250953552
0.00364325974163
0.00028887927688
-0.00303790064963
-0.00611353090414
-0.00710950051379
-0.00858532994417
-0.01279811865557
-0.01501420436577
-0.01408095537188
-0.01458158965351
-0.01634064626922
-0.02065003724135
-0.02223967809456
-0.02145073701903
-0.02235240334497
-0.02246164621051
-0.02486111491083
-0.02577092941435
-0.02787378485296
-0.02858352051684
-0.0294356570788
-0.03099444641413
-0.0321235531751
-0.03197445886195
-0.03137800623307
-0.03284317820899
-0.03344822373559
-0.03219776867597
-0.03257651194961
-0.03361746613261
-0.03259971277347
-0.03256377335561
-0.02963731882065
-0.02964958254398
-0.02684587076914
-0.02705681887064
-0.02717598879435
-0.02609296710065
-0.02609595953959
-0.02557116715515
-0.0234093146898
-0.02222129381601
-0.02214305322094
-0.02164161241295
-0.02254370084615
-0.02193367294639
-0.02175910144526
-0.02176504109737
-0.02183887217913
-0.02175310149211
-0.0218195758474
-0.02175717181209
-0.02181708089201
-0.0217968725071
-0.0217670611821
-0.02168817988852
-0.02208629487019
-0.02194105228576
-0.01781224784317
-0.01543115588377
-0.01434196840907
-0.01006021038699
-0.0090987555832
-0.00953151351043
-0.00941906715232
-0.00836363318289
-0.00836096486202
-0.0089315558838
-0.00927378687974
-0.00936727609945
-0.00933257285285
-0.00900986431753
-0.00896414105648
-0.00903664551544
-0.00834331173353
-0.00751918198806
-0.0079563147555
-0.00776417303981
-0.00768972387242
-0.00653345450948
-0.00510641163281
-0.00469128497494
-0.00448201248849
-0.00392035732658
-0.00168488935567
-0.00208019883161
-0.0011713996468
0.00215886454899
0.00386827682874
0.00385362518436
0.00596155797026
0.00585104953671
0.00720549298029
0.00756384545839
0.00542305313009
0.00496051252085
0.00877417771574
0.00974228824645
0.00834241475561
0.0092529604092
0.00911095146786
0.00628132230747
0.00580861720474
0.0050419686687
0.00446118752548
0.00435714336306
0.00319908532063
0.00292784899644
0.00300382754887
0.00310056548693
0.00287428207804
0.00098443854391
-0.00176201513533
-0.00337293320932
-0.00462607694142
-0.0043210433937
-0.00490590164076
-0.00754987069314
-0.00787713949436
-0.00831319136572
-0.00824346829208
-0.00884076513547
-0.00944916490724
-0.00900612565326
-0.01204393359005
-0.01433265189891
-0.01506644767641
-0.01709367807742
-0.0170544597907
-0.02028031651032
-0.02247770889916
-0.02139853893417
-0.02197429323222
-0.02151353301108
-0.02257534381514
-0.02273594055103
-0.02265518238768
-0.01905515019795
-0.02092914058954
-0.02245346034479
-0.01961625134408
-0.01583461504481
-0.01322075354627
-0.0100684942419
-0.00920334773129
-0.00952742057757
-0.00849582059288
-0.00806827116769
-0.00731296601041
-0.00631896070703
-0.00302593390891
0.00110597603707
0.0009492777632
0.00246382950427
0.00530634650373
0.0056296422204
0.00822898850565
0.01001411778209
0.01032951481672
0.01416763811208
0.01524455432582
0.01547990173428
0.01601943772218
0.01544750500234
0.01590301149565
0.01680983356022
0.01606760317522
0.0171378561244
0.02012817699482
0.02087666361238
0.02165085354682
0.02292019036855
0.02358059978444
0.02384727358144
0.02242659623296
0.0222860345165
0.02271615427337
0.02182680443417
0.02309002823831
0.0239106047452
0.02124224618477
0.01958699026604
0.01791727717377
0.01959599019577
0.0196192362454
0.01670770621701
0.01643916308787
0.01586813488357
0.01513380393436
0.01529655643231
0.01104558962708
0.00968412789659
0.01058762586652
0.0107534687926
0.01401697597198
0.01544892961433
0.01473961605771
0.01510073635338
0.01510028409561
0.0157782486508
0.01595989044848
0.0163792690832
0.01597875713532
0.01856640275818
0.01933317566511
0.01912019994125
0.01960748508088
0.02004394398424
0.02058445232635
0.0209250024309
0.01817884799555
0.01834492458815
0.01808296180963
0.01823963144051
0.01693535016803
0.01513028386135
0.01172936569467
0.01112541312436
0.01084719167883
0.00904654242308
0.00653195979754
0.00488648696824
0.00445869106256
0.00124706463384
-0.00173271787666
-0.00210704108432
-0.00357194848943
-0.00574441393724
-0.00830722156309
-0.00950865941754
-0.00918720966635
-0.00941329332806
-0.00927522656699
-0.00940565017166
-0.00939645426357
-0.00941713751914
-0.00784831559884
-0.00792685016146
-0.00726864776351
-0.00661773425337
-0.00572566031484
-0.00498106537543
-0.00415649618615
-0.00427120760195
-0.00313397226124
0.00077978888569
0.00327118576264
0.00380226453015
0.002896703511
0.00676046605339
0.009535327551
0.00870164310626
0.00945845126689
0.01063530137363
0.01058210832167
0.01438003343846
0.01542914333667
0.01479767088075
0.01500199340585
0.01529385796092
0.01513334413896
0.01492771760394
0.0149523958032
0.0158588183734
0.0166796511597
0.01695451082243
0.01789220701778
0.01784659682118
0.0188283429238
0.02011975746258
0.0167006962215
0.01691885029688
0.01903392423304
0.02008690847286
0.0205562842046
0.02237745842571
0.02258468293819
0.02333928257335
0.02259463260924
0.0223201272151
0.0248100700833
0.02793577431865
0.0277413487012
0.02705325357185
0.02971046397812
0.03276702553731
0.03116927419467
0.03244566623768
0.03437385218597
0.03477355760749
0.03470852293945
0.0341757029795
0.03457640336812
0.03404038745324
0.03366537530624
0.0334985751012
0.03486752923549
0.03521657424858
0.03529262893107
0.03480120563279
0.03185458040107
0.02963568315503
0.03174588024486
0.03354358982507
0.03004374780775
0.02680870271767
0.02688911415006
0.02693123442417
0.0254959868377
0.0255858052318
0.02693302084238
0.02692683244849
0.02440013609845
0.02282560819254
0.02279392753541
0.02218637197815
0.02225274080663
0.02331424256787
0.02343715115585
0.02281673640253
0.02104474521445
0.01972550174725
0.0198542896863
0.01887258127182
0.01873822302451
0.01705520601603
0.01543861059943
0.01503844538251
0.01506789490129
0.01171699644453
0.01398639580877
0.0116103314483
0.00931919356035
0.01050417676941
0.00978394118753
0.00701838187858
0.00533256991705
0.00632064084466
0.00473384695414
0.00453296686447
0.00466128068662
0.00340196891224
0.0014611634645
0.00232129669768
0.00372275384449
0.00297595188714
0.00186114024068
0.00103767229908
0.00068364302843
-0.00014406377454
0.00204873978078
0.00036237448186
-0.00109735977269
0.00220413329097
0.00147198071672
0.00231099275804
0.00216738659299
-0.00088955184768
-0.00134532592684
-0.00179456864997
-0.00461204639771
-0.00478223099843
-0.00441946448445
-0.00632114134326
-0.00731641975228
-0.00871538420499
-0.00909019283599
-0.0086358622129
-0.00908475066743
-0.01334676763764
-0.01446595487808
-0.01309032994161
-0.0146351972751
-0.01828218889713
-0.01862573144062
-0.01697750059266
-0.01849242846145
-0.02128840662834
-0.02208719938574
-0.02157246219916
-0.02191245451912
-0.02173785286747
-0.02185326151401
-0.02173581770748
-0.02254560032881
-0.02192461271564
-0.0217615587125
-0.02198810970724
-0.02181457839899
-0.01938050444125
-0.02094671834173
-0.02221528632523
-0.02160163282565
-0.02189618077685
-0.02233002412274
-0.02201281805701
-0.02201616476455
-0.02207627736047
-0.01677487403422
-0.01486433367678
-0.01489577312977
-0.01034173331427
-0.00902631896291
-0.00942103447364
-0.007839745314
-0.00605758812491
-0.00537861578864
-0.00664472725867
-0.00450225027016
-0.00205279050292
-0.00286338718825
-0.00301564278324
-0.00130406041992
-0.00050583622593
0.0023537997102
0.00494213879498
0.00516836265659
0.00540474498159
0.00513524758854
0.00913787588073
0.01035393673657
0.01062998734478
0.01069551949637
0.01387940669447
0.01634287740758
0.01769558041249
0.01668507071537
0.01807026090378
0.01967998200221
0.01929629404356
0.01912125520939
0.01767044241783
0.01824435753425
0.01788521963516
0.01836050486849
0.01667100549857
0.01520800435998
0.01530961160675
0.01662761136506
0.01640971356909
0.01571670390525
0.01536424434597
0.01500515167265
0.01528414195639
0.01518519549286
0.01109654400306
0.00949410425481
0.00943136102617
0.00597744880094
0.00517752916793
0.00754344863274
0.00721027108368
0.00426139511576
0.00371279060571
0.00474836216743
0.00442583755027
0.00271476623824
-0.00030269869158
-0.0008993432285
-0.00098550662603
-0.00137268676846
-0.00147532667049
-0.00331910548895
-0.0043941290039
-0.00394049335025
-0.00350265581444
-0.00252441169452
-0.00307493980764
-0.00345449639151
-0.00338894614961
-0.00200127005096
-0.00040500015404
-0.00219154318828
-0.00166481589433
-0.00297259538069
-0.00368019261906
-0.0053117050046
-0.00734119367943
-0.00800986961368
-0.00752702639916
-0.0084769463684
-0.00951451615572
-0.00934883151986
-0.0090958008324
-0.00926452313298
-0.01305168451473
-0.0143987945985
-0.01685256438233
-0.02149171911107
-0.02176301347501
-0.02156901750244
-0.02301164442828
-0.02488886092533
-0.02244883977785
-0.02200801658697
-0.02292935612612
-0.02454705957427
-0.02517461246281
-0.02409858568936
-0.02268996101057
-0.0248195222708
-0.02666665608818
-0.02644138649048
-0.02533278208197
-0.02347549507754
-0.02229279577023
-0.02191080377824
-0.01960330169646
-0.01687074514488
-0.01784995860397
-0.01592964194096
-0.0148226279723
-0.0148340927069
-0.01366273753212
-0.01432980267492
-0.01452389663668
-0.01046513184817
-0.00861959600826
-0.00868802260961
-0.00717411307458
-0.00570276928756
-0.00249652623388
-0.0013488980095
-0.00330287697246
-0.00337349853154
-0.00129867327606
-0.00248097610405
-0.00375554253318
-0.00377239139659
-0.00175000919893
-0.00181827600253
-0.00169036092099
-0.00168395092079
-0.00214519279645
-0.00454924060674
-0.00506441648336
-0.00425930116227
-0.00628633784619
-0.006367631935
-0.00530158422936
-0.00511064401182
-0.00401826887357
-0.00461232679753
-0.00412594617345
-0.00166327218779
-0.00180380073868
-0.00192852438786
-0.00080462311388
0.00233660562336
0.00437918942207
0.00394577345977
0.00505752935121
0.00432345091259
0.00563176406313
0.00622318833931
0.00544304518503
0.00549102521237
0.00544083439827
0.00552308199723
0.00610372897063
0.00574682748623
0.00537395150346
0.00548044690302
0.00555505360686
0.00606630916233
0.00553376432587
0.00636034756978
0.00858367166567
0.0067331534526
0.00592412760928
0.00523195914491
0.00359923772357
0.00453912133903
0.00435127079586
0.00331419773833
0.00164432334078
0.00124235436911
0.00076698320679
-0.00046627482631
-0.00046810827933
-0.00048381813153
-0.00291553326346
-0.00379715401729
-0.00458652398395
-0.00710893519157
-0.0078916720442
-0.00893676438584
-0.01193935651722
-0.01434422969795
-0.01466592065328
-0.01468595567271
-0.01554275802737
-0.01759825453931
-0.01584040394433
-0.02012097102094
-0.02247742246923
-0.0214894578222
-0.02183802796462
-0.02174816434474
-0.02187073373938
-0.02175099849346
-0.02185033691373
-0.02176210142183
-0.02174815680711
-0.0219587204895
-0.0219722505346
-0.01948328002061
-0.01751241601363
-0.01816929781887
-0.01581984882846
-0.01384682152178
-0.01420203231587
-0.01394456950221
-0.01029218847503
-0.00800023652308
-0.00809885133091
-0.00829964624536
-0.00652587165412
-0.00443332844654
-0.00508948663935
-0.00584637997518
-0.00489782582442
-0.00548315894214
-0.00440433420059
-0.00334379197959
-0.00391921311441
-0.00297498104045
-0.00233211696495
-0.00201433803937
-0.00216511475144
-0.0019488827716
-0.00344373944034
-0.00381547950233
-0.002984464886
-0.0020912994987
-0.00340406663455
-0.00377090045345
-0.00300894786064
-0.00332099743397
-0.00422045975703
-0.0050048051398
-0.00759511154589
-0.00718744789507
-0.00761306617956
-0.00839299978774
-0.00837542203555
-0.0085795259694
-0.00916761936707
-0.00954543551227
-0.00900026891507
-0.0091591169209
-0.01321436917402
-0.01536426695885
-0.01361280073613
-0.01451932129552
-0.01538200300126
-0.01725258638428
-0.01898722108015
-0.02143543563098
-0.01913451389982
-0.01504648803328
-0.01740157517061
-0.01860907327924
-0.01760238516033
-0.01543650006315
-0.01364577786555
-0.01380112087362
-0.01410307077708
-0.01040108460961
-0.00886285792778
-0.00960842748269
-0.00937384137482
-0.00938590911978
-0.00832773145319
-0.00905334890259
-0.00946708939039
-0.00931862823813
-0.00932650506104
-0.00935999474928
-0.00934028384792
-0.00935755255729
-0.00933481906647
-0.00936515048791
-0.00932551763157
-0.0093571982887
-0.00937559764251
-0.00934786670328
-0.00878403693523
-0.00883517975195
-0.00838216821403
-0.00797298045451
-0.00820023244879
-0.00581410912165
-0.00527960827031
-0.00626924702488
-0.00421108671464
-0.00197272730902
-0.00144729497983
-0.00101722874013
0.00116528512168
0.00320425613452
0.00417613171121
0.00519050971983
0.00621675798751
0.00564400291228
0.00546402843826
0.00541683835449
0.00541440746895
0.00644482178451
0.0076069606996
0.00602931447634
0.00639277746729
0.00651204613394
0.00736845653187
0.00891430978731
0.00670618909029
0.00607446261625
0.00755512442096
0.00616350538828
0.00525179441715
0.00543888516726
0.00529309007458
0.00838287675121
0.01017629742019
0.0105661662351
0.01024652551502
0.00957317398913
0.00992209086252
0.01011263460074
0.01102165011552
0.01091831675157
0.01392834098572
0.01617922793171
0.01586582083129
0.01821554117636
0.01859257340809
0.0188546869392
0.019635035117
0.01986629713023
0.01856036511688
0.01985667911488
0.02295354437945
0.02494154141848
0.02558946851978
0.02567501307791
0.02658778233223
0.02872818270379
0.02895244225914
0.02757714144074
0.02838662255688
0.02916952599112
0.02858237479715
0.02842758203604
0.02733581669202
0.02842301423251
0.02765180919938
0.02647207218051
0.02669245739425
0.02526597607098
0.02614491644373
0.02681560718637
0.02693462635748
0.02546144188132
0.02510901247255
0.02534203075347
0.0259564606289
0.02430818455517
0.02354049959506
0.02266359438229
0.0220894832875
0.0223443079308
0.02245998039438
0.02231463228313
0.02224855742221
0.02277400558042
0.02185892227382
0.02242101838706
0.02259358487873
0.02240358384984
0.0229023940251
0.02165420779199
0.02296877792884
0.02329885072827
0.02109597848272
0.02001020555422
0.02009046623402
0.01814073020275
0.0174062861891
0.01778163752943
0.0177291153265
0.01649093906547
0.0153093176392
0.01502762134643
0.01526337578689
0.01513385669777
0.0117132954684
0.01050334763016
0.0106313441181
0.00765882712876
0.00567206550722
0.00419071702446
0.00459001767526
0.00382115156859
0.00278825661914
-0.00037688720773
-0.0009860402902
-0.00200030824943
-0.00429901467125
-0.00512713709911
-0.00589216353727
-0.00456370079533
-0.00516333731895
-0.00784627290122
-0.00775114047826
-0.00722356520098
-0.00808556248995
-0.00823309651377
-0.00821432027848
-0.00878551431063
-0.00844123307944
-0.00867500512332
-0.00909391642501
-0.00921895062452
-0.00943420271252
-0.00931211572617
-0.00940359239878
-0.00933492459328
-0.00939723817704
-0.00934326874923
-0.00939232364256
-0.00933189446619
-0.00940823557861
-0.00939467538299
-0.00907850197251
-0.00841005744349
-0.00827984489245
-0.00707983391128
-0.00602361904343
-0.00661699631944
-0.00635193256011
-0.00541210547688
-0.0040269838809
-0.00237852765781
-0.00217254685421
-0.00170778415177
-0.00024426902221
0.0013478397263
0.00288544907627
0.00347067591341
0.0034602106685
0.00440245130072
0.00504772440264
0.00535912800112
0.00609523481586
0.0057411772791
0.00577265894281
0.00573418160508
0.00796892520979
0.00830761351983
0.00745167497751
0.00862206835076
0.00686064341183
0.00857329234973
0.00713825054055
0.0051068616293
0.00725384687406
0.00878182087214
0.0088279059394
0.00934141449236
0.00973061245823
0.00986977971321
0.00940029845466
0.00973212752177
0.01015337548863
0.00972198940999
0.00904651981019
0.0079232924003
0.00717259122716
0.00645144283833
0.00511485302418
0.00388750079923
0.00174823785597
-0.00039176407649
-0.00099444097837
-0.00130639105499
-0.00501068298335
-0.00535890337976
-0.00470041304436
-0.00773257529659
-0.00846593389158
-0.00903803997691
-0.01266543376203
-0.01397881295341
-0.0135896074499
-0.01481983151173
-0.01601344530666
-0.01852539051562
-0.02127654239938
-0.02197924545485
-0.02144493304425
-0.02414997724785
-0.02623560166524
-0.02878688576298
-0.02930361288377
-0.0303282179482
-0.0304689681054
-0.0318913564958
-0.03347883404932
-0.03350044443334
-0.03685411673779
-0.03848890045457
-0.0383192887137
-0.03915216663207
-0.03936668003237
-0.04113292000907
-0.04113177428938
-0.04249935657509
-0.04364876217252
-0.04323211969734
-0.04058032130911
-0.03906583816046
-0.03960274351564
-0.03939594864804
-0.03916953333063
-0.03794429917959
-0.03839265246243
-0.03830634660371
-0.03792733951303
-0.03458480782511
-0.0333066595144
-0.03404757081423
-0.03338801315048
-0.03198147639509
-0.03196937849961
-0.03339034227802
-0.03149336965384
-0.02983348563054
-0.03086156554221
-0.03069086084505
-0.02837949949693
-0.0273662084145
-0.02671440697159
-0.02527241320664
-0.02401230244353
-0.02242756104954
-0.01673928888496
-0.01372942294103
-0.01460837838904
-0.01064847715014
-0.00747890541814
-0.0072327015618
-0.00573378587953
-0.00227608825673
-0.00063013626032
0.0005762565303
0.00285225863193
0.00311860981839
0.00410656768156
0.00523654730003
0.00801611830861
0.00940555218247
0.00973184862948
0.009784928617
0.00973854958218
0.01388447951918
0.01539642248665
0.01497975739858
0.01531598844138
0.01493135827903
0.01551279594978
0.01601353575822
0.01611169077064
0.01583293415342
0.01604889477859
0.01809201450276
0.01816890586213
0.01783477028036
0.01794203828695
0.01798396258269
0.01863329168309
0.01736299004478
0.01703390467483
0.01516496449506
0.01496366455942
0.01517171067353
0.01493352911635
0.01160755006299
0.01392246163465
0.01224290439814
0.00956116654521
0.00964833923133
0.00888703110585
0.00718055624034
0.00606306044398
0.00598565727956
0.00543595152183
0.00607066666599
0.0059830944855
0.00507821939065
0.00421048370427
0.00164268466011
0.00217063305006
0.00154126585408
-0.00074395831121
0.00116777630825
0.00170155279339
0.00104902472299
0.00137630935324
-4.539743947e-05
-0.00146015116085
-0.00065065421568
-0.00200520846242
-0.00181187353996
0.0009321236258
0.00238365852227
0.00276989193843
0.00433477469351
0.00459491713449
0.00590232501571
0.00631787151955
0.00596248962128
0.00558424835376
0.00818294866416
0.00652693521366
0.00471632422665
0.00561782472474
0.0080131861707
0.00795773936749
0.007269199518
0.00880536842695
0.00671173527814
0.00646711281647
0.00633068096726
0.00437144903025
0.0043909993801
0.00444131758014
0.00131747061672
0.00010831159141
-0.00033836720702
-0.00081559187245
-0.00323204059093
-0.00391631715713
-0.00361443056976
-0.00369939774547
-0.00453544146826
-0.00471010794353
-0.00627498994486
-0.00571413075663
-0.00553472461988
-0.00766463110354
-0.00825576970356
-0.00820842585215
-0.00881549900111
-0.00944103934255
-0.00942072543082
-0.00941920282965
-0.00942816507122
-0.00943798660257
-0.00942919772648
-0.00942679322264
-0.0094758330407
-0.00920088292642
-0.00867701767042
-0.0078156399746
-0.00815134338332
-0.00675318394945
-0.00491851812515
-0.00455138807741
-0.00447322436616
-0.00539043026925
-0.00470457607718
-0.00245372681934
-0.00325966148077
-0.0058090249905
-0.00437509422791
-0.00472788167409
-0.00433916913156
-0.00333737519553
-0.00440677337752
-0.00639519026252
-0.00700727970397
-0.00568052423513
-0.00735010843394
-0.00773951745344
-0.00832645759379
-0.0088100945207
-0.00900268849417
-0.00928984203075
-0.0127792971945
-0.0146873049084
-0.01292477344545
-0.01274093065993
-0.01465378506965
-0.01480088191095
-0.01474952050298
-0.01471687502926
-0.0141801279643
-0.01425234599333
-0.01414684932969
-0.01449772598677
-0.01434374728965
-0.01444753291138
-0.0130812320227
-0.01395466992585
-0.01449385918279
-0.01498358651441
-0.01459692872971
-0.0142932828596
-0.01342165398754
-0.01291919559956
-0.01026712585667
-0.0091098660492
-0.00962464092392
-0.00952814419001
-0.00919992564746
-0.00780431845496
-0.00747339314963
-0.00758483775677
-0.00649954648281
-0.00659869947739
-0.00464633130587
-0.00380899186455
-0.00290445068669
-0.00186609321708
-0.00229107231058
-0.00344703338446
-0.00412995468486
-0.00178158432925
-0.0006739283053
-0.00124381063914
-0.00179031441183
-0.00088509635483
0.00112900048039
0.00243331190338
0.00093290075541
0.00092429504371
0.00182006694332
0.00253452719342
0.00237129304094
0.00399901249128
0.00414434401974
0.00533947966209
0.00695222259621
0.00827377710063
0.00923438768991
0.00896259584242
0.00984188294613
0.00999988673744
0.0100052535297
0.00980058427364
0.01381896998048
0.01536150818643
0.01471407856868
0.0148715245754
0.01484442679705
0.01520458227614
0.0150416790256
0.01107730043473
0.01012039835921
0.0110348937307
0.01381358057532
0.01543074131414
0.01455541900359
0.01508014354936
0.01475999027047
0.01508595506177
0.01475507573598
0.01505791507972
0.0147907513368
0.01520837370382
0.01506648536456
0.01653720503585
0.01676990673632
0.01681294660124
0.01666869144629
0.01680872552868
0.01641721351052
0.01732264865125
0.01633508349859
0.01682034855349
0.0169172749323
0.0164784869014
0.01663107867467
0.01624169226806
0.01526902900908
0.01506512105361
0.01098610265441
0.00989616141675
0.01005219034911
0.00857551595046
0.00723004228608
0.00692840293296
0.00583633533
0.00441280649624
0.00375234431695
0.00213262153783
-0.00033842019656
-0.00206388137109
-0.00188082928291
-0.00130566970384
-0.00330908421042
-0.00423697847226
-0.00382033298202
-0.00425026806697
-0.00453520327917
-0.00526491215391
-0.00732056394103
-0.00789229766745
-0.00758779250757
-0.00744186399885
-0.00828821166128
-0.00755798118257
-0.00779716524449
-0.0090368641067
-0.00865650024269
-0.00521449596469
-0.00605798837304
-0.00538295595576
-0.00607539577479
-0.00600811941572
-0.00515402231631
-0.00435370997279
-0.00234993742881
-0.00159443930821
-0.00205294502433
-0.00240974399697
-0.00143363905632
-0.00068399315133
0.00105739676817
0.00100151127492
0.00050378930724
0.00311188474528
0.00341007111028
0.00554281777276
0.0059613657607
0.00665206137226
0.00733481533728
0.00930647757924
0.01022610607648
0.01035377090872
0.01419371077281
0.01534768417377
0.01644006006579
0.01600274187266
0.01580251228042
0.01871518049088
0.01966426604453
0.0194302527965
0.0216946471747
0.02271598090789
0.02329994368455
0.02478577630315
0.0264507934522
0.02626756121467
0.02709132613887
0.0287944309302
0.02866234150939
0.0284046148787
0.03016901567378
0.03032609233666
0.02878769228935
0.02876480050831
0.02911997361424
0.02892578920093
0.02893790217167
0.02910415966738
0.02915299596944
0.02678507978656
0.02530656620628
0.02591099364726
0.02359587102197
0.02187811307874
0.02343087231041
0.02331812444711
0.02224354489854
0.01962626131617
0.01973393635476
0.0200686749469
0.01910397896238
0.01664373435474
0.01566793544185
0.01684673779466
0.01619855441396
0.01566412140128
0.0150158927948
0.01489296159394
0.01484839912784
0.01512841452921
0.01496468967705
0.01232770273095
0.01071318770011
0.00971413519996
0.00650916826697
0.0069420483038
0.00787811184858
0.0072747894241
0.00555151393601
0.00797388497005
0.00921335016574
0.00724126958534
0.00629059133057
0.00500910234243
0.00325394343497
0.00330044382563
0.0037626663469
0.00294688904876
-6.081530652e-05
-0.00086218045337
-0.00051715382599
-0.00195766260254
-0.00173467841412
-0.00104961416563
-0.00188646516855
-0.00195321690861
-0.00333647218751
-0.00406716924549
-0.0024941368053
-0.00148764089594
-0.00144779773973
-0.00203823081762
-0.00227525308737
-0.0033319955893
-0.00385566712822
-0.00432623606672
-0.00524796605509
-0.00411385204679
-0.00429611946772
-0.00400190844856
-0.00359054532914
-0.00450155982329
-0.00522076425745
-0.00397303329716
-0.00449361591547
-0.00666865471002
-0.00584353828883
-0.00458373430724
-0.00385099002906
-0.00261658635163
-0.00359366892284
-0.00155475896479
0.001009572016
-0.00045757263296
-0.00230438677947
-0.0004097678555
0.00287324339269
0.00339682824886
0.00326026147609
0.00431501102875
0.00593007781407
0.00556881581096
0.00592124145091
0.00627777811404
0.00532304009197
0.00590974882708
0.00824574465621
0.00889572953039
0.00981289322275
0.01400992828832
0.01079108156422
0.0089951810151
0.01129742936906
0.0102838744696
0.01383822862406
0.0123146701694
0.01069149440217
0.01099892416233
0.00913430304431
0.01017135273519
0.01410050798302
0.0151894617912
0.01494436822769
0.01511308299064
0.01099815532411
0.0095126769741
0.01017091555267
0.00917597106064
0.00877246667382
0.00611897231894
0.00574159938635
0.0060528793677
0.00566362637714
0.00593272578334
0.00575780528996
0.0038481913072
0.00339452776432
0.00180564142782
0.00113974763265
6.512250404e-05
-0.00220983626151
-0.00084994838809
-0.00192976809674
-0.00227938823096
-0.00097687528639
-0.00172014737181
-0.00262507372254
-0.00106336732456
-0.00074181845355
-0.00160878793988
-0.00183423241059
0.00047524174121
0.00029712521751
0.00105025637167
0.00125641732462
0.00293078641069
0.00331636631436
0.00330045588584
0.00367507456857
0.00402777307071
0.00593992120454
0.00843289646112
0.00904989666824
0.01033433889965
0.01075537581288
0.01077927009866
0.01034162778746
0.00979979282254
0.01063872345746
0.01420721820502
0.0151132262056
0.0156646339601
0.01603929937613
0.015668380162
0.01588484580835
0.01617141894746
0.01530407898664
0.01492188347865
0.01506777429922
0.01520726567228
0.0116241931491
0.0097573333551
0.0094132782528
0.00979181801044
0.00948985303173
0.00886496846406
0.00722617925092
0.00519909131111
0.00188654054485
-0.0016041357149
-0.00217459332064
-0.00319114744292
-0.0063225832918
-0.00593913126096
-0.00695504468472
-0.00828631971626
-0.00833109323598
-0.00910532085857
-0.01337278753496
-0.01416129142797
-0.0138762032019
-0.01476188221549
-0.015114296549
-0.01494721745167
-0.01506554316086
-0.01754729262571
-0.01781076293014
-0.01561053639258
-0.01507213858675
-0.01465419963928
-0.02054004061285
-0.01728668662051
-0.01357111764454
-0.01464020979877
-0.01433599860644
-0.01413965089344
-0.01310726699528
-0.00965179900331
-0.0076297394162
-0.0080784921934
-0.00834422378671
-0.00742475810227
-0.00486370071401
-0.00255377076174
-0.00277068791211
-0.00279175332551
-0.00099861154882
0.00206581703437
0.00287186400647
0.00329350619136
0.00440899170191
0.00575354879053
0.00384870537353
0.00433634779681
0.00640212638926
0.00800790982999
0.00809129108844
0.0082595762065
0.00633938994448
0.00478745005315
0.00760133762793
0.00771814827357
0.00590508831071
0.00566972356571
0.0064900151502
0.00578435056006
0.00590737372
0.00479105680891
0.00467760342348
0.00440338898184
0.00355657700143
0.00179410357822
-9.352351593e-05
-0.00081591448299
-0.00172762771541
-0.00217622446368
-0.00117570438705
-0.0018946872149
-0.00400166950571
-0.00663279217599
-0.00553343794651
-0.00557071303232
-0.00719167499774
-0.00886230768082
-0.00937641170651
-0.00914427532825
-0.00894244775854
-0.00879777803396
-0.00888227486158
-0.0091228081592
-0.00895009845257
-0.00939649195172
-0.00940850693327
-0.0094564161069
-0.00933876124674
-0.00952339548337
-0.00947867472706
-0.00911947652692
-0.00922046568807
-0.01361372786457
-0.01418400230591
-0.00985248839095
-0.01226697958703
-0.01490546652141
-0.01482014809217
-0.0138788036841
-0.01377915622102
-0.01742559759609
-0.01889325698977
-0.02120209323199
-0.02201216228324
-0.02180861613399
-0.02190890429559
-0.0217402046079
-0.02171751634285
-0.02425625782497
-0.02581400696742
-0.02565209114635
-0.02571781927631
-0.02557204905781
-0.02574956777212
-0.02703576627122
-0.02668561322659
-0.02507963833007
-0.02731121386906
-0.02721403121085
-0.02621233300272
-0.02597235748969
-0.02559414938775
-0.02591280267836
-0.02517486874221
-0.02379232426179
-0.02204421982185
-0.02186302274432
-0.02189075368355
-0.02191116558446
-0.02184076412416
-0.02189388933746
-0.02175133014916
-0.02206727743075
-0.02204721979843
-0.01957624160626
-0.01693259893324
-0.0179687290333
-0.01599210627732
-0.01421808746688
-0.01444833190011
-0.01373456360441
-0.013538366644
-0.01482211541349
-0.01525962958499
-0.01445742228139
-0.01431235306244
-0.01377442258964
-0.01354874595994
-0.0139206149154
-0.01320894208072
-0.00988202836129
-0.00901297735855
-0.0128142039571
-0.01391033358865
-0.01422500701084
-0.01456812744707
-0.01044179534699
-0.00897778416603
-0.00964620608216
-0.00941372297294
-0.00942571534161
-0.00903944951364
-0.00934189690065
-0.00943179820868
-0.00915465464418
-0.00899675637969
-0.0082439054746
-0.00752114629433
-0.0064081142822
-0.00533158776391
-0.00528402381372
-0.00460261908439
-0.00482539221918
-0.00519866543504
-0.0041018152061
-0.00418644997235
-0.00408168219749
-0.00298493749537
-0.00301121593338
-0.00235595773355
-0.0018857377873
-0.00138830549072
-0.00147164227715
-0.00173164301068
-0.00144046513367
-0.00117484811233
-0.00337711357869
-0.00395744397166
-0.00238643236996
-0.00145421980013
-0.00257419246157
-0.00181859484426
-0.00302207615009
-0.00396382005252
-0.00348214140177
-0.0043591551564
-0.0051829344021
-0.00471748577537
-0.00369511712563
-0.00429495490395
-0.00460241858345
-0.00450884569604
-0.00382889271417
-0.0035783102488
-0.00429639836002
-0.00519026173182
-0.00531621552214
-0.00480892928241
-0.00455588050464
-0.00573287533388
-0.00496827703308
-0.00414410356935
-0.00512507706495
-0.00599190748201
-0.00616915936423
-0.00415014196441
-0.00352355012365
-0.00367757630783
-0.00423831489398
-0.00582208619504
-0.00616531818819
-0.00472805127075
-0.00431616880865
-0.00462469680144
-0.00447427209667
-0.00379893214411
-0.00375440284359
-0.00443551511289
-0.0021513269194
-0.00138822182303
-0.00163782364279
-0.00132375172345
-0.00208331338015
-0.00155438208331
-0.00140974175549
-0.00104802900213
0.00074271241642
0.0040545648213
0.00490269287184
0.00454315849343
0.00465002775942
0.00431887557143
0.00518113516992
0.00595781779846
0.00653630147218
0.00849519496962
0.00806658273866
0.00572132617783
0.0071690681391
0.00627296910636
0.00506641697025
0.00505204044934
0.00555092976972
0.00448641295664
0.00333707444411
0.0045782732946
0.00356577517081
0.00357783914695
0.00336568050214
0.00374989006476
0.00404312571465
0.00264209369014
0.00280806023335
0.00326701820724
0.00371099514235
0.00357314395749
0.00293861047019
0.00134553698047
0.00259972392049
0.00424655653817
0.00412396151558
0.00464190822483
0.00324593319601
0.00524545300938
0.00638230016217
0.00559026715099
0.00532609433947
0.00558010944136
0.005215197718
0.00594199405268
0.00853806900669
0.0107260016704
0.01005429334777
0.01095447476068
0.01150211370038
0.01423924559312
0.01524300157413
0.01485640409046
0.01496091332462
0.01502229224232
0.01496218718402
0.01502480227297
0.01493119245118
0.01508385960075
0.01488257474037
0.01499277488487
0.01508837464087
0.01535590019002
0.01162182633342
0.00952038043154
0.01045949370125
0.01432143590609
0.01142501882501
0.00881986328864
0.0093131936072
0.00750314643488
0.00579823562751
0.00814236606649
0.0073025535289
0.00424030708948
0.0041976041566
0.00395482238409
0.0015912893328
0.00117785788782
0.00144374701759
-0.00052407691264
-0.00174280774762
-0.0015878891081
-0.00288799604131
-0.00476251783578
-0.0042793625634
-0.00368754331543
-0.00469874948951
-0.00800334956409
-0.00659787486071
-0.00530032318393
-0.0058573457187
-0.0078413508291
-0.00831693002999
-0.00825402851113
-0.00840034143896
-0.00640710122479
-0.00458812949905
-0.00627385327031
-0.00609001123856
-0.00542307951179
-0.00653308441187
-0.00572730351809
-0.00625567250776
-0.0053921405574
-0.0055292666223
-0.00678174628923
-0.00581436012472
-0.00657667527751
-0.00622056901303
-0.00460603212307
-0.00608491429343
-0.00723109077035
-0.00669836201573
-0.00491149606943
-0.00438786297243
-0.00658923749097
-0.0068899934339
-0.00672914418742
-0.0058301228157
-0.0064039082849
-0.00617398495468
-0.00734839211568
-0.00848785331841
-0.00715942072699
-0.00530561233861
-0.00446452066528
-0.00639537191939
-0.0065682836345
-0.00408779370756
-0.00236183633086
-0.00147361336728
-0.0016535818112
-0.00214592696157
-0.00240843244942
-0.00102392743154
0.00211486062125
0.00299617685484
0.00314171642188
0.00383475774375
0.00443405281275
0.00600062248933
0.00625366297571
0.00619253506109
0.00652501085682
0.00639361489794
0.00608226481663
0.00606961139785
0.00644938129664
0.00499856850508
0.00374636999174
0.00369448396474
0.00311521863884
0.00445475038982
0.00421967207473
0.00339223933997
0.00205140433284
-0.00016255056485
-0.00206612306213
-0.00155003136352
-0.00059632539369
-0.00112708064614
-0.00217669782682
-0.00212040530157
-0.00158679765933
-0.00186447639553
-0.00147579626481
-0.00110239264797
-0.0008882674356
-0.00050183992548
-0.00145015098768
0.00033455535236
0.00108075211343
0.00141471508349
0.00034088779035
0.00111167222374
0.00301858245878
0.00324654675906
0.00274397982921
0.00299343918778
0.00321514650174
0.00379803365866
0.00330409656092
0.00305072065003
0.00404284983741
0.004306227429
0.0048883721294
0.00591738972219
0.00457832002791
0.00315028972176
0.00485510329371
0.00609866443732
0.00600939402888
0.00567593683377
0.00586600042499
0.00622038132605
0.00599752753863
0.00493440066445
0.00428480623948
0.00435081627679
0.00357001885626
0.00352033230958
9.782041705e-05
-0.00076229706248
-0.00172411065744
-0.00203619867268
-0.00331365653652
-0.0049440917948
-0.00590746794037
-0.00580754460005
-0.00746403367498
-0.00822323729428
-0.00900243975239
-0.0092563749554
-0.01207246351802
-0.01344615882132
-0.01446029411826
-0.01683944890685
-0.01618121032829
-0.01468727475788
-0.01569210861992
-0.01501369180696
-0.01521051439063
-0.0153576790706
-0.02043930019348
-0.01831854288461
-0.02027535675005
-0.01728998056464
-0.01397821748067
-0.01414494984704
-0.01341213396138
-0.01402884020095
-0.01367668968447
-0.01058865852177
-0.01232074549884
-0.01102033856798
-0.00865692988758
-0.00977227293693
-0.00919302117876
-0.00931501017593
-0.00882998632517
-0.00860587752242
-0.00750674263796
-0.00730278870294
-0.00589485522479
-0.00536531337996
-0.00452293880208
-0.00397805637351
-0.00433837391164
-0.00280872128346
-0.00121013854027
-0.00215780777332
-0.00217356895678
-0.00161799892323
-0.00160074679664
-0.0015489368997
-0.00072170104783
-0.0018158571772
-0.00109473517007
-0.00109813162596
-0.00101139838364
0.00050772492977
0.00128772863791
0.00269307746288
0.0014253084681
0.00200060900085
0.00307255490164
0.00273904720441
0.00276990173735
0.00137171818306
0.00267019623451
0.00396945443063
0.00321553996601
0.00358066651181
0.00467757176544
0.00480398158236
0.00348899913716
0.00281689207393
0.00312955897912
0.00556209526042
0.00647230548949
0.00570245270712
0.00652599677877
0.00635456922294
0.00527849420866
0.00529607422214
0.00548885512882
0.0051894868635
0.00678813518406
0.00863228183884
0.00676173539021
0.0058864997624
0.00838139937581
0.00753549794105
0.0083571131333
0.00952778238379
0.0097989410704
0.00927279945026
0.00713307369655
0.00746414749318
0.0076474226952
0.00869964563442
0.00887301111483
0.00878845398617
0.00913520755986
0.01395084834765
0.0123636421488
0.00922408375027
0.00714322311478
0.00702445796179
0.00639356439582
0.00658653977335
0.00651408883156
0.00770570364713
0.00658694002148
0.00519547400267
0.00973626568042
0.0093980673163
0.0094769787604
0.00992965110499
0.01422636378416
0.01136793635618
0.00939338644833
0.01014342581758
0.00999102248505
0.00997772610647
0.01089700787274
0.01112156139564
0.01406158366385
0.01216303567508
0.00974759473768
0.01037100192994
0.00981001384825
0.00902248230945
0.0058217002684
0.00806701992118
0.0092965806716
0.00665129630285
0.00595170628839
0.00641779787493
0.00555062826454
0.0053781303653
0.00545157024409
0.00625432553335
0.00570246250603
0.00793510386585
0.00816876284529
0.00834411072227
0.00916226765006
0.00780443905704
0.00590990485602
0.00623806837387
0.00575422793096
0.00513635562009
0.00792908129982
0.00894614873467
0.00895283461211
0.01366248125271
0.01549380866086
0.01452875087013
0.01528969718939
0.01515360528728
0.01155091985193
0.00941086621133
0.01404198582694
0.01621164727654
0.01627365935512
0.01604545008187
0.01600502577442
0.01602347789164
0.01637693995566
0.01646417294282
0.01608031915632
0.01595551862332
0.01663251082429
0.01695019929831
0.01682630328086
0.01566057117775
0.0148139898488
0.0149661821277
0.01518812763077
0.01519661500168
0.01102048932057
0.00924846044434
0.00955595804317
0.00946177536153
0.0098373151426
0.01394146399882
0.01563650352649
0.01160669077321
0.00930056807765
0.00633511158593
0.00518374318975
0.00543048749414
0.00540287338817
0.00805540443399
0.00701074173724
0.00784694375025
0.00785043367275
0.00717392312631
0.00614848967638
0.0056856000749
0.00618059168701
0.00555672922192
0.00625199188324
0.00619698150878
0.00616048053752
0.00534076859675
0.00730200403571
0.00863375921424
0.00678605705958
0.00798023165416
0.00824838282657
0.00671050513699
0.00873211774267
0.00936822584078
0.00952519697684
0.00915264963472
0.00963878905465
0.01384884160651
0.01236232306362
0.00935379881776
0.0094134063925
0.00962960822182
0.0142385521312
0.01533065666854
0.01509282184232
0.01087154576001
0.00964479654543
0.00967917567396
0.00913165733633
0.00682071281912
0.00791237791266
0.00817605173309
0.00846997406104
0.00910707712626
0.00603598075594
0.00509347932174
0.00564102253354
0.00571906639648
0.00461981920134
0.00437871530517
0.00488104329216
0.00366856959424
0.00314071090209
0.00293622707172
0.00411331386003
0.00570901345991
0.00840726852054
0.00577812372426
0.00320739329596
0.00354319017129
0.0037698617681
0.00456193548248
0.00464105119635
0.00434072640583
0.0037699899078
0.00299957406449
0.00010619148233
-0.00157003321738
-0.00198642770455
-0.00160856633357
-0.00128402690802
-0.00221548194607
-0.00219721676207
-0.00145762153236
-0.00297973125462
-0.00531048089356
-0.00647639239225
-0.00549766887909
-0.00497709229088
-0.00503622650248
-0.00429366898435
-0.00760206124037
-0.00867685184257
-0.00714940698609
-0.00547869063532
-0.00462032723757
-0.00450809871695
-0.00524698390195
-0.00513739053663
-0.00525219315776
-0.00761443802814
-0.00803098251414
-0.00719997392791
-0.00796473428774
-0.00786904408019
-0.00825889781984
-0.00763926697999
-0.00875971300457
-0.00798314117918
-0.00798997027158
-0.00773732400323
-0.00805358786526
-0.0086816759255
-0.00875287637454
-0.00837985416175
-0.00797860352617
-0.00752985150273
-0.0082118780865
-0.00811091907587
-0.00756261682476
-0.0064903468059
-0.00668177847689
-0.00449705759714
-0.0040359129569
-0.00534154723388
-0.00536555533787
-0.00554030095824
-0.00516429233662
-0.0053090698493
-0.0042554931518
-0.00162694156697
-0.00125222564881
0.00027254824862
-0.00024765025209
-0.00201160338736
-0.00146770763451
-0.00369760906597
-0.00668390031961
-0.00586392833061
-0.00519311246332
-0.00294258958485
-0.00204430011696
-0.00246566793213
-0.00112175304955
-0.00042074995567
-0.00042803484853
-0.00360074148068
-0.00790367948812
-0.00786158936453
-0.00728740967731
-0.00725668705289
-0.00801174648345
-0.00835021620223
-0.00878625299833
-0.009089175256
-0.00612899510499
-0.00603429534197
-0.00812462248645
-0.00924020673995
-0.0124192397046
-0.01049414418444
-0.00886060417653
-0.00792089543409
-0.00739047847046
-0.00837423862771
-0.00852334801612
-0.00598266785567
-0.00472683469734
-0.0047382594825
-0.00522284464321
-0.00490219764958
-0.00382762714617
-0.00254508138236
-0.00171804738821
0.00252627348903
0.00581566941097
0.00533583521818
0.0052992189212
0.0048236133386
0.00424921053754
0.00365417422926
0.00479771705841
0.00840806750928
0.00989691517971
0.00917514192139
0.00608846903954
0.00526216619546
0.00634061782434
0.00640492058855
0.00570632403367
0.00517640379983
0.00487288682319
0.00444870144208
0.0046612241544
0.00448917549789
0.00472493521468
0.00415606201869
0.00214402823268
-0.00109521230203
-0.00225361029155
-0.00153066719312
-0.00180613966514
-0.00365612421404
-0.0051267466499
-0.00426823400708
-0.00355676694969
-0.00387889358001
-0.00373703765255
-0.00501100182508
-0.00531003315836
-0.00650832706751
-0.00785069748978
-0.00773765565893
-0.0074472677255
-0.00756931023983
-0.00811068540935
-0.00905683128746
-0.00940729337491
-0.00952463919225
-0.00949759417731
-0.00963753780814
-0.00912827294065
-0.00952954618911
-0.0133941491772
-0.01419334896659
-0.01347128174071
-0.02052123422704
-0.01803975611686
-0.01394974031611
-0.01437135762681
-0.01316908309549
-0.01359476318854
-0.01406159873911
-0.01391835362652
-0.01387996447906
-0.01414456542793
-0.0145752429694
-0.01468997322927
-0.01053872172579
-0.00908707225735
-0.0097946370839
-0.00953489036848
-0.00901443212106
-0.0083653442248
-0.00778358997361
-0.0075014693123
-0.00826197317271
-0.00833802031757
-0.00853052383948
-0.00849537587273
-0.0060794593109
-0.00455326946975
-0.00600348301976
-0.00806471340653
-0.00851033806746
-0.00650345097493
-0.00791600351249
-0.00631086680038
-0.00464089592118
-0.00553993086063
-0.00721960794545
-0.00900839447976
-0.00922101593503
-0.0084455295283
-0.00827690521691
-0.00900307291328
-0.00954167423511
-0.0095145613815
-0.00954771941403
-0.00948304655221
-0.00961157821186
-0.00957854831903
-0.00938593173267
-0.00926652060482
-0.01283145759122
-0.01492430305774
-0.01393642886226
-0.01037853955953
-0.00917800622063
-0.0098062299582
-0.00949792583301
-0.0095853698738
-0.00948510432509
-0.0096368141957
-0.00949208417008
-0.00925797293287
-0.00944220767513
-0.00969403987949
-0.00866262079791
-0.00802964835371
-0.00724570548035
-0.00696304286347
-0.00583546096497
-0.00466159425201
-0.00456733091774
-0.0046826536353
-0.00544752630581
-0.00426922219032
-0.0019187254694
-0.00206667406285
-0.0019608540349
-0.00088168105487
-0.0008249046138
0.00026465476755
0.00065939779062
0.00211048502727
0.00300089767225
0.00338882253248
0.00427229302061
0.00612620467452
0.00665790378895
0.00550068393092
0.00524662209573
0.00813718017733
0.00734963431704
0.00391696388574
0.00362070037005
0.00385199554885
0.00376732083317
0.00342622651176
0.00330376415146
0.0030787214364
0.00275920433344
0.00249817094465
0.00094547201402
0.00258520870721
0.00402200829161
0.00331879041603
0.00296437710316
0.00313759710731
0.00380622856955
0.00427480154374
0.00333923397499
0.00372118827883
0.00398211764833
0.00291839077884
0.00372924826614
0.00433537016625
0.00378355161095
0.00406368686062
0.00388006266636
0.00377136024886
0.0038534352361
0.00340405231306
0.00305535026212
0.00398928970288
0.00400136573923
0.00269306992525
0.00355730212139
0.00385904474003
0.00200721648694
-0.00128044125763
-0.00242667426677
-0.00245983305307
-0.00171552002101
-0.00169142824934
-0.00202547865589
-0.00171141728923
-0.00145895418527
-0.00349778273692
-0.00467316752847
-0.00473814867934
-0.00529306896922
-0.00492231482917
-0.00453262013351
-0.00550069825242
-0.00506299488642
-0.00291964353287
-0.00085533628571
-0.00085190289544
-0.00193905897896
-0.00175904078669
0.00034919214762
-0.00152228082645
-0.00240008226337
-0.00227348325195
-0.00193007864708
0.0008434893933
0.00170510000187
0.00112725702667
-0.00040171457668
-0.00213441323238
-0.00206142335008
-0.00215889771456
-0.00202484021867
-0.00190366905431
-0.00227145261454
-0.00175193958586
-0.00137365384634
-0.00152705139221
-0.00220332374956
-0.00234323798363
-0.00097719111307
-0.00135848135175
-0.00121113350738
0.00121887465296
0.00252362024341
0.00105691209859
0.00155945867684
0.00371405692748
0.00405301206961
0.00488723093228
0.00528972226169
0.00796398052478
0.00737149570412
0.00783700161683
0.01005213004808
0.01366817970067
0.01108599885927
0.00998441198391
0.01444937963062
0.01471021930233
0.01464763436391
0.01442910340705
0.01470366910223
0.0146720939719
0.01560805651245
0.01552374058794
0.01566537264779
0.01571843002243
0.01625350373361
0.01657095854112
0.01774885637838
0.01595732765442
0.01517523828418
0.01601505082177
0.01753528518178
0.01768425135522
0.01702223642423
0.01727048825454
0.01767249265307
0.01789609643465
0.01841540896238
0.01576077642542
0.01504628451728
0.01591943599051
0.01515314549187
0.01422204472241
0.01502597814318
0.01512092212541
0.0151596504662
0.01433568956363
0.01420733880709
0.014080118695
0.01428233068381
0.01092447499494
0.00804329900088
0.0088543027182
0.01311023682133
0.01030240950074
0.00836247992556
0.00899803777672
0.00653279722818
0.00461446748434
0.00434335779232
0.0045076276151
0.00504599753171
0.00467789588351
0.003774320276
0.00272721161844
0.00220317375073
0.00168367353602
0.00123864133278
-0.0002788425462
0.001118943775
0.00022246167994
-0.00206257434612
-0.00277265975601
-0.00246350387868
-0.00192503295784
-0.00405518441445
-0.00582643088473
-0.00606241145408
-0.00523797266579
-0.00513250389138
-0.00576564668601
-0.00650014723188
-0.0071964191818
-0.00827021933947
-0.00868250506475
-0.00811921800604
-0.00906069055381
-0.00963287201543
-0.00935675356856
-0.00945245885137
-0.0093653766168
-0.00941323302702
-0.00963958804339
-0.00978028543718
-0.00967407269873
-0.00971234124412
-0.00965859794519
-0.00967687669693
-0.00962993233989
-0.00963502777749
-0.00957243530144
-0.00963618857245
-0.00961187971704
-0.00932876634992
-0.00947814709299
-0.01252732931281
-0.0131774950901
-0.01311088505748
-0.01375774935301
-0.01016669448011
-0.00881746632243
-0.00960307576569
-0.01268125524652
-0.01021512375017
-0.00852946857134
-0.013294727843
-0.01380375150635
-0.00982430519394
-0.00881075029447
-0.00937436147126
-0.00917604643694
-0.0091296372516
-0.00850108939596
-0.00837659790577
-0.00836129651772
-0.00748759404376
-0.00769911575888
-0.00754389335288
-0.00728612677275
-0.00685930472882
-0.00751544181626
-0.00703086042436
-0.00544491753222
-0.00565630357
-0.00544084495095
-0.00627543315747
-0.00650456805163
-0.00512370672389
-0.00428925720975
-0.00271635969313
-0.00136909584173
-0.00208906836034
-0.00228226157536
-0.00212596656467
-0.00101972972562
-0.00136773680711
-0.00057456734751
0.0019598183646
0.00267222461064
0.00226920413963
0.00275682621131
0.00303504087297
0.00274224240559
0.00266082469965
0.00102527365218
0.00028259779326
0.00053994543194
0.00181339840243
0.0028228264497
0.00248346050676
0.00092884400316
0.00097147155974
0.00151899065113
-0.00101375238536
-0.00161951172549
-0.00080081962599
-0.00117453831575
-0.00159639607685
-0.00134466110791
-0.00097329717363
-0.00074979077823
-2.984495037e-05
0.00122986753194
-0.00025612473365
-0.00143744706678
-0.00152334363222
-0.00086257165635
0.00085849907508
0.00134384629015
0.00100376879498
0.00198389807606
0.00303142582582
0.00333675786367
0.00302881780599
0.00265515414092
0.00339941968592
0.00406679236401
0.00364866346827
0.00353775252531
0.00336823274352
0.00433739778861
0.00340088198605
0.00423881388506
0.00688796355025
0.00761282497541
0.00473958912036
0.00390384841027
0.00441700872473
0.00673161276111
0.00487791216083
0.00373343391185
0.00642650911344
0.00719899102101
0.00468455161043
0.00529096069423
0.00489828863488
0.00504914449206
0.00452123002145
0.00525287531323
0.00708063516131
0.00553936704594
0.00412934413687
0.00433774828838
0.00457144947854
0.00417442594564
0.00331023897527
0.00254369521228
0.00243755106626
0.00198971260352
0.00189161563084
0.00087186329233
-0.00102199930589
-0.00140228930112
-0.00113696097099
-0.00177733687498
-0.00227349757344
-0.00246138957358
-0.00131490631513
-0.00199048747184
-0.00193303867422
-0.0026006638629
-0.00353893442562
-0.00347701732118
-0.00406116552353
-0.00466871278939
-0.00402185980031
-0.00396498989263
-0.00462413750933
-0.00374494462599
-0.00433389052956
-0.00409911447343
-0.00329620918533
-0.00344166206962
-0.00383229821522
-0.0035684532906
-0.00368678653741
-0.00370879867709
-0.00322015073402
-0.00185424104832
-0.00176078951676
-0.00328776251762
-0.0021043207538
-0.00139256349767
-0.00144302868149
-0.00142975190074
-0.00143036621755
-0.00215665753105
-0.00163941106758
-0.0013417839947
-0.0018560199289
-0.00114806088432
-0.00158378185374
-0.00122649293518
-0.00080923086684
-0.00106964541624
-0.00027693175711
0.00064995577892
0.00173769195842
0.00108584830479
0.00154312011095
0.00105638220323
0.00149784006253
0.00242901470076
0.00206589316443
0.00052322093942
0.00196392788025
0.0028482463517
0.00243648826049
0.00268870563772
0.00214734554346
0.00053446911792
2.047958129e-05
0.00143603677629
0.00200396701483
0.00180237009659
0.00096132138775
-0.00056099916201
-0.00108248501447
-0.00083947259049
-0.0021796834819
-0.00178085920928
-0.00112733240297
-0.00184111954274
-0.00272219004961
-0.00346477771826
-0.0044208717599
-0.00521093971105
-0.00414022847398
-0.00426389308621
-0.00587639632371
-0.00668440534079
-0.00608186230721
-0.00615900316213
-0.00668800003634
-0.00684548297745
-0.00670690215005
-0.00653959089373
-0.00646570554103
-0.00891226708969
-0.01013410930742
-0.00965251507812
-0.00939086888005
-0.00925038253988
-0.00922115914999
-0.0095684780459
-0.00986199334185
-0.00920739543837
-0.00889897071111
-0.00895139492486
-0.00882470244683
-0.00900804021117
-0.00901397986328
-0.00894317890861
-0.00855806633797
-0.00873492174087
-0.00913060960582
-0.00843990645663
-0.00596177731528
-0.00774761286761
-0.00910321785991
-0.00857617172423
-0.00872927605631
-0.00583733331216
-0.00491831687044
-0.00526047927396
-0.00513519633266
-0.00438097056394
-0.00396689540539
-0.00415502107204
-0.00392894042539
-0.00347237112631
-0.00393544841477
-0.00258950741736
-0.00178434310168
-0.00194768278097
-0.0019486445825
-0.00129151403548
-4.538484409e-05
0.00028490837823
0.00056200091298
0.00015263948647
5.503238434e-05
0.00053262737351
0.00096254926761
0.0010416989008
0.00247631784897
0.00324081816058
0.00223117755215
0.00323772547116
0.00376080605992
0.0031704325293
0.00339891617226
0.00322355020497
0.00379504046596
0.00393842577846
0.00367473914405
0.00377490519605
0.0041233200633
0.00390589713799
0.00365939629904
0.00334617085549
0.00335821297251
0.00339729181308
0.0031978446268
0.00206392810439
0.00218641458511
0.00301967541506
0.00313756771055
0.00251606376976
0.00221505380871
0.00127248830465
0.00057701541885
0.00089050761911
0.00174761977035
0.0022994292805
0.00306620369495
0.00293387985387
0.0032414038344
0.00334361258401
0.00352119913698
0.00355642248002
0.00350951957994
0.00329373232025
0.00380093489229
0.00398953995218
0.00382994798232
0.00388933621204
0.00441049319772
0.00420680157222
0.00366927285508
0.00394769630908
0.00321245330669
0.00310244461799
0.00340513848548
0.00380871372602
0.00388842642014
0.00343471765149
0.00317602017411
0.00341365676067
0.00303366525557
0.00185619404815
0.00223904231486
0.00235455799574
0.00159438503727
0.00131125659489
0.00185772494071
0.00222817606805
0.00138499948638
0.00089599350592
0.00050274527016
0.00080054601004
0.00058231203578
0.00056704924039
0.0005351528563
0.00083562915317
0.00063190775403
8.467629858e-05
0.00011152495827
0.00077553841637
0.0003620016707
0.00033701789595
0.00063838438687
0.00051061229416
0.00056512066249
0.00073197898265
0.00084713534473
0.00050256172888
0.0005652465409
0.00183080429666
0.00195090964019
0.00101244159158
0.00163751083117
0.0018076645276
0.00257853413621
0.00308091187156
0.00282156691179
0.00309131455414
0.00322183162542
0.0031561291234
0.00311885705264
0.00310784156077
0.00343374981985
0.00348060372534
0.00311559853537
0.00331402964919
0.00349199760621
0.00308506585922
0.00267865043985
0.00249132376194
0.0024915627048
0.00182920556543
0.00129667354293
0.00146602297429
0.00076007949186
0.00014142191075
0.00045847963592
-0.00030742704661
-6.598226114e-05
0.00026559003662
0.00016082180951
0.00047469812737
0.00058680973935
0.0005675805679
0.00060671759897
0.00031138234236
0.00020387999087
0.00029246281673
0.00078790088265
0.00050914516994
0.00074606726459
0.00053077741308
0.00037832350305
0.00120871920462
0.0022000426194
0.00255978126757
0.0019508749671
0.00157913867392
0.00151178919983
0.00250710906581
0.00261271201003
0.00241153493776
0.00271837450152
0.00309531552793
0.00302582687457
0.00280156204288
0.0033969149316
0.00346127875061
0.00337281939112
0.00441729741595
0.00500628628401
0.00655347445365
0.00570538635255
0.00474742599383
0.00493287429446
0.00506970186922
0.00477026425771
0.00482686356448
0.00625191424565
0.00648385992188
0.00628120472045
0.00623595859135
0.00619868501306
0.00611299120986
0.00603068632492
0.00593869935479
0.00596951092323
0.0058500018062
0.00473119898487
0.00416369160735
0.00384564735721
0.00375169909586
0.00390803782479
0.00391730609413
0.00517808469123
0.00406974560728
0.00358580416013
0.00354195098498
0.00329532351385
0.00325588362082
0.00306969361745
0.00236104487976
0.0025823376241
0.00211498046956
0.0024461417027
0.00296550397878
0.00222566528364
0.00261486475704
0.00185366291213
0.0016852428705
0.00193067562734
0.00180724920421
0.00173271938419
0.00168463383003
0.00146881114348
0.00195736788122
0.00209878813369
0.0018251118788
0.00228589019024
0.0024029284723
0.00227860733254
0.00238684090948
0.00242848857421
0.00242454790147
0.00261750292739
0.0036330816804
0.00251671577472
0.00205962562543
0.00253995202543
0.00217174786547
0.00209462510087
0.0031634873574
0.00355860311626
0.00325806274954
0.0033062093585
0.00319309290511
0.00319644941156
0.00305121134971
0.00303182381266
0.00301018026308
0.00298821862553
0.00190745746694
0.00161127912646
0.00260453368193
0.00275485436741
0.0017529134476
0.00227582519346
0.00192219579406
0.00147198976187
0.00157329927228
0.00132791551003
0.00134773419949
0.00124521866835
0.00110574840066
0.00097617579437
0.00112826857656
0.00096255303642
0.00115192391948
0.0011051838322
0.00109614847562
0.00086442515946
0.00085142500972
0.00088744131139
0.00067509121079
0.00088791165948
0.00096978162319
0.00060396395213
0.00042914174944
0.00047682803536
0.00051383410317
0.00043005870208
0.00061829863919
0.00055879802342
0.00044177112318
0.00043617865429
0.00028709813501
0.00019298291515
7.180429608e-05
2.49373505e-05
-2.632946777e-05
-0.00050005765296
-0.00026401731021
-0.00025367244124
-0.00076747164519
-0.00081881270157
-0.00071301792468
-0.0009511945824
-0.00093401481706
-0.00092056843965
-0.0011350358604
-0.00119357083045
-0.00127451969583
-0.00122986753194
-0.00128228119301
-0.00124954300644
-0.00118966558456
-0.00122366104774
-0.00121682894029
-0.00124268903986
-0.00122313039862
-0.00117352525834
-0.00132751300061
-0.00160021765504
-0.0014348073889
-0.00153834351509
-0.00172786213569
-0.00165357653486
-0.00168633884184
-0.00138251583744
-0.0014194276095
-0.00145907177229
-0.00137726964725
-0.0013234901677
-0.00138814870802
-0.00140325939405
-0.00161499819289
-0.0014256401238
-0.00133587223182
-0.0013666626949
-0.00127269031313
-0.00129411904027
-0.00157529674412
-0.00149252301862
-0.00156318603467
-0.00146691995221
-0.00138157137245
-0.00166816109434
-0.00149569937572
-0.00133103081233
-0.00140110966209
-0.00140979828771
-0.00151347536757
-0.00143690435745
-0.00138826403376
-0.00140221920117
-0.00149613203566
-0.00152716068784
-0.00158972828972
-0.00160171538204
-0.00174586350266
-0.0017419311213
-0.00170993388372
-0.00183256734822
-0.00182700608511
-0.00170204198555
-0.00175637548087
-0.00174400547696
-0.00174076655753
-0.00193007035569
-0.0019476903186
-0.00198960556918
-0.00210603481077
-0.00215953539802
-0.00213514815127
-0.00213456624626
-0.00217724807378
-0.00216201904697
-0.00214161317616
-0.00237656033649
-0.00249218003666
-0.00234260557651
-0.00231658115661
-0.00236665362993
-0.0024983247123
-0.00238814039682
-0.00247456836514
-0.00253082169472
-0.00260725250492
-0.00263105181657
-0.00254860070161
-0.00251715597228
-0.00245805115744
-0.00241314045286
-0.00239804333457
-0.00240723547384
-0.00236915084661
-0.00227792819211
-0.00216879839101
-0.00212727509717
-0.00222830496152
-0.00212539671988
-0.00200134844231
-0.0019984630377
-0.00207486897373
-0.00198620232943
-0.00183927056221
-0.00181988679397
-0.0017620136278
-0.00175851842896
-0.00175372826536
-0.00175585689196
-0.00162433354713
-0.00155164592378
-0.0015238750351
-0.00151680247727
-0.001482947214
-0.00138824443592
-0.00133201824181
-0.00130744858442
-0.00126204944145
-0.00124029659623
-0.00120943377191
-0.00107727575867
-0.00090444695749
-0.00094493005846
-0.00093614118236
-0.00082612495603
-0.00076656411459
-0.00073639136025
-0.00071025319752
-0.00066965122814
-0.00065551689128
-0.0006515944596
-0.00059428947994
-0.00055825418344
-0.00054710934585
-0.00055521184539
-0.00054217596728
-0.00042145902049
-0.00037182418194
-0.00037708378911
-0.00035777667857
-0.00034903363127
-0.00032542750907
-0.0002997521568
-0.00028072333554
-0.00026195132132
-0.00024244868467
-0.00022928353621
-0.00021173872347
-0.00023196881675
-0.00019154857962
-0.00016630754557
-0.00015098882097
-0.00013901687928
-0.000150183576
-0.00014094236675
-9.896123729e-05
-8.432059784e-05
-8.682979935e-05
-8.146142419e-05
-5.333857344e-05
-3.043745328e-05
-3.967158469e-05
-4.304006843e-05
-2.730532698e-05
1.33888954e-06
1.886367933e-05
3.282022613e-05
5.311702743e-05
5.854158809e-05
5.639450938e-05
5.813619176e-05
8.102597533e-05
8.546805119e-05
7.759130366e-05
6.691551014e-05
8.485282987e-05
0.00010206116283
9.710939245e-05
9.611103341e-05
0.00010092335764
9.819179606e-05
9.238133892e-05
8.889789878e-05
8.723434393e-05
7.555516378e-05
7.252622763e-05
6.487647581e-05
6.459895536e-05
6.066431272e-05
4.893111037e-05
4.585890069e-05
2.194654722e-05
1.389126339e-05
2.508223881e-05
2.185382684e-05
1.460602665e-05
6.94975478e-06
-4.1017459e-07
-1.69203201e-06
-9.48918218e-06
-3.031486127e-05
-3.591391805e-05
-3.14577242e-05
-3.419134356e-05
-4.270565396e-05
-5.058866527e-05
-4.468756059e-05
-5.325418214e-05
-5.128176538e-05
-4.787349049e-05
-4.95407237e-05
-4.815993549e-05
-4.326372498e-05
-3.998327321e-05
-5.048196258e-05
-5.397989758e-05
-4.465333976e-05
-4.133296116e-05
-3.963857741e-05
-3.678030073e-05
-3.339890503e-05
-4.712118229e-05
-3.009324742e-05
-1.593578511e-05
-1.429110448e-05
-9.25371417e-06
-6.70487076e-06
-4.34251358e-06
1.6961121e-07
4.68381745e-06
1.280323671e-05
1.84276953e-05
1.97570015e-05
2.142587038e-05
2.348751006e-05
2.836523076e-05
3.285937657e-05
3.294810201e-05
3.529102342e-05
3.790728188e-05
3.903568764e-05
4.172310133e-05
4.106364166e-05
4.238410622e-05
4.330917688e-05
4.433819146e-05
4.524454619e-05
4.526668421e-05
4.670565539e-05
4.739950927e-05
4.649838565e-05
4.649875499e-05
4.650543333e-05
4.648591841e-05
4.581936583e-05
4.610805704e-05
4.569391706e-05
4.533631683e-05
4.461432498e-05
4.443180882e-05
4.389142108e-05
4.378402494e-05
4.298829999e-05
4.275422644e-05
4.251924838e-05
4.208636985e-05
4.157406732e-05
4.129837098e-05
4.084915841e-05
4.044842033e-05
4.014807594e-05
3.98323774e-05
3.973526258e-05
3.948282737e-05
3.895229885e-05
3.845443087e-05
3.810394617e-05
3.785484259e-05
3.722021187e-05
3.678739364e-05
3.648374023e-05
3.635414577e-05
3.595210368e-05
3.562627457e-05
3.519053928e-05
3.472253539e-05
3.429273975e-05
3.381094201e-05
3.330594344e-05
3.287554479e-05
3.236721459e-05
3.198964719e-05
3.152583422e-05
3.121327134e-05
3.06417155e-05
3.014901834e-05
2.973686829e-05
2.924677916e-05
2.878618476e-05
2.832497982e-05
2.787435771e-05
2.74627956e-05
2.695108854e-05
2.645760747e-05
2.60041286e-05
2.552518008e-05
2.505676916e-05
2.457962967e-05
2.409502039e-05
2.360797646e-05
2.311577678e-05
2.26164239e-05
2.211079217e-05
2.160148207e-05
2.108531274e-05
2.056260074e-05
2.003313502e-05
1.949736785e-05
1.895522384e-05
1.840584371e-05
1.784944605e-05
1.728619667e-05
1.671566595e-05
1.613791418e-05
1.555291121e-05
1.496063443e-05
1.436102354e-05
1.375411622e-05
1.313989739e-05
1.251841983e-05
1.188970615e-05
