-0.00307605728
-0.00306905198337
-0.00306196750644
-0.00305487043265
-0.00304771217408
-0.00304056327319
-0.00303334742895
-0.00302612258695
-0.00301880848717
-0.00301152497977
-0.00300416877047
-0.00299679816475
-0.00298934585936
-0.00298189067468
-0.00297438042372
-0.00296686909302
-0.00295925446802
-0.00295168591156
-0.00294405581042
-0.00293639691644
-0.00292863292862
-0.00292082107271
-0.00291288972654
-0.00290492778798
-0.00289690394482
-0.00288897835722
-0.00288107940298
-0.0028732787043
-0.0028655154363
-0.00285781911163
-0.00285003172963
-0.00284207950865
-0.00283368279829
-0.00282478617234
-0.0028152823775
-0.00280542443078
-0.00279557512192
-0.00278639524646
-0.00277819720666
-0.00277092449658
-0.00276390300397
-0.00275599649162
-0.00274617669541
-0.00273453503261
-0.00272216815028
-0.00271041491524
-0.00270022873021
-0.00269247014104
-0.00268722696588
-0.00268360266784
-0.00267985959935
-0.00267385485372
-0.00266436365574
-0.00265163002468
-0.00263732898369
-0.0026235832845
-0.00261162418069
-0.00260212722415
-0.00259623369083
-0.00259411525804
-0.0025954217329
-0.00259793174825
-0.00259973777879
-0.00260097299139
-0.00260140056499
-0.00259922490643
-0.00259279798586
-0.0025802781416
-0.00256071377046
-0.00253549124744
-0.00250759494983
-0.00248024175705
-0.00245465608441
-0.00243190290685
-0.00240816897338
-0.00238280140645
-0.00235885152671
-0.00233834383034
-0.00232108216615
-0.00230523962879
-0.0022860769177
-0.00226027637852
-0.00222250125939
-0.00217515612189
-0.00212581564096
-0.00207984428158
-0.00204305531703
-0.00202626549541
-0.00204164482805
-0.0020972207572
-0.00218709471081
-0.00229048258129
-0.00237994443745
-0.00243447662635
-0.0024359965281
-0.00238131353673
-0.00229012015148
-0.00218430036622
-0.00208066667692
-0.00197472632166
-0.00186556476804
-0.00175305280822
-0.00162222572638
-0.00148833580676
-0.00137908859446
-0.00132312468187
-0.00134816329066
-0.00144545715771
-0.00159554628593
-0.00176517819065
-0.00191846188385
-0.00202309828362
-0.0020800209976
-0.0021249889267
-0.00219547270583
-0.00231430217345
-0.00247412327972
-0.00265395324651
-0.00281681199683
-0.00292638132896
-0.0029686420118
-0.00294202555568
-0.00284197477472
-0.00264511420623
-0.00234268039113
-0.00197258053567
-0.0015901386317
-0.00124608153513
-0.00101755784646
-0.00094806094174
-0.001022437872
-0.00114847958475
-0.00125061028809
-0.00129655357446
-0.00128562525412
-0.00124330950499
-0.00119885876718
-0.00116956025853
-0.0011886776209
-0.00128720562083
-0.00146774893009
-0.00171188661301
-0.00196092087734
-0.00211056047742
-0.00208196415402
-0.00188194213231
-0.00159265332588
-0.00127633200688
-0.00102744134681
-0.00089268008404
-0.00084988745359
-0.00084568909841
-0.0008147569563
-0.00067605395449
-0.00045577113496
-0.00020435505538
8.028730738e-05
0.00040493270682
0.00081866846287
0.00136131945656
0.0020223971781
0.00270613665994
0.00323472379362
0.00324727566991
0.00225081253373
0.00031220394367
-0.00197381790773
-0.00402144120796
-0.00536043757993
-0.00568694112494
-0.00482063671694
-0.00302510727963
-0.00089481003397
0.00096382465872
0.00216896242328
0.0026869206821
0.00277839659704
0.00276678084778
0.00289814779527
0.00328937151377
0.00389967631086
0.00462777871236
0.00533283604896
0.0058812027802
0.00607952062603
0.00568622850229
0.00468318332415
0.00320458525402
0.00147308820134
-0.00020229629573
-0.00157064192373
-0.00267639726101
-0.00365182039328
-0.00460241582427
-0.00552730285317
-0.00616539885403
-0.00625368128371
-0.00573827874885
-0.00470803873853
-0.0034181730197
-0.00226557066097
-0.00154129050824
-0.00133629956311
-0.00159405625674
-0.00213340111321
-0.00272477282207
-0.00308778532132
-0.003092508066
-0.0026304561341
-0.00166945893173
-0.00021580952877
0.00153995488063
0.00330197809644
0.00470437844944
0.00546146083887
0.00522643932727
0.00383939131362
0.00162403139701
-0.00097566067316
-0.00338714730089
-0.00504641572867
-0.00542156116847
-0.0042917159463
-0.00177622528143
0.00152113300472
0.00493664664625
0.00807974084317
0.01056366268439
0.01215701495633
0.01273051063388
0.01221148020189
0.01053226769747
0.0078994941001
0.00488804074251
0.00206558930913
-0.00033457745171
-0.00199196099257
-0.00283750468716
-0.0030396771737
-0.0028501443816
-0.00262420413
-0.00256302115624
-0.00266733255688
-0.00283198833998
-0.0029840098273
-0.00326992627299
-0.00378047757513
-0.00410843515829
-0.00282555458111
0.00050452856099
0.00539630985261
0.01088084095013
0.01542763621636
0.01814296606844
0.01872511399277
0.01756202384406
0.0152806991837
0.0123077994315
0.00868469989063
0.00442278452804
-0.00021999658276
-0.00472396477511
-0.00839226906614
-0.01066290078759
-0.01112189456056
-0.00937915426592
-0.00529968469914
5.713552902e-05
0.00514842154309
0.00925462885581
0.01171603110134
0.01216339616827
0.01100202999053
0.00890035102282
0.00637857740155
0.00413777865575
0.00261685044007
0.00204966651174
0.00260719152382
0.00417891641804
0.00656977261994
0.00934881741567
0.01188698495708
0.01336101612375
0.0129343315102
0.01010090064921
0.00543516578277
7.61558236e-06
-0.00511854177909
-0.00901247751857
-0.01116517378991
-0.01168910980109
-0.01117197969617
-0.01016515185939
-0.00899030703601
-0.00763272848847
-0.00600658117803
-0.00401728424247
-0.00197285910634
9.7036927e-05
0.00210619260443
0.00336012954464
0.00296733949595
0.00092094421012
-0.0022480235878
-0.00548591675268
-0.00747978095161
-0.0072700395487
-0.00451825796814
-0.00025051040097
0.00412781633501
0.00725679844393
0.00815343250397
0.00676892905707
0.00368074999374
-0.00012905542275
-0.00397892138961
-0.00727477956908
-0.00937355405961
-0.01047786363668
-0.01152993941287
-0.0129423395173
-0.0145879039955
-0.01558902365283
-0.01509570522204
-0.01207844291008
-0.00628750206693
0.00141300727332
0.00899893768815
0.01509465068448
0.01857635221422
0.01812316379651
0.01242529579088
0.00199269233057
-0.01055478009494
-0.02214557676263
-0.03091118451821
-0.03579325074755
-0.03566144075032
-0.02963516167439
-0.01859958443256
-0.00444212251551
0.01022440031459
0.02304688246007
0.03272526625852
0.03893025166088
0.04235904635723
0.04368920332901
0.04296401980111
0.04047657083767
0.03668016362685
0.03212632491348
0.02714003942055
0.02182932706581
0.0167293818587
0.0118579617799
0.00694412985589
0.00182824493561
-0.00380235653025
-0.0102439398519
-0.01765954157541
-0.02534583553335
-0.03245404855485
-0.03866481771784
-0.04282660599846
-0.04319907730375
-0.03817415182693
-0.02655994298569
-0.00773803108244
0.01417100174747
0.03330721263301
0.04590189666924
0.05085890704769
0.04892510830063
0.04195069198195
0.03188100276533
0.02087680971311
0.01104298419851
0.0036791267977
-0.00093212158847
-0.00299275421114
-0.00316696057744
-0.00302751364077
-0.00409406033567
-0.00690821799307
-0.01097825430745
-0.01536901040621
-0.01898866920335
-0.02072522263768
-0.02005407606192
-0.01732655604353
-0.01308674637962
-0.00795495629756
-0.00229240018406
0.00374410862606
0.01044181140879
0.01727606780823
0.02338428769205
0.02805473378603
0.03094403714237
0.03221084987825
0.03211475379311
0.03088378453708
0.02853446199894
0.02520216288831
0.02096781666475
0.01623734830815
0.01189475182419
0.00869851325298
0.0064018995975
0.0042476557113
0.00145781288282
-0.00250558772935
-0.00739561589726
-0.01210792317351
-0.01520052193693
-0.01570280933567
-0.01333797465794
-0.00902756856295
-0.00406211828489
0.00025697691169
0.00324987998179
0.00411102291429
0.00237105357007
-0.0018919962302
-0.00800353700757
-0.01500878325379
-0.02166116611502
-0.02580273822671
-0.02438281239517
-0.01502513758379
0.00144242887135
0.01962193880533
0.03445253040462
0.04318899981168
0.04474823977294
0.03905913558631
0.02745423762792
0.01271281743708
-0.0014950686512
-0.01229213612953
-0.01842823467535
-0.02032760798966
-0.0190018095332
-0.01623222318361
-0.01331543706674
-0.01097434927927
-0.00941959740108
-0.00875438934743
-0.00906058674591
-0.01001107420378
-0.01075718292416
-0.00910886873027
-0.00365570382683
0.00503963861525
0.01455236643952
0.02237766140511
0.0268456362869
0.02715585748401
0.02397662468068
0.01886917534108
0.01308638287009
0.00686312481514
0.00036749410394
-0.00614399138158
-0.01150239906667
-0.01444865464965
-0.01431650633661
-0.01132676277623
-0.00657348329649
-0.00158485766594
0.00239342884167
0.00478862988229
0.00528383424374
0.0038373650179
0.0009770214945
-0.00219769911175
-0.00460805202163
-0.00521020736682
-0.00283979875625
0.00323737777314
0.01206577766201
0.02138562948617
0.02926664938384
0.03474596897831
0.03790738621529
0.0389908605775
0.03793286787383
0.03409360612796
0.02711261424569
0.01747783359598
0.00647352537242
-0.00434063137301
-0.01317255622464
-0.01902592353209
-0.02193697627579
-0.02209080559321
-0.02011453021705
-0.0168147670094
-0.01332952756012
-0.01060877025873
-0.00880716661307
-0.00786974390386
-0.00767460046804
-0.00783301504435
-0.00836490147695
-0.00878851245542
-0.00832545169458
-0.00607453586655
-0.0017524863092
0.00359258417504
0.00942208078305
0.01499261247811
0.01927687827848
0.02143736661066
0.02054569931457
0.01640332820172
0.00922478508286
0.00044235799301
-0.00750726371214
-0.01322537667953
-0.01624191557152
-0.01600792700286
-0.01288601713391
-0.00770508128246
-0.00162671632883
0.0036870592236
0.00720331935295
0.00875912576871
0.00889368548163
0.00973995367593
0.01322191434118
0.01942746840202
0.02697062958057
0.0341235182839
0.03867068425787
0.03902051719704
0.03489749126986
0.02750569762138
0.01928720050965
0.01267777295839
0.00910029566379
0.00844903054025
0.0096295187592
0.01095569512162
0.01098936474246
0.00910653291157
0.00542982111286
0.00104637875397
-0.00288779677127
-0.00610630516032
-0.00852440298276
-0.01117442348799
-0.01507848710701
-0.02041709252018
-0.02685365869042
-0.03273016104039
-0.03633684506648
-0.03716503495981
-0.03548717211951
-0.03180425546498
-0.02624885800355
-0.01935683597989
-0.01192274205842
-0.00510914811684
-0.0001983247561
0.00212911242051
0.00081549621233
-0.00469172759779
-0.01363994670796
-0.02476889911207
-0.03559518483903
-0.04410335226224
-0.04965187543444
-0.05189962405067
-0.05063043590594
-0.04694423326916
-0.04200658607192
-0.03708459497843
-0.03305733761791
-0.02976209848438
-0.0263709144281
-0.02138034600104
-0.01378801026027
-0.00422154420952
0.00604167244508
0.01556225351495
0.02326434034263
0.02864810731671
0.03226408782924
0.03542596935068
0.03847194171774
0.04154050206346
0.04487500022683
0.04774816519943
0.04952644664915
0.05020293429571
0.0502186983726
0.05034657454882
0.05112124576102
0.0528712022598
0.05497329512451
0.05656478306042
0.05706153143762
0.0555187753741
0.05080977927383
0.04316769311415
0.03417241571508
0.02548803254563
0.01857883199709
0.01307191087165
0.00812974319939
0.00248800358541
-0.00460067025868
-0.01215021264918
-0.01849249668285
-0.02265591895682
-0.02430050807775
-0.02404387754386
-0.02280856776802
-0.02150046970657
-0.02098861948768
-0.02166380425848
-0.02320296121768
-0.02462098672215
-0.02468839794592
-0.02256522152815
-0.0182809773224
-0.01246141640176
-0.00671938378711
-0.00217520506971
0.00081260073291
0.00333705712653
0.00716632056062
0.01321222195327
0.02042714481852
0.02676041309589
0.03046548943568
0.03056336347835
0.02670402592863
0.01982512983839
0.01223488877633
0.00649126175847
0.00444076205408
0.00624113480607
0.01066079531157
0.01636318379222
0.02210894867805
0.02756264984802
0.03321334799254
0.03915681527735
0.04510750236541
0.05080002570114
0.05593375210132
0.05959969178082
0.06150847675291
0.06182944487549
0.06003417565342
0.05546475281837
0.04733092103649
0.03617240199045
0.02406333790088
0.01280466298003
0.00356287644823
-0.00247355246178
-0.00372563082452
0.00278233761626
0.01610250066687
0.03123159118051
0.0429174473913
0.04848547770887
0.04840061082918
0.04543242950273
0.04269257535386
0.04207320549274
0.04355851985143
0.04543797212337
0.04630496036119
0.04527648031288
0.04193273245143
0.03668282696404
0.0304599972025
0.02406393175309
0.01804572906723
0.01274242366916
0.00851622221866
0.00580544163443
0.00498078246243
0.00614531225286
0.00841262560013
0.01053139671423
0.01075396532491
0.00822354305598
0.00258966532546
-0.00520156591737
-0.01351426958448
-0.02063163152914
-0.02551109200696
-0.02862306834801
-0.03072963489938
-0.03245826670511
-0.03386775153504
-0.03418371330352
-0.0321611426486
-0.02768158944823
-0.02161214631428
-0.01541870323945
-0.01076507575992
-0.00858805314253
-0.00883699958871
-0.01072670570884
-0.01264643555715
-0.01334877916909
-0.01246690143673
-0.0099166984905
-0.0056486826461
-0.00049533644858
0.00489235966768
0.00995749073878
0.01427887410192
0.01714223511437
0.01849178406019
0.01843118234178
0.01616030588123
0.0107880992302
0.0014144004866
-0.01175543769446
-0.02716181040254
-0.04203901400177
-0.05468086789913
-0.06444394222116
-0.07103224662921
-0.07476991645765
-0.07593854562789
-0.07445110779766
-0.07037472626237
-0.06451732795809
-0.05718717616917
-0.04810015760118
-0.03712782022122
-0.02343309514563
-0.00522864557822
0.01521171155224
0.03316433539001
0.04556174532068
0.05196753914904
0.0531831726216
0.05072134928087
0.04646432870015
0.04204750788795
0.03853715748788
0.03602120361829
0.03388138134307
0.03185239708426
0.02985547724577
0.02775715624238
0.02512803573589
0.02124226636409
0.01429893550936
0.00115886192096
-0.02078401040752
-0.05076450254158
-0.08439960797386
-0.1140882235455
-0.13480369620959
-0.14538614261938
-0.14751832399614
-0.1431915167828
-0.1338978376452
-0.12052198241437
-0.10523302328627
-0.08995514939946
-0.07447568968011
-0.05737710090373
-0.0367874529264
-0.0123717339205
0.01176198806431
0.03085231756807
0.04139938118337
0.04122910755835
0.03023319964425
0.0131736071631
-0.00316973476705
-0.01336298123471
-0.01288410600952
0.00280641058537
0.0332645596478
0.07158319751735
0.10565123920738
0.12713537257947
0.13477511932135
0.13183141190423
0.12239988707146
0.11056250497001
0.09883737893207
0.08798147257662
0.07751819251061
0.06368460319333
0.04063230408127
0.00716324332643
-0.03347156573143
-0.07673423560928
-0.11580578810547
-0.14308307576987
-0.15545283738121
-0.15123274361073
-0.12970545697793
-0.09505835539508
-0.05418332771898
-0.01211344779863
0.0289070772684
0.06444696546878
0.09047935894256
0.1061394936984
0.11235557873846
0.10897562388762
0.09415595197082
0.06912230994374
0.03749939175044
0.00265176211181
-0.03093774590803
-0.0582414617954
-0.07732574840302
-0.08910241361472
-0.09531860662791
-0.09679366353931
-0.09235675972505
-0.07819234073937
-0.05342301693298
-0.02546159352535
-0.00281070071771
0.01069906098862
0.01687790249725
0.02026272693622
0.02547561923486
0.03544622151065
0.04978954117439
0.06501796336795
0.0777323392172
0.08634035299224
0.09079679994292
0.09233962798852
0.09176830616997
0.08859511986188
0.08153662846646
0.06833216258299
0.04635390817984
0.01573674169112
-0.01880433027868
-0.05009308963209
-0.07342583095218
-0.08804816397953
-0.09564022258926
-0.09787692195526
-0.09394115742546
-0.08369101631683
-0.07062680752841
-0.05850491623107
-0.04968563503289
-0.04423914646795
-0.04070972081503
-0.03801111240158
-0.03567782387315
-0.03378447905856
-0.03265407597522
-0.03289475887791
-0.03443095017516
-0.03630110596066
-0.03667947979703
-0.03317943723171
-0.02288009996623
-0.00283165614266
0.02655950029586
0.05675272828761
0.07926321823648
0.09095238922234
0.09283860781039
0.08649338690761
0.07400157966903
0.05899594203241
0.0446979602857
0.03336606158762
0.02589685120538
0.02164436909519
0.01947609590038
0.01785579353535
0.01549754521852
0.01177448055538
0.00656270397907
-0.00010909918114
-0.00774401279381
-0.0162071806158
-0.02513570542718
-0.0340176146395
-0.04232564666921
-0.04918568345285
-0.05390835614951
-0.0557915154989
-0.05310841922504
-0.04412210359571
-0.03007214692448
-0.01437696409085
-0.000822730412
0.00832472467551
0.0128608845885
0.01433400158267
0.01483047282884
0.01623986768117
0.01922321923229
0.02360279651306
0.02841862482664
0.03228889645527
0.03420700670663
0.03360818413203
0.03063478770343
0.02581776088811
0.02015951542185
0.0154221619787
0.01383858847317
0.01717255037
0.02731608240979
0.04675024154672
0.07439190253172
0.10241827177666
0.12337610812516
0.1340425576296
0.13482709038762
0.12750129351492
0.11271401353693
0.09193141757741
0.06845553987882
0.04574742311216
0.02417429828683
3.879161416e-05
-0.02811874025712
-0.05540655530164
-0.07695597642597
-0.08973499218867
-0.09202287081799
-0.08344174235215
-0.06635110759631
-0.04689139841786
-0.03117214837369
-0.02195924393417
-0.01877248180462
-0.02003825799846
-0.02481914620738
-0.03268577688601
-0.04364309880277
-0.05747179333819
-0.07287189280745
-0.08844384950763
-0.10299715171427
-0.11564778742615
-0.12582522662767
-0.1337298314559
-0.13881648157167
-0.13927223615076
-0.12828719393258
-0.10114656425891
-0.06023896468879
-0.01195353599492
0.03394195786775
0.06633088063007
0.08063123778563
0.07955935253931
0.06946278521169
0.05639612903234
0.04455755922647
0.03573264543004
0.02973785851684
0.02491337075828
0.01966255109839
0.01346064293022
0.00657643816113
0.00028543031466
-0.00385703412296
-0.00443436644572
-0.00134063504417
0.0043642486955
0.0108897523324
0.0169852709771
0.0227128171969
0.02956118568435
0.03894173280364
0.04995060109237
0.06070889973886
0.06932403974045
0.07440601102062
0.0743417310176
0.06870600154792
0.058657590236
0.04661505918875
0.03598205256158
0.02973645846526
0.02994458027123
0.03748513929736
0.05274620536703
0.07164503012944
0.08887437436549
0.10001389014075
0.10306880988113
0.09692028002902
0.0787530452002
0.04884484827446
0.01423893124226
-0.01490971070938
-0.03305815821369
-0.04035283363141
-0.03970477890891
-0.0335176054738
-0.02317400642349
-0.01100761220132
6.467961157e-05
0.00813027586682
0.01277148643648
0.01369494102186
0.00848981199122
-0.00689820528487
-0.03225598264633
-0.06416072870281
-0.09714662769923
-0.12569364337401
-0.14691533005964
-0.16053779591796
-0.16801291962859
-0.17061194082571
-0.16879241364057
-0.16197743764293
-0.14907662819029
-0.13201698172257
-0.11446137868061
-0.09948856487531
-0.08845507871309
-0.08048176698354
-0.07398156864906
-0.06778455886186
-0.06094496499072
-0.05323831089967
-0.04568091166446
-0.03882587763582
-0.03250773999299
-0.02625995404214
-0.01957456739437
-0.01169161477769
-0.00163400307542
0.01164598173411
0.02900048842173
0.05039685403606
0.07371865407904
0.09479248955952
0.11005449139631
0.11853066998039
0.12120631610833
0.11854553428121
0.10940272959638
0.0918108115919
0.068658493371
0.04666130767916
0.03122704551177
0.02343646030816
0.02174816726356
0.02351071342923
0.02608053869217
0.02748519712322
0.02653404743016
0.02230223137694
0.01449911049301
0.00217680955041
-0.01671156989145
-0.04366552122264
-0.07736386291769
-0.11136046238712
-0.13778836143379
-0.15361423494321
-0.15988678992993
-0.15878917108777
-0.1479153052018
-0.12402643028337
-0.08835397987295
-0.04572712416383
-0.00169534944851
0.035214579558
0.05847148055201
0.06651807004536
0.05860605106225
0.03755265849426
0.00894486114585
-0.02204330101539
-0.05030828007893
-0.07068414126011
-0.08123354789231
-0.08177812836583
-0.0694970126937
-0.0434351425556
-0.01204575584472
0.01356568998779
0.02809294907562
0.03314827618657
0.03314123633853
0.03231282330074
0.03296576920599
0.03561586529241
0.03918085729415
0.04205945691427
0.04266576202674
0.04015488289422
0.03528985842379
0.02957659344991
0.02464095815198
0.02199461953046
0.022252963238
0.02468012720421
0.02781564168745
0.02984230452398
0.0282439099069
0.02104805149719
0.00925529109101
-0.00379535627236
-0.01463692019713
-0.02066549550161
-0.01983884602493
-0.0125062684397
0.00122392292961
0.02361121121894
0.05454971653799
0.08879112708274
0.11772184326827
0.13610426854392
0.14325280952924
0.14085040740071
0.12860848597454
0.10510957400836
0.07185557773171
0.03252829087861
-0.00931063811712
-0.05135763493226
-0.09178550988858
-0.12634749265444
-0.15190509228733
-0.16871981970659
-0.17944137149806
-0.18621038693363
-0.1892949273025
-0.18775541043286
-0.18166302660802
-0.17152240624362
-0.15796817940307
-0.14042693678731
-0.11596670405927
-0.08361014444293
-0.04506737235232
-0.00360028841773
0.03826481326456
0.07723962183683
0.1062894683751
0.12048527155038
0.11793408244957
0.10079424793777
0.07488400806435
0.04661023638897
0.02130093536349
0.00133877466715
-0.01342190936961
-0.02491066423184
-0.03458297274221
-0.04246144087492
-0.04731317745223
-0.04756230745273
-0.04042222436255
-0.02164373565283
0.0090073307994
0.04454240699732
0.07443055691203
0.09276626581371
0.10021590786581
0.10036480281121
0.09770952761369
0.09500692419445
0.09324339907241
0.09173087548512
0.08867631565517
0.0831222138713
0.07507623622568
0.06577517892423
0.05728503581542
0.05152081832179
0.04960195585762
0.05175612776173
0.05711670570673
0.06413791038147
0.07091660740765
0.07641866614317
0.07999470019694
0.08130891313662
0.07898943437144
0.06961157218397
0.04934548368432
0.02011930622847
-0.00915811527457
-0.03142623793994
-0.04356215494679
-0.04642142737674
-0.04104173818785
-0.02733926064156
-0.00959123508663
0.00657927425533
0.01770481110945
0.02341251546717
0.02557210402327
0.02689918376086
0.02905840520832
0.03236897292712
0.03628354233162
0.04016035353278
0.04319511828901
0.04468219620881
0.0443571970894
0.04280774669186
0.0406059586377
0.03842043853503
0.03725645220935
0.03740189201461
0.0384530464201
0.03943520599591
0.0392115216629
0.03628688949863
0.02995461457405
0.02105413398348
0.01114883385633
0.00159701580022
-0.00655066497515
-0.01292558928583
-0.01775697652735
-0.02138302733375
-0.02391818242485
-0.02539923904314
-0.02565960184821
-0.02450942888488
-0.0217123921667
-0.01686510048321
-0.0104664472778
-0.00285839496832
0.00532673196804
0.01317573423375
0.01991605760974
0.02503991886501
0.02829775250742
0.02972676607735
0.02926276235118
0.02628173222234
0.02076861703837
0.01275258753974
0.00335504868908
-0.00561365256383
-0.01223430932054
-0.01585329148607
-0.01699909873587
-0.01657002071795
-0.01550305184812
-0.01460869242201
-0.01453852788343
-0.01573488095419
-0.01864837748972
-0.02306290927157
-0.02818712323906
-0.0330161890583
-0.03679573086632
-0.03900158590835
-0.03982020218421
-0.03988635372147
-0.0396509363084
-0.03914770954344
-0.03809727495882
-0.03564154490168
-0.0310384560449
-0.02448030493278
-0.01706550221043
-0.01025026347817
-0.00507851973914
-0.00193012406156
-0.00090453229445
-0.00216969196173
-0.00564649079158
-0.01168607575615
-0.02125026717298
-0.03785282379392
-0.06428122671519
-0.09512911378586
-0.12211937288135
-0.1407674480463
-0.15092401244281
-0.15446509919371
-0.15322160865377
-0.14803760276634
-0.13857206639782
-0.12621835679171
-0.11365366769081
-0.10264973017499
-0.09397963185056
-0.08749919259875
-0.08230521719238
-0.07743915617991
-0.07193195072522
-0.06510509768335
-0.05738987772404
-0.0496107016811
-0.04311111519435
-0.03920828246902
-0.03879262191197
-0.04150109187124
-0.0468511244406
-0.05398440522363
-0.06104930302473
-0.06690464983956
-0.07117775841656
-0.07414644361761
-0.07649766648282
-0.0787883524135
-0.0811061755907
-0.08339974080483
-0.0853327117579
-0.08699729750239
-0.08893404751499
-0.09129934287806
-0.09398805375465
-0.0970912734749
-0.10028547855217
-0.10333906662395
-0.10640892264723
-0.10958984702958
-0.11251671063852
-0.1149000375142
-0.11621525820309
-0.11651078065818
-0.11551076952498
-0.11246128443211
-0.10677696705421
-0.09741015411698
-0.08384901699615
-0.06692415698493
-0.04747970800876
-0.02687270515044
-0.00599723070503
0.01338169297803
0.02955172723822
0.04212647223656
0.05157016204191
0.05893824839029
0.06527774671722
0.07168508816044
0.07867562846644
0.08618559150681
0.09413838834178
0.10154163793929
0.1075067214446
0.11163161890601
0.11383542245859
0.11361422150755
0.11038679669748
0.10391848642721
0.09556849244032
0.08652081208247
0.0779521725086
0.07030767494903
0.06373128357626
0.05750904406783
0.05120773223765
0.04451300231508
0.03774621832418
0.03150901374002
0.02693594501231
0.0247016534471
0.02457395002789
0.02587197779547
0.02726167115079
0.02713210699465
0.02406240213376
0.01731086034962
0.00762266899191
-0.00251165581922
-0.01097837667699
-0.0169417074185
-0.0202915917528
-0.02171710339424
-0.02311146838696
-0.02642140266339
-0.03232788555229
-0.04043744857379
-0.0494916073194
-0.05770443944095
-0.06362205076038
-0.06699102834305
-0.06829829501141
-0.06809778891017
-0.06693193105024
-0.06515901226595
-0.06290474927091
-0.05953976669402
-0.05426902239266
-0.04535839592703
-0.03053700003926
-0.01171664294908
0.00587370224682
0.01806527580275
0.02297077220118
0.02066036677797
0.01240690796695
-0.00026908994919
-0.01661451644457
-0.03551397105022
-0.05460971360687
-0.07105074602537
-0.08350915357593
-0.09185601634206
-0.09651879994297
-0.09787832560594
-0.09632801142337
-0.09178356637225
-0.08379477849416
-0.07117487913311
-0.05432182125292
-0.03681005530148
-0.02265956484949
-0.01342094480966
-0.00813261888373
-0.00469896899566
-0.00089571052987
0.00519793442112
0.01483680725243
0.02740132719543
0.04072307349202
0.05263089006486
0.06187191430638
0.06833554574104
0.07272281790683
0.07607685920662
0.07902895253679
0.08248315690959
0.08686650605168
0.09231533403441
0.09896827835591
0.10702570115324
0.11762995813517
0.13040969371874
0.14311100481933
0.15330118485012
0.15956441815667
0.16075284240063
0.1537106189567
0.13455276665693
0.10402055702551
0.069286105181
0.0394732485285
0.01969945271491
0.00953646751631
0.0059523930635
0.00656964665129
0.0104306361899
0.01855436528598
0.03188926270973
0.04816414967586
0.0636355114105
0.07507656014507
0.08116923189825
0.08273419443538
0.08135361401218
0.07816963039116
0.07372160534457
0.06892076010224
0.06460924908223
0.06073135814977
0.05646872296632
0.05180032476269
0.04724285095396
0.04387995585757
0.04255451371244
0.04342574889335
0.04582872687857
0.04853492940212
0.05072689190151
0.05200889285759
0.05218863212696
0.0514866988129
0.05064306876207
0.05052951702102
0.05195310674075
0.05565694498866
0.06216974018823
0.07116807682596
0.0824778302352
0.09428130877403
0.10445554477271
0.11182100377493
0.11558167187993
0.11483327412921
0.10813818429621
0.09436462803886
0.07326970180711
0.04714020449897
0.02081505988042
-0.00062368122818
-0.01510028328273
-0.02308202411458
-0.02567782771244
-0.02336069556328
-0.01548355909916
-0.00034969991627
0.0199142688549
0.03907479169007
0.05262905452167
0.0586395587234
0.05650906892566
0.04613389493322
0.0273690936172
0.00229672558763
-0.02372800215388
-0.04564481264821
-0.06108259473962
-0.07086233291462
-0.07729278060752
-0.08262463770011
-0.08795242780482
-0.09335421549419
-0.09845083512892
-0.10219257194523
-0.10414879311216
-0.10509237028974
-0.10555996592201
-0.10584778629388
-0.10643019335371
-0.10804691101085
-0.11073914900966
-0.11383131947967
-0.11639773279173
-0.11753022695467
-0.11542338327227
-0.10864087119553
-0.09703671105352
-0.08041359994786
-0.06050950935996
-0.04106225308243
-0.02550217702558
-0.01529900062913
-0.00994556690619
-0.00821287171169
-0.00895760917333
-0.01140785059639
-0.01526025987031
-0.01965224686275
-0.02378651639179
-0.02705268915889
-0.02950800171993
-0.03151998740907
-0.03304105527
-0.03401054959774
-0.03452147484682
-0.03474336682589
-0.03483054792965
-0.03492349839763
-0.03522555682615
-0.03577902708731
-0.03642693064742
-0.03691003841928
-0.03712767625705
-0.03713721388348
-0.0370604449885
-0.03700671036111
-0.03738850334657
-0.03876487281773
-0.04070543788089
-0.04177858281373
-0.04113945386993
-0.03849792725087
-0.03453276883616
-0.03039144506266
-0.02734056351732
-0.02640324518213
-0.02900972372339
-0.03579056221663
-0.0470181228807
-0.06153561399943
-0.07796257392006
-0.09494768293747
-0.11153246358221
-0.12711456975655
-0.14128154410629
-0.15399250080645
-0.16494252373967
-0.17343540216776
-0.17907545056261
-0.18111545887793
-0.17815699513313
-0.1682400231107
-0.14931496087786
-0.1226619018654
-0.09563989866988
-0.07508667362818
-0.06355316390384
-0.05952166319933
-0.0596757048639
-0.06094168980579
-0.06102562091836
-0.0589434311005
-0.05487108056204
-0.05044177085788
-0.04711227544951
-0.04550272000995
-0.0458359250872
-0.04752966357662
-0.05006188539771
-0.05256297496649
-0.05430915240574
-0.0544143542248
-0.05237290626775
-0.04793870178173
-0.04207244968084
-0.03580374213663
-0.02991903022972
-0.02518926009935
-0.02179905140033
-0.01948719193898
-0.01808979290133
-0.0173354638267
-0.01691680521577
-0.01662388491309
-0.01630922602037
-0.015635401711
-0.01448102499384
-0.01241244698848
-0.00844747212809
-0.00109863414948
0.01005088389658
0.02392464281709
0.03808910499203
0.0499263431293
0.05776810759623
0.06195364996531
0.06370659372067
0.064018168181
0.06390573216228
0.0644403071258
0.06650144218344
0.07077915761396
0.07756289338617
0.08669385701781
0.0970781727352
0.10696322070238
0.1148974461591
0.1204969686394
0.12343099446592
0.12352960992408
0.1209751096473
0.11605149895687
0.10985862813963
0.10359737434045
0.09810042633306
0.09392568127692
0.09080892892445
0.08853926176296
0.08652649866728
0.08377951829187
0.07941528039368
0.07283914095821
0.06421039634233
0.05364756505104
0.04208051167449
0.03051676587482
0.01948125701597
0.00985118759381
0.00187325353459
-0.00461065777315
-0.01051363513444
-0.01705754099169
-0.0248118220301
-0.03356595224203
-0.04288519941666
-0.05213572529356
-0.06032530720125
-0.06705836758474
-0.07214620540494
-0.07492298636406
-0.07419315999158
-0.06911467984259
-0.05893338959946
-0.04098390058155
-0.01366344166091
0.01781889191884
0.04552575427755
0.06460924908223
0.07465132597056
0.07833439738658
0.07932947774687
0.08026639658148
0.08243183368209
0.08585609350701
0.09128631412045
0.09967359482802
0.11202741240725
0.12792807530428
0.14497440508604
0.16065260734553
0.17290503815628
0.18122991039507
0.1864971275742
0.18955291109961
0.19092838079469
0.19021089935001
0.18663652088422
0.17959966010572
0.1696302851245
0.1577722441643
0.14591593077417
0.13534510947131
0.12630095623568
0.11854132332916
0.11105993717703
0.10266365870868
0.09192076422864
0.07775609330566
0.06066059975899
0.04313342964109
0.02765233952749
0.01612957312951
0.00872864855339
0.00424141846353
0.00173889033275
-0.0001771360732
-0.00299949893262
-0.00732329909431
-0.01305868056419
-0.01958173681016
-0.02634396793411
-0.03334097942967
-0.04106149727052
-0.05046332949271
-0.06203700522119
-0.07516491815594
-0.08799655282369
-0.09849715560142
-0.1055828202344
-0.10853858465097
-0.10702764466957
-0.10067587339694
-0.09011772094125
-0.07814760387276
-0.06752895047359
-0.06013682210841
-0.05682751767523
-0.05720081677451
-0.06128893138985
-0.068362215104
-0.07730145444892
-0.08702940151286
-0.0960509523734
-0.10396261144608
-0.1105981361027
-0.11532699925879
-0.1181160531636
-0.11878487471798
-0.11633233706637
-0.11037877069486
-0.10104985632604
-0.08947474095584
-0.07751772462705
-0.06722288264286
-0.05999174221357
-0.05610280203088
-0.05511402010313
-0.05668913211441
-0.06067042531376
-0.06636845527909
-0.07299383046156
-0.07997936801257
-0.08676763865621
-0.09295694636019
-0.09823110981064
-0.10224133980866
-0.10477442541478
-0.10527228951432
-0.1026963025848
-0.09575489005266
-0.08385229218107
-0.06614721833701
-0.04319295882642
-0.01758022451457
0.00627844312137
0.02443812702935
0.03542574620621
0.04037824330785
0.04122748796141
0.03944607529094
0.03574952522926
0.03091165600087
0.02608988916517
0.02180105250233
0.0182075304007
0.01502999997371
0.01242487109657
0.01112907837276
0.0121850375825
0.0178935589369
0.03022286301667
0.04788802639301
0.06712347538175
0.08356961852837
0.09537172940756
0.10294874376127
0.10812317603123
0.11252142546517
0.11701843432145
0.12162262450415
0.12562392872347
0.12843194990802
0.12958567878641
0.12906024554784
0.12715725513369
0.12423197513065
0.12058942962918
0.1163222595743
0.11118291857138
0.10470877775213
0.09639999350962
0.08629673184798
0.07504096500342
0.06356727239274
0.05303514146123
0.04443342611874
0.03788370410892
0.03284830523855
0.02875307519398
0.02478730133242
0.02079480052225
0.01772392235335
0.01738706778433
0.02156006007667
0.03151138914887
0.04730896650018
0.06539122647619
0.0814066288187
0.09251231301343
0.09822459543184
0.09973546343115
0.09864025598888
0.09593059832519
0.09234265123614
0.08815523733282
0.08305357895206
0.07715367522585
0.07077451476939
0.06449987230217
0.05940764357471
0.05666487415135
0.05671626936093
0.05926591084689
0.06301646546877
0.06653196258801
0.06874174065374
0.06882502392753
0.06647955962922
0.06215739526044
0.05651122838825
0.05052069921545
0.04522173793628
0.04132430386741
0.03970153971503
0.04108222811136
0.04490264134795
0.04982286888032
0.0542203984934
0.05715010539475
0.0578020471499
0.05571118349064
0.05028654148889
0.04143886335768
0.02946106580059
0.01603730289225
0.00255396473006
-0.00946240154867
-0.01885972409315
-0.02478866899206
-0.02713900647762
-0.02638973774365
-0.02262329667533
-0.01629399101182
-0.00828432832871
0.00070381636543
0.01007639434795
0.02002111186552
0.02977863276959
0.03820139704657
0.04430857319014
0.0476171937935
0.0473209155265
0.04271269434697
0.03453458998294
0.02478988908842
0.01587312974904
0.00971350025923
0.00758113892725
0.01029912851742
0.01678724825783
0.0249196439971
0.032109401925
0.03702287033947
0.03885171920478
0.03673774929584
0.02998309068737
0.01809476686349
0.00051168070108
-0.02214516286564
-0.04609700411402
-0.06700549674239
-0.0833176812265
-0.09553088180025
-0.10434613200161
-0.11045960657772
-0.11481920163135
-0.11767390319882
-0.1192692061853
-0.11974493579332
-0.11945938285717
-0.11898502090879
-0.11866610427567
-0.11857267152772
-0.1186183081704
-0.11868744696424
-0.11876497167113
-0.11923044383186
-0.12044877663265
-0.12253003068339
-0.12551282437335
-0.12921975785096
-0.13237534453896
-0.13406177684663
-0.13359313747411
-0.13078975913413
-0.12557372121832
-0.1175450192734
-0.10640517957874
-0.091230851923
-0.0720231520285
-0.05232057529105
-0.03619874743402
-0.02544032641797
-0.02004124165594
-0.01868012878796
-0.01946111282913
-0.02126229178049
-0.02362610431259
-0.02663274926682
-0.03052063491195
-0.03529809317446
-0.04098523225014
-0.04734189830464
-0.05368711920743
-0.05912961276658
-0.06317173082881
-0.06517963513366
-0.06457865669557
-0.0606911561546
-0.05277067927636
-0.04154114990224
-0.02858649424998
-0.01528422630592
-0.00270411612278
0.00848040393254
0.01852441353989
0.02766402941829
0.03646209389656
0.04541932876304
0.05446121456294
0.06362453414235
0.07197294452334
0.07849855253427
0.08312034233706
0.08562776632943
0.08485903363934
0.07907296958253
0.06678433178239
0.04925906918978
0.03057347696147
0.01504642268669
0.00462704089598
-0.00050742476023
-0.00096665571417
0.00264351584401
0.0105048389235
0.02205430347727
0.03487229394057
0.0461769402208
0.05428107939211
0.05903794357974
0.06186212474265
0.06426963759931
0.06753424115693
0.07298674022606
0.08105312479313
0.09201747216152
0.10575741278459
0.12115726031655
0.1359177989495
0.14791436943468
0.15667685676682
0.16300890494782
0.167630190876
0.1711343868077
0.17332645728022
0.17338220740602
0.17021348398728
0.16336226500921
0.15200147630082
0.13653400159883
0.11935864392747
0.10335285119347
0.09001259110429
0.07969766611803
0.07216546061301
0.06653574164753
0.06204582302675
0.05854292277261
0.05635718672368
0.05544801698332
0.0556818507905
0.05675686725757
0.05807561506869
0.0590211357626
0.05929466769034
0.05820122380919
0.0547597962567
0.04855137730883
0.03931078495983
0.02711959650806
0.01339133497848
-0.00035479434045
-0.01308344960007
-0.02428442727968
-0.03381736767377
-0.04192862947251
-0.04972666482205
-0.05834025720878
-0.06769029831991
-0.07769156136534
-0.08787594683818
-0.0974105860095
-0.10562683728014
-0.11217461577363
-0.11729344188196
-0.12174420224782
-0.12616012328394
-0.13027263982652
-0.13338205000619
-0.13454578439456
-0.13253190557655
-0.12722714973944
-0.11981749373626
-0.11200956084986
-0.10530421356957
-0.10118147557074
-0.1006420418164
-0.10398884891651
-0.11014212958632
-0.11708271432447
-0.12278862632824
-0.12614914601579
-0.12722891330055
-0.12652885152074
-0.12451475675647
-0.12171177431797
-0.11907510648973
-0.11745442981785
-0.11693687861773
-0.11705914019122
-0.11680533135511
-0.11526966552709
-0.11227481483768
-0.1081458503884
-0.10331444875045
-0.09796848316897
-0.09259707191999
-0.08741439770115
-0.08229136064078
-0.07685131447256
-0.07095299435225
-0.0648755468103
-0.05894166753938
-0.05288243146526
-0.04684885700488
-0.04137188402642
-0.03629333189535
-0.03115255125071
-0.02550420692041
-0.0186697273765
-0.0097885919716
0.00173834866755
0.01459141672131
0.02652842203012
0.03607904122459
0.04231639697113
0.04522728055693
0.04510271555667
0.04238953077076
0.03770831975577
0.03210261401427
0.02678685571527
0.02216104931207
0.01811980223309
0.01411008690698
0.00907684390009
0.00130096319706
-0.0109621087255
-0.0280285862932
-0.04759052443054
-0.06652685185988
-0.08229985452695
-0.09419410247654
-0.1029716340647
-0.11003390451965
-0.11634284645096
-0.12190691775378
-0.12669602991606
-0.12995609860224
-0.13101984987282
-0.12977949055363
-0.12647108589653
-0.12106263986418
-0.11376534789763
-0.10552973344579
-0.09765752055637
-0.09112960911869
-0.08627351762516
-0.08297857361819
-0.08010961959763
-0.07680132291366
-0.07229974319491
-0.06560296178289
-0.05542915767672
-0.0401628729058
-0.0198908962715
0.00171242395928
0.02022821152586
0.03408722491601
0.04467755336425
0.05460276733555
0.06629661715702
0.08172356594445
0.10241708407224
0.12749290760187
0.15389712454217
0.17838856150459
0.19949277342547
0.21782513516014
0.23566625514721
0.25494330978181
0.27389349376275
0.28997080069944
0.30187894119166
0.31051157284021
0.31699964219315
0.32200578034546
0.32562770297922
0.32744604245994
0.32605801189081
0.32043912622931
0.31129977668462
0.30031423059184
0.28905382090272
0.27894861572475
0.27039502040691
0.26324766712601
0.25704176755116
0.25111415072174
0.24430158612399
0.23500142859862
0.22159703247059
0.20486825166232
0.18680974577478
0.1697067301001
0.15522094709036
0.1433459183578
0.1332304197415
0.12458659487855
0.11682681800785
0.1098485866386
0.10380882171881
0.0992151409207
0.09617047862761
0.09450690063233
0.09325243282424
0.09129927089597
0.08816524284281
0.08285872344459
0.07354524923326
0.05885687264178
0.03970981765495
0.01809339200564
-0.00396526998695
-0.02442048781911
-0.04217333257471
-0.05760010140693
-0.07082191497319
-0.08257515001581
-0.09327870628572
-0.10316926088249
-0.11241913892061
-0.12125814321043
-0.12982095223531
-0.13829385563447
-0.14693800441681
-0.15517253913736
-0.16234058726805
-0.16787194271267
-0.17170495281435
-0.17373578341367
-0.17341517520152
-0.17031685026314
-0.16433812615248
-0.15498164264463
-0.14306497227518
-0.12886377044342
-0.11226812050366
-0.0936140348345
-0.07340546002177
-0.05264672612384
-0.0341178460955
-0.02010917474983
-0.0111200986075
-0.00677750932175
-0.00586357076818
-0.00708708627918
-0.00958642308417
-0.01298972172557
-0.0170577965281
-0.02167506585587
-0.02681335592032
-0.03267673233687
-0.03860150947299
-0.04386750295665
-0.04785962945998
-0.05045123650222
-0.0516173103084
-0.05117202912287
-0.04980372164538
-0.0485826535253
-0.04809454299845
-0.04896635403605
-0.05174727396512
-0.0572228432929
-0.06616593367943
-0.0786690061145
-0.0941984933838
-0.11101469643582
-0.12676365708609
-0.13975422820027
-0.14933792316337
-0.15574389694695
-0.15942164168859
-0.16092480760467
-0.16078343478728
-0.1596896309957
-0.15843710670393
-0.15766239950069
-0.15745908609808
-0.15757270982122
-0.15781133043713
-0.15796630786883
-0.15737490304821
-0.15526784341955
-0.15076856712756
-0.14305125968775
-0.13231966639525
-0.11957531000707
-0.10545893906396
-0.09060320412195
-0.07452348578538
-0.05704105253408
-0.0382023328137
-0.01899049754835
4.63377482e-05
0.0180251673843
0.03376827589095
0.04697907259891
0.05798459372062
0.06734510822531
0.07585400266759
0.08450470181978
0.09448073514398
0.10714008068829
0.12378863746144
0.14485973762265
0.16805027833135
0.18880476528619
0.2037908597864
0.2121847628459
0.21508294159347
0.21456211520842
0.21261201251882
0.21037275778877
0.20810456626004
0.20568949528432
0.20317120199693
0.20069721368362
0.19843305315172
0.19611134294187
0.19356155749174
0.19046114507285
0.18602546495406
0.17981510248986
0.17175055346599
0.16241958760771
0.15154194266221
0.13879535482936
0.1247588120199
0.11085615589086
0.09838921846309
0.08878497261436
0.08241041901143
0.07869056474934
0.0765639979753
0.07431146255033
0.07026077861984
0.06314290200326
0.05214875405117
0.03823443682416
0.0235321352981
0.01015404862259
-0.00088969678648
-0.00932817655244
-0.01559460586362
-0.02044429814968
-0.02455929807423
-0.02838430736702
-0.03182450042673
-0.035244045425
-0.03879463741039
-0.04200899747181
-0.04485851632908
-0.04720286490505
-0.04933393055948
-0.05197761664112
-0.05537200390024
-0.05943244140342
-0.06392250398838
-0.06880044204508
-0.07352642591771
-0.07733834526812
-0.0796724363968
-0.08059179160237
-0.08016205854747
-0.07873663328453
-0.07736361098039
-0.077045306195
-0.07836160661518
-0.08142800749831
-0.08608967537688
-0.09132370881426
-0.09602154769116
-0.09981072070232
-0.10196841972865
-0.10219008856326
-0.10029494419651
-0.09658495148023
-0.09156567659718
-0.08616244926608
-0.08075029615629
-0.07556060368404
-0.07057706790682
-0.06599922316768
-0.06196160398584
-0.05859345419716
-0.05617748344536
-0.05482879108637
-0.05439027621695
-0.05515047902981
-0.05755820783273
-0.06229919997035
-0.06939648971026
-0.07786636986179
-0.08645473252729
-0.09371131862407
-0.09862334019861
-0.10063462766152
-0.10037783156883
-0.09911951271912
-0.0977578635846
-0.09648129727603
-0.09511410552088
-0.0935423406766
-0.09164557671292
-0.08872083657552
-0.08409264036705
-0.07702705873614
-0.06727640132399
-0.05376493184266
-0.03761189975124
-0.02200384043571
-0.00937077915018
-0.00027667588932
0.00572430702591
0.00959590672403
0.01270822497998
0.01531170186825
0.01666759243586
0.01653097403527
0.01492336931025
0.0127770110616
0.01080355018502
0.01000784940632
0.01135017494978
0.01528029248491
0.02209327817787
0.03103085473659
0.04037842326307
0.0486017647692
0.05438959238713
0.05718606044683
0.05671497368338
0.05286404004222
0.04600306749147
0.03723424573574
0.02815920498691
0.01975655970303
0.01275941144151
0.00785941807358
0.0046801384819
0.00306704980164
0.0031946132157
0.00482361317621
0.00758104894965
0.01076625626613
0.01352706440031
0.01557246777299
0.01654856645715
0.01611390982754
0.01424645696938
0.01102480152352
0.00657058241841
0.00098796349143
-0.00513822168147
-0.01106349909309
-0.01660785450248
-0.02193626365314
-0.02737961379911
-0.03295093729712
-0.03848237912024
-0.04355675629032
-0.04758768113814
-0.04988646505352
-0.05030187367326
-0.04915041223059
-0.04652544149137
-0.0422819895339
-0.03645709114156
-0.0292707919529
-0.02103817915406
-0.01235688401611
-0.00384903691318
0.00413965018999
0.01094492300241
0.01635394849056
0.02076339473801
0.02480211884488
0.0293711061883
0.03526138231047
0.04315416048193
0.05361506513909
0.06547573344544
0.07661510525654
0.08515401622879
0.0903035426969
0.09162049095586
0.08946653499801
0.08518871159436
0.08051829789231
0.07686229174071
0.07533040497222
0.07614513421542
0.07891079394221
0.08247660653974
0.08608873960976
0.08888733114101
0.08965987888167
0.08785737545993
0.08301765989102
0.07489552519815
0.06426898976053
0.05232176299547
0.03979979526276
0.02722790435413
0.01494497473344
0.00322402761551
-0.0076543735018
-0.01749585071217
-0.02610118675361
-0.03389625284209
-0.04093369307639
-0.04701088868103
-0.05150710573436
-0.0541874306979
-0.05501670032252
-0.05471192816935
-0.05419466489757
-0.05416245291397
-0.05611978980323
-0.06123026598956
-0.06944792091088
-0.08048784946983
-0.09325311665406
-0.10645826636735
-0.11887272885425
-0.12950131578133
-0.1381575935452
-0.1448264818988
-0.14960324913328
-0.15246550881982
-0.15306630730269
-0.15088640180275
-0.14576628001686
-0.13831109534412
-0.12981285425061
-0.12166530988129
-0.11461347682885
-0.10873531169268
-0.10409477055643
-0.09963562427752
-0.09477330633353
-0.08868995626052
-0.08044807936717
-0.07027924202496
-0.0596126125653
-0.05013476726003
-0.04270866335014
-0.03787664986447
-0.03576012099236
-0.03626709442491
-0.03830955013116
-0.04065051554909
-0.04222785900505
-0.04225240489646
-0.04038205835842
-0.03710187067913
-0.03308878659139
-0.0294898694324
-0.02723239243721
-0.02689952927488
-0.02807989152518
-0.03021061526469
-0.0324036826891
-0.03422072289317
-0.03593382096468
-0.03788255239554
-0.0402808875362
-0.04317834646291
-0.04651028926222
-0.05039653011667
-0.05467312982486
-0.0583550495275
-0.06059772340665
-0.0609599732557
-0.05927152544961
-0.05553720278818
-0.04983852498408
-0.04246219668683
-0.03431590120671
-0.02664951389471
-0.02022462681797
-0.01531720849784
-0.01177156887999
-0.00905853525646
-0.00693025530877
-0.00542696702314
-0.0042125968362
-0.00315846165252
-0.00291156309669
-0.00380328869827
-0.0051159612213
-0.00632416254346
-0.007304346211
-0.00726247063233
-0.00571979015
-0.00313349358617
0.00030370743015
0.00435780629878
0.00835729297043
0.0120531664005
0.01546317377234
0.01883667183003
0.022404777057
0.02603719467894
0.02984112401777
0.03418607431595
0.03901123150791
0.04468295202072
0.0516500261666
0.06048985825041
0.07197398826359
0.08638966072132
0.10341626741145
0.12154106880043
0.13750874701976
0.14923135368468
0.15623096373355
0.15969855677439
0.16122810412508
0.16176419071242
0.16157520174497
0.16106196947002
0.160688058523
0.16069072186019
0.16138599683127
0.1627459903778
0.16438545437419
0.16596931220895
0.16735957422275
0.16831056555522
0.16854339161319
0.16736533278965
0.16414762556123
0.1590908120202
0.15260760145807
0.14533625903361
0.13821683480218
0.13161319820976
0.125787112113
0.12072428806777
0.11634932483873
0.11292456113921
0.11077960294214
0.10976857854973
0.10971228855829
0.11078755696267
0.11220402045586
0.11265516818142
0.1107426041498
0.10576795816023
0.09804032129104
0.0892948577223
0.08095972803623
0.07443210452689
0.07047143419525
0.06835354126261
0.06685966103565
0.06526583368194
0.06275185931972
0.05833194327782
0.05222735848936
0.04469918398116
0.03620835704253
0.02723219808558
0.01821960899477
0.00967966507959
0.00198743619863
-0.00469703987575
-0.01032495568997
-0.01475064109609
-0.01812528366895
-0.02066290414651
-0.02261518429421
-0.02421226163912
-0.0261733703897
-0.0290784198274
-0.03318091286447
-0.03828867532615
-0.04386703507309
-0.04950290850694
-0.054879394493
-0.06026973703066
-0.0653105345575
-0.06978144990751
-0.07360751373787
-0.07624871643753
-0.07703857586994
-0.07473856825909
-0.06870056690041
-0.05946702879587
-0.04816713693244
-0.036550091997
-0.02632533537108
-0.01900676549984
-0.01506855357911
-0.01432718128
-0.01727583026735
-0.02416246083275
-0.0349379991889
-0.04864470208365
-0.06338364609072
-0.07710551921015
-0.08853253143789
-0.09702839712256
-0.10264116430673
-0.10609716823168
-0.10811532998383
-0.10930544580681
-0.11009984011065
-0.11077927902275
-0.11206980985605
-0.11442106871231
-0.11791061628945
-0.12277566955272
-0.12894676578887
-0.13572089195257
-0.14263002051902
-0.14880863888319
-0.1538451534759
-0.15800085927022
-0.16100128857131
-0.16311677010406
-0.16511816003011
-0.16687923776122
-0.16811470229854
-0.16879414121064
-0.16941948558492
-0.17053502796655
-0.17211474683136
-0.17425373051527
-0.17672552337495
-0.17904719759376
-0.18091833593474
-0.18143937826605
-0.17985865165204
-0.17634045520457
-0.17098538388917
-0.1636950022029
-0.15486888270652
-0.14556994887662
-0.13749067951611
-0.13175075597658
-0.12806617293675
-0.12544483729289
-0.12355667518851
-0.12221982388271
-0.12034109143163
-0.11665308924269
-0.10995839531117
-0.09863039444306
-0.08028295246132
-0.05284636844005
-0.01965107355474
0.01060889622739
0.0317098797517
0.04295768537752
0.04661898221245
0.04565453022985
0.04256246773297
0.03850159833727
0.03405702483172
0.02987430416043
0.02638041966258
0.02473953401999
0.02586368545914
0.03083380017639
0.03958737612624
0.05086952440541
0.06183797475271
0.06983468066029
0.07384793390594
0.07434576201443
0.07154328345053
0.06563211452782
0.05752239674482
0.04823184882797
0.03872596650011
0.03075137348942
0.02542905762237
0.02306937686202
0.02371168381493
0.02660889080434
0.03037126488478
0.03393189117299
0.03681250269241
0.03863300163572
0.039054708688
0.03825164054278
0.0361347193683
0.03251815580087
0.02744727696018
0.02192934257554
0.01658617709721
0.01245249422217
0.01073907223126
0.01159799127721
0.01458989070108
0.01920238401743
0.0253411135085
0.03268999143716
0.04087038483153
0.05007574194931
0.06055043117599
0.07194850660506
0.08369605506287
0.09516967569146
0.10565311074162
0.11440296521762
0.12087426274447
0.12483122599867
0.12668249728384
0.1273045664732
0.12756694117757
0.12828197523132
0.12971189937464
0.13190911656633
0.13475485636407
0.13799066708719
0.14058479350245
0.14122320262539
0.13931528143833
0.13525534780976
0.13009793930319
0.12511677893481
0.12102830440904
0.11781617579229
0.11531166707441
0.11252030974283
0.10810960740797
0.10135721983432
0.09214495243626
0.0806186049295
0.06754417468483
0.05421338023999
0.04212618430822
0.03244897021867
0.0256326373587
0.02169733711336
0.02017238221977
0.02049412774888
0.02209556360911
0.02449162411585
0.02730916133219
0.03009551950788
0.03253057990895
0.03420103219347
0.03471676584592
0.03333511648874
0.02861689948321
0.01952018852732
0.00603088592945
-0.01086322333452
-0.02932275582097
-0.04636179021828
-0.06005735388519
-0.06983655219454
-0.07583413561179
-0.07847083943106
-0.07825068222027
-0.07582027906018
-0.07191867003031
-0.06800511197412
-0.06538805926439
-0.06472308875163
-0.06666793674893
-0.07105499296846
-0.0770293621629
-0.08362752811676
-0.08976086974868
-0.09465791904928
-0.09764755103743
-0.09813396998525
-0.09580552945033
-0.09119525678135
-0.08530255126376
-0.07889945676363
-0.07264975608929
-0.06748313387569
-0.06373844579384
-0.06094910396067
-0.05843059472702
-0.05557502937451
-0.05183789941171
-0.0474271610858
-0.04217124509421
-0.03583046548615
-0.028051455002
-0.0186210674862
-0.0081727380995
0.00185690928208
0.01035782630966
0.01713253912736
0.02169384958128
0.02363502649218
0.02311886814542
0.02077975266711
0.01746559304222
0.01391887729218
0.01074430892804
0.00880497115944
0.00887016173585
0.0109782183164
0.01452334326234
0.01816548206502
0.02064014700994
0.02140514382975
0.02012532033178
0.01709069234152
0.01301279918242
0.00930214063184
0.00690758455071
0.00633073090883
0.00764695934692
0.01092270213238
0.01561269496189
0.0208723792157
0.02552606788001
0.02883621090449
0.03101184426762
0.03205550893703
0.03236042505437
0.032488556767
0.03307755378683
0.03404024940652
0.03549683571459
0.03741643239604
0.03946360292894
0.04204923545802
0.04569268073556
0.05039350686905
0.05603898991142
0.06219982870028
0.06812467421938
0.07306023393612
0.0768914084946
0.07928031398197
0.07998174342141
0.0795525862232
0.07875999147152
0.07807339034184
0.07764282949295
0.07791632542965
0.07909002933697
0.08052016942655
0.08150463242913
0.08145158163156
0.08027388271845
0.07874894222128
0.07776815030511
0.07788710070263
0.07944637665494
0.08216755145243
0.08590302582724
0.09080666148873
0.09660834565826
0.10299211296823
0.10985736845312
0.11647626524783
0.12159977019176
0.12478663309623
0.12589047838885
0.12406558853829
0.11839948262821
0.1085502097579
0.09547534762071
0.08057570360609
0.06609348370962
0.05473564626676
0.04751497923103
0.04355276128453
0.04135212494375
0.03907475569902
0.03564791891542
0.03087884656596
0.02518393342497
0.01910561130067
0.01296476913537
0.00667460373125
-0.00045502791992
-0.00870703593199
-0.01731079196664
-0.02560503222862
-0.03257104103963
-0.03794654447021
-0.04122594034656
-0.04256199984941
-0.04280835853959
-0.04277258344273
-0.04289344136554
-0.04348005937742
-0.04530754058309
-0.0489577161857
-0.05474557979467
-0.06244359603536
-0.0716203762649
-0.08121882755568
-0.09010386438965
-0.09766072375921
-0.10385787751059
-0.10868686774864
-0.11224076731089
-0.1151484117028
-0.11741926656872
-0.11890519277514
-0.11983153024307
-0.12117939480807
-0.12306806078706
-0.1250338915625
-0.12662890662063
-0.1270912475606
-0.12580953453287
-0.12241701880798
-0.11728232064963
-0.11137471484019
-0.10557997694199
-0.10035551712209
-0.09587092517569
-0.09192742257162
-0.0883644532665
-0.08529643278643
-0.08242517533911
-0.07978591615578
-0.07787633938074
-0.07679729191683
-0.0759473994245
-0.07481432940486
-0.07266015750075
-0.0695116970393
-0.06579400223979
-0.06165992706238
-0.05663352595279
-0.05054985196038
-0.04289740038028
-0.03230453816261
-0.01742160838842
0.00103762321291
0.02023709411531
0.03721279507404
0.05021902229199
0.05856491329996
0.06354672150712
0.066921709594
0.06994888024013
0.07350659485295
0.07793190955132
0.08313905767948
0.08845324316989
0.09287740615488
0.09556251792716
0.0958357979176
0.09244839292084
0.08545083436143
0.07545687749776
0.06355751882005
0.05206230356559
0.04307328860803
0.03742298276589
0.0350327276144
0.03560739300086
0.0391235595535
0.04514011025048
0.05302229265884
0.06150995238568
0.06873450645407
0.07381125903299
0.07643990085861
0.07707345119072
0.0761271746849
0.07381780940284
0.0697912034802
0.06348247749514
0.05413157259897
0.0415421216604
0.02704679382603
0.01249184682872
-0.00051232674031
-0.01056707463527
-0.01683979158169
-0.0191929291704
-0.01842146116103
-0.01539701143776
-0.01089885446721
-0.00595262340618
-0.0019401313711
0.00022387418577
3.385072777e-05
-0.00262276448827
-0.00707080753038
-0.01228157275837
-0.01746205872178
-0.02193763491188
-0.0250965003839
-0.02689498720523
-0.02837000092738
-0.02994161101017
-0.03141559898759
-0.03319117031177
-0.03539521500433
-0.03797576919723
-0.04043007040995
-0.04198635910568
-0.04196796768265
-0.0403094284334
-0.03771069516462
-0.03473074836617
-0.0319590097522
-0.02922044768178
-0.02617113174682
-0.02254126948895
-0.01851638033906
-0.01434561589229
-0.01059149455803
-0.00731917811987
-0.00483116049795
-0.00272888731812
-1.827297291e-05
0.00434844142936
0.01095540719327
0.01941916886748
0.02871577407689
0.03806930991831
0.04700383443658
0.05536707312733
0.06298792457157
0.0701641786601
0.07663065338717
0.08231407098899
0.08718509876541
0.09069829245789
0.09262784426186
0.09334075484406
0.09346362826529
0.09381702431772
0.09496931355439
0.09725704821953
0.10022584139371
0.10358855653489
0.107196586626
0.11071193978106
0.11374688449251
0.11593906293815
0.1174392775887
0.1183353825804
0.11857112391287
0.11817860559655
0.11762549524582
0.11726983175767
0.1171945744865
0.11728969881347
0.11739234526846
0.11695969693907
0.11483510967241
0.11060184318015
0.10450809169567
0.09758755396854
0.09101091065846
0.08572217083554
0.08231043589363
0.08018685637618
0.07852529387931
0.07598702556298
0.07137178613004
0.064416265109
0.0556457157832
0.04572604443254
0.0357419635111
0.02644895740601
0.01834001702955
0.01123007643798
0.00441869594554
-0.00266976339194
-0.01029317559889
-0.01848899835345
-0.02760067798419
-0.0375092892873
-0.04776778031793
-0.05821860748302
-0.06847098003632
-0.07773428273353
-0.08527372243822
-0.09095307305216
-0.09437970828593
-0.09549006795735
-0.09465917873579
-0.09214070549317
-0.08826608974564
-0.08285638402678
-0.075180826197
-0.06556132014599
-0.05534947350725
-0.04581908127902
-0.0384420331609
-0.03398463964579
-0.03224536888771
-0.03209583690085
-0.03199630367109
-0.03073647679667
-0.02751423829592
-0.0215819534282
-0.01359255730148
-0.00539291589724
0.00112349784181
0.00486103306375
0.00542796037593
0.00289084845182
-0.00231376986592
-0.00919508887317
-0.01604617828349
-0.02173023292677
-0.02514310518565
-0.02561461664341
-0.02364625929674
-0.02025816327195
-0.01680117319242
-0.01435137445919
-0.01330765940232
-0.0133212460211
-0.01425450096752
-0.01632987408181
-0.01898362685821
-0.02116700189471
-0.02190266961348
-0.02099253531317
-0.01881028679632
-0.01615206393236
-0.01404903530053
-0.01304044390264
-0.01288987177463
-0.01273801836548
-0.01197061374488
-0.00991650413887
-0.0059549772204
-0.00054609209732
0.00488599285215
0.00930174473037
0.01219003313929
0.01274402527058
0.01076112754249
0.00668743813723
0.00130978928057
-0.0043883626944
-0.00942942655496
-0.01261567401259
-0.01323631795664
-0.01137809320193
-0.00754218582128
-0.00250781917403
0.00271881486479
0.0077499297213
0.01233164349757
0.01638178756241
0.02011662489576
0.02364182879933
0.026910402169
0.02963948059956
0.03147254761513
0.03237183421504
0.03259159912346
0.03216555155138
0.03102439794346
0.02960564182082
0.02835051177753
0.02756150173375
0.02706058559375
0.02630276898704
0.02501960192116
0.02239042742811
0.01729693541503
0.0086810863899
-0.00384747850101
-0.01828569574816
-0.03237105680851
-0.04479841128706
-0.05468396312884
-0.06188422324313
-0.06693002352496
-0.07056364324773
-0.07347251133511
-0.07600750446652
-0.07811683153089
-0.07974607407104
-0.08112564674503
-0.08217690912364
-0.08312469725327
-0.08398675471818
-0.08490852132364
-0.08644152381447
-0.08858421457582
-0.09073403156371
-0.09206796759502
-0.09235582395793
-0.09154904873526
-0.09004815025489
-0.08805230294949
-0.08634355619508
-0.08576230084863
-0.08817384470212
-0.09502024088041
-0.10546538146068
-0.11747541259599
-0.12842219633533
-0.1361514887925
-0.1393034043941
-0.13744320733023
-0.13085069197014
-0.12086422124344
-0.10971340428063
-0.09972380233317
-0.09240581551683
-0.0880561539911
-0.08617209486564
-0.08648557685125
-0.08916395829846
-0.09409365147518
-0.10057203923752
-0.10752601264371
-0.1138707296719
-0.11828675868114
-0.11987245205911
-0.11839998650281
-0.11367202312281
-0.10653341566539
-0.09868394911523
-0.09146335406158
-0.08581646736853
-0.08227696422353
-0.08127187835324
-0.08272004995543
-0.08587149767347
-0.08922143599433
-0.09137762339686
-0.09156949164775
-0.08955744837294
-0.08566876012755
-0.08056224295596
-0.07488940672082
-0.069391271009
-0.06427089728582
-0.05896894875007
-0.0531096429205
-0.04637057203281
-0.03879413353579
-0.03061434479094
-0.02217588482005
-0.01391053456838
-0.00620394526121
0.00031918181513
0.00520360301041
0.00883964852949
0.01146421976813
0.0132852765726
0.0144113895236
0.01473637064749
0.01504182303138
0.01608977423402
0.01819282805958
0.02099843064603
0.02425124353792
0.02795526174105
0.03182370862378
0.03562000426237
0.03912791446972
0.04204966735054
0.04416021811038
0.04585597209822
0.04723331332754
0.0484499545493
0.04951885253905
0.05027351273128
0.05091123802439
0.05202724828959
0.05402136802492
0.05687351422834
0.0606812226267
0.06523945224733
0.06958083583314
0.07325131038407
0.07574171061304
0.07654027987788
0.07591698699306
0.07419258413489
0.07190089045501
0.06937151192633
0.06689586802503
0.06479773417507
0.0631502801671
0.06113157854931
0.05805596395914
0.05382212161019
0.04825045619727
0.04173906464838
0.03469143534977
0.02752253783046
0.02101152058842
0.01577880802233
0.01240871471731
0.01126404118537
0.01193460830534
0.01381547862438
0.01603590284068
0.01794253554839
0.01921110824628
0.01977174072502
0.02008104774963
0.02071804242457
0.0215683416157
0.0225252030873
0.02364565464721
0.02501616837565
0.02676708223618
0.02852197670608
0.02924790524858
0.02820015919488
0.02520433674731
0.02038118785556
0.0148681590501
0.00998309836596
0.00697792904449
0.00633557530323
0.00776422536363
0.01025624159044
0.01247172783561
0.0137174246265
0.0139657988151
0.01328617634868
0.01143359139043
0.0084809545955
0.00484416766094
0.00109270246567
-0.00195169889236
-0.00327254174209
-0.00207658565254
0.00200778049566
0.00897857035684
0.01791442654371
0.027410317758
0.03585775389504
0.04194961225065
0.04483623787338
0.04445253736264
0.04146027802834
0.03699073033796
0.03236389459093
0.0286377526936
0.02625427465554
0.02540124014514
0.02606485019647
0.02787489374175
0.0299005740228
0.03150080778219
0.03256037689355
0.03238436629626
0.03057408161099
0.02725077666204
0.022975217095
0.01837750530006
0.01388199007208
0.00991685325199
0.00634788423998
0.00296000200199
-4.334592076e-05
-0.00285911622883
-0.0055682246692
-0.00777573529922
-0.00913596998574
-0.00965203115668
-0.00909375969036
-0.00764117198718
-0.00626003370282
-0.00615621034072
-0.00748847998673
-0.00996489409635
-0.01342891682571
-0.01732744502229
-0.02135033307018
-0.02550032348686
-0.02959499207116
-0.03275135976479
-0.03463748117702
-0.03578267297998
-0.03668700192504
-0.03785465933712
-0.0397430733788
-0.04293965386491
-0.04745073521905
-0.05264287508222
-0.05756968897549
-0.06126931627135
-0.06352653053192
-0.06430609652599
-0.06371296413531
-0.06208577308462
-0.05983165405376
-0.05775986564736
-0.05559334881546
-0.05289967117492
-0.04938439000194
-0.04506485297931
-0.03948242624449
-0.03179432193707
-0.02216734054641
-0.01123421180883
9.508434093e-05
0.01048804550278
0.01865956710503
0.02388352664943
0.02572555543473
0.02443059770312
0.02087703645668
0.01649309346238
0.01276138734978
0.01108749432154
0.0128781638883
0.01894524241072
0.02837770660972
0.03871621292742
0.04763698886722
0.05405001689525
0.05787554085996
0.05906993961708
0.05795850021436
0.05482537193727
0.04950107296375
0.04240137182395
0.03490909118306
0.02836614268756
0.02383064500977
0.02199644427634
0.02305320968545
0.02696772870249
0.03265121108819
0.03907997440028
0.04512132292597
0.04968743458504
0.05225298411206
0.0530593994243
0.05192892075977
0.04899831408234
0.04500543176711
0.04085094966824
0.03731641328719
0.03479316043406
0.03270476216126
0.03083988626178
0.02868233839782
0.02594195877972
0.02222781269707
0.01758040446978
0.01218473525774
0.00574058217561
-0.00158944940322
-0.0090695053264
-0.01545014141562
-0.01999357151932
-0.02239279563875
-0.02276163904689
-0.02211849350268
-0.02150454029355
-0.02139075461071
-0.02174182924087
-0.02271569648035
-0.02434690413144
-0.0257400526269
-0.02608736619305
-0.0254075457759
-0.02363616021004
-0.02063032505427
-0.01641700839721
-0.01129418008489
-0.00607898795859
-0.00214780760795
-0.0001358022677
-6.060927653e-05
-0.00244752985787
-0.00760887362508
-0.01482506337506
-0.02293712777406
-0.03072905904269
-0.03701937920829
-0.04124109257571
-0.04323114532317
-0.04261936957215
-0.03960447187173
-0.03476722888748
-0.02901491003271
-0.02306776446329
-0.01757854013375
-0.01329772587442
-0.01077105387218
-0.010029368451
-0.01141643086107
-0.01476969835342
-0.01942047534234
-0.02438782594748
-0.02830320515045
-0.02999163496101
-0.02931101194359
-0.02675063073037
-0.02340068521129
-0.02045454120055
-0.01883842459383
-0.01883295035617
-0.02023807667078
-0.02269753899909
-0.02616613978914
-0.03061213494089
-0.03565601330102
-0.04079955445866
-0.04587389563769
-0.05060592600557
-0.05510635401094
-0.05961865906055
-0.06428518572994
-0.06864935164604
-0.07210629133812
-0.0739724269241
-0.07382821081431
-0.07145064250552
-0.06757329143872
-0.06262322733159
-0.0572916941584
-0.05228433231062
-0.04819661359675
-0.04580500878115
-0.0453336700804
-0.04611302012821
-0.04774546587119
-0.0497816231449
-0.05150055536451
-0.05219647817436
-0.05145056380561
-0.0490846565948
-0.04493226197644
-0.03908306962999
-0.03217357395489
-0.0249768157691
-0.01819673308776
-0.01232147602788
-0.00771143010247
-0.00447444607134
-0.00236387659616
-0.00142116032432
-0.00174614684687
-0.00259001983724
-0.00293868558688
-0.00213432212401
-3.533571101e-05
0.00373593146106
0.00913922357604
0.01561436494629
0.02261739774336
0.0297500954715
0.03691741658312
0.04362236796193
0.04948455307495
0.05427884794743
0.05729151420318
0.05742752435515
0.05433272653899
0.04829616482204
0.04066541584094
0.03316904661756
0.02677474832837
0.02211148964569
0.02020850642975
0.02174399590166
0.02688938699892
0.03556731337524
0.04629020403351
0.05713617686106
0.06653415804164
0.07346336961016
0.07790448437646
0.07956784642549
0.07856247262686
0.0750719173005
0.06923057100145
0.06191071265087
0.05414258585816
0.04731159384633
0.04246421218524
0.04053577610361
0.04207230571666
0.04729683751865
0.05608379876011
0.0677348552313
0.08024714137341
0.0914046166792
0.09942356505143
0.1041038402993
0.10568917376683
0.10452709496644
0.10141696496591
0.0971774000411
0.09242766208
0.08758506722765
0.08285929930128
0.07871773798689
0.07526716870945
0.07220936968562
0.06932432766879
0.06719041872196
0.06640779348923
0.06695924825198
0.06849487808895
0.07074367044544
0.07343932759335
0.07615981856102
0.07854750035292
0.08080475060453
0.08260196334294
0.08331289441777
0.08273138713401
0.08045013085663
0.07642057366845
0.07120763098235
0.0648939022423
0.05799798238867
0.05099552904739
0.0444940710264
0.03886838305775
0.03417983346907
0.03002147873397
0.02637589558846
0.02320907969501
0.02026417737526
0.01739647944211
0.01444214386995
0.01097058461616
0.00667816324542
0.0014839585761
-0.00433105775553
-0.01032424666642
-0.01633820240919
-0.02239202902953
-0.02848204104463
-0.03464516166562
-0.04120801680708
-0.04796821443709
-0.05457278679663
-0.06082705833344
-0.06637842479804
-0.07047035446395
-0.07237957132856
-0.07244194380629
-0.07181418803212
-0.07172903322409
-0.07253649227658
-0.07419046066335
-0.0763177112672
-0.07804812462957
-0.07890917434527
-0.07858367135126
-0.07702684278988
-0.07461986979886
-0.07212633834914
-0.07044983956937
-0.07009108085151
-0.07123289669462
-0.07387060826311
-0.07755468742834
-0.08156880445902
-0.0851521087035
-0.08783480907589
-0.08932350659263
-0.08917972237535
-0.08780086952222
-0.08582722869042
-0.08350469068658
-0.08093169101363
-0.07813932593285
-0.07503858959457
-0.07169520164355
-0.06800313246675
-0.06431221500332
-0.06123012202539
-0.05888462173603
-0.05737400567402
-0.05663647721832
-0.05640062791273
-0.05667725507018
-0.0573900936703
-0.05850056131485
-0.06039117081016
-0.06330489768837
-0.0670758592317
-0.07122101965039
-0.07497031458576
-0.07740341707409
-0.07785366502357
-0.07615942265954
-0.07276280395574
-0.06876297536919
-0.06525546826152
-0.06280113105776
-0.06160288125902
-0.06132067548989
-0.06140334691594
-0.06152089366279
-0.06191035274043
-0.06200925612694
-0.06114716267099
-0.05967505702512
-0.05721863234086
-0.0536487887465
-0.04899341930048
-0.04295095505245
-0.03575039621251
-0.02815425981758
-0.02129090825888
-0.01566917570587
-0.01169789521471
-0.00950101993794
-0.00826827272437
-0.00697477263001
-0.00472508409655
-0.00113073851986
0.00347706228429
0.00845937436605
0.01353294533675
0.01828617082993
0.02235915840984
0.02559873379608
0.02826468393699
0.03092646271601
0.03404769595335
0.03759843910112
0.04138487679299
0.04475457419653
0.04744738805204
0.04982322879075
0.05214184377089
0.05493996741858
0.05888696115383
0.06459218932779
0.07259828889762
0.08227941161446
0.09206404457132
0.10110625429061
0.10845368178024
0.11385118653548
0.11800394106427
0.12161207912851
0.12511519532891
0.12888910813778
0.13261572871599
0.1355579245093
0.13723042828328
0.13743179816956
0.1360530892806
0.13345010906873
0.13018359798583
0.12703844870034
0.12419044146688
0.12170810323157
0.11968832188248
0.11862910548334
0.11892750722188
0.12011895471346
0.12127261160976
0.12186434034977
0.12186797544512
0.12097017887439
0.11907305500028
0.11622260037589
0.11246513547373
0.10741814748747
0.10116553153864
0.09462120818529
0.08862312089344
0.08361014444293
0.07984130637114
0.07778121505376
0.07744635438853
0.07861685509302
0.08087216182831
0.08303324401269
0.08447051032881
0.08492932414656
0.08403235536982
0.08084293710129
0.07428410935756
0.06340876783882
0.04888875734707
0.03321137568338
0.01837506510734
0.00585433906562
-0.00360149771678
-0.00992397228032
-0.01316258670569
-0.01342875126691
-0.01152896765471
-0.00849402654237
-0.00508251474492
-0.00203893722188
0.00035874155013
0.00239498077544
0.00463989329748
0.00703361078731
0.00912185789773
0.01062752879041
0.01134221013194
0.01079327474221
0.00827452076946
0.00348749212867
-0.00312416938663
-0.01069392146766
-0.01804377115449
-0.02475977178354
-0.0307761461244
-0.03576492939572
-0.03925431501317
-0.04093095775711
-0.04099480586761
-0.04033670964409
-0.03919115073249
-0.03774398687951
-0.03658809853853
-0.03577069516083
-0.03520875260811
-0.03484097093574
-0.03500477337121
-0.03596397785972
-0.03779192694895
-0.0405412827332
-0.04441586248969
-0.04910031269856
-0.05346800573689
-0.05707139298344
-0.05941181853571
-0.06047769327783
-0.06077274784937
-0.06124487835307
-0.06249168006898
-0.0643866444805
-0.06687628889757
-0.06978342941488
-0.07267761315667
-0.07552860764671
-0.07866868219512
-0.08281431049737
-0.08803473932044
-0.09390459052565
-0.10007219563062
-0.10589482658724
-0.11131435786087
-0.11610858075127
-0.12017326519754
-0.12348469310226
-0.1258601379395
-0.12718622792341
-0.1273568974499
-0.12621400187549
-0.12361886771103
-0.11982681541642
-0.11519246473959
-0.1100987963704
-0.10507016381614
-0.100585787816
-0.0968057565298
-0.09420677132372
-0.09288366859639
-0.0925370748511
-0.09326794496382
-0.09502967053371
-0.0973988169384
-0.09925969783209
-0.09963673999986
-0.09822200407673
-0.0947721906112
-0.08910140586551
-0.08163085301736
-0.07360006359194
-0.0659028391542
-0.05890034982188
-0.05260198925724
-0.04737983286409
-0.04322218355344
-0.0399725882608
-0.03722683158086
-0.03475541302803
-0.03213581215244
-0.02897449569038
-0.02488195057763
-0.01941463759515
-0.01217512564923
-0.00389906806223
0.00390702928097
0.01022630424077
0.01465369562233
0.01758305700966
0.01937292757527
0.02004344070867
0.01973523141088
0.01821868042586
0.01557260453896
0.01213927137207
0.00836111162011
0.00461672946212
0.00100181428446
-0.00253101972025
-0.00645318683395
-0.01070485914567
-0.01511614813453
-0.01881927375979
-0.02095290557559
-0.02092925586115
-0.01890604456565
-0.01521708861408
-0.01012070652024
-0.00434808511804
0.00109559218652
0.00585978091134
0.0097465220413
0.01231574625382
0.01350140638567
0.01328400608878
0.01221296303286
0.01042328681889
0.00790902812743
0.00534644066326
0.00276005160245
5.267721054e-05
-0.00263222581369
-0.00462139030221
-0.00565392654108
-0.00552710850153
-0.00420794679342
-0.0020363847371
0.00119969591884
0.00587554138912
0.01201665348725
0.01917546631627
0.0266445795227
0.03396165576565
0.0406368389527
0.04624723072802
0.0506748848442
0.05436814172542
0.05723965111004
0.05933040679617
0.06058962542195
0.06047427412874
0.0595945810527
0.05863441200423
0.05762356756705
0.05681794405776
0.05674214692094
0.05786902648115
0.06027574753486
0.06296521422336
0.06533310094154
0.06701528630612
0.06770469473716
0.06743900885682
0.06606990957638
0.06369925154788
0.06065930408144
0.0580145382685
0.05650187071704
0.05641308081365
0.05777213859306
0.0598324458567
0.06213158968252
0.06459060572189
0.06699714682039
0.06916485135671
0.07104916241947
0.07248398134466
0.07310014800295
0.0726033636347
0.07104822665235
0.06817146257544
0.0643395681961
0.06036475338451
0.05661124749709
0.05309377087048
0.04996643715134
0.04743666272119
0.04580849991234
0.04530210593558
0.04578946065052
0.04680671149339
0.04824624524522
0.04986512236495
0.05172819871227
0.05356334601012
0.05509580863531
0.05653566630653
0.05754305560358
0.05800168946611
0.05772423451466
0.05696849459114
0.05663996834951
0.05724994454837
0.05898104174056
0.06125718728982
0.06360628668349
0.06563841296036
0.06690932867516
0.06705430059687
0.06533763581297
0.06162372007299
0.05584708566948
0.04871078163883
0.04109957579415
0.03384898220605
0.02722514744023
0.02189178232294
0.01806218057304
0.01595240721973
0.0152292931768
0.01551165010832
0.01674712544296
0.01894766100882
0.02212992785708
0.02581562302015
0.02960262937051
0.03346600871437
0.03754715186466
0.04183325320823
0.04621077180134
0.05032138081863
0.05331543970509
0.0551625720203
0.05601840303475
0.05566403522415
0.05396936096761
0.05114374016297
0.04749090122318
0.043155888052
0.03809824671698
0.03240681750896
0.02635854070747
0.02036234654448
0.01531344383473
0.01165626077603
0.00953155113982
0.00955255551259
0.01253732511081
0.01777883748695
0.02394097915157
0.03016437757159
0.03537462092946
0.03882904484762
0.04045630788039
0.04044198344522
0.03873150912075
0.0355914021804
0.03155326112844
0.02713921522567
0.02280852097967
0.01894707435482
0.01539309561227
0.01154225554783
0.0072833994239
0.00248053616379
-0.00268502935279
-0.00803800203046
-0.01302239079541
-0.01693843223358
-0.01923359185092
-0.0198232978943
-0.0191652196663
-0.0181916727471
-0.0175073930397
-0.01782627368178
-0.0190183366202
-0.0203011005864
-0.02138973606419
-0.02222434675961
-0.02267866889518
-0.02280491467715
-0.02281033852734
-0.02334764161194
-0.0251565082501
-0.02859646736803
-0.03320752824087
-0.03825981050956
-0.04320749920784
-0.04747643282384
-0.05004446573283
-0.0511394212378
-0.05086441367729
-0.04916768793129
-0.04634372271464
-0.04296855467254
-0.03945849220081
-0.03611096527984
-0.03295965432776
-0.0304594141476
-0.02895519369396
-0.02832450824887
-0.028384202993
-0.02969829716224
-0.0326363647829
-0.03667127383919
-0.0410582220856
-0.04486747809881
-0.04723910788548
-0.04767873847724
-0.04605122350717
-0.04276178612979
-0.03841554375316
-0.03384908658007
-0.02922176495396
-0.02472501523319
-0.02081415650524
-0.01770874493046
-0.01551079352149
-0.01452592741924
-0.01512532944964
-0.01732415544095
-0.02056348248898
-0.02356471079123
-0.0251588440688
-0.02485608021583
-0.02251837918552
-0.01865656185293
-0.01407832481142
-0.00975068620499
-0.00682612962191
-0.00595334322704
-0.0066451846526
-0.00885623680126
-0.01240363638113
-0.01667565083042
-0.02073828378723
-0.02393437479516
-0.02641263884439
-0.02793542707718
-0.02828032564433
-0.02792206720197
-0.02699328234311
-0.02551428441249
-0.02378794883531
-0.02173318779141
-0.01929515453018
-0.01687205755185
-0.01484717987106
-0.01282202865834
-0.01067089799738
-0.00883419228735
-0.00775841281016
-0.00804687382259
-0.00961475883242
-0.01216545485594
-0.01520272458877
-0.01847056374117
-0.02153819911708
-0.02369575058014
-0.02476618898653
-0.02542834140061
-0.02648128456094
-0.02788146210712
-0.02931894077039
-0.03075086241661
-0.03180102706841
-0.03181562143639
-0.03021820217658
-0.0272164412069
-0.02348447235969
-0.01969092643679
-0.01586612589205
-0.01195538593454
-0.00851193208632
-0.00555228063709
-0.00316296989058
-0.00160678844816
-0.00063649367962
-0.00024909228189
-0.00058868605722
-0.00177076651992
-0.00377859164447
-0.00676844677709
-0.01085696089301
-0.01561661438649
-0.02029134701371
-0.02410875139909
-0.02656950940495
-0.02741144067854
-0.02674007455742
-0.02495250741857
-0.02218692687208
-0.01898748509804
-0.01577607990126
-0.01295347154693
-0.011118425024
-0.01075059296416
-0.01130700369355
-0.01208967571464
-0.01292525456913
-0.01338310022781
-0.0127212609358
-0.01124684106586
-0.00986339935474
-0.00915182404023
-0.00948613764161
-0.01076734319563
-0.01284549841756
-0.01511372233823
-0.01702081933039
-0.01813828003463
-0.01849133417215
-0.01810269569029
-0.01678578702148
-0.0152560777111
-0.01422964915224
-0.01389629651172
-0.01424903752717
-0.01501030927402
-0.01584546343419
-0.01604996814033
-0.01543942688208
-0.01407542753245
-0.01209692790983
-0.01002064782125
-0.0083948208311
-0.00772282486672
-0.00810456386562
-0.0087213999573
-0.00870543073147
-0.00752811692252
-0.00517562357349
-0.0020632419733
0.00109530389826
0.00405726309318
0.00646124522851
0.00799340552893
0.00905454744888
0.00982788339338
0.01035920476661
0.01067917233819
0.01042723863542
0.00928575390991
0.00723136357376
0.00480711488204
0.0026694171581
0.00186748453028
0.00250454542874
0.00393406575256
0.00590310332995
0.00780963526274
0.00978115622209
0.01155809520591
0.01303697076698
0.01472876933918
0.01668781220389
0.01897001864481
0.02135656311974
0.0239313227547
0.02647821092586
0.02882746508101
0.03122672879059
0.03351890115135
0.03514943217084
0.03523650890057
0.0332738273414
0.02905536756428
0.02280014226483
0.01550468224237
0.00809550492006
0.00138186026469
-0.00408270156246
-0.0085851054761
-0.012415466637
-0.01625808274809
-0.02117724854469
-0.02708054262717
-0.03341668658888
-0.03972986466597
-0.04493427747485
-0.04790123510583
-0.04841040039291
-0.04690629870971
-0.044075603168
-0.04097871787134
-0.03865873523155
-0.03758735385983
-0.03754214910967
-0.03829684529294
-0.03949534702897
-0.04074499203729
-0.04157969630942
-0.04186924425136
-0.04156915093379
-0.04079275215151
-0.04004773755884
-0.03966115776465
-0.03963761962244
-0.03980177477013
-0.03996456225818
-0.03988642570356
-0.03922599006223
-0.0383017400748
-0.03753131580569
-0.03666738680654
-0.03536421231978
-0.03333229839006
-0.0303156119348
-0.02669276793034
-0.02239821229074
-0.01744224205344
-0.01215775997092
-0.00723575808012
-0.00290700627072
0.00045406228023
0.0027596531816
0.00434139078402
0.00532866828616
0.00576850042777
0.00547680382056
0.00471889003803
0.00354357517162
0.00220981909553
0.00084397952386
-0.00074423502668
-0.00252185676058
-0.00399111875412
-0.00464096583056
-0.00416706456754
-0.00246107112793
0.00015617273023
0.0033028012116
0.00634786984356
0.00898957641783
0.01156429286353
0.01442954340575
0.01774164434298
0.02165989203209
0.0262625885865
0.03151499545139
0.03705684588418
0.042285408683
0.04681052654396
0.05043108151807
0.05257139687058
0.05271186991189
0.05101769952995
0.04799830294914
0.04435633330436
0.04083500563614
0.03756435558328
0.03451687519151
0.0318393251374
0.02922456505711
0.0263741716175
0.0236069210866
0.02153249813585
0.01973786595524
0.01801605445218
0.01631613989975
0.01432806306056
0.01213317808847
0.00954665658062
0.00649894944528
0.00321246153389
0.00025366969474
-0.00167432096175
-0.00248795607724
-0.00257729268457
-0.0024302656743
-0.00237205808008
-0.00267189010267
-0.00356382913114
-0.00508526805972
-0.0063861283224
-0.00704851107916
-0.00685073669809
-0.0061370847004
-0.00545518760006
-0.00488740010194
-0.00436526724202
-0.00349676450111
-0.00202580301051
-3.547624164e-05
0.00261080358491
0.00590010527605
0.00982200965514
0.01398220713166
0.0175094805202
0.01997391321157
0.02126814752321
0.02149052538136
0.02070682401643
0.01892337065381
0.01602502634744
0.01217156613506
0.00773356099488
0.00306659883387
-0.00103791366063
-0.00385840538171
-0.00500310770648
-0.00438561657781
-0.00206024104012
0.0014315070294
0.00547985946012
0.00970478322858
0.01354870581454
0.01679708101081
0.0192893275803
0.02062299367879
0.02073055291116
0.02020114986054
0.01910806948892
0.01731529084703
0.01485697303389
0.01189639661486
0.00806642415722
0.00322810144168
-0.00204423330387
-0.00711654854709
-0.01114098780893
-0.01390790722223
-0.01542928820524
-0.01556826401916
-0.0144017943115
-0.01229761396629
-0.00966727336344
-0.00683606674891
-0.00410946810123
-0.00146301322864
0.00085957876177
0.00244922719546
0.00303342876871
0.00241992580752
0.00079683521638
-0.00162055754153
-0.00449874002545
-0.00758833713588
-0.01037928416957
-0.01257099833076
-0.01421821839694
-0.01520356318007
-0.01553276605332
-0.01547329085456
-0.01539198708814
-0.01520788930346
-0.01496371167049
-0.01473609351646
-0.01407160528367
-0.01270017018453
-0.01123545349982
-0.01009294302957
-0.00975183791837
-0.01046846277622
-0.01186128375318
-0.01389094824271
-0.01611827554107
-0.01747048062587
-0.01760861784849
-0.01636330616177
-0.01399840310106
-0.01065533547033
-0.00644427185257
-0.0018600325848
0.00275875088615
0.00702609585751
0.0105569971432
0.01336415094361
0.01543377988742
0.0169207570323
0.01836265539567
0.01988040488242
0.02117019430024
0.02243870581336
0.02373020480572
0.02470178301486
0.02511311744851
0.02500858506286
0.02470794828054
0.02416672217225
0.02317328660263
0.02230816989905
0.02193065984772
0.02208939114521
0.02300799053887
0.02450417419258
0.02591526422304
0.02694105933954
0.02741981579428
0.02739469764528
0.02668102405297
0.02559336393244
0.02443657581539
0.02307345464721
0.02167536458153
0.02072294080554
0.02068078449673
0.02135614202454
0.02256200392889
0.0239188878493
0.02570668892993
0.02783586865369
0.03035195569014
0.03315245114757
0.03580521776939
0.03803907744208
0.03964823698017
0.04059167019358
0.0409723474567
0.0405316011426
0.039325109395
0.03746228498498
0.03561805714694
0.03442097705711
0.03385548938665
0.03419335170487
0.03559564552439
0.03798854601754
0.04135766756439
0.04573079525023
0.05088377685849
0.05592309875256
0.06021611037641
0.06327772445081
0.06454849620143
0.06385790006597
0.06134792070953
0.05760557204548
0.05367020341716
0.0503359571911
0.04795867681066
0.04645648265274
0.04512164684536
0.04362632697668
0.04226118671098
0.04131426236638
0.04083568946596
0.04050410398566
0.04014138625305
0.04002963406415
0.04021628361379
0.04059372168304
0.04164361640201
0.04350377747484
0.04585942723836
0.04819207872532
0.05041596527996
0.05207745579474
0.05274476572531
0.05216415821763
0.04995225668035
0.04574965455683
0.03974822009796
0.0327400225862
0.02547335899735
0.01889668689444
0.01402439583241
0.01109733067362
0.00979027995153
0.0094042616176
0.00935331269696
0.00961381586709
0.00995649018778
0.01016606603189
0.01021604679348
0.01021632392451
0.0104638595218
0.01104935101403
0.01200140768138
0.0132313583909
0.01429844243207
0.01490526581556
0.01483055200914
0.01364333706423
0.01133868300971
0.00798719347488
0.00385969386105
-0.00066720447681
-0.00552108720002
-0.01077135979605
-0.01589309398066
-0.02042057645315
-0.02363309377316
-0.02562176446457
-0.02687648061086
-0.02730091218511
-0.02688724193275
-0.02589655967793
-0.02478224099176
-0.02368033201726
-0.02285721326191
-0.02243217703814
-0.02231294231137
-0.02232463220218
-0.02233181241528
-0.02233966206178
-0.02290215527746
-0.02413727070166
-0.02591844583125
-0.02818517612363
-0.03061052974036
-0.03289371513766
-0.03453817828994
-0.03536022811131
-0.03565934247251
-0.0359261584716
-0.03659634048741
-0.03788931871164
-0.03942469661132
-0.04094204299839
-0.04204549238954
-0.04256869418343
-0.0426455350605
-0.04248706649763
-0.04188220102688
-0.0402505110958
-0.03748542722571
-0.03378847046524
-0.02969999593947
-0.0257306157754
-0.02252741653645
-0.02026542986356
-0.01903507605436
-0.01928351502684
-0.02094551661443
-0.02339361657042
-0.02579753752098
-0.02760432027775
-0.02852236540934
-0.02869638210285
-0.02817770798218
-0.02735553579126
-0.02716709748677
-0.02815424902027
-0.03018353560384
-0.0327196552549
-0.03519147330831
-0.03690712314479
-0.03728596486471
-0.03662239800263
-0.03500740431646
-0.03224107515627
-0.02859932145775
-0.02463856834671
-0.0206985316801
-0.01686742190549
-0.01358874944912
-0.01081504212509
-0.00864968060567
-0.00729318178943
-0.00661208728934
-0.00616217045746
-0.00576812972002
-0.00510095295632
-0.00444139189734
-0.00475198740129
-0.0060339307717
-0.00810844010096
-0.01115561456886
-0.01525997914017
-0.02015600989425
-0.02547334820004
-0.03070051814549
-0.0355025151012
-0.03916376154867
-0.04094150313275
-0.04057338674367
-0.03822234383367
-0.03448240297041
-0.03013195324084
-0.02590742537385
-0.02189785041281
-0.0178494051252
-0.01375107985092
-0.00994863334306
-0.00652276831762
-0.0038666581279
-0.00188342064436
-0.00050539666495
0.00028736951207
0.00064755084789
0.0007821443924
0.00085075411791
0.0008237896284
0.00011747440485
-0.00185791487183
-0.00512544126206
-0.00972677735504
-0.01513952071794
-0.02047705719713
-0.02498528806065
-0.02821325633547
-0.02977167570096
-0.02979448322498
-0.02890318663664
-0.0272792851673
-0.02531217311072
-0.02338343830343
-0.02111258343751
-0.01866902915026
-0.01653313709696
-0.01487146662696
-0.01402568071265
-0.01464701568472
-0.01618561838186
-0.01829734964792
-0.02051702525052
-0.02272998852357
-0.02480119387507
-0.02711953892239
-0.03004277463419
-0.03356746026673
-0.03754088942316
-0.04184401453013
-0.04614757152961
-0.04996784080202
-0.0525626510471
-0.05377817654653
-0.05404681369241
-0.05395388481907
-0.05390936389872
-0.05380873294215
-0.05343356230862
-0.0527055354883
-0.05112286535796
-0.04864797726857
-0.04543613658017
-0.04184732570609
-0.03849540787786
-0.03587536431244
-0.03397103143239
-0.0328384976793
-0.03270032086653
-0.03327555851058
-0.03392207281643
-0.03419843004105
-0.03365667846353
-0.03217620130104
-0.03001063463268
-0.02742972772756
-0.02465589803398
-0.02178009851702
-0.01881876628608
-0.01609565876958
-0.01378730483583
-0.01217322532215
-0.01134389811186
-0.01152197819413
-0.01303272022479
-0.01582223841407
-0.01931673835874
-0.0226679219697
-0.02488677337741
-0.02489284506639
-0.02223420470633
-0.01682257706576
-0.00923557879669
-0.00082251914458
0.00729264912199
0.0140763884933
0.01929323980669
0.02260354479087
0.02395724710306
0.02379583807196
0.02275195025808
0.02153480516171
0.02089642123251
0.02111036279015
0.02243172355099
0.02428659034138
0.02608988196696
0.02747501885622
0.02811802043626
0.02747863595606
0.02553422704948
0.0227098983233
0.01928675422072
0.01545786149437
0.01195384191879
0.00952592214068
0.00860172973892
0.00910691441662
0.010975375024
0.01383932628956
0.01691997602666
0.01936348352555
0.02098569701498
0.02171626120383
0.02127562286286
0.01970547041732
0.01696174723131
0.01321580306206
0.00871701624825
0.00404712081722
-0.00029469800827
-0.00357025317243
-0.00546391182891
-0.00560706620294
-0.00425712495475
-0.00185743799051
0.00134340095583
0.00450205480052
0.00681222988105
0.00789446975048
0.00786086491352
0.0073927258165
0.00696674302829
0.00676317768838
0.00718400296011
0.00839806002498
0.01011981034327
0.01151575894188
0.01167780141534
0.01004809459074
0.00650223542752
0.00155676917616
-0.00360606498015
-0.00829286900324
-0.0121309502429
-0.01488166288948
-0.01643973314184
-0.01708854727535
-0.01729910207583
-0.01761251927756
-0.01805342395225
-0.01851622557758
-0.01886720663102
-0.01909086577031
-0.01911479261577
-0.0196444440046
-0.02076006196742
-0.02202090019015
-0.02328223508927
-0.02408407953903
-0.02379267445927
-0.02197343520247
-0.01898600226706
-0.01533418547288
-0.01134372895396
-0.00758520591513
-0.00470872256835
-0.00332336109498
-0.00372685811909
-0.0059223405425
-0.00957486276112
-0.01421291691629
-0.01932416691004
-0.02415726372612
-0.02790087207668
-0.02997790077895
-0.03001686828134
-0.02777911797689
-0.02384262642802
-0.01932195706
-0.01506328449039
-0.01137440412001
-0.00884013080947
-0.00701508619741
-0.0053176802207
-0.00387868633451
-0.00288079831294
-0.00233152892633
-0.00217263242995
-0.00258814002506
-0.00385227250796
-0.00642883889328
-0.01022211128424
-0.01453278371295
-0.01862709598592
-0.02211043510813
-0.02446377424668
-0.02572116452747
-0.02623585084056
-0.02610216570998
-0.02559189549788
-0.02515385211112
-0.02486198274691
-0.02470760276653
-0.02468357154704
-0.02521063158075
-0.0264105621612
-0.02846209120942
-0.03141134124719
-0.0349894087949
-0.03868749207501
-0.04146905984286
-0.04260439729821
-0.04176627387698
-0.03857181686241
-0.0328768101447
-0.02463898584281
-0.01483524164205
-0.00529262325647
0.00280643182008
0.00920701990397
0.01434859595066
0.01858915422826
0.02182107072051
0.02425827618775
0.02624241560683
0.02802579698736
0.0297974128959
0.03132678029137
0.03196545934713
0.03082018476477
0.02773563359859
0.02313660453147
0.01779564170498
0.01224847899422
0.00659673710945
0.0010917616598
-0.00438899253765
-0.00990913317324
-0.01477350980489
-0.01802076927883
-0.01903182966227
-0.01767763067368
-0.01428924312144
-0.00975395779081
-0.00477011968881
-0.00012912049455
0.00335399739071
0.00537570857953
0.00633787153178
0.00664853901782
0.00640626531103
0.00541159164952
0.00343907085898
0.0001852726763
-0.00381521253085
-0.00728248525141
-0.0095358772632
-0.01055928257444
-0.01048310393256
-0.00930200026677
-0.00782837219979
-0.00646543818503
-0.00542688784285
-0.00487776170059
-0.00472678647289
-0.00481453983424
-0.00553730476405
-0.0068919752353
-0.00841803865302
-0.01008991618285
-0.01180569198798
-0.01321261785474
-0.01403635565604
-0.0139045456588
-0.01292922078208
-0.01186441497394
-0.01112517694369
-0.01052961155849
-0.00959093276187
-0.00850685375014
-0.00747926987879
-0.00620932232305
-0.00469244381954
-0.00339934862442
-0.00247160822563
-0.00188998073179
-0.00213887139186
-0.00314460546083
-0.00462404284209
-0.00600676113325
-0.00683307949234
-0.00677149881755
-0.00554824244205
-0.00297926152898
0.00037598259146
0.00374964764759
0.00687464554804
0.00929922175824
0.01097817152805
0.01194190009068
0.01181448100071
0.01111955874186
0.01077072275458
0.0112932731106
0.01280784098914
0.01553888093155
0.01911716082641
0.02241657852005
0.02448013937399
0.0251358889815
0.02441785327475
0.02229632524676
0.01923201544323
0.01622376168937
0.01427653108501
0.01398529876226
0.01519610223683
0.01732515239284
0.0195145019425
0.02131673543142
0.0223889194034
0.02274861028928
0.02247525831675
0.0212377674837
0.0188116868479
0.01536083324121
0.01179729887672
0.00865630295761
0.00616653977009
0.0039536304836
0.00224501005776
0.00158739755386
0.0020584907957
0.00330766792045
0.00514771251954
0.00747465942617
0.01016497190418
0.01278758163097
0.01479815287212
0.01602722540018
0.01609235479182
0.01516106135725
0.01392060126314
0.01271435065552
0.01190676203528
0.01159545750777
0.01166773472058
0.01244477054431
0.01404608403499
0.01580812632606
0.01744533728315
0.01876434063067
0.01917522517628
0.01883610677066
0.01792772883325
0.01626719927931
0.01422194346991
0.01256192858789
0.01168832159724
0.01166063008866
0.01273456322534
0.01439624449265
0.01606276655526
0.01732544032119
0.01795199759362
0.01787810078388
0.01718333328652
0.01660260340929
0.016791808323
0.01811269040296
0.02075848196063
0.02467588026112
0.02892762455492
0.03282027541416
0.03628793323888
0.03913871178266
0.04124019279963
0.042329641675
0.04191552873281
0.0398898808437
0.03670089446769
0.0330079255148
0.02976635622478
0.02737223563527
0.02569461393496
0.02455418734611
0.02386176646476
0.0234706338036
0.02317063046364
0.0229657874417
0.0233390145589
0.02430606149571
0.02597058965453
0.02837720993332
0.03127215668522
0.03426265965661
0.03700757414615
0.03910934309147
0.04029460012363
0.04071749488034
0.04068625465491
0.0399008941029
0.03850336189839
0.03691932410841
0.03509537002496
0.03314967623815
0.03091751174359
0.02860331646354
0.02669537008276
0.02562399590924
0.02571710833691
0.0270300759865
0.02925176708751
0.03161697247298
0.03332092162133
0.03397360479197
0.03315364964931
0.03077593017815
0.02688758384766
0.02133677164513
0.01478190651525
0.00786326551609
0.00140080055114
-0.0040742256718
-0.0079409701782
-0.00957299842508
-0.00829115582959
-0.00323003668007
0.00538585445458
0.01573565476162
0.02577419732951
0.03384300049468
0.03899949842785
0.04131746556922
0.04117904401736
0.03864793791862
0.03501001726619
0.03139581471119
0.0285587127638
0.02688716995067
0.0268188445544
0.02837118863181
0.03110899489032
0.03413125275906
0.03699378957663
0.03952496765746
0.04158682253596
0.04321930426999
0.04432160194775
0.04465300747284
0.04381700752315
0.04236624456586
0.04078728151296
0.0394214214264
0.03777835832569
0.03576021456907
0.0331505544196
0.02971635386857
0.02504114256047
0.01936922769604
0.01327556978827
0.00745174032991
0.00257918617335
-0.00070453870566
-0.0020946261629
-0.00130608508241
0.00144609131989
0.00558636415493
0.01028021162516
0.01463697418369
0.01771710205067
0.01935738664285
0.01940958445269
0.01763567951381
0.01416169086461
0.01004493097805
0.00623888896498
0.00310402663944
0.00077175269852
-0.00087330646544
-0.00186259550699
-0.00237750928347
-0.00279095207243
-0.00373705438161
-0.0056234745195
-0.0082152183277
-0.01166278595215
-0.01567684539716
-0.01996126595901
-0.02417757707086
-0.02827929989961
-0.03221797250569
-0.03587302489464
-0.03893953735001
-0.04126772594762
-0.04330888597632
-0.04480309012266
-0.04553928690977
-0.04543833203381
-0.04498732827242
-0.04476137650368
-0.04526309164483
-0.04647710552045
-0.0485219726266
-0.05122626762486
-0.05427312537158
-0.05710137352236
-0.05880267013084
-0.05890668424547
-0.0573359271504
-0.05435280954105
-0.05023744970607
-0.04518981388103
-0.03921789207753
-0.0330718528056
-0.02742302979443
-0.02274271135731
-0.01949917335724
-0.01782055830413
-0.01737156644206
-0.01803913550813
-0.01915584040046
-0.02033313981299
-0.02098458489174
-0.02037317984846
-0.01890050914322
-0.01735217806713
-0.01579545747888
-0.01394981519284
-0.01220865850411
-0.01110825395521
-0.01110698707049
-0.01224877052167
-0.01375202281625
-0.0147479849571
-0.01457920496037
-0.0136301283514
-0.01265906481418
-0.01223411856801
-0.01289793016919
-0.01487387802685
-0.0180247570864
-0.02200039249377
-0.02638244235921
-0.03081927059228
-0.03463718964957
-0.03752670895217
-0.03925420704004
-0.03984114897131
-0.03962379906188
-0.03865139305876
-0.03684924954744
-0.03454159743903
-0.03190939969836
-0.02941823286017
-0.02739458247395
-0.02544266943488
-0.02379947676642
-0.02246767140486
-0.02121082458882
-0.01978771714907
-0.01806060776446
-0.01610320969042
-0.01475497081857
-0.01424209125585
-0.01446762552848
-0.0147589154369
-0.01445002590839
-0.01353096582938
-0.01196773806054
-0.00943130888651
-0.00564911813772
-0.00090533381498
0.0040557766631
0.00859021620422
0.01222777334711
0.01470209997623
0.01599297632354
0.0165442727257
0.01697519708413
0.01763630215886
0.01843565602844
0.01937615597184
0.02090363743665
0.02251855554163
0.02363163973502
0.02427685116511
0.02509591732901
0.02630985562344
0.02750276075226
0.02805489214662
0.02726842666959
0.02505178151282
0.021522359459
0.01652780682347
0.01026132712483
0.00349884946224
-0.00286867508997
-0.00811332768462
-0.01200998074785
-0.01453637561906
-0.01573963177189
-0.01560090789527
-0.01402570590638
-0.011227593056
-0.00789881386939
-0.00461121923342
-0.00170488095646
0.00077974702902
0.00234099852968
0.00285676241461
0.00202950360956
0.0001550312383
-0.00239017597119
-0.00527567507427
-0.00790484236911
-0.00993501073324
-0.01183170991305
-0.01399954401713
-0.01654061603572
-0.01939098788071
-0.02243043147254
-0.02536491798442
-0.02750521894051
-0.02847413021335
-0.02839685384466
-0.02771653675111
-0.02702230911939
-0.02672388578622
-0.02714759394051
-0.02805302781059
-0.0288910504569
-0.02958143424521
-0.03033123564662
-0.03069748769966
-0.02987775930057
-0.02787392198359
-0.02513309607655
-0.02209652456996
-0.01883491186802
-0.01586150104301
-0.01353584981393
-0.01209716185161
-0.0114618623548
-0.01129981988134
-0.011279416559
-0.01154526799814
-0.01268430893183
-0.01485498632831
-0.01775847375475
-0.02108157715386
-0.02426416792151
-0.02677733608437
-0.02812977511095
-0.02771326516529
-0.02556942988876
-0.02228566110068
-0.01851295399176
-0.0148968727043
-0.01199242431702
-0.01020141283534
-0.00910300219024
-0.00789844316164
-0.00647892042978
-0.00526145501313
-0.00483571696401
-0.00557289630659
-0.00701069529015
-0.00862793841652
-0.00996386835162
-0.01070142200105
-0.01069382429185
-0.01000323535459
-0.00918318303611
-0.0086683203669
-0.00828933828191
-0.00771525954946
-0.00711402557496
-0.00706304066327
-0.00810155861352
-0.01018679327363
-0.01339396592373
-0.01744367449696
-0.02127875048451
-0.02363257190304
-0.02397611720697
-0.0228196458111
-0.02100338661267
-0.01881208274937
-0.01621094167981
-0.01352422470701
-0.01081425752035
-0.00822946358257
-0.00622417582655
-0.0050681363232
-0.0046880673087
-0.00515875097247
-0.0064315310233
-0.0078189533438
-0.00870720149079
-0.00867036825726
-0.00759612559761
-0.0053796064095
-0.00234098737246
0.00084072017499
0.00376709970441
0.00633014425482
0.0081400222413
0.00939323396199
0.01033929092245
0.01090447986725
0.01045372444406
0.00909424916855
0.0068956427226
0.00378192801417
0.00033860189817
-0.00237620640771
-0.00373204802751
-0.00346063885149
-0.00178112978087
0.0017885248605
0.00716932581272
0.01369852572975
0.02016009847675
0.02568818953376
0.02979824068989
0.03252183768458
0.03382211489236
0.03408047659542
0.03332984740003
0.03182646553769
0.02991444497082
0.02798941364187
0.0260071241624
0.02382487924466
0.02161714187107
0.01951253323244
0.01832963721271
0.0184396294396
0.01986639716844
0.02241998327272
0.02606176216497
0.03056420206966
0.03548770118785
0.04002704270905
0.04417670200813
0.04747970800876
0.0498394607512
0.0514278534574
0.05234980001806
0.05276229336331
0.05234864830468
0.05086088655506
0.04827457019616
0.04496735324348
0.0408378129375
0.03590848686943
0.03076814891462
0.02602460501205
0.02225032149544
0.01951548089888
0.01820391689997
0.01850427295216
0.02014699413795
0.0226677564109
0.02559166875431
0.02855695280179
0.03126844960778
0.03352408026245
0.0351949680386
0.03617445347991
0.03621246002145
0.03504867524561
0.03313215219925
0.03093210971068
0.02913240279299
0.02815359398329
0.02790014505761
0.02783255027951
0.02754792591228
0.02691038777259
0.02620052923084
0.02556777430078
0.02474041220144
0.02390507088784
0.02333045228974
0.02308253878649
0.02312654503492
0.02395023244876
0.02544222314595
0.02681823270667
0.02760174331906
0.02778567194585
0.02763234650303
0.02722743647057
0.02654504269383
0.02558945170605
0.02405786726232
0.02210623495339
0.01945756051318
0.01617749160433
0.01266551800821
0.00926625756185
0.00624239809169
0.00411159157277
0.00257189834703
0.00111041545754
0.00019155505684
-9.491370739e-05
0.0003686209835
0.00177330712765
0.00388194352391
0.00651964069598
0.00957295163673
0.01239470700333
0.01462435572397
0.01592831841457
0.01591798538609
0.01443678120452
0.01185466500035
0.00861178203726
0.00531427186891
0.00217773056121
-0.00019148825746
-0.0014795111629
-0.0019061525872
-0.00192303238642
-0.00190365552862
-0.00201015374505
-0.00222226551806
-0.00243942863397
-0.00257474847773
-0.00242261901728
-0.00179554455356
-0.00102388903085
-0.00021504230771
0.00094346884455
0.0023511397259
0.00350387777088
0.00413077839786
0.00429212984329
0.0042166062384
0.00401664360191
0.00304673789654
0.00055316865622
-0.00346201730844
-0.00844145082657
-0.01370818212662
-0.01804224153515
-0.02089479083825
-0.02211088859527
-0.02172996659305
-0.02036250850418
-0.01902153982304
-0.01814692508318
-0.01768352600654
-0.01735720961495
-0.01662315429492
-0.01521492195328
-0.01364200899473
-0.01267146012943
-0.01256711849631
-0.01305202222122
-0.01324923514202
-0.01245489482474
-0.00961436653005
-0.00480693852593
0.0014575674239
0.00849851102634
0.01514023334059
0.02061662686326
0.02454651765482
0.02653546907636
0.02661545916971
0.02452653902678
0.02029575231739
0.014760333484
0.00899298117051
0.00412487586679
0.00102435259549
0.00031396207014
0.00254917540195
0.00737285156249
0.01371335763862
0.02055087122747
0.02686890809539
0.03164416370606
0.03453690060791
0.03580349379843
0.03559696639567
0.03443472563558
0.03265093395716
0.0304038331797
0.02780585212372
0.02472671041132
0.02120152810238
0.01758028929845
0.01426510032972
0.01120460197765
0.00867837986346
0.00671400312616
0.00513245951547
0.00397052467925
0.00342467516156
0.00348956053392
0.00379685709886
0.0040371692938
0.00407403491927
0.00366512988103
0.00281786041592
0.00132243869258
-0.00055533891612
-0.00224979902596
-0.00385403606907
-0.0054860211267
-0.00751635504963
-0.00970047150162
-0.01202082125004
-0.01493274497698
-0.01804692396986
-0.02104852297985
-0.02361546895934
-0.025518131855
-0.02686865975719
-0.0276722965609
-0.02795281435011
-0.02757929570547
-0.02659780916216
-0.02533497343654
-0.02405249379958
-0.0229498470087
-0.02234024151758
-0.02287451775544
-0.02467613579753
-0.02725928494463
-0.02970816950536
-0.03159828592339
-0.03265702724076
-0.03292542684575
-0.03237238847711
-0.03147783829847
-0.03081552392469
-0.03060494033137
-0.03082940567002
-0.03163442452979
-0.03260766192601
-0.03328913433204
-0.03339611770773
-0.03256255435166
-0.0306704008406
-0.02799025223317
-0.02496671308329
-0.02220374908563
-0.01985399105588
-0.01773588577608
-0.01583721068801
-0.0143262635084
-0.01338087598135
-0.01294054716335
-0.01280596225669
-0.01278063895875
-0.0127490496202
-0.01268728539109
-0.01288923473317
-0.01381962479255
-0.01565162287414
-0.01815742007136
-0.02036825987287
-0.02167676463311
-0.02241535482458
-0.02334250928919
-0.02454994760123
-0.02564327991015
-0.02656332974285
-0.02782648578875
-0.02930452635762
-0.03044946262418
-0.03053188211293
-0.02987625487496
-0.02906184955115
-0.02789916250213
-0.026402964452
-0.02515418322872
-0.02457569919258
-0.02498505051977
-0.02590138247771
-0.02679489971341
-0.02766634364237
-0.02834234181074
-0.02870011077492
-0.02862536457656
-0.02765676282669
-0.02612227390578
-0.02430007618524
-0.02232853723035
-0.02074988010132
-0.01955043180085
-0.01866820495538
-0.01813093786183
-0.01786930817205
-0.01805827914397
-0.01914807353335
-0.02085236459662
-0.02260763337337
-0.02380759634575
-0.02430255956721
-0.0241918871096
-0.02317052249051
-0.02160633735992
-0.02018005910927
-0.01900949722001
-0.01807768551442
-0.0171006906533
-0.01617665301302
-0.01514471422546
-0.0135448331783
-0.01102156232964
-0.00764436799181
-0.00376235608492
-0.00017321877208
0.00254615791289
0.00415444610782
0.00478886382407
0.00487669636571
0.00484159790046
0.00491063232028
0.00510368467649
0.00532881944854
0.00537117370809
0.00477181846605
0.00349258342163
0.00198097400684
0.00044775700939
-0.00070459809088
-0.00123604111383
-0.00086382318549
0.00041667910356
0.0021204515359
0.00375638157176
0.00482699993337
0.00522647171921
0.00518560388974
0.00501814116519
0.00469077743425
0.00411848385753
0.00358288998758
0.00336363219295
0.00389637953131
0.00524460040763
0.00713837711474
0.00936064047334
0.01133271209565
0.01307426108676
0.01445277202498
0.01523871203279
0.01534395344199
0.01475010842865
0.01329456586083
0.01115179951829
0.00857757255077
0.00612679846028
0.00466456515754
0.00495177368167
0.00642546293343
0.00872639551409
0.01088111448205
0.01212397517874
0.01209811921336
0.01111468555462
0.01003310792038
0.00942101544818
0.00936534810178
0.0096390311919
0.01012846618914
0.01093500027182
0.0118955112352
0.01294393392051
0.01396348099192
0.01499270245572
0.01580735971684
0.01627383242856
0.01644360577808
0.01652817393211
0.01684151195355
0.01749414113762
0.0182687043767
0.01884944145213
0.01911624665392
0.01911206809381
0.01853678366141
0.01700382435983
0.01455231245295
0.01154400831163
0.00823033456581
0.00473926816665
0.0012421606709
-0.00177940832928
-0.00371412448803
-0.00389600882356
-0.00228970985359
0.00052265760932
0.00373470056739
0.00684552519505
0.00940716609478
0.01095060958722
0.01114076106536
0.00962208300969
0.0069104998252
0.00354739562085
0.00016271982489
-0.00249932276848
-0.00362155912422
-0.00284777833042
-0.00056077428345
0.00293844228743
0.00729248716229
0.01174206342284
0.01552896180006
0.01828178712087
0.02022127245275
0.02149055417419
0.02158430004422
0.02012457891629
0.01749511289579
0.0141352230515
0.0103732196788
0.00666885596166
0.00279473437116
-0.0007827378847
-0.0030063537867
-0.00343604689154
-0.00211335266255
0.00059683334965
0.00428832199093
0.0083887275475
0.01242654108097
0.01600194529149
0.01853675846768
0.0198454971697
0.02006296584957
0.01943352929368
0.0180371092124
0.01620080300296
0.01436059176533
0.0130575144544
0.01291668870086
0.01425683678622
0.01656002600528
0.01948613740142
0.02279900134876
0.02607819927437
0.02874997276606
0.03055817716904
0.03132731655791
0.03092760003298
0.02967888359357
0.02788767056206
0.0258300230365
0.0236547387865
0.02152120414652
0.01995256692389
0.01914173910976
0.01890398947709
0.01891897614745
0.018857510644
0.01798260077759
0.01636473860528
0.01482697809855
0.01362920338159
0.01281350957843
0.01271679084825
0.01374169698598
0.01579293450675
0.01854283375576
0.02148279450529
0.02449394553813
0.02721586535021
0.02973388510568
0.03211209405503
0.0341805244971
0.03561175511529
0.03640918706316
0.03715164629177
0.03804620366862
0.03922264289522
0.0409197645427
0.04325950626516
0.04615185446374
0.04899917786738
0.05152646891556
0.05337338528452
0.05401593337741
0.05323391999241
0.05135597934428
0.04866428121111
0.04552406269853
0.04226885280316
0.03891952633003
0.03546112540161
0.03199143768206
0.02846330410758
0.02511674894477
0.02221141877692
0.0201489556498
0.01906619031114
0.0187149645186
0.01877332399503
0.01927269971838
0.01989776336252
0.02033841250081
0.02080900978607
0.02114276552627
0.02073516336379
0.01945826953673
0.0173034965822
0.01469333615722
0.0117139076298
0.00850760236383
0.00530429515176
0.00241060484718
8.153821207e-05
-0.00139893405564
-0.00207897113887
-0.00226565236063
-0.00221407971521
-0.00166842598879
-0.00043512379334
0.00160781203343
0.00401253702389
0.0064688321404
0.00849622919421
0.00956514158037
0.00938980041648
0.00789006804591
0.00519137685306
0.00154750724112
-0.00284107535855
-0.00770576511228
-0.0126445568247
-0.01722211003638
-0.02103542943836
-0.02414850350622
-0.02620215242689
-0.02675092225782
-0.02607776738185
-0.0249414293755
-0.02392764087099
-0.02297184833336
-0.02218804259442
-0.02144162075196
-0.020597882728
-0.01986855303192
-0.01939914705019
-0.01918866783089
-0.01931513675733
-0.02031416893416
-0.02235871572001
-0.02518056826243
-0.0282823807329
-0.03081389712954
-0.03222654917126
-0.03263710259929
-0.03252265108215
-0.03228712929505
-0.03184441427089
-0.03132577974037
-0.03095844075783
-0.03034466750391
-0.02921000308107
-0.02774809369772
-0.0260395880833
-0.02416307627958
-0.02251288695234
-0.02112357150298
-0.02015426792776
-0.01965491739815
-0.01949411661568
-0.01943834849436
-0.01919244689042
-0.01896072935658
-0.01865110201168
-0.01820642187657
-0.01800866189192
-0.01761613277829
-0.0166769753008
-0.01557184152884
-0.01438383478098
-0.01336833670192
-0.01219720975329
-0.01059667366914
-0.00913805746624
-0.00824425590129
-0.00821160482697
-0.00890888449915
-0.01020185912428
-0.01199482132049
-0.01388959857859
-0.01601072350691
-0.01813582904459
-0.01985540190477
-0.02082596516649
-0.02075320927281
-0.01956836973675
-0.01761506024521
-0.01535954116277
-0.01313625205944
-0.01173989676204
-0.01185827130288
-0.01309233938772
-0.0146687758694
-0.01604914394544
-0.01680098603899
-0.01664069632933
-0.0155066257587
-0.01382088807817
-0.01173451250199
-0.00962423527407
-0.00776680232231
-0.0065150734326
-0.00593942549067
-0.00597645307583
-0.00644419987048
-0.00719022221236
-0.00843523157432
-0.01039390373128
-0.0132309444939
-0.01671466512116
-0.02019231405945
-0.02312290274136
-0.02501906205552
-0.02585798807701
-0.02590391984625
-0.02498058043221
-0.02337070467237
-0.02124576109438
-0.01887463878142
-0.01671886167679
-0.01494074578587
-0.01353946331466
-0.01244565232487
-0.01157210291989
-0.0113754802522
-0.01230373964183
-0.01366366480538
-0.01476420971934
-0.01565047475986
-0.01632893471558
-0.01673533837633
-0.01684566891903
-0.01634823671201
-0.01517994225847
-0.01360795067063
-0.01190907266024
-0.01007332791107
-0.00836393331789
-0.00657222720908
-0.00451570980228
-0.0027075845796
-0.00109838905048
0.00055984031589
0.00192544378631
0.00274851143438
0.00306977036459
0.0030963691851
0.00282972990203
0.00199218125775
0.00073716170697
-0.00043590299943
-0.0013850659869
-0.00217859110705
-0.00263069331507
-0.00196558999536
-0.00051712038734
0.00153933547478
0.00392764135136
0.0059990410545
0.00723233893102
0.00764555209713
0.00758840551886
0.00743575670766
0.00723018306754
0.00656145868898
0.00512796783329
0.0026622196693
-0.00061272087582
-0.0037972278066
-0.00627372109652
-0.00758432413457
-0.00724332699649
-0.00536376675142
-0.0025444019099
0.00025652086918
0.0022588057845
0.00346855508142
0.00365443694211
0.00319272152647
0.00225611869322
0.0008063588063
-0.00119715567102
-0.00335566197645
-0.00502639031228
-0.00662061356746
-0.00830342517619
-0.01024508076796
-0.01237548058809
-0.01408379544998
-0.01504099163828
-0.0153400376165
-0.01528528444259
-0.01492186128554
-0.01426023793979
-0.01333864769045
-0.01197792712485
-0.0104589359471
-0.00907347513846
-0.00767963561497
-0.00613309689282
-0.00421245647113
-0.0017683126506
0.00107241035564
0.0038212590261
0.00647071807106
0.00881650268966
0.01054459103064
0.01143970266955
0.01134699334157
0.01036461781949
0.00849511707097
0.00591943246621
0.00272606454061
-0.00089963967205
-0.00442271974416
-0.00756457584921
-0.01022292828092
-0.01243723761899
-0.0139963480125
-0.01498136887624
-0.01586388005096
-0.01684445961998
-0.01809478845811
-0.0194357175491
-0.02097480972443
-0.02265735499944
-0.02400400306718
-0.02489225121417
-0.02548667928241
-0.02574869767546
-0.02510827305411
-0.02381001494385
-0.02181350900235
-0.01953345842492
-0.01754806651754
-0.01606003123599
-0.01464984098161
-0.01324186777549
-0.01228374661738
-0.01225966860953
-0.01285729268239
-0.01380829481218
-0.01484248663904
-0.01588427257599
-0.01686979731434
-0.01789371729749
-0.01867984445872
-0.0188940631474
-0.01859656118493
-0.01835307457999
-0.01853559955609
-0.01919555651655
-0.01995797277857
-0.02066721227437
-0.02092760027316
-0.02028838135176
-0.01901183663781
-0.0170933520796
-0.01499588046483
-0.01270687891497
-0.01063566276616
-0.0087513589016
-0.0068328851407
-0.00487794165581
-0.00336395503261
-0.00290310808084
-0.00340991487486
-0.00453686533743
-0.00572275581196
-0.00665576961838
-0.00702072599387
-0.00638649183194
-0.00458437351436
-0.00219937161553
0.00036257484816
0.00299548161239
0.00564944925532
0.00798944291508
0.00977485059134
0.01082257864952
0.01125662703049
0.01146734379067
0.01171381045398
0.01216748475077
0.01304537107645
0.01450490145184
0.01626572724565
0.0178418937945
0.01877427415857
0.0188575934234
0.01776188930474
0.01500679654821
0.0107130615044
0.00552968905932
0.00013801949591
-0.00469255899088
-0.00853042068517
-0.01103267276465
-0.0117915259134
-0.01071170464207
-0.00806915227829
-0.00441309214013
-0.00053274301943
0.00296290216024
0.00585345008685
0.00802634453159
0.00930640557045
0.00946654051862
0.0085806821769
0.00720599708656
0.00540474255401
0.00373316734895
0.00262929398332
0.00179836733107
0.00111398216991
0.00061988633259
0.0003190408742
0.0004306198742
0.00110912769802
0.00234528074399
0.00388753653201
0.0053386270078
0.00627934649656
0.00664522064364
0.00663893300841
0.00652275392121
0.00667448855991
0.00758316162388
0.00920343519607
0.01161971187174
0.01492578071014
0.01870403763791
0.02255106625089
0.02622650396666
0.02925361342802
0.03149886786496
0.03290335353901
0.0335901310248
0.03372897367186
0.03296814821394
0.03136342637148
0.02905394591808
0.02624067364034
0.02301256140135
0.01981934247866
0.01697216303919
0.0146912270821
0.01357000171476
0.01340781167802
0.01370494653185
0.01438704158293
0.01522855895952
0.01603349503989
0.01682142535238
0.01764965123676
0.01809449333156
0.01825322462905
0.01880813453194
0.02002983969348
0.02153544580228
0.02342003039697
0.02534426632387
0.0270034534119
0.02825540544608
0.02896831242917
0.02941927660042
0.0301082171479
0.03109708185505
0.03233364411918
0.03340656230845
0.03403496592139
0.03422497343536
0.03415777095964
0.03403389338831
0.03390923841045
0.03346829414561
0.03252960095258
0.03124614595835
0.02987227066649
0.02832967296356
0.02682228169902
0.02539599984926
0.02378215427737
0.02167723971488
0.01870470347221
0.01528584230376
0.01187774965541
0.00909613869831
0.00784628134284
0.00800637310177
0.00877512378738
0.00980860659069
0.01105403704785
0.01213841838434
0.01276377355594
0.01315501778933
0.01337671901587
0.01353730385208
0.01346389292142
0.0130009293364
0.01218514915474
0.01099442508312
0.00925868144727
0.00714386934792
0.0048189271424
0.00300372104189
0.002420321709
0.00292750604906
0.00415261416373
0.00597898684527
0.00781505551383
0.00932324937863
0.01022292468182
0.0105437308447
0.01054056723201
0.010477874434
0.01050060637683
0.01044268959024
0.00952098776866
0.00799210265317
0.00612855842228
0.00402767845573
0.00194741631814
0.00030172633917
-0.00067596217733
-0.00090195101684
-0.00056545203933
0.00020683886925
0.0011701080422
0.00226465612856
0.00314616207344
0.0033807678885
0.0028025300311
0.0017205568553
0.00024135593519
-0.00137721562058
-0.00301775538925
-0.0045875803163
-0.00628625317773
-0.00806943300842
-0.00985513221213
-0.01188385733543
-0.01405984341078
-0.01544763643902
-0.01570705267965
-0.01510754987433
-0.01362645006679
-0.01184923755105
-0.01018285945261
-0.00890931999077
-0.00822903528916
-0.00803665596545
-0.00801814937108
-0.00762722545797
-0.00687295036991
-0.00561434359186
-0.00377236159491
-0.00185501723295
-0.00025235051504
0.00069668797943
0.00098897879876
0.00034275587639
-0.00110966504429
-0.0029751941812
-0.00504708156297
-0.00666769345097
-0.00750793314554
-0.0077028642342
-0.0076002069819
-0.00755210135366
-0.00805569162816
-0.00921683106233
-0.01097615243053
-0.01314610640705
-0.01521886657161
-0.01659820170472
-0.01715263652584
-0.01690345973698
-0.0159926883952
-0.01437379327995
-0.01230583432054
-0.00985354500713
-0.0075935306434
-0.00572250027555
-0.00446843556714
-0.00382783818878
-0.00329267405188
-0.00256370462615
-0.00150846955619
-0.00033787401531
0.00035912010393
0.00020524345829
-0.00043090672282
-0.0010503716003
-0.00137986600099
-0.00134201026192
-0.00046327130844
0.00113424908621
0.00287263662409
0.00435348377451
0.00522466496885
0.00550006483173
0.00543556528335
0.00528565179142
0.00492648997388
0.00434787996909
0.00383100899968
0.00369631611989
0.0041743779475
0.00490219961887
0.00546350872923
0.00544281387943
0.00433174518446
0.00262244272835
0.0007790945114
-0.00101838672018
-0.00238536180926
-0.00309991790195
-0.00328353160711
-0.00322839044976
-0.00317578558122
-0.00322739421769
-0.00336339429216
-0.00339209103057
-0.00296430545101
-0.00225922040132
-0.00129506570474
0.00026360768553
0.00251599525929
0.00496142647944
0.00698264747025
0.00846743995881
0.00932956940581
0.00988125451123
0.01055569786654
0.01159067789725
0.0133244204311
0.01523984215154
0.01707277959935
0.01843177979309
0.01912097587698
0.01927913851599
0.01905028227008
0.01791150767011
0.01570920854313
0.01297400443704
0.01006468286251
0.00761668368144
0.00616113751452
0.00564264334907
0.00565675183797
0.00599747544412
0.00667678478846
0.00753864790174
0.00872781716029
0.01037269780867
0.01227249221819
0.01415373684408
0.01568351813655
0.01702559174271
0.01808583748569
0.01873564497198
0.01898947900182
0.01839911792146
0.01671408926447
0.01398956729998
0.01063556559034
0.007177650541
0.00393571774144
0.00110152890908
-0.00158647474351
-0.00423284899616
-0.00685370595915
-0.0093662046886
-0.01135170097001
-0.01251712693741
-0.01295906455504
-0.0129945913137
-0.01293033290531
-0.01293784063691
-0.0130422398557
-0.01317379071742
-0.01308129733569
-0.01277627324522
-0.01246700940986
-0.01246557336724
-0.01273929244841
-0.01323706297123
-0.01425683318711
-0.01587788776494
-0.01812302703055
-0.02104504624509
-0.02399276306442
-0.02608442932393
-0.02680537670606
-0.02618461759068
-0.02467367401018
-0.02249845094494
-0.01973524220819
-0.01650597465671
-0.01313286530228
-0.0101392023173
-0.0077846538797
-0.00609092618759
-0.00555759291506
-0.00641753770574
-0.00825466091186
-0.0105763567253
-0.01294696436634
-0.01517492510706
-0.01675747646696
-0.01753497657515
-0.01773529192387
-0.01770875572777
-0.01791179919756
-0.01862218680764
-0.01975796335372
-0.02113635552149
-0.02224055352633
-0.02264969610546
-0.02168943707939
-0.02001329461095
-0.01859885741349
-0.01791137090415
-0.01787881700564
-0.01816286911529
-0.0184347922434
-0.01852733961169
-0.0184095805177
-0.01788339506632
-0.01706696344678
-0.01636048806309
-0.01577572358993
-0.01504439279186
-0.01434276180257
-0.01387339901008
-0.01398119578334
-0.0151084424522
-0.01665221346313
-0.01784279357058
-0.01837260691909
-0.01837613764042
-0.01816356014332
-0.01790596864857
-0.0176806503222
-0.0177424973307
-0.01809927294209
-0.01866729078288
-0.01919317031039
-0.01968616842089
-0.01974914554815
-0.01884030332628
-0.01746188596478
-0.01590245885008
-0.01415830050835
-0.01242669224335
-0.01097977672857
-0.00997294529269
-0.00965037196959
-0.00974480886764
-0.01003710292617
-0.01019688876122
-0.00993714140299
-0.00936935030577
-0.0083326463041
-0.00682898371163
-0.00543398887566
-0.00459203240833
-0.0043301939705
-0.00445402475347
-0.00519765009188
-0.00661732398612
-0.00826441448455
-0.01018684726019
-0.0119464241648
-0.0130202097382
-0.01304122850738
-0.01210702699653
-0.01043956556769
-0.00828843490673
-0.00583825826755
-0.00358240194903
-0.00185051223408
-0.00097665762505
-0.00142251574701
-0.00290214136142
-0.00508757148648
-0.00720094394411
-0.0082286537841
-0.00796506978068
-0.00644719432527
-0.00431908713459
-0.00227718389085
-0.00044654123195
0.00113280836475
0.00272068567921
0.00437665120896
0.0059382053943
0.00735439175647
0.00837338816492
0.00890235932303
0.00871374826154
0.00747640499176
0.00553627901932
0.00296934815607
-3.43412425e-05
-0.00288978743587
-0.00507202695496
-0.00621298621124
-0.00585689442968
-0.00439221013691
-0.00292606892671
-0.00213260967017
-0.00223330001197
-0.00312357733397
-0.00438475279277
-0.00593646702692
-0.00750007630082
-0.00878980453387
-0.00966550980233
-0.01009559916856
-0.00993728536717
-0.00906471491856
-0.0079087581946
-0.00651716811131
-0.00512069404347
-0.00383683235046
-0.00253351174007
-0.00145704771324
-0.00079801860188
-0.00052410372944
-0.000474845668
-0.00044531501711
-0.0001956883762
-1.920099836e-05
-2.539753307e-05
-0.00014016200672
-0.00027026977158
-0.00057717072297
-0.00105198004001
-0.00132836137864
-0.0009586829783
-8.02454138e-05
0.00108677869988
0.0027310086302
0.00458735357273
0.00627943647416
0.00761015490622
0.00838887511078
0.00868297232056
0.00868054292515
0.00825447735754
0.00713782645178
0.00536206437508
0.00319293099434
0.0010759763482
-0.00088651085934
-0.00259054422674
-0.00374557346151
-0.00408255040008
-0.0036223761209
-0.00268811198563
-0.00159441940637
-0.00080624975344
-0.0004832265423
-0.00050021899349
-0.00065305675767
-0.00117187520242
-0.0024870336268
-0.00437974283957
-0.0062156171565
-0.0077488463909
-0.00873895638814
-0.00917146795157
-0.00930198587036
-0.00973704559964
-0.01081236079237
-0.01272909258679
-0.015068963877
-0.01763779578715
-0.02015963059319
-0.0220680988441
-0.02313563997152
-0.02380324862774
-0.02395029723263
-0.0237523033062
-0.0235290472666
-0.02331500133493
-0.02274644722759
-0.02182065682352
-0.02079023685798
-0.0198698703041
-0.01911897837409
-0.01831661925241
-0.01739272917541
-0.01624809883273
-0.01522172066133
-0.01482060048571
-0.0152820344514
-0.01632893111648
-0.01783690543592
-0.01943278427909
-0.02064530092732
-0.02147743543897
-0.02215085664866
-0.02272971859075
-0.02303336782338
-0.02269686236748
-0.02198793239465
-0.02093128935508
-0.01926941733524
-0.01710025156257
-0.01487887718274
-0.01321140495659
-0.0121399695983
-0.01146441052065
-0.01110246299637
-0.01054424551662
-0.00954103477968
-0.00823144668905
-0.00677805638561
-0.0054161661111
-0.00421761398761
-0.00316737483435
-0.0021639495908
-0.00107821031224
0.00038807774141
0.00198787456953
0.00322352482064
0.00406732258973
0.00435462109147
0.00421116439268
0.00391461619286
0.00319537442626
0.00185402855899
0.00049038696033
-0.00029406377411
0.00032787411993
0.00256683080815
0.00576599185206
0.00938089983151
0.01255922566055
0.01443059434421
0.01462744735458
0.01383367929489
0.01268004399322
0.01154715032969
0.01058455188582
0.00977780185688
0.00925087499002
0.0089665133574
0.00848640363943
0.00718989469387
0.00492945203673
0.00211088511663
-0.00085854941794
-0.00324008070048
-0.00450367439746
-0.00445877197206
-0.0035931208015
-0.00229815479195
-0.00092232518644
0.0002955598138
0.00152976725596
0.0025825934454
0.0032520437633
0.00355813606794
0.00364668447142
0.00366663070752
0.00372768951218
0.00417675695545
0.00519400779831
0.00694311850758
0.00938847954519
0.01211243645031
0.01458283285752
0.01637508962929
0.01729656470729
0.01754357483536
0.01703204133764
0.01535198304371
0.01261617068898
0.00897506842835
0.00508847486167
0.00177474209054
-0.00073950724325
-0.00210473568701
-0.00242063447116
-0.00154795065077
0.00022842590101
0.00264095832048
0.00506736611487
0.00703483448278
0.00835774285847
0.0092470239484
0.00987651449085
0.00999468028364
0.0097872567039
0.00961430894438
0.00998002113177
0.01095509047209
0.01190795693791
0.01226309495683
0.01180680771031
0.01037652365656
0.00806691723451
0.00528576696276
0.00271063086149
0.0007760269948
-0.00023879510049
-0.00017086445398
0.00081029262732
0.00258043326299
0.00466871492481
0.00687622195573
0.00910454260688
0.01145330728385
0.01337710052092
0.01451604067969
0.01494804476941
0.01505358130517
0.01551337767839
0.01635427240994
0.01718463616228
0.01772173769703
0.01798689810814
0.01842223136935
0.01872266300273
0.01856915040649
0.01816268916007
0.0174292708815
0.01613237683177
0.01429509166595
0.01229651623948
0.01048236611618
0.00924912582532
0.0086894291137
0.00854536776538
0.00798774773695
0.0066398399827
0.00506698820892
0.0032880546015
0.00139848560724
-3.335753171e-05
-0.00046193856011
0.00040196920433
0.00236171533402
0.00503188614456
0.00780704030853
0.01053262040969
0.0128199087859
0.01442351850513
0.01509227887473
0.01476243896002
0.01367079463102
0.01168756938444
0.00881888889581
0.00573054787279
0.00310701029691
0.00115399881121
1.762818618e-05
-0.00037621581342
3.30288903e-05
0.00088650042194
0.00225114653061
0.0039276701442
0.0055162320083
0.00685876989892
0.00831233295936
0.01007670747002
0.01144911072822
0.01142525586484
0.00980292000587
0.0070279242025
0.00373731711622
0.00047494356363
-0.00230014473672
-0.00406451528837
-0.00496411141125
-0.00527616815156
-0.0052088541036
-0.00509180763226
-0.00504061757162
-0.00449446069042
-0.00332911786233
-0.00213015364139
-0.00134579867912
-0.00104567081015
-0.00106397225558
-0.00118218267726
-0.00125199810271
-0.00137387529187
-0.00214769459608
-0.00343161711395
-0.00476665735047
-0.00620673816616
-0.00735963925055
-0.00762925895191
-0.00708505278525
-0.00618154083687
-0.00546635202163
-0.00511955672651
-0.00468725751023
-0.00390967102353
-0.00291105922209
-0.00197773229358
-0.00136950957833
-0.00112073372969
-0.00109384698084
-0.00081670551138
3.969981214e-05
0.00173140239623
0.00390253040058
0.00614771285543
0.00818938755605
0.00995354971955
0.0113446863157
0.01219387338359
0.01235232035184
0.01158480415901
0.01020557699903
0.00896521408074
0.00829899107968
0.00824692643669
0.00887115148953
0.0098430068297
0.0113083821505
0.01301517459127
0.01441833219582
0.01550169138669
0.0155336658294
0.01432606555766
0.01160178833226
0.007741673376
0.00379601130935
0.00038537049515
-0.0022372273546
-0.00349129134318
-0.0034698514788
-0.00238949646029
-0.00067603847834
0.00103497499196
0.0028309607957
0.0043837774355
0.00558184367992
0.00660044418689
0.0071062119195
0.00661402720657
0.00521075083158
0.00295537679304
0.00036335045514
-0.00233948654596
-0.00512194293267
-0.00751610311233
-0.00902602814631
-0.00965708070003
-0.00975291405055
-0.00973632937788
-0.01019153689311
-0.01130194335289
-0.01280820449868
-0.01388554598714
-0.01379244795589
-0.012836266715
-0.01171514932079
-0.01074865304694
-0.0101206741283
-0.00941699884776
-0.00823996216985
-0.00695424693812
-0.00600532509063
-0.00553800658939
-0.00543931195094
-0.00550503159568
-0.00557088800639
-0.00553452625552
-0.00511097646183
-0.00434991346303
-0.0032680774131
-0.00157173497171
0.00066515982565
0.00308661741197
0.00512686290826
0.0066441805025
0.00739367238093
0.0067631956839
0.00497660750143
0.00247937761211
5.018033192e-05
-0.00204971653929
-0.00363708566022
-0.00456481598152
-0.00529945795556
-0.00646417489942
-0.00793350923496
-0.00917987186014
-0.0097537022544
-0.00938525834683
-0.00801672052666
-0.0059442914797
-0.00357156396622
-0.00120398245208
0.00084714565592
0.00228892776822
0.00296180155414
0.00266092147237
0.00142836249196
-6.436612959e-05
-0.00155467881637
-0.00305455191192
-0.00456842948225
-0.00628117844065
-0.00793218116547
-0.00881444760109
-0.00869887316341
-0.00746084966292
-0.00540553795607
-0.00303258765803
-0.00030662518802
0.00248722869826
0.00493839221184
0.00711156018851
0.00835870741843
0.00859572283382
0.00819919871441
0.0069499784004
0.00529040260911
0.00363257238342
0.00241416688071
0.00182177266632
0.00170088595068
0.00177438433957
0.00193549680448
0.002279811237
0.00230125865951
0.00176058105471
0.00084859249586
-0.00012446642079
-0.00079520302258
-0.00105535168093
-0.00102404055315
-0.00089499466802
-0.00081267991321
-0.00082582312233
-0.00090653591582
-0.00099518257486
-0.00077927230716
-0.00034236684921
-0.00024947025983
-0.00046933040055
-0.00086389192838
-0.00158333416509
-0.00238772606088
-0.00315225103812
-0.00381309265841
-0.00409779260684
-0.00368832250922
-0.00229570848075
-0.00031133846706
0.00166928941392
0.00303136000355
0.00360152291051
0.00361439690664
0.00316868562814
0.00196480431089
0.00051118618415
-0.00053989983835
-0.00097199426559
-0.00094808613547
-0.00067345468136
1.48382325e-05
0.00092767309554
0.00233836326551
0.00413600429732
0.00610652470568
0.00806061880196
0.00988059947425
0.01139873406516
0.01236471206799
0.01274759918116
0.01235701718297
0.01115558937513
0.00954723603641
0.00773019943146
0.00595227429306
0.00469014039278
0.00409540999978
0.00398280122406
0.00405777056688
0.00410098141326
0.00403772355586
0.00390424717333
0.00377444547631
0.00370197031277
0.00369784573923
0.00373886473107
0.00379163839761
0.00396416506193
0.00438305761464
0.00505860589498
0.00577577421758
0.00656160625226
0.00695818435823
0.00640829520586
0.00499708280586
0.00285828267627
0.00051123945089
-0.00184291812398
-0.00366174672297
-0.00463459181683
-0.00512669015125
-0.00545182243753
-0.00522465057243
-0.0044078950335
-0.0031266869601
-0.00122094251133
0.00109739533778
0.00342963256784
0.0052990692523
0.00667303452177
0.00699836835788
0.00608916262648
0.00460048310526
0.00291946636985
0.00170892419025
0.00134830689492
0.00368774665253
0.00480451272962
0.00677013835612
0.0095286106716
0.01257443907448
0.0152998104276
0.01785619663504
0.01988408676614
0.02109287114319
0.02158767960317
0.02155879319195
0.02102955929923
0.02039105659958
0.01998138495212
0.01982608360104
0.01941381340026
0.01816677414347
0.01614452380882
0.01348227714624
0.01044585680203
0.0078449928635
0.00594914307231
0.0047393113559
0.00391521364417
0.00315265233825
0.00240113236454
0.00190637213256
0.00213115239284
0.00313031701671
0.00510024753187
0.00771033597476
0.01058983177184
0.01353877228664
0.0163364604427
0.01866932787592
0.02027557933772
0.0207696427831
0.0204035886808
0.01971723588932
0.01846921407705
0.01688852345408
0.01499946157362
0.01288238203856
0.01040447070154
0.00778829977237
0.00510259054878
0.00261439477119
0.00037130267612
-0.00090378979923
-0.00119442143148
-0.00082893022909
0.00034039774325
0.00205766120215
0.00419000885753
0.00619521383415
0.00765952382007
0.00873073603389
0.00942636731629
0.00979883142337
0.00996953694091
0.01005803891595
0.01013123030125
0.01013767629707
0.00946302779282
0.00805912517367
0.00610064017013
0.00368083997135
0.00083301953141
-0.00232782760745
-0.0055511181264
-0.00854061334859
-0.01094328181084
-0.01299869429262
-0.01422662950372
-0.01455087281123
-0.01371645286833
-0.01214315120652
-0.01050394274653
-0.00867830068316
-0.0066506948813
-0.00482771255602
-0.00330028903679
-0.00217214475131
-0.00151683279489
-0.00092040218501
0.00032274633205
0.00191017854528
0.00356322808072
0.00485813938388
0.00574285680954
0.00605191909506
0.00588248406134
0.00525306910008
0.00401829559079
0.00213415692512
-0.00011195773375
-0.00228150713495
-0.00412581163391
-0.00559594497061
-0.00654371870383
-0.00699227867339
-0.00712552471324
-0.00714533778248
-0.00717512396977
-0.00724445711524
-0.00732876613376
-0.00775139095765
-0.00876292282376
-0.00992069349629
-0.01045651734901
-0.01031225804996
-0.00986307903445
-0.00946434506499
-0.00924809288238
-0.00873048769569
-0.00756887317976
-0.00628041902964
-0.00516642066376
-0.00407793634835
-0.00288331984542
-0.00162540013638
-0.00089807586123
-0.0011101206909
-0.00179585443644
-0.00247961083407
-0.00326603348176
-0.00399786707471
-0.00445715597422
-0.00451767131413
-0.00395222323382
-0.00310527948765
-0.00216527010217
-0.00126755955003
-0.00066176047163
-0.00040156178572
-0.00040367769914
-0.00075162866666
-0.00103250024783
-0.00093477088915
-0.00056126052245
1.192111886e-05
0.0006831341125
0.00129519419276
0.00167452934989
0.00180075677642
0.0013244369153
0.00010071708314
-0.00126589316473
-0.00283879028722
-0.00415625285819
-0.00466919360569
-0.00442765411618
-0.00341798334691
-0.00194314274168
-0.00064916972501
0.00034429679691
0.0010745341871
0.00150221827191
0.00168982914232
0.00141811116315
0.00035731558501
-0.00144743198625
-0.00353310897628
-0.00528011276988
-0.00637209181558
-0.00678931078479
-0.00659011475752
-0.00609246660424
-0.00544797499502
-0.00469961683444
-0.0035773358498
-0.00194288324626
-6.12042085e-06
0.00211358948361
0.00443302038071
0.00654173919645
0.00809306112823
0.00903684705387
0.00910097589451
0.00800836700555
0.00587970555281
0.00303248616329
-0.00010495204121
-0.00284564010255
-0.00470812871614
-0.00567355965511
-0.00597905162915
-0.00572682639893
-0.00485315822351
-0.00349880987209
-0.00224600952903
-0.00148331469633
-0.00088737464437
-8.448051584e-05
0.00078524538067
0.001453150963
0.00180956306485
0.00203910314059
0.0022364924175
0.00239478678372
0.00250229526873
0.00256301395803
0.00254400060977
0.00213793850402
0.00117869658482
7.846051e-05
-0.00070326858175
-0.00101799225835
-0.00099190595029
-0.00083959257561
-0.00072292221067
-0.00061093859936
-0.00031514736316
3.14328243e-05
0.00041891378743
0.00061277378265
0.00034105929461
-0.0001678535153
-0.00059494561944
-0.00079130123359
-0.00078004359521
-0.00066948846841
-0.00056349520631
-0.00051421231105
-0.00047067034708
-0.00013382279632
0.00041777827002
0.00105904112276
0.00146429990843
0.00136766683693
0.00088201737761
0.00023089319499
-0.00028674546337
-0.0007982057553
-0.00136632077191
-0.00144222048321
-0.00081473824096
0.00033271941411
0.0019801138209
0.00361013196803
0.00468092308664
0.00508245356015
0.00485661696276
0.00413985893804
0.00337141669567
0.00262458887425
0.00203270465294
0.00182975979861
0.00255480656056
0.0037706808132
0.0049916049691
0.00596781162638
0.0064957102514
0.00662250669633
0.00654434494798
0.00647560205561
0.00677163918262
0.00742960223928
0.00814637466041
0.00912403175673
0.01025587088269
0.01132001085654
0.01254849313149
0.01370407914771
0.01465129142065
0.01542644851193
0.01556358878265
0.01477305271864
0.01299652763182
0.01057428364121
0.0076235759662
0.00467752193307
0.00238187175781
0.00123971687907
0.00104396411489
0.00161967432133
0.0031389217553
0.00553426712001
0.00840435485842
0.01135095955452
0.01400944155399
0.01628013446021
0.01811173664032
0.01923848663278
0.01944327566816
0.01893815937343
0.01772161532748
0.01593998671075
0.01369366693893
0.01107499823136
0.00834374954091
0.00589962299608
0.00392988719246
0.00265024256997
0.00203719741485
0.0018502196269
0.00179630144519
0.00150300539603
0.00106931512593
0.00120588349898
0.00218385515702
0.00397561381275
0.0060858406532
0.00829492769091
0.01023693599491
0.01145519321451
0.01185533083465
0.01149293702143
0.01045504171624
0.008889902823
0.00699048991854
0.0053009083946
0.00400653371789
0.00308104167957
0.00265100522017
0.00290032633312
0.00390152265137
0.00544791021114
0.0073010062422
0.00910302018576
0.01055579864146
0.0116435523387
0.0124951652029
0.01306009141309
0.01348979927426
0.01400146233973
0.01446606351721
0.01452066552873
0.01380855034858
0.01250547663675
0.01082768577854
0.00901684683121
0.00724761352973
0.00575129670915
0.00483269731549
0.00469600693281
0.00528599730543
0.00647286673633
0.00792840930415
0.00947051033068
0.01071255403069
0.01136608658994
0.01137601291964
0.01083157281119
0.00988967641532
0.00854703774978
0.00685860074101
0.00506855022019
0.00331917245738
0.00181962688033
0.00079656168445
0.00028528462292
0.00029273383308
0.00090829515801
0.00207125177995
0.0034847708459
0.00499694244079
0.00635592103991
0.00743964374031
0.00810165578933
0.00835026032061
0.00833672049018
0.00823111197235
0.00810573357452
0.0077778947618
0.00728406885731
0.00669766319258
0.0060375190787
0.00548128830453
0.00508167975272
0.00445128223599
0.00356343934814
0.00275594502443
0.00224779432486
0.00219312644972
0.00250468687354
0.0030140411136
0.00382299379438
0.00460841193206
0.00516883206365
0.00561324226594
0.00591061466065
0.00603381560036
0.00602281313848
0.00594289502722
0.0058453952914
0.00575070285694
0.0055202378114
0.00501351631615
0.0042491529387
0.00348545251626
0.0029558759888
0.00264275103434
0.00231687913213
0.00200909704802
0.00189577600955
0.00221733546497
0.00270522968565
0.00307416019212
0.00337883301002
0.00366187629073
0.00381460788133
0.00360837200602
0.00295834425454
0.00215786710451
0.00154066606364
0.00122528663024
0.00113942459821
0.00114007387663
0.00111312018443
0.00101185686523
0.00067076039187
-0.00012381685444
-0.0012516662653
-0.00246982019061
-0.00353765212565
-0.00431482219598
-0.0047308786545
-0.00480703570175
-0.0044993626705
-0.00391528202716
-0.00338778434235
-0.00312562378468
-0.00314739404685
-0.00351225288661
-0.00418654292008
-0.00490776023503
-0.00557880603588
-0.00608919861752
-0.00636619648272
-0.00648617982318
-0.00672732341122
-0.00723113683018
-0.00779966574379
-0.0081698120277
-0.00814413961664
-0.00775933058176
-0.00700517786324
-0.00616359210366
-0.00529925640572
-0.00450884271126
-0.00387063513816
-0.0034821381011
-0.00337949056638
-0.00374931293089
-0.00463311258495
-0.00587967675998
-0.00728478867817
-0.0087232319014
-0.01002401298378
-0.01101026834031
-0.01171155381558
-0.01213403107619
-0.01217371480034
-0.0118306661728
-0.01133147400377
-0.01090295384702
-0.01054315138891
-0.01020177994398
-0.00982909629154
-0.00944020587237
-0.00906668002952
-0.00865991285923
-0.00830739138914
-0.0080831887851
-0.00798560267078
-0.00796539010096
-0.00796759995101
-0.00795826747353
-0.00793011527959
-0.00797901990899
-0.00824338851715
-0.00864521411722
-0.00897904543861
-0.00913949710796
-0.00914128586281
-0.00905370165936
-0.00886979822631
-0.00861204477188
-0.0082900760983
-0.00795421488207
-0.00770666848746
-0.00757990083537
-0.00754107009894
-0.00753671158362
-0.00752682844318
-0.00749726180125
-0.00745307559761
-0.00735136850884
-0.00716135739577
-0.00696813948076
-0.00682398455574
-0.00665792908097
-0.00648964576064
-0.0063677656922
-0.00630656652247
-0.00629460669884
-0.00639810974066
-0.00667571945359
-0.00708890742597
-0.00756796260637
-0.00793547794502
-0.00810300905255
-0.00810280750271
-0.00802218396701
-0.00792785144298
-0.00777967271933
-0.00752126782702
-0.0072309856678
-0.00701163105727
-0.00689593065094
-0.00685685877453
-0.00684783582002
-0.00683182700403
-0.00674748919268
-0.00658496084014
-0.00639679966669
-0.00612996927117
-0.00580136025014
-0.00541659440452
-0.00506017150535
-0.00480806864469
-0.00463509569143
-0.00451462287278
-0.00442694149352
-0.00439855895691
-0.00447200947772
-0.00470168991852
-0.00504739108594
-0.00546907294449
-0.00596775044161
-0.00652133587411
-0.00703491726218
-0.0074416304459
-0.00770555996333
-0.00779610263052
-0.00767401021493
-0.00731194751931
-0.00677786203397
-0.00617570308967
-0.00559706429205
-0.00508328495325
-0.00466917201106
-0.00436848124218
-0.00417600834176
-0.00408198174159
-0.00408498339459
-0.00420809795581
-0.00437670879463
-0.00452829946917
-0.00464987721284
-0.00472400076616
-0.00474703143465
-0.00469621208176
-0.00454995527982
-0.00435300869274
-0.00413496415618
-0.00392005803858
-0.00375631318878
-0.00366380181153
-0.00359251003349
-0.00351207293139
-0.0034584415983
-0.003473105429
-0.00353477104265
-0.00360951292209
-0.00370136206414
-0.0037973897663
-0.00386775585471
-0.00386222763049
-0.00378836321268
-0.0037075849155
-0.0036369021059
-0.00358749072262
-0.00358781716138
-0.00362545695419
-0.00369238949709
-0.00379159520836
-0.00391741989512
-0.0040460950725
-0.00416960553518
-0.00429996149428
-0.0044270062774
-0.00455338162712
-0.00465630161404
-0.00471269597951
-0.00472397197332
-0.00470744488632
-0.00467911993538
-0.00463539441709
-0.0045734754265
-0.00449935187318
-0.00442764331886
-0.00436765344818
-0.00431838890836
-0.00427762185381
-0.00422905194111
-0.00417439234392
-0.00411384101297
-0.00405512162611
-0.00400207082855
-0.00397989674688
-0.00399280313494
-0.00401587699269
-0.00402682906711
-0.00401866629853
-0.00399616469837
-0.00396241229813
-0.00391893871714
-0.00387568108241
-0.00383514796964
-0.00380494068715
-0.00379875742594
-0.00380436842956
-0.00380378897377
-0.0037985630743
-0.00380049579332
-0.00380993624393
-0.00382523243726
-0.00383048353045
-0.0038162562711
-0.0037845409639
-0.0037431440661
-0.00369883189381
-0.00365318085471
-0.00360917820539
-0.00356151022823
-0.00350343508104
-0.00344283156308
-0.00338808198828
-0.00334157400244
-0.00330572872304
-0.00328140417655
-0.00326352958489
-0.00324905686663
-0.00323533096251
-0.00322075135086
-0.00320025337207
-0.00317065109901
-0.00313014785881
-0.00307820486555
-0.00301724899527
-0.00295122774558
-0.00288448811468
-0.00282124537352
-0.00276425391664
-0.00271301058927
-0.00266782743373
-0.00262840608428
-0.00258982152659
-0.00254996468553
-0.00250875638079
-0.00246195902697
-0.00240940382607
-0.00235323224515
-0.00229552132732
-0.00223612602868
-0.00217849069204
-0.00212311811228
-0.00207014937429
-0.00201893447984
-0.00196864023627
-0.00192019233321
-0.00187349071556
-0.00182917854327
-0.00178596337797
-0.00174240881713
-0.00169821721483
-0.00165135579695
-0.00160031833834
-0.00154602477005
-0.00149014759587
-0.00143508417918
-0.00138035475936
-0.0013259031904
-0.00127209766066
-0.00121902598829
-0.00116669429176
-0.00111434316008
-0.00106184806422
-0.00100900313542
-0.00095660485547
-0.0009057207187
-0.00085703383511
-0.00080995071241
-0.00076352730552
-0.00071767903551
-0.00067219283539
-0.00062701363886
-0.00058191146317
-0.00053687947001
-0.00049267455103
-0.00044956052056
-0.00040707021487
-0.00036439671477
-0.00032076279368
-0.00027585648125
-0.00022997625118
-0.00018355147664
-0.00013701613761
-9.082163376e-05
-4.536800554e-05
-8.0878712e-07
4.284287395e-05
8.553354178e-05
0.00012737068202
0.00016882358188
0.00021028749501
0.00025181928724
0.00029334391725
0.00033491537161
0.0003765879608
0.0004182814248
0.00045987447379
0.00050126309365
0.00054240373522
0.00058328704084
0.00062392848665
0.0006643302321
0.00070447284205
0.0007442843344
0.00078375319203
0.00082289489107
0.00086179329065
0.00090050021789
0.00093906534042
0.00097747318209
0.00101569638971
0.00105370401098
0.00109145825531
0.00112890225684
0.00116600362365
0.00120276775438
0.00123922416169
0.0012753976794
0.00131132321883
0.00134697882543
0.00138233534646
0.00141739026255
0.00145214933227
0.00148660463759
0.00152075545868
0.00155460503473
0.001588168482
0.00162144616038
0.00165443591042
0.00168713233346
0.00171953255021
0.00175162900256
0.00178342708916
0.00181493652759
0.00184616235661
0.00187710061719
0.00190774411112
0.00193808959922
0.00196814068059
0.00199789699531
0.00202735782357
0.00205652028608
0.00208538438285
0.0021139479544
0.00214220956111
0.00217016992278
0.00219782975924
0.00222518907049
0.00225224857635
0.0022790071971
0.00230546673227
0.00233162574223
0.00235748566663
0.00238304614554
0.00240830753889
0.00243326984667
0.00245793342879
0.00248229756544
0.00250636189669
0.00253012678247
0.00255359222276
0.00257675713785
0.00259962296737
0.00262218863158
0.00264445521023
0.00266642270331
0.00268809111083
0.00270946079268
0.00273053210879
0.00275130505915
0.00277178036358
0.00279195766218
0.00281183767476
0.00283142040132
0.00285070620178
0.00286969543604
0.00288838846402
0.00290678564562
0.00292488698085
0.00294269354944
0.00296020499147
0.00297742166686
