0.00024419122516
0.00024714712291
0.00024954592112
0.00025084631214
0.00025078766302
0.00024900291348
0.00024542768819
0.00024014980423
0.00023355788472
0.00022576904897
0.00021773608793
0.00021065104162
0.00020535530793
0.00020258587054
0.00020321262429
0.00020742909786
0.00021686252473
0.00023178964284
0.00025115767589
0.0002723166768
0.00029624583088
0.0003221764365
0.00035040178401
0.00037605466748
0.00040023537305
0.00042313317945
0.00044744268045
0.00047061378011
0.00049411369064
0.000518599139
0.00054246588612
0.00056317649639
0.00057615938052
0.00057580685949
0.00055577042331
0.00051096133256
0.00043973146195
0.00034573709874
0.00023089814043
0.00010717923115
-1.380314866e-05
-0.000121464251
-0.00020936563722
-0.00027975388625
-0.00034339690491
-0.00039605925151
-0.00044701209481
-0.00050353960182
-0.0005662489766
-0.00063224690729
-0.0006916636999
-0.00072758147671
-0.00071863916353
-0.00066304955033
-0.00056085200496
-0.000402199112
-0.00018728355017
0.0001081665137
0.00044143259958
0.00079011995932
0.00112813886072
0.00142041189595
0.00166163514459
0.00182468730311
0.00190015274963
0.00187441021487
0.00176614823417
0.00160161754521
0.00139204021643
0.00116352382973
0.00089299033671
0.0006181035669
0.0003963282501
0.00022887311292
0.00014686254093
0.00019221875506
0.00036706815496
0.00066564201143
0.00105804667567
0.00148172639692
0.00191068319687
0.00228772546006
0.00252295271973
0.00257936771528
0.0024308100761
0.00209029758054
0.00152378466053
0.0007222261097
-0.00021863412183
-0.00122156811662
-0.00223077094629
-0.00317105994166
-0.00399913362092
-0.00467855795185
-0.00517560812474
-0.0054282511757
-0.00539443063058
-0.00508662788102
-0.00454132527431
-0.00383088804034
-0.00297144356867
-0.00195943533372
-0.00079528206607
0.00045529387843
0.00169378300429
0.00285873883885
0.00392469755369
0.0048048436884
0.00546317223063
0.00590440508321
0.00616599984195
0.00627999207876
0.00626698727391
0.0061360221339
0.00582487311877
0.00532580087096
0.00459580498311
0.00360185763504
0.00232195668323
0.00088213868375
-0.00059650360155
-0.00198116234979
-0.00316679390041
-0.00407429307203
-0.00472974507848
-0.00515556632022
-0.00534598583122
-0.00536264110761
-0.00519334154284
-0.00488794559927
-0.00443175341854
-0.00380257138631
-0.00302266693159
-0.00216004753388
-0.00126204987758
-0.00042943332964
0.00034520684091
0.00103770916507
0.00155697039939
0.0018722297739
0.00190942566311
0.00146591529207
0.00052986012791
-0.00080566712075
-0.00237046053433
-0.00406382570279
-0.00580302844657
-0.00747768226422
-0.00888946634227
-0.0099611123665
-0.01067784845333
-0.01087499628442
-0.01056219203096
-0.00969081642254
-0.00820631369886
-0.0061625819985
-0.003749896782
-0.00123593961149
0.00102957881339
0.0027853871764
0.00405679451882
0.00482153475372
0.00488280541325
0.00431278607217
0.00339613790626
0.00221868994337
0.00092202455891
-0.00026607915724
-0.00128659124615
-0.0017965607778
-0.00176840785816
-0.00125864142872
-0.00013552151901
0.0018245915677
0.00460345934193
0.00784530622137
0.01137764742589
0.01483529711964
0.0180047027177
0.02068068177271
0.02279106589394
0.02434593414067
0.02522835510966
0.02523765128595
0.0242852808403
0.02231129730384
0.01934050240965
0.01557140396842
0.01115631969448
0.00650560106172
0.00187519891356
-0.00257857722714
-0.00657256663578
-0.00992921547672
-0.01263354831679
-0.01470086045277
-0.01620160240645
-0.01727585654944
-0.01781796051994
-0.01797366923602
-0.01793112513759
-0.0178140997884
-0.01758572611009
-0.01737710345119
-0.01737455796307
-0.0175511539973
-0.01788338716973
-0.01849403142751
-0.01912515590428
-0.01977773137494
-0.02052593935792
-0.02132248477345
-0.02191423247268
-0.02236985247779
-0.02276850096939
-0.02271189629248
-0.02212216172094
-0.02079178852651
-0.01847929533285
-0.01511551554628
-0.01082204655266
-0.00562250010293
0.00011723033033
0.00577479992279
0.01096731384648
0.01522938699543
0.01841231633793
0.02024182888442
0.0205060004466
0.01948476313962
0.01755878598804
0.01499098794125
0.01200527800772
0.00892111270949
0.00587425737771
0.00297972468124
0.000567569141
-0.00122943318281
-0.00250052468787
-0.00308544877897
-0.00281678481051
-0.00180523646341
-9.771417581e-05
0.0021280933818
0.00478539240134
0.00767454825744
0.01061514623634
0.01349270200335
0.01635486405399
0.01930178772744
0.02218502946176
0.02482246830563
0.02707570396745
0.02864662802588
0.02923137451438
0.02870167141043
0.02677513505671
0.02309530317069
0.0174821887164
0.00989488046563
0.00067519049973
-0.00953147512939
-0.01993363245656
-0.02973150253582
-0.03831538056898
-0.04518129569754
-0.05018722847367
-0.05340930643923
-0.05500705877929
-0.05509917055496
-0.05374375405212
-0.05147885119695
-0.04895094439367
-0.04635991485338
-0.04407255891409
-0.04257485902003
-0.04229144643079
-0.0432530772638
-0.04514009368423
-0.04746919294449
-0.04971638027602
-0.05149146679712
-0.05258276094757
-0.05255815605363
-0.05056744118928
-0.04590190593675
-0.03841035098597
-0.02826581584557
-0.01594003448941
-0.00260128083382
0.01054552333372
0.02255302920274
0.03257748351348
0.0401472328172
0.0453964319429
0.04876886817852
0.05063011656457
0.05126957538996
0.05093986981118
0.05028291914301
0.05003136765461
0.05075931462584
0.05252057767016
0.05524478679091
0.05878534155638
0.06286004620118
0.06701456017469
0.07065635289468
0.07303050147894
0.0735264466684
0.0718610532381
0.06823836286304
0.06300467824137
0.0564289979681
0.049162143856
0.04178764109611
0.03457180858681
0.02765614683632
0.02120791991365
0.01523352956485
0.0095173071841
0.00388241650395
-0.00183360366931
-0.00775972145302
-0.01391026942158
-0.02014654084062
-0.02616982335049
-0.03152317275543
-0.03587052646678
-0.0393289277282
-0.04201780869487
-0.04393440914505
-0.04506650268327
-0.0450895865474
-0.04428332890919
-0.04314339312023
-0.04176309883281
-0.03981257941793
-0.0370740234072
-0.03364037019547
-0.02984221561131
-0.02586281243116
-0.0218153879033
-0.01797203636578
-0.01473148236168
-0.01214340540867
-0.01017705833656
-0.00907237465019
-0.00869198746351
-0.00887575470592
-0.0095590594523
-0.01056347595906
-0.0117394735753
-0.01277883797869
-0.0135595333689
-0.01388752555234
-0.0135082478227
-0.01241769181907
-0.01092425528208
-0.00905473965166
-0.00665194202363
-0.00406396304283
-0.00179167693004
-0.00011465952153
0.00104041391395
0.00164623650724
0.00190265215949
0.00215520484339
0.00247787342251
0.00299182536808
0.00404295493703
0.00622145032566
0.01003666728536
0.01584100202811
0.02387845457668
0.03412099324644
0.04617622813608
0.05941817942849
0.0727897314077
0.08542237605384
0.09686253333118
0.10657645598594
0.11415861062982
0.11952059858934
0.1228022651344
0.12401403379281
0.12312785498547
0.12046386075062
0.11643058179997
0.11127339603037
0.10532335110571
0.09879773060756
0.09182237738438
0.08447370081589
0.07661606083223
0.06790673362892
0.05834607709532
0.04800329808765
0.0366879726213
0.02454773005991
0.01188429350741
-0.00094002594668
-0.01335603300156
-0.02464578727268
-0.03414164346288
-0.04173401137456
-0.04781375093198
-0.05275016369869
-0.05688025172294
-0.06014532114864
-0.06226617353384
-0.06332373661151
-0.06319574642685
-0.06198733298126
-0.05993989265234
-0.05754995219979
-0.05465332987679
-0.05107568882572
-0.04733310551292
-0.04393017710329
-0.04097905717702
-0.03899049859611
-0.0385607047824
-0.03992712638326
-0.04312809334982
-0.0482987357596
-0.05574990289539
-0.06556067935992
-0.07713808720928
-0.08945346293211
-0.10160935420605
-0.11279907839927
-0.12234143783901
-0.12993343444048
-0.13552254793914
-0.13904905554698
-0.14023680088167
-0.1387648466539
-0.13407636174575
-0.12557568404303
-0.1129618733248
-0.09639937975491
-0.07648816011992
-0.05418852106219
-0.03063589343829
-0.00702051886122
0.01534699838846
0.03512680552173
0.05113013274558
0.06253736420122
0.06884449324119
0.06990576942103
0.06626330565848
0.05854998456181
0.04729718236777
0.03348823589944
0.01843897909572
0.00356722110216
-0.00932613610543
-0.01885578152543
-0.02392257338832
-0.02338701431961
-0.01682575251419
-0.00441180913887
0.01323584927871
0.03483592199196
0.05870392172553
0.08261697078309
0.1044696060222
0.12267821173278
0.13618155647116
0.14419268625683
0.1462587368328
0.14258370513791
0.13382583918928
0.12110094855895
0.10559056025389
0.08852818471149
0.07117077412269
0.05455168929673
0.03949273816481
0.02655879540835
0.01593763663066
0.00750323109136
0.00097998742597
-0.00379955706312
-0.00705357441782
-0.00934978811893
-0.01083012143149
-0.011519640032
-0.01150197819177
-0.0106350180434
-0.00867985948761
-0.00540819147672
-0.00071815288135
0.00541005697504
0.01282672357591
0.02123574581189
0.03064667932907
0.04082435502478
0.05086301306975
0.05988594083036
0.06733898688532
0.07258528710715
0.07506823405879
0.07443351726751
0.07013432651764
0.06172410535228
0.04938573523765
0.03414814810211
0.0172669137889
-4.645636604e-05
-0.01651501954544
-0.0309395446712
-0.04257114144424
-0.05116525063966
-0.05666932067763
-0.05950514654452
-0.06052566807277
-0.06021971740068
-0.0585906050049
-0.05584067258594
-0.05210126554127
-0.04756497308617
-0.04270483549067
-0.03795265969615
-0.03341953008833
-0.02938318670998
-0.02629366649211
-0.02435201378628
-0.02346342369934
-0.02335646846219
-0.02373287412967
-0.02415272756623
-0.02405775714924
-0.02280900509843
-0.01977642060514
-0.01443739124847
-0.00617874965063
0.00540607545584
0.01979015013596
0.03600970516775
0.05287551444927
0.06883823017728
0.08219837443293
0.09167519538246
0.09640018500598
0.09593993928081
0.0904445033238
0.08069488120475
0.06738935981364
0.05138240001271
0.03397730513945
0.01650506574744
0.00027446110514
-0.01345398732114
-0.02407026985621
-0.03149674709934
-0.03631314166704
-0.03948277541957
-0.04168348634326
-0.04351704303959
-0.0456855170786
-0.04837161098183
-0.05120233692525
-0.0542975878466
-0.0578809998637
-0.06208083157822
-0.06651485714688
-0.07084487111842
-0.07461961973803
-0.07786039742298
-0.08049209214252
-0.08203893472021
-0.08264184409405
-0.08226610499552
-0.08078041676331
-0.07809271235794
-0.07418160788974
-0.06908119232088
-0.06260093429992
-0.0545855993142
-0.04529698343522
-0.03506897507374
-0.02402823575013
-0.0123869491225
-0.00059294126027
0.0111500118944
0.0222084309527
0.03189937711014
0.03970819203699
0.04546613089701
0.04883776188155
0.0495082228733
0.04733297130441
0.042096316201
0.03378408514416
0.02303816165973
0.01131337944292
-0.00030664640902
-0.01071905046663
-0.01915801014811
-0.0251168367831
-0.02839211947659
-0.02911228682771
-0.02788961596448
-0.02480988402078
-0.01967442660934
-0.01251675559568
-0.00366538210285
0.00611230301614
0.01588261561419
0.02477019856367
0.03197853776436
0.03698388897028
0.03963935649098
0.03986496100032
0.03762765588892
0.03325234654444
0.02707323900444
0.0201104163827
0.01333556620342
0.00743327714109
0.00321984160438
0.00128027360411
0.00167537496473
0.00465024442935
0.01055141508742
0.01878732623688
0.02805111354106
0.03724874052226
0.04536690607018
0.05151262700591
0.05520295847121
0.05631644176238
0.05438536021371
0.04870377705001
0.03917152798486
0.02599274863924
0.0095529037552
-0.00954411309764
-0.0303014726671
-0.05150936126544
-0.07170550557224
-0.08954069846517
-0.10393885609185
-0.11423725681808
-0.1200016913701
-0.12092790905031
-0.116862241112
-0.10812374592533
-0.09568498784343
-0.08065166606376
-0.06423027037656
-0.04786117127302
-0.03282508032438
-0.02000950052861
-0.00969393900726
-0.00221650950241
0.00242569986331
0.00482531496016
0.00571015168237
0.00566363948559
0.00518362037293
0.00480265608965
0.00548407296963
0.0080856557726
0.0129098568021
0.02042918396772
0.03018911330053
0.04188354649907
0.05472580247348
0.06776389103556
0.08034007863415
0.09111263803467
0.09918662214031
0.10372747768483
0.10369057034392
0.09819271863369
0.08691620626913
0.07007643791263
0.04848537506417
0.02358911444481
-0.00318710456932
-0.03011510625318
-0.05513460160223
-0.07644521339595
-0.09276094224773
-0.10365496035197
-0.10946046270878
-0.11039893809978
-0.10733307884264
-0.10072505431789
-0.09168230843361
-0.08141057046518
-0.07164350123951
-0.06347069493258
-0.05767713713337
-0.0546795005367
-0.05464639577031
-0.05782991115665
-0.06430444294774
-0.07373675140733
-0.08511530697748
-0.09703772017602
-0.10794274337828
-0.11601368542431
-0.11935292742119
-0.11635882498201
-0.10568696670196
-0.08687147009833
-0.06007432484559
-0.02627637148848
0.01298111257495
0.05548609369619
0.09852676362104
0.13968538284041
0.17636380876286
0.20653459812783
0.22874655429079
0.24213904279794
0.24664970142717
0.24222663622036
0.22951977426687
0.20955880800995
0.18392762157672
0.15482441619168
0.12408798268314
0.09394314029724
0.0661188078268
0.04171318221344
0.02199456074097
0.00757556500593
-0.00145132101107
-0.00583128828566
-0.00673702127325
-0.00588929320472
-0.00349463174406
-0.00019851156852
0.00332805974363
0.0064915583777
0.00856677092145
0.00964603104195
0.00962164088163
0.0083155460071
0.00559566287406
0.00140047119517
-0.00410565402248
-0.01050836994387
-0.01787083420021
-0.02569057369997
-0.03334447621458
-0.04063641389764
-0.0476884001814
-0.05450950308767
-0.06062775601453
-0.06613598651639
-0.07159518617505
-0.07751257369503
-0.08395122707714
-0.09092224089175
-0.09791070181298
-0.1042231097211
-0.10942386852106
-0.11340869819873
-0.11623477158039
-0.11740041724671
-0.11647218643882
-0.11265086746541
-0.10550462206978
-0.09493556751022
-0.08149972965358
-0.06644797657153
-0.05082364523944
-0.03548821115114
-0.02089476671807
-0.00773326448161
0.00324393113764
0.01145335444773
0.0168442196055
0.01972250009847
0.02075117703066
0.02043542466355
0.01917817721391
0.01739826365998
0.01546971417858
0.0136264273651
0.01170445857442
0.00959326920211
0.00726479177463
0.00468251262935
0.00165378618343
-0.00187229464135
-0.00614870483832
-0.01148369004515
-0.01772545506596
-0.02430699130399
-0.0305127392337
-0.03556644129301
-0.03910168587501
-0.04108104222559
-0.04120994502813
-0.03915200511992
-0.03463263188462
-0.02770414427397
-0.0190795339573
-0.00945967804888
0.00054985988043
0.01003629597514
0.01845515569508
0.02580867271726
0.03199839167696
0.03711622751074
0.04162845190594
0.04569759584472
0.04961460548746
0.05364618446361
0.05774003618951
0.06194326785302
0.06623512187088
0.07022236730177
0.07405240982848
0.07755762301902
0.08071975451571
0.08380086880709
0.08673511424974
0.08920544560121
0.0911096854474
0.09253126674685
0.09326404522452
0.09290163750489
0.09089696495525
0.08662457117169
0.07949241766987
0.06874052638025
0.05422220739881
0.0362508465492
0.0154035314875
-0.00794310396435
-0.03252281591276
-0.05699647629468
-0.07996272903347
-0.10033204705743
-0.11715691826905
-0.12982284662626
-0.13843831734324
-0.14362435794301
-0.14632423058685
-0.14704712237077
-0.14600821427633
-0.14310890778308
-0.1375918195194
-0.12866610345794
-0.11656537188259
-0.10159128079305
-0.08427547484309
-0.0656452754589
-0.04663571334635
-0.02870490136196
-0.01316955027359
-0.00079778684427
0.00803832937751
0.01355659420248
0.01616175589912
0.016464928455
0.01505980111917
0.01250882834622
0.00945237263219
0.0066294352561
0.00449382888178
0.00322427764308
0.00345945569297
0.00607998560636
0.01230022358179
0.02246613366459
0.03623098816298
0.05316070753811
0.07235243533815
0.09223157913867
0.11127124869417
0.12820603667745
0.14212717251491
0.15247308305453
0.15918668494237
0.16262363073628
0.16324698454018
0.16135536029415
0.15709173480007
0.15058378508939
0.14206910496522
0.13179311706055
0.11974960304766
0.10599264895702
0.09044629277063
0.07292505832436
0.05325581663722
0.03154891842172
0.00804046776648
-0.01680680227224
-0.04219099135926
-0.06705562797948
-0.09004035675681
-0.10985937514378
-0.12573002383229
-0.13734867843111
-0.14453339693363
-0.14756131991793
-0.14699648102543
-0.14273580811862
-0.13486823670504
-0.12378659510048
-0.10987516701208
-0.09361437417804
-0.07562918090443
-0.05679145042391
-0.03779162737574
-0.01917668749942
-0.00181683923667
0.0135360647737
0.02679877364936
0.03809887539678
0.04754412603058
0.05505362913309
0.06071338104544
0.06466465859501
0.06691627480745
0.0675185578749
0.06652004654269
0.06382030810737
0.05933148072948
0.05291649278172
0.04427475298525
0.03337161317578
0.020731569167
0.00713292743758
-0.00669104591052
-0.02013650204389
-0.0325796890067
-0.04327549455898
-0.05162205167968
-0.05758077542147
-0.06137158432639
-0.06329018448341
-0.06377870346852
-0.06312703166851
-0.0615247609752
-0.05912296543739
-0.05608001109971
-0.0526845804723
-0.04933527283699
-0.04620427771518
-0.04338084824121
-0.04096403924448
-0.03860288651785
-0.0363764388751
-0.03415657192307
-0.03198162903377
-0.03003410246871
-0.02818186842107
-0.0261141670804
-0.0236708832178
-0.02086653819429
-0.01786431614012
-0.01465828056541
-0.01152764780657
-0.0085602618086
-0.0056034245997
-0.00279797951376
-0.00042662470337
0.00148292085268
0.00273671064368
0.00352727930679
0.00444785530849
0.00558470251222
0.00757894706044
0.01098559751948
0.01616201536891
0.02320640992448
0.03210706925668
0.04216162653675
0.05274922423911
0.06325775075958
0.072879651111
0.0810650730181
0.08733180529584
0.09146243015414
0.09294623946717
0.09131533762456
0.0860381247087
0.07670763577386
0.06372806212318
0.04761431708256
0.02913174258839
0.00957739680871
-0.00985501606384
-0.02783980671192
-0.04328726911914
-0.05524899199096
-0.06302534635228
-0.06616130718906
-0.0646061436836
-0.05882403834412
-0.04986893061844
-0.03832638119338
-0.02527778857839
-0.01211278349976
-0.0001965131143
0.00964897020837
0.01715343154444
0.02236111550364
0.0256296340881
0.02752770481634
0.02862706042477
0.02933296141103
0.0301588537546
0.0312989058576
0.03284577080337
0.03487866740316
0.03725188547506
0.03987685634813
0.0426731264928
0.04563930461417
0.04876757082956
0.05182126184824
0.05465426933637
0.05736425235481
0.05997984205286
0.06229789147894
0.06419345250799
0.06550498282728
0.06616470713804
0.06615499938898
0.06538786353213
0.06377619824296
0.06131186153837
0.05809309404945
0.05413702972961
0.0495417750014
0.04443905999336
0.03883321964043
0.03299934113049
0.02741710358128
0.02256589532547
0.01863454773998
0.01553068063214
0.01298518804011
0.0110630537256
0.01015945017973
0.01022111451756
0.01099463422598
0.01256791140699
0.01481015986527
0.01755902756336
0.02066720723807
0.02372925049984
0.02640675505827
0.0285873347051
0.03012404901372
0.03097707384488
0.03088957884203
0.02966320382386
0.02758773628394
0.0249093414757
0.02152995323914
0.01708042658731
0.011228537295
0.00392078448083
-0.00476695215173
-0.01464265869456
-0.02550744171119
-0.03720995873579
-0.04930382330892
-0.06113743520843
-0.07216727232722
-0.08212353081919
-0.09085160247806
-0.09806544422777
-0.10354898036335
-0.10694047420772
-0.10788507845412
-0.10640636906456
-0.10272122699507
-0.09664627868154
-0.08807098104594
-0.07741433306395
-0.06536831382549
-0.05275369785619
-0.0405873696336
-0.02968159933729
-0.02042673242556
-0.01269200954479
-0.00643270794502
-0.00138897444664
0.00283074294317
0.00615128611538
0.00852479049877
0.0103163086154
0.01182487492536
0.01311653343757
0.01412375042862
0.01483100692086
0.01514387827857
0.01460038301316
0.01313281740374
0.01107869796453
0.00839915791032
0.00504828450903
0.00130077663855
-0.00245775780331
-0.00579163414386
-0.00833241601711
-0.0102003793024
-0.01138180788977
-0.0114375267905
-0.01010489889306
-0.00738129818424
-0.00333484622074
0.00170585148109
0.00726231786438
0.01312154836232
0.01913327104566
0.02488051348724
0.03023132635129
0.03519845049926
0.03957270854373
0.04324098955045
0.04599759660609
0.04772696276063
0.04863577807039
0.04874721587185
0.0480168531474
0.04640380103693
0.04390079885993
0.04062339567194
0.03690187414836
0.0331465723422
0.0296313650911
0.02669027501432
0.02457613305475
0.02309976336692
0.02223473582113
0.02201112654501
0.02231408884089
0.02277241091072
0.02325745836898
0.02331869323957
0.02284910212832
0.02175302568121
0.01982892297519
0.01666874644916
0.01212510831482
0.0066137731227
0.00041058535458
-0.00617048240627
-0.01282908117211
-0.01959713145343
-0.02634355179617
-0.03264420751222
-0.03845804869127
-0.04369830505643
-0.04823230254597
-0.05201130110179
-0.05491718381215
-0.05675221680212
-0.05771136030403
-0.05754485227632
-0.05642582169998
-0.05484457700695
-0.05296364470574
-0.05101797916539
-0.04900690934333
-0.04689518313698
-0.04446331594516
-0.04197524670197
-0.03976565117476
-0.03786460549117
-0.03618802354455
-0.03468875788451
-0.03312704053003
-0.0315784040319
-0.02969435361958
-0.02694332516444
-0.02336499964996
-0.01908484414077
-0.01388719450468
-0.0072175593255
0.00098377971117
0.01033521412118
0.02037216771804
0.03061416060651
0.04036067803531
0.04936833286721
0.0573536946185
0.0638178028818
0.06873327912058
0.07187357936593
0.07281728888891
0.07166645089513
0.0683652793796
0.06294312127036
0.05564870967704
0.0462164906898
0.03500487708822
0.02263538849318
0.00969344243577
-0.00311092468615
-0.01488222983642
-0.02467131820535
-0.03252456062342
-0.03823571439602
-0.04201764764465
-0.04435643228589
-0.04585457506805
-0.0465236492385
-0.04664810526566
-0.0463315521211
-0.04555104014918
-0.04479880143721
-0.04451759881481
-0.0447781333263
-0.04571316403215
-0.04743224086741
-0.04990471955508
-0.05337284646003
-0.05734658156734
-0.06153232138807
-0.06580212047372
-0.07006619332951
-0.07393314319713
-0.07712332427291
-0.07916740938902
-0.08024626688399
-0.08041868008624
-0.08009787700545
-0.07930005213543
-0.07803227379119
-0.07638374589728
-0.07442425688015
-0.0722962914438
-0.06983445996478
-0.06695228742494
-0.0636676682926
-0.05984218885532
-0.0554620256363
-0.05042956431088
-0.04448408694926
-0.03728071346353
-0.02843740142867
-0.01808904829412
-0.00675275051091
0.0050140434439
0.01659722225929
0.02779240873896
0.03888275600236
0.04958664538071
0.05965156803155
0.06900353032837
0.07764825850106
0.08579748884598
0.09383541559796
0.10165596929602
0.10921709793964
0.11634960933083
0.12260493388501
0.12773371218616
0.13143938815805
0.13345694472487
0.13369243592796
0.13197224068843
0.12817051615783
0.12267176972419
0.11549474584305
0.10693143750122
0.09754373100392
0.08801474767924
0.07856763154713
0.06950041497743
0.06095585109116
0.05268686201701
0.04462273776342
0.03716160788239
0.03017773689229
0.02346398737509
0.01722636045007
0.01168377256904
0.00681396748703
0.00239703381979
-0.00182200134341
-0.00591953485617
-0.00964756101899
-0.01301962147077
-0.01605841087096
-0.01876173714718
-0.02136688989659
-0.02408004918315
-0.02687045888945
-0.02948526123089
-0.03169798381644
-0.03347898445932
-0.0347639817557
-0.0356198697018
-0.03593650784509
-0.03566475797557
-0.03491654551898
-0.03380784452447
-0.03251140371559
-0.03100351739544
-0.02917469378598
-0.02704303761553
-0.02475576220135
-0.02267974888015
-0.02138788905516
-0.02107529058809
-0.02169055161869
-0.02317658431941
-0.02534849856996
-0.02837207767207
-0.03196245958458
-0.0354896695503
-0.03855508591935
-0.04092869766955
-0.0425883156602
-0.04353363121172
-0.0437411220455
-0.04346316279548
-0.04281145073291
-0.04165939144167
-0.03987183247615
-0.03732471148751
-0.03396175037287
-0.02958857941735
-0.02406994775578
-0.01733512302851
-0.00931405286569
-0.00034941459092
0.00911151879964
0.01881760815089
0.02855116998463
0.0379860418268
0.04691884857133
0.05521977927143
0.06243066843386
0.06851536923263
0.07358066690741
0.07737022319955
0.0797891079546
0.08074333047772
0.07990041154754
0.07741563041291
0.07382676058297
0.0692571844168
0.06379668740918
0.05762238006031
0.05085254480578
0.0436270537572
0.03612437739435
0.02839396708044
0.02035653689996
0.01232734264853
0.00490259669521
-0.00164786714067
-0.00736731813086
-0.01229059635783
-0.01622380496802
-0.01914387351814
-0.02122177023213
-0.02265694238027
-0.02367615313872
-0.0244626552839
-0.02499416125553
-0.02543241915276
-0.02606384783549
-0.02717093385423
-0.0286920531337
-0.03047524584895
-0.03245415483782
-0.03465693704622
-0.03692957478531
-0.03917672632791
-0.041630822923
-0.04441273723046
-0.04739077043708
-0.05048646872014
-0.05357599341163
-0.05674595373821
-0.06008237735633
-0.06336068868859
-0.06628638952261
-0.06875278409105
-0.07064718197967
-0.07182575639934
-0.0723151253717
-0.072251555273
-0.07177332560717
-0.07071325730394
-0.0689023818462
-0.06618975939369
-0.06247535986849
-0.05761070391974
-0.05123790218104
-0.04311281147388
-0.03311516307668
-0.0212517255721
-0.00800452225324
0.00605923249673
0.0201589774961
0.03365262343265
0.04628211865236
0.05767668977166
0.06748115843612
0.07546083869371
0.08158777043771
0.08615985182944
0.08953049861823
0.09188415803626
0.09341834027761
0.09427660371437
0.09465153756183
0.09457781235235
0.09420055222401
0.09374124595843
0.09313149195045
0.09235075629768
0.09142319653235
0.09040746177438
0.08945033140016
0.08878121249353
0.08849794306004
0.08843298614004
0.08839992610982
0.08814023263833
0.08728671123568
0.08543986789662
0.08224507899524
0.07751065003968
0.07137459211684
0.06422481256372
0.05628365014918
0.04743470135681
0.03765862226634
0.02717660192707
0.016155962565
0.00493760274886
-0.00617115792245
-0.01709901893989
-0.02786634420843
-0.03829378194572
-0.04809303884627
-0.05678652944512
-0.06398502668824
-0.06952967243313
-0.07360218500556
-0.07653083842686
-0.07852486376785
-0.07992725325002
-0.08087525744541
-0.08130548519997
-0.08111311966554
-0.0804699030018
-0.07948248623995
-0.07814773784802
-0.07629901558979
-0.07416599496613
-0.07171745012984
-0.06896062834058
-0.06577259460099
-0.06224765275913
-0.05865833556749
-0.05505631330334
-0.05148068537996
-0.04817284817497
-0.0453036043885
-0.04318784745316
-0.04186176893112
-0.04112771099897
-0.04089513659422
-0.04106029358957
-0.0415070647801
-0.04210102691979
-0.04269007702792
-0.04308307981476
-0.0430517108118
-0.04233142714663
-0.04066473636738
-0.03799629535714
-0.03469342386712
-0.03092130126074
-0.02682370959096
-0.02281836837898
-0.01928279274932
-0.01666595043848
-0.01493350196177
-0.01423412350922
-0.01467016249237
-0.01572506376787
-0.01669313660948
-0.01751736924111
-0.01800363799684
-0.01789351096518
-0.01701371600942
-0.01522790622818
-0.01236829861289
-0.00798762987515
-0.00204755574824
0.00497192881271
0.01299445290108
0.02177497324661
0.03079004980924
0.03927604957431
0.04641986132225
0.05226066051782
0.05743846966216
0.0621968324691
0.06647459459316
0.07013222391761
0.07344735311843
0.07663672894314
0.07963848126752
0.08248540170477
0.08486205551459
0.08640885335611
0.08728147710369
0.08745684289322
0.08682530237007
0.08532118283549
0.08289227717818
0.07960461598623
0.07553988750751
0.07050782880763
0.06426462775573
0.05682893933504
0.04819186104756
0.03840107717776
0.027475229288
0.01580353101145
0.00375012314702
-0.00827377584442
-0.01975836061299
-0.03014217611013
-0.03887260983882
-0.04554866913213
-0.05006760395296
-0.05282250208687
-0.05435480540905
-0.05458698613549
-0.05383778948314
-0.05234829867641
-0.05027951919403
-0.04787812628176
-0.04550948024651
-0.04366764735858
-0.04250720898255
-0.04185009279055
-0.04157491613035
-0.04152114325305
-0.04146538408977
-0.04116670304543
-0.04038800736205
-0.03893681071753
-0.03673233748188
-0.03380887793002
-0.02995920964518
-0.02521816420995
-0.01951469163788
-0.01316111750539
-0.00655894447177
-0.00015020522761
0.00552720758551
0.0103392269557
0.01409959289639
0.01626433593876
0.01653142877289
0.014913813573
0.01136660653893
0.00605955459716
-0.00050973108786
-0.00784441149796
-0.0153379974709
-0.02225635233886
-0.02828859103013
-0.0330368524097
-0.03618883326924
-0.03808811634771
-0.03885281855686
-0.03852943867263
-0.03761242769638
-0.03604128890433
-0.03385339489358
-0.03163159533897
-0.02954116354992
-0.02742453873287
-0.02533959159835
-0.02346425579211
-0.02209677841762
-0.02122908012244
-0.02100702766507
-0.02111496262435
-0.02119926793822
-0.02091789979199
-0.02029224654891
-0.01895284559521
-0.01706341342156
-0.01459553361224
-0.01209345300036
-0.0095287014868
-0.00747341890714
-0.00582178184936
-0.00450985785177
-0.00364423889381
-0.00325747411862
-0.00307369032383
-0.00323785283411
-0.00354929621325
-0.00419000944086
-0.00492214640185
-0.00542010919262
-0.00583700109467
-0.006180731463
-0.00648509400102
-0.00675135921599
-0.00698922143613
-0.00713491372357
-0.0071060588934
-0.0067469348087
-0.00590551006663
-0.00441946618187
-0.00222407394153
0.0006043807465
0.00378342654201
0.00722835416351
0.01055601396577
0.01352590966293
0.0157086992766
0.01744549163549
0.01894974090496
0.02033043781792
0.02166175494555
0.02292761858169
0.02438290858583
0.0256331682456
0.02664466201458
0.02769054447805
0.02843268623627
0.02898495873839
0.0294106144563
0.02969276995914
0.02980928531598
0.02968833660461
0.02922561249558
0.02829360148126
0.02678043629295
0.02464353256967
0.02199193920136
0.01911896441824
0.01604718209209
0.01258916108812
0.0088423546808
0.00513194562204
0.00151300771699
-0.00207307549687
-0.00537210728135
-0.00836302003155
-0.01124112605346
-0.01389587332181
-0.0160155715138
-0.01757374128993
-0.01880933195929
-0.01979056170873
-0.02051424532288
-0.02089108940483
-0.02081758787621
-0.02058041906672
-0.02044078853043
-0.02017451436822
-0.019575277834
-0.01846736866971
-0.0170943574309
-0.01530306299512
-0.01300141384926
-0.00984349649986
-0.00613680054327
-0.00192483011616
0.00292278537777
0.00808744521943
0.01337582428352
0.01862440157645
0.02372004379589
0.02854421798369
0.03267392127687
0.03618227047298
0.03881975852664
0.04051909328973
0.04154542604656
0.04201070011733
0.04198303526931
0.04153882746137
0.04115632872743
0.04081682145362
0.04055777665662
0.04043268984945
0.04044220970659
0.04057356405129
0.04079483362567
0.04105562760696
0.0412924966841
0.04145539002921
0.04148086280486
0.04128971856789
0.04080660818583
0.03993455706123
0.03866510558419
0.03708459009075
0.03534825404079
0.03333675922511
0.03156201717253
0.03017974107274
0.0289708176348
0.02785603699468
0.02675784900031
0.02564347545935
0.0245040138738
0.02294336571381
0.02066560120954
0.01753005194553
0.01351813899006
0.00845800834301
0.00254649512962
-0.00402365754239
-0.01104205456703
-0.01816676844365
-0.02494473673404
-0.03084217192184
-0.03578809559846
-0.03972104026524
-0.04273020537312
-0.04511996240737
-0.047021697028
-0.0487924888767
-0.05012768463034
-0.05099561107999
-0.05169327166359
-0.0522441528708
-0.05218358009554
-0.05147245392453
-0.05010455603004
-0.04807612857371
-0.04560342620519
-0.04303182111026
-0.04045692790679
-0.03770968860531
-0.03484994678151
-0.03212594344714
-0.02991959129232
-0.02787112650509
-0.02583254841161
-0.02380929693024
-0.021912219345
-0.02041298500028
-0.01919754350224
-0.01781165271986
-0.01588418138017
-0.01307805585707
-0.00917767464902
-0.00418487149165
0.00192306616895
0.00910677229192
0.01683925836415
0.0247252073967
0.03226435715959
0.03871106752607
0.04365273231924
0.04707081734353
0.04885444847325
0.04947583388564
0.0490988869105
0.04737690222413
0.04432562248506
0.04045570213571
0.03616903304004
0.03169664620493
0.02716698365035
0.02258010353331
0.0181716536335
0.01410210259558
0.01036790284119
0.0068510761407
0.00362695462686
0.00068137080172
-0.00183790639422
-0.00394925815882
-0.00592290348984
-0.00790404034001
-0.0099302578295
-0.01228784060971
-0.01519589302436
-0.01859247337135
-0.0221508062911
-0.02559655616342
-0.02882908002486
-0.03185021653205
-0.03454186666769
-0.03693032187937
-0.03858550651549
-0.03956755046323
-0.03999933056293
-0.03984291948896
-0.0390768259849
-0.03764793479514
-0.03555089547366
-0.03285552328861
-0.02978077048072
-0.02631364566599
-0.02217842192933
-0.01728891056408
-0.01181083671496
-0.00552441157483
0.00150560477544
0.0094128526989
0.0179331964223
0.02687827429848
0.03588558018825
0.04422797684506
0.05149875879296
0.05734868416737
0.0615809943419
0.06397393211789
0.06461160149644
0.06381668447753
0.06187379257977
0.05919176966808
0.0563015446175
0.05330050807185
0.05007883273183
0.04672200941982
0.04347347448285
0.0405024290661
0.03779156027149
0.03541734010936
0.03337119712939
0.03164871139792
0.03041664593882
0.02969655463919
0.0294065032022
0.02925404233212
0.02906001708575
0.02884150325949
0.02861614479909
0.02848318442587
0.02858165321141
0.02881654047618
0.02916906597569
0.02948810645135
0.02964302333721
0.02963898366099
0.02942238006922
0.02896802609774
0.0282857815986
0.02745522327242
0.02662644991944
0.02581730679822
0.02478343599661
0.02336892301214
0.02170277354055
0.02007897132825
0.01844338560855
0.01664415497607
0.0146901550871
0.01269775814273
0.0107089579865
0.00866834887086
0.00670626515583
0.00489819018239
0.00296783828066
0.00074199636567
-0.00151723349568
-0.00359755088388
-0.00557460108485
-0.00756145521766
-0.00949801247363
-0.01137794268461
-0.01333664434514
-0.01532829866907
-0.01734229871031
-0.01944818237276
-0.02150066446812
-0.02315106680759
-0.02424551485808
-0.02510342487909
-0.02581068584494
-0.02613124735041
-0.02623138479513
-0.02621673817281
-0.02615571803584
-0.02611675730469
-0.02612944448273
-0.02620754936333
-0.02634590939237
-0.02649399059133
-0.02654777241586
-0.02651264557455
-0.02665385529768
-0.02685350388071
-0.02701064415426
-0.02702344764634
-0.02673650984684
-0.02613593570111
-0.0255120808521
-0.02486895813432
-0.02433526456393
-0.02417242042861
-0.0246927289367
-0.02626437772109
-0.02922508460876
-0.03377889574835
-0.03983305068969
-0.04710410105461
-0.05562066009795
-0.06510624933696
-0.07474344945879
-0.08392572745979
-0.09220603478515
-0.09937514036405
-0.10547652775452
-0.11053672550584
-0.1145434759072
-0.11732758676065
-0.11910057068172
-0.11988774834308
-0.11986189083636
-0.11911788357982
-0.11769496019524
-0.11564228573434
-0.11309326345844
-0.11022088814
-0.10645633936734
-0.1019556569042
-0.09663648146014
-0.09027866633865
-0.0831307657047
-0.07504425547124
-0.06649624689982
-0.0576377245669
-0.04846792795756
-0.03974453122853
-0.03193668707658
-0.02522866378924
-0.01959511385213
-0.0154349631211
-0.01260876447816
-0.01076660501619
-0.00978821153998
-0.00922247345045
-0.0091722213098
-0.00943669707794
-0.0102576639691
-0.01094587627343
-0.01130342564492
-0.01164226187616
-0.01207962952358
-0.01233084101708
-0.01258814557704
-0.0130509815265
-0.01382259547405
-0.01499020058464
-0.01652572491112
-0.01830016275774
-0.0199478138227
-0.02101094208001
-0.02177358642531
-0.0224692025659
-0.02322489938387
-0.02380016627778
-0.02433666480608
-0.02490544048161
-0.02535891762414
-0.02555100579431
-0.02515045154183
-0.02374090874595
-0.02096328911088
-0.01700545323867
-0.01184445594731
-0.00581675797738
0.00116244613538
0.00862729448692
0.0160281960612
0.02320334549678
0.02980984451812
0.03549994544874
0.04043320878903
0.04476663613041
0.04829605158935
0.05101068716955
0.05305240126861
0.0543383424982
0.05508574970372
0.05545983356393
0.05602158566065
0.05684486541184
0.05801762412932
0.06008515099892
0.06343293760442
0.06821348955208
0.0743353213726
0.08178608588286
0.09040777492758
0.09988495376647
0.11009133218937
0.12013428938035
0.12967772248819
0.13807157021504
0.14477729853682
0.14965533060064
0.15291623956246
0.15446894257852
0.15445659539538
0.15292599204769
0.14981852815172
0.14519155547841
0.13923471065579
0.13215087221842
0.12449436605867
0.11666030203702
0.10906271341421
0.10195646215528
0.09553579271382
0.08971906157814
0.08469299752514
0.0806900496983
0.07744663257927
0.07489027357135
0.07282771241671
0.07114688500748
0.06951728051382
0.06766403990234
0.06547500959285
0.06296718933025
0.05998243675077
0.0564961022243
0.05231948858242
0.04703556524095
0.04049638520943
0.03293331948962
0.0243577802787
0.01491652011134
0.00505124604354
-0.00488579826307
-0.01472478535691
-0.02441962356121
-0.03374322312575
-0.04255996187515
-0.05056023866579
-0.057409614832
-0.06303393569708
-0.06771293653702
-0.07161267801783
-0.07454236037106
-0.07661623977692
-0.07800731100788
-0.07864981189288
-0.07861160720302
-0.07805549186383
-0.07711012710253
-0.07592372385296
-0.07442864102489
-0.07273689798999
-0.07095179056663
-0.06906405836746
-0.06689963295191
-0.06421157065717
-0.06095884841461
-0.05755952574034
-0.05397137168914
-0.04989961963161
-0.04540323184086
-0.04050727846702
-0.03511087497131
-0.02935263637894
-0.0235117387638
-0.0175982209226
-0.01179569352114
-0.00653876845874
-0.00223567626742
0.00100579259137
0.00308407940478
0.00395064990109
0.00361065142414
0.00200676128145
-0.00087104769229
-0.00490855555316
-0.00975965196855
-0.01502719292428
-0.02054922006121
-0.02624757481534
-0.03179037742999
-0.03689956128833
-0.04133437421359
-0.04490952345994
-0.04757239929052
-0.0492191377376
-0.04952486472883
-0.04844014679549
-0.04623174572405
-0.04292765293656
-0.03855779245768
-0.03315576115168
-0.02689178014845
-0.02009251744076
-0.01318122641417
-0.00638700099931
-1.643110791e-05
0.00576847422824
0.01111654476502
0.01600820794009
0.0202199797386
0.02360699101866
0.02610810980288
0.02783619202932
0.02898163931452
0.02959909241749
0.02987205016361
0.0300065181458
0.03008654668174
0.03022838271125
0.03017684664249
0.02974842622923
0.02915577933296
0.0284653033784
0.02743390201341
0.025917618714
0.02387031706721
0.02138158572869
0.01875555908199
0.01626681432262
0.01365432931482
0.01088054804321
0.00811943158155
0.00557542870401
0.00321651591745
0.00087556828235
-0.00138714607934
-0.00329714078654
-0.00462463744519
-0.00572632380811
-0.00666292922718
-0.00716338382266
-0.00731094608204
-0.00711462587011
-0.00652118267
-0.00551593854409
-0.00411045958195
-0.00241509202249
-0.00066791997725
0.00080138676393
0.00198218546602
0.00276849792984
0.00344704319502
0.00437092385766
0.00582031897658
0.00761263339705
0.00992962257588
0.01268102681485
0.01548022717871
0.0182212347316
0.02098057069366
0.02361875215796
0.02583533547505
0.02761415299279
0.02877158957177
0.02944723548571
0.02970815920189
0.02955285311135
0.02899753854962
0.02803877083154
0.0267099141933
0.02511552601329
0.02342451665159
0.02150324574518
0.01978572572866
0.01853490686677
0.01765199827351
0.01709416953898
0.01684291330931
0.01687379468801
0.01715916672153
0.01766763803882
0.01834762783495
0.01910016627927
0.01975699168616
0.02004256503245
0.01964463231958
0.01859092549984
0.01661295597056
0.0134367952107
0.00906447871605
0.00372474431733
-0.00234916209078
-0.00885829865207
-0.0150869962374
-0.02095358583543
-0.02613771620071
-0.03020891352972
-0.03294022228078
-0.03459725004714
-0.03514543366325
-0.03482978866295
-0.03368303508156
-0.03161731555326
-0.02880159859514
-0.02514676528136
-0.02059848800611
-0.01540859114841
-0.0098999535474
-0.00435658546755
0.00090480694886
0.00561956988374
0.00988851898215
0.01386479510396
0.01768589934374
0.02143339916171
0.02514087352767
0.02871717696723
0.03229249173741
0.03601901029127
0.0397126477596
0.04318485012971
0.04636425426195
0.04902981426278
0.05098344284154
0.05230682824608
0.05309888215007
0.05336828337061
0.05308080873706
0.05216944346556
0.05055066512523
0.04818201908999
0.04514505939919
0.04172059499694
0.03814834912807
0.0345022125259
0.03095977884125
0.02767282895441
0.02456509216779
0.02164661175173
0.01913146370436
0.01684395566209
0.01444443719537
0.01182043709721
0.00901801125544
0.00602870453377
0.00293112464737
-0.00017020672484
-0.00308015648996
-0.00563712883078
-0.00794283107371
-0.01007216096327
-0.01195966053435
-0.01370497513378
-0.01543196579766
-0.0171054117387
-0.0188429914542
-0.02078318128725
-0.02286714869962
-0.02486778157303
-0.02664077444133
-0.02803200672252
-0.02900950994892
-0.02963060904981
-0.02988902306681
-0.02976377968305
-0.02922355463172
-0.02824007912651
-0.02683603440602
-0.02510941057874
-0.02324674852969
-0.02139948467063
-0.01981054982984
-0.01874675052996
-0.01801175313822
-0.01748210371767
-0.01706039373003
-0.01664587731865
-0.01621400774661
-0.01581304192137
-0.01557812781489
-0.01551753267154
-0.01564006504336
-0.01625701710122
-0.01744984893853
-0.01916835762442
-0.02156682926473
-0.02459248412517
-0.02797869462778
-0.03161157142893
-0.0354096768033
-0.03889785446
-0.04204491881437
-0.04514935407159
-0.0482327051715
-0.05112333284762
-0.05362542688036
-0.05577182361908
-0.05782718225023
-0.05990889048598
-0.06170097675198
-0.06314255511977
-0.06434515286317
-0.0651572038355
-0.06561982057772
-0.06572629266422
-0.06562760467144
-0.0655561162705
-0.06544212850731
-0.06521952132142
-0.06477054911129
-0.06391836979376
-0.06250425943483
-0.0604260406204
-0.05770250254221
-0.05434867655365
-0.05035637593546
-0.04582030716122
-0.04088781775668
-0.03589509557178
-0.03109447945152
-0.02666655589656
-0.02292354759014
-0.02010677933201
-0.01816988208114
-0.01707189092592
-0.01661337649056
-0.01663925636537
-0.01703208020753
-0.01766762461797
-0.01843138736754
-0.01917522462663
-0.01972825317004
-0.02007350009456
-0.02022115629989
-0.01984728269968
-0.01875187282152
-0.01712203569977
-0.0150881235889
-0.01256625616867
-0.00971092980493
-0.00677357519841
-0.00385709583127
-0.00120629563527
0.00106168462108
0.00275539381069
0.00401762889601
0.00514758538735
0.00595021044849
0.00631476550432
0.00643328951524
0.00641948840655
0.00639628822837
0.00650662552003
0.00685690079014
0.00754670122853
0.00863219309762
0.0101120074706
0.01182210575638
0.01343832966136
0.01472105436027
0.01592035057426
0.01692542470273
0.01782541356599
0.01844339008216
0.01888446635815
0.01922357548003
0.01944851342042
0.0195870389733
0.01959373597807
0.01938501937321
0.01899460681065
0.01876388448338
0.01864124474475
0.01862993991439
0.01875520566624
0.01899699572217
0.01930557240749
0.01959472912106
0.01974046614467
0.0195938746602
0.01913575390314
0.01864165184391
0.01806701573001
0.01745804460502
0.01695285244905
0.01671729861532
0.01697881284896
0.01784651114414
0.0190431008198
0.02067921442631
0.02272798789312
0.0249448843634
0.02696790321668
0.02874051135391
0.0305248940513
0.03242920547537
0.03447850235537
0.03655275754506
0.03829489140275
0.03910874524276
0.03873150300889
0.03725908352494
0.03484833627936
0.03186186583092
0.02844774890498
0.02458250348547
0.02049451667155
0.01619960717323
0.01197927287163
0.00791238363587
0.0039468996679
0.00039506754007
-0.00262135037477
-0.00519072895047
-0.00760362800587
-0.00995030410764
-0.01211484583723
-0.01380007081205
-0.01497961153301
-0.01590598578982
-0.01669201373159
-0.01741015006056
-0.01809063642819
-0.0186744434571
-0.01897263687717
-0.01873813881708
-0.01807806109058
-0.01671339314761
-0.01469130033307
-0.01193101149057
-0.00835095468629
-0.00375494794304
0.00186659659527
0.00817998646235
0.01521079464285
0.02295488080417
0.03128147217184
0.03989297031685
0.04832240119395
0.0562560479318
0.06362194792605
0.07023587762535
0.07580481511098
0.08003394901738
0.08300174658812
0.08466427690349
0.08551323521673
0.08570434813838
0.08517511923784
0.08390939875745
0.08221890833533
0.08014127109112
0.07771478118703
0.07515600642589
0.0724551495863
0.06970624609927
0.06683293132125
0.06385462075037
0.06069754444098
0.05734130269919
0.05374755662664
0.04994659261095
0.04598775464851
0.0420296816746
0.03797531856666
0.03364257568869
0.02892751302147
0.02387333228512
0.01862813704671
0.01329976384593
0.00798286099934
0.00273952454882
-0.00237675267676
-0.00704238142789
-0.01081706741685
-0.01363607248352
-0.01546878366622
-0.0163464849692
-0.01638899775231
-0.01568518594523
-0.01434387475704
-0.01252606966644
-0.01043147741351
-0.00806109561483
-0.00538269185936
-0.00252916031079
0.00047835224294
0.00354080886692
0.00630594800506
0.00875547256349
0.01099555131748
0.01288828949416
0.01413945729819
0.01451595691163
0.0141700792071
0.01348880548287
0.01270753746967
0.01187200000767
0.01091646224113
0.00974154724022
0.00852252237491
0.00723428170614
0.00564833971518
0.0036713830128
0.00134110942806
-0.00113224027286
-0.0035262405329
-0.00587709812456
-0.00827309138101
-0.01062487187987
-0.01289971511218
-0.01518581843869
-0.01758516690796
-0.02029974433113
-0.02331706931657
-0.02637395002423
-0.02913532595567
-0.03145628770647
-0.03342187873729
-0.03521727995355
-0.03691287924637
-0.03848987847679
-0.04001881316531
-0.04168961519866
-0.04350403823474
-0.04529684922671
-0.04692649845654
-0.04812533836159
-0.04857932102285
-0.04847405681296
-0.04795699615087
-0.04697807926147
-0.0453043649034
-0.04299678374129
-0.04033960282525
-0.03746590331616
-0.03465085292699
-0.03191536134396
-0.02911588361585
-0.02632776887511
-0.02367690023277
-0.0211246390581
-0.01889385200678
-0.01718810655042
-0.01561648460773
-0.01394628203907
-0.01204204666649
-0.00983289402738
-0.00726865250617
-0.00413106237805
-0.0004754027872
0.00347359813864
0.00754135525612
0.0114306374202
0.01539350611162
0.01976689627437
0.02457309546875
0.02966453696175
0.03497036760606
0.04043143723666
0.04597142594617
0.05134840052291
0.05605522726109
0.06001482573843
0.0631258237919
0.06507265247269
0.06580869669083
0.06551303533802
0.06429330364121
0.06230603346202
0.05982219178697
0.05712021654311
0.05412235626558
0.05053599166121
0.04625456117115
0.04125977664878
0.03548491409535
0.02907176033059
0.02194756091993
0.01437616979874
0.00638893360189
-0.00185143505963
-0.01009855530404
-0.01835314827843
-0.0263392123876
-0.03372402683486
-0.04053845510445
-0.04703051005365
-0.05329285818665
-0.05933948850406
-0.06468684773572
-0.06924430039961
-0.0728943693112
-0.07549989337082
-0.07667157842019
-0.07675017987228
-0.07602854070114
-0.0747337864459
-0.07276275549671
-0.07003018071202
-0.06663018699519
-0.06281472846017
-0.05905501119395
-0.0551652906154
-0.05133390600357
-0.04761395919319
-0.04424812154277
-0.04138255954315
-0.03935812702688
-0.03784091321511
-0.03663713891042
-0.03566690531177
-0.03485868375567
-0.0342890849346
-0.03415012544086
-0.03473432614808
-0.03589394585219
-0.03744497126185
-0.03906428196261
-0.04069511670097
-0.04218012046976
-0.04368059848003
-0.0453339355123
-0.04714856880838
-0.04903813519055
-0.05081706902234
-0.0525365932193
-0.05408433052041
-0.05562616264696
-0.05727209584297
-0.05862245715851
-0.05986124646408
-0.0612218970989
-0.06279133144284
-0.06458762290889
-0.06646524473346
-0.06811542786569
-0.06939143766536
-0.07008319307442
-0.07024947742127
-0.07003331224398
-0.06961610271511
-0.06923933468465
-0.06879358347882
-0.06807784948222
-0.06693752448858
-0.06563033357786
-0.06446942994565
-0.06318254925647
-0.0622003666266
-0.06146204086374
-0.06071687046676
-0.05979790004623
-0.05848498290564
-0.05661138733645
-0.05411166432076
-0.05109675956217
-0.04747004293174
-0.04303635288436
-0.03775837050637
-0.03167802253703
-0.02505400483121
-0.01811173400634
-0.0112563810877
-0.00488054623662
0.00102157953869
0.00632640585597
0.01106128217324
0.01526211597799
0.01891797375008
0.02217443593651
0.02504546022259
0.02751754075834
0.02954838396789
0.03142865864738
0.03336268383609
0.03549690338912
0.03804023969772
0.04097254359055
0.04405470918194
0.04707743829681
0.05000958113943
0.05268636991914
0.05474069961836
0.05622450893139
0.05742540670029
0.05852108499548
0.05966185735083
0.06092153844816
0.06223875026114
0.06338055154842
0.06414750846058
0.06448155344793
0.06446942994565
0.06447242726909
0.06469955280823
0.06514047250762
0.0657978705375
0.06656903264971
0.06723609369248
0.06768175542597
0.06798971922575
0.06820369233068
0.06839784731194
0.06865163560888
0.06904298763102
0.06961914477473
0.07036950456752
0.07119667636558
0.07189357643427
0.0721450831865
0.07176692833474
0.07085372888024
0.06956546136977
0.06795138032737
0.06591212671771
0.06349122883497
0.06087188129858
0.05816556664614
0.05521418725008
0.05174476299618
0.04771457084132
0.04320128619886
0.03811744090766
0.03242893705834
0.02632345630825
0.01969561813344
0.01289603332533
0.00627446268805
-0.00013458912774
-0.00617744782806
-0.01167369350976
-0.01645889354556
-0.0204072542968
-0.02349050697714
-0.02585968984643
-0.02779533895814
-0.02938888162452
-0.03070779788561
-0.03190963064048
-0.03282650740823
-0.03378787877144
-0.03477050876302
-0.03602020474703
-0.03776138572428
-0.04004864771761
-0.04277707545927
-0.04559684998808
-0.0484145577058
-0.05129959336057
-0.05404438111988
-0.05618956998199
-0.05759844620894
-0.05839542109171
-0.05857687100046
-0.05805864719794
-0.05677901376843
-0.0546837952091
-0.051806006814
-0.04835997957742
-0.04472873117289
-0.04058151814246
-0.03593752782978
-0.03113050101625
-0.02626720057347
-0.02134186000902
-0.01632889470684
-0.01161790750477
-0.00746008305463
-0.00350743523615
0.00014595377036
0.003177161508
0.00596256657887
0.00856535278484
0.01082922223446
0.01277836824889
0.01431808882819
0.01556026018827
0.01655843152559
0.01727106530555
0.01762667312722
0.01783151110607
0.01777955004369
0.01761884877095
0.01725981415859
0.01684980715323
0.01627914361129
0.01531952143236
0.01380785937939
0.01160722003357
0.00877010576496
0.00553242382302
0.00202677400745
-0.00139539990285
-0.00440590351697
-0.00690750187293
-0.00899837655008
-0.01069493319695
-0.01191212387926
-0.0127707988888
-0.01312721643516
-0.01284098994078
-0.01190801709878
-0.01030031543434
-0.0080707004707
-0.00544597564657
-0.00284440044875
-0.00061815098724
0.0011605860054
0.00271432287437
0.00404875945519
0.00495980083681
0.00550340794264
0.00581624351142
0.00594886836337
0.00594544157268
0.00584179233856
0.00564990100754
0.00536935153323
0.00499849762455
0.00455838317624
0.00406830871446
0.00329300448019
0.00215356302592
0.00084264514481
-0.00036443932336
-0.00135095988551
-0.00235066477876
-0.00337602094498
-0.00420586483452
-0.00489199869635
-0.00559107294294
-0.00637853244218
-0.00728262808592
-0.00825971079233
-0.00914667695627
-0.00967287721805
-0.00975833225151
-0.00944828821979
-0.00879206675121
-0.00788512141338
-0.00663049997697
-0.00511449404181
-0.00340673232623
-0.00149005671928
0.00051540900266
0.00266478561772
0.00503705573016
0.00752589443549
0.01012872985125
0.01279063043331
0.01513808494445
0.0165736015611
0.01685681283758
0.01597767550352
0.01392228555705
0.01085667234886
0.00717742203306
0.00326561252281
-0.00067620645817
-0.00458554697915
-0.00832064593057
-0.01180430523402
-0.01491370173258
-0.01755936308464
-0.01987484465451
-0.02194042550069
-0.02392688148157
-0.02576861594992
-0.02717149305636
-0.02815667300968
-0.02884591424593
-0.02924252724176
-0.02931874872956
-0.02902754757299
-0.02830215951073
-0.0270826067586
-0.02535650634453
-0.02322198258554
-0.02093944025823
-0.0187534385875
-0.01661505409697
-0.01437663505491
-0.01203693779579
-0.00973980700318
-0.00779537170753
-0.00629640577983
-0.00494430870086
-0.00357924484279
-0.00208399828033
-0.00017920983448
0.00234119860502
0.00521776301848
0.00839331984003
0.01209352457823
0.01619284306421
0.02049562612859
0.02495862284145
0.02945112305896
0.03367730437808
0.0374687932728
0.04083255963851
0.04396440474757
0.04709797219921
0.05024194081056
0.05336953598339
0.0564408083172
0.05930249169081
0.06198845138553
0.06456015490002
0.0670759829372
0.06972288795481
0.07246270999917
0.07503920028394
0.07737407051024
0.07969968034917
0.08200216158781
0.08409156444494
0.08581498068876
0.08710414292265
0.08793077788666
0.08844524385083
0.08874681037818
0.0889108579165
0.0890043117773
0.08905651888862
0.08905795044609
0.08897460695989
0.08874582618243
0.08827430694222
0.0874685190338
0.08627679217991
0.0847192576574
0.08295302889812
0.08126991994419
0.07971515906427
0.07811181470287
0.07647612608998
0.07459644640155
0.07236044311272
0.06980421831332
0.06696387409318
0.06404291529326
0.06117492411956
0.05812172519876
0.05518112721986
0.05244036571592
0.049604271432
0.04664694212522
0.0436027217539
0.04031878708498
0.03680298484281
0.03299088599421
0.02900430265864
0.02481237135188
0.02035001436626
0.01582034733806
0.01128114255824
0.00681260750743
0.00264913153683
-0.00137159444429
-0.00518680111467
-0.00891428149621
-0.01279394090995
-0.01673213760318
-0.02056198329074
-0.02453969097001
-0.02865732444431
-0.03293516709348
-0.03731550925717
-0.04211537828338
-0.04730170072102
-0.05262109984594
-0.05820162399981
-0.0638845939848
-0.06976713202773
-0.07553612966917
-0.08084407633436
-0.08549923279527
-0.08958892405729
-0.09293129758613
-0.09551490092206
-0.09744396934304
-0.09870888457236
-0.09956070600053
-0.10008353762864
-0.10026127443522
-0.1001491655912
-0.09999048639338
-0.09960893159265
-0.09895980975437
-0.09828250412848
-0.09740388573401
-0.09622736917819
-0.09474727296733
-0.09303307237469
-0.09131162452238
-0.08984906489048
-0.08856764201414
-0.08726389578857
-0.08607632939856
-0.08478989607109
-0.08325982955746
-0.08147749577669
-0.07955652460262
-0.07767952908444
-0.07568859053925
-0.07333072592116
-0.07076604598548
-0.06792659648875
-0.06495996205845
-0.06204513211393
-0.05882461991434
-0.05522680285025
-0.05144261489861
-0.04766773207049
-0.04369328565807
-0.03968340819837
-0.03589683580882
-0.03210210354173
-0.02832419207485
-0.02448436574759
-0.02066834801042
-0.01694959565581
-0.01348594684156
-0.00996410968994
-0.00638408867459
-0.00297271720745
0.00029105643506
0.00344070229017
0.00631771361798
0.00943989571415
0.01264581944844
0.01590615131365
0.01903303965499
0.02195201664254
0.02482028070688
0.02744465658887
0.02945952898545
0.03077534055628
0.03161704266261
0.03210058698554
0.03230566653971
0.03229854454132
0.03217568559545
0.03198760131257
0.03178221755243
0.03158177266556
0.03139228814052
0.03125025079824
0.03118985249405
0.03128809759874
0.03165021900688
0.03233024459195
0.03341081995587
0.03489387770123
0.03667898065097
0.03843072831176
0.03978053042517
0.04110366530716
0.04216903484663
0.04269413907223
0.04292041462412
0.04298777387649
0.04307571624105
0.0433777793399
0.04410546236771
0.04540426077279
0.04734258958113
0.04980638945167
0.05244282620531
0.05468822409001
0.05669423872477
0.05838437125752
0.05957439813692
0.06008076685418
0.06012993190589
0.05992803756708
0.0595868347924
0.05881920683768
0.05782543753957
0.05684741537358
0.05611123694693
0.05548595948768
0.05489208682034
0.05429611155296
0.05365387908499
0.05298346282941
0.05238963489823
0.05202991134884
0.05163498043304
0.05102160279523
0.0505217655589
0.0505124156992
0.05133873751001
0.05242345544336
0.05355975418163
0.05441900181415
0.05493445197408
0.0549595489659
0.05432478743845
0.05292262163712
0.0507368570681
0.0479359701506
0.04484420865057
0.04149524101016
0.03769592328555
0.03360383416478
0.0295093337644
0.02508712749207
0.02038084206156
0.01579887397607
0.01115946017367
0.00672442804117
0.00262786351387
-0.0010906848438
-0.00408137346578
-0.0066732811771
-0.00895275012948
-0.01074714030828
-0.01184058179492
-0.01275618805541
-0.01397133429472
-0.01577477907448
-0.01800057804275
-0.0207525235894
-0.02385757173215
-0.0268452500572
-0.02996209065458
-0.03311966800908
-0.03602742963862
-0.03873046065611
-0.04152331295733
-0.04446254648302
-0.04736867076871
-0.04987675944833
-0.05225439745391
-0.05450324002376
-0.05639566952086
-0.05805564987449
-0.05939831656866
-0.06022311734966
-0.06071499154759
-0.06096681145301
-0.06102975524532
-0.06097043508284
-0.0608364502513
-0.06066958433423
-0.06050115265117
-0.06036099422806
-0.06024436703079
-0.06015744465093
-0.06011592948443
-0.06014773690187
-0.06029402418038
-0.06060158535461
-0.06107252302461
-0.06168491646666
-0.06235148541155
-0.0629634314919
-0.06385041555031
-0.06525298397717
-0.06683534707447
-0.06816606921103
-0.06921124036939
-0.07017588642031
-0.07072072824446
-0.07097532179247
-0.0710420681593
-0.0709771112393
-0.07088924939986
-0.07086621027189
-0.0709947372906
-0.07128453820503
-0.07170890552122
-0.0721695986081
-0.07249903576985
-0.07243367622432
-0.07172093955116
-0.07054214145063
-0.06866621960056
-0.06598585192719
-0.06263672323656
-0.05888595320451
-0.05480212238086
-0.05030416882414
-0.04565791486122
-0.04092238986947
-0.03605119349255
-0.03132590413668
-0.02648129446606
-0.02162127318459
-0.01678499338898
-0.0119289491531
-0.0074303469219
-0.00312179691774
0.00075319561866
0.00412016554157
0.00707451541937
0.00941869076919
0.01125588004259
0.01299182688786
0.01485791572759
0.01697315372335
0.01926966268319
0.02146390028296
0.0235153534464
0.02562105369055
0.02776411311093
0.02978124915774
0.03139252524223
0.03260654413003
0.03330774781835
0.03376463833071
0.03425249074688
0.03496964735371
0.03567769120255
0.03652885500901
0.03756912308304
0.03865899462326
0.03963517813263
0.04069182859241
0.04197292489471
0.04347352816625
0.04467684168838
0.04543208667103
0.04595634985661
0.04633620468286
0.04670075973869
0.04718802611103
0.04789834703096
0.04890039252066
0.05017622337565
0.05154488178505
0.05272367988558
0.05375050921391
0.05454717094348
0.05489262365439
0.05464563525541
0.05414127966583
0.05373037793705
0.05333951801279
0.05299858365514
0.05273191134101
0.05253015121071
0.05236605893622
0.05221999533857
0.05208050795802
0.05196705702887
0.05191923406229
0.0520085274592
0.05231497022917
0.05292190585839
0.05389062290085
0.05516019069193
0.05608282947847
0.05639678792513
0.05623663243367
0.05563765984286
0.05476051774202
0.05387263896019
0.05286898296833
0.05172812114064
0.05048329245201
0.04919184867341
0.04802396619856
0.04721884933271
0.04664913419759
0.04626207684785
0.04604711954716
0.04596502867375
0.04601508844887
0.04613507085895
0.04582540708469
0.04505012924476
0.04380082693905
0.04209910773806
0.0401845293628
0.03843429825819
0.03691162215997
0.03532188206811
0.03347379953712
0.03119044748512
0.02838571325693
0.02518977463597
0.02193732528405
0.01827701626297
0.01426458436791
0.01019106075802
0.00564230033212
0.00060975758687
-0.00460315960959
-0.01026073734404
-0.01613490524941
-0.02201092970586
-0.02768087699154
-0.03284570817273
-0.03727576116942
-0.04124999732184
-0.0446456516301
-0.04709255912254
-0.04895398645328
-0.05034787606301
-0.05116126912046
-0.05114842983944
-0.05002917558224
-0.04841988131012
-0.04648893396996
-0.04415470794453
-0.04154095242948
-0.03888289468449
-0.03623597624603
-0.03372797256513
-0.03129904453973
-0.02897546572294
-0.02698122564834
-0.02532794229948
-0.02411170002399
-0.0231822121297
-0.02238634223035
-0.02163818345716
-0.02089427462019
-0.02019844374598
-0.01966007524574
-0.01906592968776
-0.01821622428047
-0.01732612658457
-0.01635016228244
-0.01522641204007
-0.01403826855346
-0.01291817325626
-0.01174624215794
-0.01037754348599
-0.00880225765091
-0.00711580690502
-0.00554263709082
-0.00405135728462
-0.00268751248721
-0.00165442680539
-0.00125366900334
-0.00145273243726
-0.00215073391048
-0.0032084249336
-0.004350070539
-0.00523649852681
-0.0058240186579
-0.00611118461187
-0.00612078499413
-0.00591725778508
-0.0056321049588
-0.00546381195787
-0.00558432672838
-0.00577204417467
-0.00608598472686
-0.00663749224046
-0.00744975347279
-0.00853026173246
-0.00981505771608
-0.01114144044407
-0.01224764068663
-0.01315348104104
-0.01390622974535
-0.01450556917277
-0.01493325143922
-0.01516411244862
-0.01546463662319
-0.01626315043023
-0.01768187756199
-0.01957940698256
-0.02165847578423
-0.02369629336281
-0.02572033220078
-0.02777213430635
-0.02975991895151
-0.03149329794057
-0.03292965112362
-0.03408885925495
-0.03516142237069
-0.03613609379749
-0.03672328288091
-0.03684983703448
-0.03652694477451
-0.03571152069491
-0.03441354990899
-0.0327061984241
-0.03050937060004
-0.02801068993713
-0.02546870018728
-0.02284483877124
-0.02013301709619
-0.01755409316372
-0.01550505575351
-0.01399680259675
-0.0128560839248
-0.01205072995725
-0.01159556178746
-0.01156963717648
-0.01209028567947
-0.01302785739982
-0.01435436091547
-0.01616874816262
-0.01842934739815
-0.02092441785207
-0.02327581809348
-0.02548334680959
-0.02770840763105
-0.02988649547316
-0.03182273062871
-0.03344662231336
-0.03471577853167
-0.03571088544128
-0.03629620902639
-0.03633690552096
-0.03585011335204
-0.03481092341972
-0.033245318492
-0.03128755629107
-0.02918329655162
-0.02704442891045
-0.0249668856122
-0.02291231881127
-0.02079035249543
-0.01866589884848
-0.01674388979525
-0.01509643109582
-0.01377426698873
-0.01270894218543
-0.01172834768962
-0.01071784706364
-0.00962311717527
-0.0084846174174
-0.00745140871111
-0.0064996243093
-0.00553493799582
-0.00454806254163
-0.0035368358476
-0.00256543463489
-0.00178480769101
-0.00111982151184
-0.00037223491427
0.00061367602807
0.00197185856835
0.00376456621977
0.00595038044594
0.00857121322321
0.01135602643454
0.01418125430257
0.01709062643425
0.02012679429483
0.02304264422404
0.02577453454532
0.02841010789087
0.03074436970524
0.03240131694649
0.03344006846434
0.03414361185439
0.03469741433356
0.03533263664357
0.03628234528706
0.03769238912806
0.0395576145597
0.04171036383467
0.04404795402015
0.04643681633098
0.04881342540463
0.0511089725368
0.05308394026902
0.05466406655778
0.05578488658095
0.0562434770678
0.05606636656762
0.05544413116798
0.0545877466504
0.05382365285317
0.05352418892584
0.05352065476835
0.05353765451325
0.05346039514628
0.05335092573634
0.05313999469103
0.05262333665448
0.05201989044659
0.05177867301364
0.05180605155017
0.051688663838
0.05136553447632
0.05116502695881
0.0512765542326
0.05176046539213
0.05271213795352
0.05382897645749
0.05451961346227
0.05464769311927
0.05435476067288
0.05374442509468
0.05273150871547
0.05118453192927
0.04938703258661
0.04758626750347
0.04566507264855
0.04346940349131
0.04097494592292
0.03829651085214
0.0357159451022
0.033144004486
0.0303668993169
0.02737617893223
0.02404236343287
0.0202816888126
0.01629277024892
0.01228041887897
0.00832898475281
0.0043830818068
0.00022059414768
-0.00427084904358
-0.00888774847331
-0.01336204554291
-0.01751463586108
-0.02153669498008
-0.02562146973693
-0.02965635024249
-0.03354508662529
-0.03736254039353
-0.04130085787442
-0.0453746901639
-0.04929093929173
-0.0530620642815
-0.05668578358849
-0.06014268171457
-0.06323717212101
-0.06580525200568
-0.06797755098729
-0.06978372914709
-0.07138939978938
-0.07300567290414
-0.07468533717293
-0.07632089157731
-0.07762499569224
-0.07853385573818
-0.07932313599957
-0.08024528268823
-0.08111124074637
-0.08159890974424
-0.08170632129032
-0.08141629669504
-0.08063922940828
-0.07936670902992
-0.07765004794789
-0.07567691439867
-0.07375419851394
-0.07192954431559
-0.06996168963453
-0.06798721400018
-0.06593999735212
-0.063785637575
-0.06172933948426
-0.06007481694347
-0.05852860067217
-0.05680697387518
-0.05512802538513
-0.05348218166146
-0.05193887324127
-0.05070603384642
-0.04974268514445
-0.04898297549196
-0.04801439265801
-0.04675793256497
-0.04565836222293
-0.04452608974003
-0.04313976501678
-0.04143507980767
-0.03942844781375
-0.03725640382831
-0.03483297387831
-0.03225735147525
-0.03018872409584
-0.02877226956156
-0.02773112018496
-0.02683709465326
-0.02586304058563
-0.024971444228
-0.02407348638689
-0.02309668104475
-0.02214584952337
-0.02139220609564
-0.02071903856556
-0.01998187146953
-0.01908339021522
-0.01790896731219
-0.01643703992613
-0.01475056681215
-0.0130906356683
-0.01149618485765
-0.01010126631599
-0.00916344407309
-0.00862676660011
-0.00839845107882
-0.00837216410486
-0.00842750722175
-0.00843477684951
-0.00826033709872
-0.00779165413173
-0.00695715902252
-0.00575618072851
-0.00429070027201
-0.00282650105945
-0.00171342755161
-0.00072541848285
0.00010545760435
0.00096861772816
0.00179616307325
0.00233600249878
0.00268006749366
0.00289531557946
0.00301798305451
0.00311069876849
0.00322838218675
0.00343558984057
0.00377537895225
0.00428064402818
0.00492490662359
0.00569113880978
0.0068980893826
0.00851473828119
0.01027547791232
0.01218846815352
0.01421401012683
0.01643141211584
0.01897031954353
0.02176704599714
0.02459312385241
0.02729662012609
0.0299457798467
0.03252041358039
0.03479980648128
0.03665574468386
0.03797153388661
0.03877758126481
0.03921910042889
0.03938317033529
0.03935826123539
0.03922487139492
0.03905581340547
0.03890830930312
0.03883671800899
0.03888635279049
0.03910683948189
0.0395617258138
0.04031748973602
0.04140152767957
0.04278115539805
0.04430935641336
0.04571557978538
0.04691312234147
0.04817499551117
0.04955658267393
0.05088265224873
0.05221158493846
0.05365745797865
0.05516945107928
0.05658839294466
0.05788999183403
0.05907737927935
0.06006103820286
0.06091174122676
0.06158877843562
0.06197346476831
0.06219566932866
0.06231627804513
0.06236763516921
0.06239107692271
0.06240226096541
0.06240413988458
0.06237237720331
0.06225373687836
0.06195780710853
0.0614020496587
0.06052477334935
0.0593254860826
0.05790403899166
0.05649261280298
0.05525668661234
0.05422855993506
0.05353805713879
0.0531660758786
0.05304278299188
0.05340420651576
0.05423898346285
0.05521973453526
0.05617954907973
0.05712500331338
0.05792582550684
0.05840490515991
0.05856702904289
0.05842910742832
0.05771426815513
0.05642125861056
0.05491830221642
0.0534594556867
0.05217078555069
0.05111519086454
0.05013591608577
0.04908564500394
0.04781674825542
0.04624480868592
0.04443271640434
0.04245928312277
0.04024934760067
0.03794588663989
0.03576963298078
0.03373662454056
0.03191521818822
0.030118099103
0.02829975270474
0.02641120630727
0.02412566218289
0.02130335558682
0.0180160164953
0.0144688541974
0.01068929196582
0.00668432206405
0.00268636589915
-0.00126974002534
-0.00520565741066
-0.00893810798078
-0.01252208814724
-0.01607659612439
-0.01952259204565
-0.02300579504016
-0.0267473941572
-0.03060753517962
-0.03420930692121
-0.03732322624664
-0.03982894838282
-0.04170444523928
-0.04287461820608
-0.04353383252449
-0.04383179779009
-0.04386898249526
-0.04375373317205
-0.04354938729108
-0.04330625515002
-0.04304577879555
-0.04279831171955
-0.04259456082965
-0.04249917883989
-0.04259295927473
-0.04297732798061
-0.04372403282826
-0.0449138628685
-0.04654118581746
-0.04848031987687
-0.05040066474455
-0.05186447698923
-0.0527368323198
-0.05313802629951
-0.05314428936343
-0.0528318072104
-0.05187512419788
-0.05048776606909
-0.04888795586518
-0.04685178905131
-0.04436104905872
-0.04195928930985
-0.03939609461503
-0.03664609956544
-0.03398458818806
-0.03176260968877
-0.02962614437997
-0.02740687689263
-0.02509314450704
-0.02278738410709
-0.0208202317839
-0.0192206855234
-0.01777377460404
-0.01645970327025
-0.01524604674544
-0.01371279054282
-0.01206395844295
-0.01059967199486
-0.00927100324854
-0.00824660309428
-0.00733496493214
-0.00639305827684
-0.00534069354222
-0.00411693066906
-0.00275747985833
-0.00142318822271
9.85106586e-05
0.00180769650544
0.00304122528469
0.00357345419284
0.00351516385701
0.00289147945281
0.00181790395753
0.0005618317271
-0.00049840925776
-0.00141058156978
-0.00261373359433
-0.0039557950081
-0.00489075055718
-0.00574883504926
-0.00623064360876
-0.00643912311191
-0.00651980926956
-0.00655026118102
-0.00668958751136
-0.00706908444824
-0.00782858831434
-0.00903455916502
-0.01068026868017
-0.01258727322171
-0.01441212873282
-0.01600431141961
-0.01718234453162
-0.01803324439467
-0.01870072595745
-0.01928926607323
-0.01992579915305
-0.02067532237945
-0.0215370662903
-0.02236933353821
-0.02294465411553
-0.02330177401977
-0.0235139129417
-0.02361481984855
-0.0236956088994
-0.02379551818964
-0.02358381768219
-0.02297884597087
-0.02198976054984
-0.02062645706009
-0.01900504823292
-0.01696889931351
-0.01444347089408
-0.01153743160713
-0.00855589555833
-0.00563929406144
-0.00273557971328
2.15122735e-05
0.00227345596366
0.00388014524856
0.00497539139233
0.00565156519309
0.005961501858
0.00595299751193
0.00562815475492
0.00496881517522
0.00390837153552
0.00244391464261
0.00064696018651
-0.00128364805348
-0.00299728586509
-0.00437368900037
-0.00558491724584
-0.00640597808296
-0.00687188740736
-0.00708250529948
-0.00708171794287
-0.00691085261212
-0.00659961859826
-0.00616873322199
-0.00564353505044
-0.00507783274984
-0.00451679643186
-0.00364728855857
-0.00254350585868
-0.00142211544933
-0.00013501868445
0.00135548047556
0.00260052926615
0.00371390653259
0.00452258976598
0.00502101781293
0.00530592011666
0.00541286193295
0.00541100985548
0.00535045050107
0.00528705039981
0.00525066199849
0.00526517441229
0.00532804662673
0.00542596068376
0.00551965164626
0.00555763265527
0.00546783373963
0.00517629706177
0.0046128002544
0.00374080594473
0.00258957203584
0.00125400407726
-0.00033590744361
-0.00201516407641
-0.00354964247121
-0.00478593818262
-0.00570833986745
-0.00638154766009
-0.00683291772898
-0.00708103795307
-0.00711078303304
-0.00686736905411
-0.00625898844657
-0.00517992963884
-0.00354908282171
-0.001369172428
0.00118770059852
0.00377052418299
0.00639253933726
0.00921289543629
0.01218387374878
0.01510600016275
0.0178792938101
0.02063930528834
0.02341798517066
0.02600691211091
0.02829976612559
0.030475782683
0.03269077339241
0.03495360496287
0.03736660243784
0.03972457442274
0.0417008887137
0.04323063760052
0.04454121951299
0.04589443499623
0.04719983646012
0.04838292923304
0.0494826337836
0.0503546312248
0.05071994679553
0.05041627766816
0.04951354647762
0.04811616744657
0.0464420057268
0.04467171044959
0.04284700704146
0.04093575703731
0.03871761242786
0.03607596391032
0.03305678237379
0.02990696674492
0.02674125635456
0.02342262431157
0.02013303051704
0.01710028049991
0.01428660351118
0.01161457018643
0.00903327971053
0.00641308218689
0.00382840563022
0.0014090216195
-0.00078003329489
-0.00264305547011
-0.00416670771158
-0.00534885789339
-0.00637863533537
-0.0073966382172
-0.00846528244438
-0.00955592344673
-0.01047423624556
-0.01102773899237
-0.01131705675616
-0.01137472615393
-0.01122579049411
-0.01094719599047
-0.01062529687349
-0.0103497041669
-0.01023812768332
-0.01045793885853
-0.01101589732796
-0.01145020949492
-0.0113505954634
-0.01078185557681
-0.01002354169285
-0.00906400898625
-0.00808729311645
-0.00727500951604
-0.00647805252774
-0.00575967014983
-0.00546213435147
-0.00555822317272
-0.0060306237155
-0.00691669962965
-0.00816401564937
-0.0096351198899
-0.01110853699045
-0.01273546178748
-0.0145361687136
-0.01640117046438
-0.01815226497708
-0.01991366670353
-0.02170269301545
-0.02379932523777
-0.02591323904288
-0.02801040362564
-0.02992030259743
-0.03167082448715
-0.03313385832246
-0.03402141053024
-0.03445867081086
-0.0344545953457
-0.03400637470324
-0.03313516909226
-0.03190808276897
-0.03046782859183
-0.02902105635461
-0.02739567048185
-0.02553796967414
-0.02347565009482
-0.02136130234885
-0.01952509727121
-0.01808205155701
-0.01684019335012
-0.01564038267017
-0.01437371378296
-0.0129840338469
-0.01153818764841
-0.01023682138713
-0.00910025870545
-0.00814371884868
-0.00711915317059
-0.00614561804254
-0.00550938916868
-0.00513089879564
-0.00492992154833
-0.00486432937471
-0.00487214478375
-0.00488207621366
-0.00481991083072
-0.00462117933919
-0.00423842024073
-0.00365866317736
-0.00291712401536
-0.00211905264904
-0.00146430613201
-0.00120954840225
-0.00127677747236
-0.00148994398413
-0.00167748830144
-0.00193459289072
-0.00204706409772
-0.0020596421195
-0.0022027003412
-0.00265423324975
-0.00325020941184
-0.00369240498682
-0.00403272645893
-0.00430966706635
-0.0045016398172
-0.00460724402198
-0.00465044574212
-0.00465015943063
-0.00462695925245
-0.00459421684905
-0.00456376046397
-0.00453924056875
-0.00452361869791
-0.00451415252417
-0.00450966995986
-0.00450604633002
-0.00450240927934
-0.00449662936607
-0.00449000393917
-0.00448226905524
-0.00447520968749
-0.00446716522926
-0.00445546179961
-0.00443106984985
-0.00438137243771
-0.00428667491136
-0.0041267390745
-0.00388112318125
-0.00355384767126
-0.0031600857116
-0.0024446402633
-0.0012814081134
0.00018544529617
0.0017421419102
0.00330568897406
0.00479391464187
0.00597560269904
0.00679689616425
0.00729318582223
0.00744318620292
0.00721208361819
0.00656648251655
0.0054803464466
0.00397127506528
0.00214765024623
0.00024224041496
-0.00159982407212
-0.00329809008809
-0.004826742044
-0.00632795820109
-0.00783450690974
-0.00927842945289
-0.01068138708444
-0.01195163039169
-0.01254957405058
-0.01222288368971
-0.01122715494732
-0.00981099119815
-0.00817931541978
-0.00644251858727
-0.00464832972124
-0.0026556393076
-0.00041238106448
0.00204963553282
0.0047893112899
0.00792563001604
0.01131291866036
0.01473740990431
0.01817048154583
0.02153309371833
0.02466475093548
0.02765000008645
0.03059809584758
0.03337378735368
0.03581109446387
0.03779654388091
0.03939256940477
0.04083157544275
0.04192862713838
0.04263608494338
0.04313407010224
0.04349187894352
0.04374442804852
0.04389983703226
0.04392139091935
0.04374907166305
0.04351510596339
0.04342940040738
0.04343228141678
0.04349014318009
0.04356067870059
0.0435493157132
0.04333663995723
0.04278647005514
0.04177951253388
0.04024847077172
0.03823192076874
0.03594128119451
0.03378554801694
0.03196501401993
0.03030299369691
0.02874498049738
0.02708273201988
0.0250887066789
0.02296260674087
0.02085651281842
0.01863451642467
0.01610696751074
0.01329548259438
0.01041915707207
0.00771332109667
0.00518871582278
0.00283431199487
0.00085585797286
-0.00061288061896
-0.00178429590922
-0.00282606756596
-0.00375575498357
-0.00483579217136
-0.00623660246671
-0.00800343516429
-0.01002869977334
-0.01200818585882
-0.01385921202984
-0.0158763570239
-0.01799966095125
-0.01996472409526
-0.02166385307196
-0.02299401153277
-0.02416152717102
-0.02532938727779
-0.02628526056562
-0.02696157304851
-0.02746749440407
-0.02779416687047
-0.02788086556947
-0.02764197441741
-0.02698705029778
-0.02585940353494
-0.02425687337185
-0.02229660147173
-0.0202562026161
-0.01840564617486
-0.01692361288781
-0.0159248912956
-0.01530810476157
-0.01500465484143
-0.01494833200239
-0.01505394515441
-0.01524816276632
-0.01546489609298
-0.01566775225947
-0.01584488512774
-0.01598605011469
-0.01607278460264
-0.01607703453886
-0.01595280219256
-0.01564318762808
-0.01508737202123
-0.01424430546169
-0.01311776368227
-0.01178772153551
-0.01041067062047
-0.00908477999035
-0.00771118718132
-0.00630500407186
-0.00497840661024
-0.00380017442227
-0.00256745402564
-0.00117960558841
0.00036051730327
0.00195145261141
0.00345886562287
0.00497122645483
0.00640923934982
0.0076968537122
0.00905060155586
0.01057576051156
0.01226982982735
0.0140121381561
0.01562929704705
0.01714514193199
0.01839635447219
0.01921329510798
0.01973198416668
0.02002249191261
0.02013583994856
0.02014064908692
0.02008827197815
0.02002042510152
0.01995678789856
0.01990771679281
0.01986964183785
0.01983991017873
0.01981343531286
0.01979652951391
0.01980064971524
0.01985284787933
0.01998356249678
0.02023093562683
0.02061990768468
0.02115783329683
0.02180355071251
0.02246092190069
0.02309341083066
0.023858578296
0.02459497592989
0.0253409918405
0.02582351617873
0.02605400140429
0.02602626945202
0.02570413323333
0.02510785376
0.02427830647127
0.02334187552328
0.0223416194804
0.02103849061399
0.0197389809038
0.01833064598452
0.01676888836749
0.01521787190507
0.01387880199904
0.0126510491068
0.01155583606779
0.01068966774965
0.00974972948586
0.00898481701671
0.00825620347653
0.00749203362781
0.00673727179581
0.0061053241735
0.00576303430987
0.00544575196572
0.00496886438501
0.00467458537989
0.00485945313209
0.00539170619778
0.00616976662753
0.00701963308504
0.00765681931295
0.00815179820113
0.00849636960946
0.0086653202321
0.00866006373203
0.00852045109021
0.00830048781201
0.00799465345396
0.00714739958884
0.00578882023872
0.00401012842962
0.00194073561433
-0.00055004643026
-0.0033803165121
-0.00626692911689
-0.0091912118143
-0.0118825622176
-0.01435813664829
-0.01696523094751
-0.01985466864148
-0.02299722806345
-0.02616001270824
-0.02931892767425
-0.03258392104846
-0.03576307913175
-0.03884203266608
-0.04203401660955
-0.04536032985307
-0.04861372313819
-0.05173111846408
-0.05482252207474
-0.05784570302494
-0.06089071522648
-0.06389506224877
-0.0669266088629
-0.06992782435323
-0.07292340308605
-0.07577179981693
-0.07840546292799
-0.0806365899742
-0.0824204000486
-0.08366487084786
-0.08449723204173
-0.08507124184924
-0.08545574923725
-0.08570090345323
-0.08578371010537
-0.08562646246502
-0.08508479690899
-0.08399363696706
-0.08220674009687
-0.0797046908003
-0.07662961589198
-0.07336445699394
-0.07018197053954
-0.06720200473034
-0.06471471837013
-0.06276265555736
-0.06105892322868
-0.05934780943183
-0.05744562744949
-0.0552938176341
-0.05299473634445
-0.0505174708865
-0.04798025895969
-0.04544389702012
-0.042992149074
-0.04056731888185
-0.03814095423904
-0.03556644129301
-0.0326407180909
-0.02938451984787
-0.02606599517169
-0.02292473757229
-0.01975625353934
-0.01658723714596
-0.01356711614985
-0.01056168651223
-0.00752315210822
-0.00466572761807
-0.00211225946151
0.00025235848418
0.00247180003996
0.00440757530767
0.00606200613932
0.00744456407698
0.00841864498632
0.00904312166811
0.00951197015892
0.00997855947311
0.01058609904064
0.01144769532212
0.012607936859
0.01399074084561
0.01539677632571
0.01677398829096
0.01811716050385
0.01928307906081
0.02006712519022
0.02051900972507
0.02085641887246
0.02124514935499
0.02158160114833
0.02187622909559
0.02227880094937
0.02284214118014
0.02358418899241
0.02446095083579
0.02536986456513
0.02633693084289
0.0273871974511
0.02836075942086
0.02932126290236
0.03024033174247
0.0310085367938
0.0316601772785
0.03222796428465
0.03261708397187
0.03297073682288
0.0331985110365
0.0330936897147
0.03271183518162
0.03208284014658
0.03128012113948
0.03045046201033
0.02961929974584
0.02881438419275
0.02820225916772
0.02769895040454
0.02725378076893
0.02683483547664
0.02638947347549
0.02591331956799
0.02542841973909
0.02480199256025
0.02388669050573
0.02288759760329
0.02186107695454
0.02067529553775
0.01932618683499
0.01790478000661
0.01660972154541
0.01561382727918
0.01482647514676
0.01425298427883
0.01394993698422
0.0139846880417
0.01430564769909
0.01456830270508
0.0147924353944
0.01496390466345
0.01503913300826
0.01502495611574
0.01493935792653
0.01483261294939
0.01476678367406
0.01482708355868
0.0151013252329
0.01567873051578
0.01661803799956
0.01792603863497
0.01950680465097
0.02113122422244
0.02268179779677
0.02454213356494
0.02657738328731
0.02866698745721
0.03096326826257
0.03338867107771
0.03582758869004
0.03832269940652
0.04078799793878
0.04330582568278
0.04578451822458
0.04800978483242
0.05006313033588
0.05219181155096
0.05447340099784
0.05682674726267
0.05898719115902
0.06051309720877
0.06170164779454
0.0626833830627
0.06350514178409
0.06427375393458
0.06499874831853
0.06567421976141
0.06662902385475
0.06759483304611
0.06822163153517
0.06860179951461
0.06864751988116
0.06829191205949
0.06750424230025
0.06630777341225
0.06483045084399
0.06331273151349
0.06160139403578
0.05967791763615
0.05771055505296
0.05593457380844
0.05430036148919
0.05291613489235
0.05154559756378
0.04998256049227
0.04817884282186
0.04618942530647
0.04422368217267
0.04219145661544
0.04023410598727
0.03826769181091
0.03627465961292
0.03437442365401
0.03240504794314
0.03030941781104
0.02817477326438
0.02585502386382
0.02332889756013
0.02080048523811
0.01831381623706
0.01604796497508
0.01397820577055
0.01180114238675
0.00965181990245
0.0075195061103
0.00542940984253
0.00324638983758
0.00092807244185
-0.00138266843601
-0.00374493956691
-0.00611385536127
-0.00862642660521
-0.01130844504328
-0.01399245871457
-0.01667107720366
-0.01915741963066
-0.0214388435537
-0.02374773101199
-0.02582569483024
-0.02757891431106
-0.02924359643624
-0.03092857983573
-0.03259858109163
-0.03412037588728
-0.03559303247293
-0.03703180140921
-0.03833015692619
-0.03967536910847
-0.041232751528
-0.04302270835227
-0.04493032577936
-0.04664193167409
-0.04798598518955
-0.04907200047185
-0.0500554357145
-0.05103301051878
-0.05207916587289
-0.05316804427012
-0.05416396090443
-0.05510583624441
-0.05610121604467
-0.05714960820732
-0.05814700113526
-0.05890049246002
-0.05942099780725
-0.05980210524628
-0.06007065647958
-0.06022293840498
-0.0602282620093
-0.06002811238115
-0.05954402227695
-0.0586917087509
-0.05739780448291
-0.05564879914939
-0.05357514342438
-0.05146815925213
-0.04954405654611
-0.04801908995594
-0.0469639426315
-0.04633150738493
-0.0461435707314
-0.04636675948751
-0.0466636734531
-0.04717218950656
-0.04795645931682
-0.0485427715713
-0.0489888806665
-0.04928463149165
-0.04936117507988
-0.04916939111567
-0.04865514883235
-0.04778221193157
-0.0465860114606
-0.04519471654877
-0.04381956244738
-0.0423997034905
-0.04090260753474
-0.03941408302931
-0.03807655652117
-0.03674926564891
-0.03531341351098
-0.03377588500405
-0.03221086164655
-0.03043774351697
-0.02836642302008
-0.02610154700662
-0.02389200963643
-0.02184519561391
-0.02012210147051
-0.01831036260468
-0.0163059405776
-0.01424737436301
-0.01234482107046
-0.01067207301368
-0.00938083502146
-0.00842981560817
-0.00770771565446
-0.00680438052562
-0.00559836046516
-0.00415232726948
-0.00257802428807
-0.00080989424153
0.0011226130489
0.00301543219805
0.00492702264447
0.00681830689559
0.00852941174522
0.010155066035
0.011731170542
0.01318457267974
0.01468337755722
0.01597360451198
0.01693566033861
0.01745478781178
0.0176895542889
0.01783124268905
0.01770216988906
0.0174172049547
0.01681264034253
0.01601854199554
0.0152900671375
0.01451913317976
0.01359862830856
0.01247649751558
0.01118606477444
0.00980506812914
0.00815366817307
0.00648529531379
0.00491151708767
0.00356868263286
0.00235883628771
0.00115577194606
-6.12686464e-05
-0.00122414581478
-0.00219004447848
-0.00307774207882
-0.0040000976854
-0.00501016929151
-0.00603735203559
-0.00657983626354
-0.00671181244101
-0.00664720446314
-0.00651169860179
-0.00618458772092
-0.0058322680078
-0.00541166300357
-0.00512051105678
-0.00491010342467
-0.00464480451099
-0.00461669677487
-0.00478128114724
-0.00500963245746
-0.00521067680903
-0.00562404350082
-0.00613786526414
-0.00656466622802
-0.00704917685223
-0.00741351270083
-0.00767820767621
-0.00756126732574
-0.00703976883551
-0.00624483392213
-0.00533035948676
-0.00456355467758
-0.00386338618425
-0.00313277204252
-0.00228511599922
-0.00124550867842
4.0169024e-07
0.0013715416556
0.00269838516616
0.00400985240744
0.00528444675467
0.00644128386896
0.00769724291688
0.00889568019639
0.01009112462607
0.01134069534881
0.01254444281179
0.01352618702719
0.01438198550094
0.0152009347908
0.01599599943908
0.01677270883648
0.01747165782179
0.01793675742149
0.0179438302101
0.0175127032585
0.01686389457341
0.01625583606631
0.01575750643894
0.01532744868182
0.01496434755154
0.0146451818146
0.01434183926127
0.01403552622619
0.01374390454961
0.01352682675443
0.01353434690474
0.01390429266916
0.01444749714946
0.01513384395546
0.01604093692265
0.01714426957666
0.01835772031509
0.01948059820212
0.02022548676123
0.02051476873607
0.02041808939736
0.01998721296832
0.01934889491529
0.01872177879942
0.01834362842128
0.01788746263489
0.01728623086745
0.01685002188685
0.01656282909118
0.0162779938917
0.01590332846127
0.01537715504119
0.01495990524978
0.01486552087663
0.01513054242605
0.01552861382105
0.01589873853015
0.01617328441033
0.0162280951668
0.01623415244432
0.01626864403201
0.01622426575058
0.01603432939022
0.01559665306322
0.01482615304633
0.0139787694463
0.01323183197057
0.01235643905401
0.0113103105416
0.0100056382773
0.00848908656086
0.00680826809887
0.00496379130324
0.0031191360103
0.0013112824809
-0.00048449183502
-0.00240972681353
-0.00438460999439
-0.0062715682578
-0.00798569727257
-0.00954205523378
-0.01101808940033
-0.01233079180729
-0.01332116563004
-0.01403392019766
-0.01461358465716
-0.01512957165115
-0.01563344409008
-0.01613138451277
-0.0165649316912
-0.01682752854017
-0.0170382269574
-0.01718885811809
-0.01735871688499
-0.01751769134154
-0.01744025750351
-0.01721064015965
-0.01706927833355
-0.01698740666737
-0.01708511493801
-0.01737611478182
-0.01765500007057
-0.01799547811928
-0.01858794159725
-0.01925003245144
-0.01959404465765
-0.01947989137062
-0.01889401753061
-0.01782176756807
-0.01636334155835
-0.01475719223904
-0.01319060311556
-0.01171656418224
-0.01054461071584
-0.00994100345773
-0.00971492474498
-0.00946955579539
-0.00905114733715
-0.00847409994364
-0.00786562539015
-0.00717976173479
-0.00651127808179
-0.0060584138248
-0.00584738435991
-0.00566009190725
-0.00550100561027
-0.00563779092611
-0.00609455170357
-0.00663379255914
-0.00720990496667
-0.00778426818993
-0.00816768848899
-0.00843490211079
-0.00864545289865
-0.00885272899881
-0.00913888838893
-0.00957246688269
-0.01019845117344
-0.01100224384863
-0.01188753687979
-0.01267955052122
-0.01333017102122
-0.01398355621658
-0.01472227118412
-0.0153869522626
-0.01569912573605
-0.01560471899481
-0.01519759299885
-0.01463700404257
-0.01386685744143
-0.01291226360809
-0.0118655893144
-0.01067075329664
-0.00930287329661
-0.00789516915734
-0.00640657754765
-0.00491051052382
-0.00339081206513
-0.00163955471277
0.0001781912366
0.0016927021784
0.00287202592894
0.00379377580777
0.00442479694398
0.0049234705925
0.00549049708375
0.00602125596134
0.00657657052307
0.00721870009785
0.00759634943088
0.00756716802667
0.00758188175324
0.00770542963614
0.00804168011671
0.00856859615722
0.00898266520689
0.00944965714662
0.01029114899295
0.01139201668395
0.0125945517967
0.01365859714552
0.01428353013625
0.01443225106245
0.01415833596227
0.01381382718457
0.01345044421641
0.0132081352209
0.01313751022806
0.01298951402783
0.01286197120488
0.01281516374938
0.01287872937446
0.01299453342619
0.01282893354275
0.01229759756856
0.01118262903653
0.00996210103588
0.00874488798548
0.00739041541585
0.00596021345628
0.00457892602587
0.00333701816183
0.00217873204297
0.00142715542633
0.00111803653863
0.00134670905456
0.00212976561987
0.00315293866096
0.00441462930708
0.00577496992024
0.00695433617014
0.0077163676299
0.00811733792876
0.00816817611326
0.00787830362095
0.00730904479478
0.00655007776272
0.0057438693343
0.00508721392486
0.00470098866789
0.00434702221632
0.00379224851489
0.00294280436684
0.00203237363395
0.00090336912833
-0.00048230915725
-0.00196866887938
-0.00330936897147
-0.00457732894457
-0.00577379783257
-0.00675967567015
-0.00739731373338
-0.00791991273341
-0.00850610420023
-0.0088295467151
-0.00904878079371
-0.00925120301934
-0.009462223537
-0.0097095071947
-0.00999171190733
-0.01027359451953
-0.01048110324777
-0.01049882324503
-0.01016844662368
-0.00938253052234
-0.00852237474555
-0.00757174453694
-0.00664758472059
-0.00594757101441
-0.00527486426689
-0.00493006470408
-0.00475090976088
-0.00452860230734
-0.00416137337058
-0.00394331227436
-0.0037540138518
-0.00349587630434
-0.00318978158178
-0.00275099982399
-0.00170109021043
-0.00020251192165
0.0011435826816
0.00255791314249
0.00363576317889
0.00421783041812
0.00414738123843
0.00372243548356
0.0032808693465
0.00275506902609
0.00218052193717
0.00161715665414
0.00109393000563
0.00066731156533
0.00040895320013
0.00030092510013
7.785963691e-05
-0.00010923418716
-0.00010688741711
0.00012678664745
0.00041904089349
0.00083694575665
0.00113820718332
0.0014021649066
0.00169613567951
0.00190743087725
0.00182727573795
0.00172951915225
0.00124363065397
0.00052285220676
8.932082019e-05
-5.233684622e-05
-0.00017094106908
-0.00026287917894
0.00014152426314
0.00067533186603
0.00108356910848
0.00134470397938
0.00119954897335
0.00105313464412
0.00097591240817
0.00095181571713
0.00079269318386
0.00065190934908
0.00068328461511
0.00100757219625
0.0016516357157
0.00233493240957
0.00310372216265
0.00389756148721
0.00455417797618
0.00500912246511
0.00539596508124
0.0055799291628
0.00580317607593
0.006060561161
0.00591441703824
0.00584119734749
0.00562767607789
0.00544085782864
0.00555574478886
0.00607163783689
0.00675008870874
0.00741458189531
0.00817351313843
0.00902216724571
0.00989078710601
0.0106779737146
0.01132548505074
0.01195312905342
0.0123821310369
0.01264795336378
0.01249092045705
0.01199272951181
0.01125558478386
0.01038876779125
0.00951609483387
0.00858567642723
0.00788339907081
0.00737016782494
0.00703312104053
0.00679335753314
0.00629850837986
0.00559560919066
0.00477721910293
0.00401107281018
0.0034934887349
0.00311088129206
0.00279607598969
0.00263462807026
0.00291957153126
0.00355404361569
0.00442650765515
0.00537358357499
0.00608997966692
0.00630295962885
0.00605052683789
0.00537784245845
0.00440293661412
0.00339630253537
0.00260942415899
0.00201439550899
0.00162704603205
0.00147708636128
0.00154685913007
0.001677886006
0.00156354751122
0.00154833810788
0.00160258608331
0.00173010519608
0.0020198081383
0.00251198877899
0.00320343148221
0.004018222545
0.00480282161348
0.005436343949
0.00611853923835
0.00700262886652
0.00807994743721
0.00904969788521
0.00988700689957
0.0105887608428
0.01142755957165
0.01253105774949
0.01370789640574
0.01511161455219
0.01673192734318
0.01837598162001
0.01986231852669
0.02123238612546
0.02251665422227
0.02389216173941
0.02517577668812
0.02647593059918
0.02782498114491
0.02922676668879
0.03083772962008
0.03224876660407
0.03314026454212
0.03372701073745
0.03398149244504
0.03438098197665
0.03467977038779
0.03472281105772
0.03476859405491
0.03497467569931
0.03549960098022
0.03637875620875
0.03720451434381
0.03757007148986
0.03747301636732
0.0370575470755
0.03636021753957
0.03573271669263
0.03513725589123
0.03432189444226
0.03348763196113
0.03281626729873
0.03241825406076
0.03210827265968
0.03171298832812
0.03108593036928
0.03021573132215
0.02940811370435
0.02853903306149
0.02742955365761
0.02634850856389
0.02546020031482
0.02466004021669
0.02394076311537
0.02335622241325
0.02296676273114
0.02266196177864
0.02226561272622
0.02171684306627
0.02089403751848
0.02004737864443
0.0193240931822
0.01862502340922
0.01796393911887
0.01739426871993
0.0168499055728
0.01604377319587
0.01511880365484
0.01429487075554
0.0137304121205
0.01330896160265
0.0129614555015
0.01264564050375
0.01241952600207
0.01249325121155
0.01243637811761
0.01222474471442
0.01183571897316
0.01121078598243
0.01036970123525
0.009368246263
0.00823382197028
0.00683655925328
0.00541129616697
0.00391701993206
0.00242310113915
0.00117412943375
0.00038209163479
3.1426261e-07
7.51956427e-06
0.00026573003616
0.00031040603681
6.134800836e-05
-0.00045759958067
-0.00092769039495
-0.00130561753959
-0.00155852990231
-0.00185402304711
-0.00212017060595
-0.00256842837944
-0.00317512824903
-0.00412136715512
-0.00513768974637
-0.00593399806019
-0.00655687766068
-0.0068904171293
-0.00694031138059
-0.00696291209408
-0.00684500096871
-0.00650076508165
-0.00585105719953
-0.00491213892044
-0.00402868991424
-0.00322486413428
-0.00264384640561
-0.00234669131207
-0.00215994598277
-0.00227061834835
-0.00235750404455
-0.00216196939978
-0.00186664669978
-0.00164483715982
-0.00172842132661
-0.00193432044744
-0.00208694818343
-0.00199881076917
-0.00191005733784
-0.00199237591837
-0.00199734387013
-0.00219264857099
-0.00280716429698
-0.00349828758394
-0.00394175545562
-0.00418066494951
-0.00416800371845
-0.00382566643448
-0.00315733846335
-0.00220856704264
-0.00114802900962
-0.00018528599067
0.00085280249239
0.00201735793822
0.00282222204471
0.00321579834927
0.00310045597482
0.00274966489666
0.00206344782555
0.00144155778916
0.00087825871566
0.00040354580495
0.00011031769721
-1.319492463e-05
-0.0003683825484
-0.00052488009738
-0.00094767001619
-0.00163537903859
-0.00249341432088
-0.00390096993606
-0.00562433875955
-0.00776792606674
-0.00979839796607
-0.01151716164814
-0.01301919647715
-0.01427285161228
-0.01562700208149
-0.01696461806197
-0.01850092527143
-0.01990076031825
-0.02114458691666
-0.02253045533096
-0.023699433842
-0.02470897264031
-0.02556414480767
-0.02656666002717
-0.02756650897089
-0.02835870603062
-0.02907053455951
-0.02979543052389
-0.03056459292927
-0.03137281895899
-0.03213900640902
-0.03273188145975
-0.03334794774143
-0.03418021051572
-0.03500383473544
-0.03586123923772
-0.03680745398627
-0.03776343016729
-0.03862396620153
-0.03954436370591
-0.04033136242259
-0.0410057154612
-0.04164965237728
-0.04224764077234
-0.0427637261859
-0.04307673622574
-0.04304822586409
-0.0428981449583
-0.04292570691313
-0.04305028372795
-0.04314397469045
-0.04303106954259
-0.04250102644374
-0.04172555176466
-0.04099672349087
-0.04030458782437
-0.03968123402047
-0.03924162061727
-0.03907041976524
-0.03885920240843
-0.03862524118239
-0.03840655735868
-0.03784431763771
-0.03695096762219
-0.03585102596993
-0.03438807265972
-0.03282940183848
-0.03130767414708
-0.02995435577065
-0.02866763165807
-0.02731919847149
-0.02587240386617
-0.02436239705152
-0.0229329913958
-0.02148064503169
-0.0199720160911
-0.01853250900801
-0.01737785501886
-0.01646398899541
-0.01576186821559
-0.01533910245431
-0.01523723819341
-0.01517466571131
-0.01512227518169
-0.01478814966923
-0.01414900847066
-0.0133795642274
-0.01267437901987
-0.01197682580309
-0.01126690303508
-0.01093171727537
-0.01065901899904
-0.01039609110241
-0.0102115901868
-0.01010792753183
-0.01012764723591
-0.01035105072565
-0.01092211689312
-0.01189959327782
-0.01297366400251
-0.01434927888647
-0.01556353487597
-0.01658285747484
-0.01751518611598
-0.01831174942597
-0.01897614419296
-0.01975402567804
-0.02066044760266
-0.02151665764918
-0.02236334783856
-0.02299125131103
-0.02326246882011
-0.02344863839489
-0.02371781146096
-0.02432372710549
-0.0251468815954
-0.02593160324099
-0.0268049919771
-0.02763091116237
-0.02829298859572
-0.02881586048639
-0.02916745994716
-0.02928920496237
-0.02914283268513
-0.02869198155583
-0.02791742396825
-0.02683428074812
-0.02553449367367
-0.02421956787902
-0.02320621308533
-0.02263634137362
-0.02252332438533
-0.02261301593417
-0.02271196339674
-0.02275508459177
-0.02262775650244
-0.02223675789605
-0.02155262105689
-0.02064226234923
-0.01967336636209
-0.01888736526202
-0.01832245031803
-0.01788656343786
-0.01753793893245
-0.0172241952194
-0.01688970734396
-0.01649868636949
-0.01606207923696
-0.01565569138782
-0.01539220876267
-0.0151525570957
-0.01493179751367
-0.0146332909404
-0.0142650004143
-0.01403824618538
-0.01387589414794
-0.01354462280318
-0.01284107941312
-0.01158896767589
-0.00994230080668
-0.00807760326186
-0.00614638750467
-0.00423195004835
-0.00236735405463
-0.00043185445121
0.00147922519761
0.00324408503006
0.00483194038705
0.00633354127521
0.00787348106174
0.0094218625637
0.01087631600145
0.01231005211851
0.01383993521385
0.01540341964707
0.01684519485402
0.01818725760988
0.01949094120481
0.0207169807017
0.02201985904555
0.02336682041211
0.02469488522013
0.02576878147375
0.02639396498704
0.02686437477022
0.02739756729549
0.02800681131112
0.0286330148091
0.02924545746095
0.02985195467569
0.03068690162023
0.03169556806322
0.03276444044486
0.03391344872926
0.03510627161933
0.0361230532037
0.03693889780331
0.03746006971949
0.03771815716244
0.03780947263427
0.03751805227046
0.03688295522173
0.03624506663593
0.03577012060504
0.03540722078752
0.03517144774657
0.03506243911918
0.0350581220787
0.0351201979893
0.03521047110835
0.03528437973613
0.03530405917766
0.03522798531922
0.03502019922672
0.03466952580468
0.03439541833897
0.0343055612663
0.03418538201707
0.03410604689178
0.0339046849134
0.03328768811937
0.03227326860482
0.03090036473281
0.02934705777845
0.02772118875504
0.02601825720383
0.02440112068097
0.02296028940722
0.02152992639744
0.02006889674258
0.01862131030705
0.01721331985628
0.0157452397809
0.01437625032384
0.01277432857267
0.01109326853536
0.00951919505051
0.00796298024504
0.00654215946049
0.00536903838004
0.00427082488605
0.0031713212009
0.00207360875202
0.0010524385493
0.00015468935769
-0.00088248717853
-0.00222991424862
-0.0039699231382
-0.00594021191432
-0.00763666119439
-0.00914602380818
-0.01034084193147
-0.01107610326662
-0.0115990556824
-0.01205700644201
-0.01215318920923
-0.01206917468047
-0.01195815739901
-0.01192134400406
-0.01210905697673
-0.01265155462553
-0.01368034787176
-0.0151882834017
-0.01659113366644
-0.01765256194926
-0.01846687209822
-0.01898656324714
-0.0191856660489
-0.01906667230819
-0.0186419649971
-0.01800296248066
-0.01774906234329
-0.01798775218259
-0.01840251016929
-0.01915083893993
-0.02024820826237
-0.02157361126823
-0.02290549207161
-0.02393165483099
-0.0247097555233
-0.02521003564772
-0.0253586715752
-0.02509095690829
-0.02437381819593
-0.02354802874555
-0.0227426255682
-0.02200165142404
-0.02107510716979
-0.0200385700924
-0.01910642039595
-0.01814199355226
-0.0170281971079
-0.01571035898853
-0.01424679726641
-0.01279363670399
-0.01125435006555
-0.00958634404287
-0.00790438033491
-0.00641063959196
-0.00507536778683
-0.00386798103635
-0.00254949424251
-0.00119110144222
0.00030289456532
0.0020242405981
0.00385804289601
0.00557848418448
0.00718033435778
0.00856181862734
0.00945378182157
0.00985306109317
0.01016772637133
0.01069618133612
0.01156175018957
0.01289634647852
0.01467974945377
0.01668302623488
0.01844585504518
0.01959110996484
0.02007999578656
0.0202939465234
0.02051642844801
0.02064823910165
0.02074041350796
0.02101267336982
0.02158505478072
0.02251137982773
0.02377214801401
0.02523076191565
0.02662394022026
0.02784903131033
0.02887446039652
0.02957859430403
0.03007623052075
0.03070688079411
0.0315662268462
0.0324435926279
0.03306339437984
0.03343881585156
0.03382879447325
0.03415373564985
0.03436468906324
0.03464446012818
0.03520690563554
0.03594828687886
0.03672503206519
0.03751828489855
0.03825605593288
0.03871183251459
0.03890387147498
0.03885013438661
0.03856879308208
0.03814158501904
0.03767904432831
0.03734359909882
0.03707094108504
0.03652760239623
0.03560252996199
0.03452111355806
0.0335472115934
0.03266235697672
0.03159254066187
0.03048214416649
0.02952571167653
0.02885362676178
0.02832652282935
0.02786395977053
0.02741780593916
0.02693297321452
0.02640333274121
0.02587309727682
0.0253222921211
0.02453689048572
0.02375969346406
0.02316697946354
0.0226026774051
0.02200508268834
0.02133344960891
0.02057210708619
0.01978022765327
0.0190698441027
0.01850586414468
0.01783981413937
0.01700275564757
0.01622304892673
0.01537452902797
0.01442541984917
0.01345394705858
0.01246025381197
0.01119353124135
0.00992899626949
0.00856760748784
0.00710895779727
0.00569807291626
0.00404377495104
0.00203813386331
0.00019542043333
-0.00136678172703
-0.00286744494505
-0.00427728926273
-0.00552929676469
-0.00650222348082
-0.00748716633243
-0.00861417336803
-0.00947229812266
-0.01011440532936
-0.01092550789486
-0.01174839844138
-0.01285263476604
-0.01404703684294
-0.01546027932015
-0.01717578620898
-0.01906998725845
-0.02094790434174
-0.02288465843687
-0.02483961120628
-0.02698467480711
-0.02910462352166
-0.03115472565273
-0.03299822719983
-0.03464803454823
-0.03607382999497
-0.03709263365426
-0.03784491262878
-0.0384527653495
-0.03899699428811
-0.03954502580124
-0.04010039851999
-0.04060371175679
-0.04091878860772
-0.0408501588481
-0.04057838213689
-0.04034956109687
-0.04005352843385
-0.03959547925466
-0.03928648204934
-0.03912959229835
-0.03905192583223
-0.03900861674528
-0.03892722375613
-0.03875161191766
-0.03840700919401
-0.03782245059742
-0.03702204892397
-0.03648316595777
-0.03644591414835
-0.03679896306105
-0.03771503905134
-0.03893900726352
-0.03997034599787
-0.04060549225639
-0.04094144747823
-0.04076095939715
-0.04021074028527
-0.03961366450809
-0.03895367625393
-0.03821799887238
-0.03742435236072
-0.03658851069277
-0.03575684738316
-0.03500982043509
-0.03417162564455
-0.03296389666236
-0.03146405837934
-0.02971758063946
-0.02772499132956
-0.02567986386068
-0.0236671924837
-0.02174628841389
-0.01984039332938
-0.01780734910023
-0.01564901227752
-0.01349489854933
-0.01136477235593
-0.00926220364374
-0.00710531627297
-0.0048187521639
-0.00249218631299
-9.176762031e-05
0.00238630161241
0.00472931561124
0.00679200650078
0.00845301578634
0.00999747839974
0.01167895000983
0.01344257959758
0.01516431823501
0.01683297293216
0.01842258776274
0.02004681049506
0.02186252640647
0.0236177411205
0.02536152126928
0.02734471150969
0.02932610782966
0.0310446299364
0.03256497528012
0.03396607636058
0.0354156490821
0.03702864303555
0.03857069884296
0.03989999389567
0.04120297513272
0.04257743134985
0.04394584818392
0.04543978129241
0.04708723551822
0.04877736805097
0.05025209592133
0.05129731181586
0.05206149508543
0.05269330402561
0.05322673812621
0.05378030350366
0.05435493961756
0.05492841259102
0.05513057534686
0.05490089984598
0.05428873008478
0.05295035806302
0.05097020093498
0.04879481515758
0.04692788527783
0.04533174343993
0.04384300420088
0.04239122598614
0.04090759561779
0.03939631382227
0.03798440000933
0.0367318185423
0.03533591133127
0.03354127510354
0.03150233464707
0.02930046505656
0.02693174744344
0.02463273325804
0.02265569424111
0.02099990566668
0.01944818237276
0.01788251928802
0.01623166958684
0.01438395389246
0.0121422601627
0.00990772422027
0.00805825486799
0.00639316564365
0.00494558368173
0.00383548244508
0.0031014294339
0.0024598514561
0.00164599224775
0.00057940185818
-0.00050787229996
-0.0016301028546
-0.00265003744429
-0.0034199286019
-0.00397014681905
-0.00400203699841
-0.00362210209441
-0.00296950157149
-0.0022207504914
-0.00153947855661
-0.00091291806399
-0.00067080680235
-0.00073852573354
-0.00088708337271
-0.00063823171222
4.036311168e-05
0.00087481000425
0.00176702506312
0.00215192165582
0.00197990123714
0.00169355887607
0.00109872259161
0.00042463108065
-0.00038257040129
-0.00136839938697
-0.00248229961924
-0.00366873507885
-0.00474367592207
-0.00547956356361
-0.00601241609399
-0.00642902168454
-0.00677011261879
-0.00711290800115
-0.00743237794405
-0.00774557587581
-0.00844746850117
-0.00941925444494
-0.0104322602965
-0.01124562203863
-0.01191394911503
-0.01241095902536
-0.01265297723576
-0.01309411614239
-0.01366558046178
-0.01426359122492
-0.01471250080441
-0.01475723697521
-0.01455300740828
-0.01418774104733
-0.01332570635137
-0.01225578714333
-0.01129392815585
-0.01033088365985
-0.00938332682618
-0.00855222719232
-0.00797084486387
-0.00779652142712
-0.00779079519725
-0.00817813885849
-0.00873073793466
-0.00958006755811
-0.01035772983595
-0.01109836845883
-0.0118170550427
-0.01239195062639
-0.01278869335711
-0.01330064067488
-0.01346237982678
-0.01331952828619
-0.01267994867314
-0.0116870875193
-0.01068736831047
-0.00970765064361
-0.00884583515489
-0.00826656884731
-0.0081672456009
-0.00833039394219
-0.00847062841679
-0.0086530625213
-0.0089479633592
-0.00903907751827
-0.00895785452657
-0.00888986449419
-0.00896481100113
-0.00899020325167
-0.00909766400754
-0.00945482417435
-0.00977217362275
-0.01006981231431
-0.01042457909597
-0.01085442659308
-0.01138226419871
-0.01200649483156
-0.0126887393307
-0.01331496072315
-0.01374702713433
-0.0141355831458
-0.01432553292701
-0.01443570916845
-0.01469999257106
-0.01530274984192
-0.01608655886963
-0.01708766937336
-0.01834567286429
-0.01973209153349
-0.0210070097706
-0.02179281403152
-0.02204600286377
-0.02211265975826
-0.02206448784954
-0.02194277414965
-0.02186670476483
-0.02192247287534
-0.0221834681694
-0.02267141005791
-0.02336762566319
-0.0241755877495
-0.02491354220214
-0.02533595902128
-0.02553396131324
-0.02567489814572
-0.02591927842594
-0.02619616848147
-0.02651671656609
-0.02675294144238
-0.02682828610123
-0.02683719307284
-0.02685311467603
-0.02694251096613
-0.02690042765026
-0.02662575203518
-0.02620127287856
-0.02573105993454
-0.02537219531963
-0.02502612972319
-0.02446681127417
-0.02377229116976
-0.02291125856403
-0.02168915137655
-0.02005076517256
-0.01836350917559
-0.01700099304244
-0.01574906024989
-0.01449384829602
-0.01340310887409
-0.01265305776087
-0.01221717982793
-0.01194939805677
-0.01175337757719
-0.01154133707484
-0.01122720863073
-0.01075172129216
-0.0101147050617
-0.00935251702535
-0.00828896824803
-0.00695206804628
-0.00564917180796
-0.0044825195778
-0.00351492496586
-0.00288687475875
-0.00248015675666
-0.00204317697184
-0.00161015186451
-0.00110379164712
-0.00059224516545
-0.00013839756269
0.00034902337311
0.00090169599554
0.00151762985815
0.00215363907741
0.00274620500121
0.00346575320373
0.0043098393006
0.00504723768263
0.00563111181581
0.00621792958901
0.00690005330049
0.00774564745368
0.00879337304739
0.00999468238907
0.01119482411669
0.01232999550345
0.01347820748401
0.0144078519549
0.01493853478099
0.01521100490285
0.01521385459693
0.01504251953639
0.0149715142861
0.01544072066628
0.01632459108721
0.01743248683064
0.01845693172107
0.01910297123718
0.01945376992049
0.01961058809361
0.01962011689799
0.01965199141968
0.01961911480776
0.01943515967344
0.01921569296674
0.01910534225423
0.01896461120813
0.01868084520314
0.01837561030979
0.01823828815991
0.01821535639876
0.01828759636736
0.01842941897602
0.01855983386113
0.01880043840854
0.01932067086513
0.01998974056197
0.02062906965246
0.0210239558321
0.02127251894429
0.02159633724299
0.02182252779616
0.02188960521066
0.02164980591433
0.02121055934773
0.02068773666685
0.02001634963636
0.01915380494806
0.01839946810967
0.01790329476574
0.01758320299006
0.01742793268845
0.01741006506184
0.01748151767383
0.01757710544998
0.01764539074109
0.01765496428164
0.01757639861848
0.01736801306129
0.01704381003151
0.01663812006663
0.01622869015787
0.01593532377063
0.01578910359637
0.01558143829153
0.01536006582395
0.0148999050975
0.01436278473643
0.01399226634903
0.01394907804974
0.01410839697481
0.01433759827227
0.01446246587221
0.01434860784391
0.01423793503097
0.01425366426862
0.01432796210108
0.01470510144176
0.01522465390856
0.01564678888983
0.01580126736121
0.01578060372392
0.01570452091824
0.01557455339484
0.0152001474342
0.01476787971024
0.01450658021023
0.01451733478569
0.01457518312815
0.0144130905605
0.0138657479844
0.01310303206123
0.01237711163854
0.01190013905911
0.01162342347463
0.01153754344755
0.01164671312515
0.01187361498344
0.0121195520824
0.01222483866038
0.01201887333002
0.01144934161321
0.01077340044053
0.0099269563001
0.00895745637465
0.00802738243652
0.00726697937338
0.00652787520116
0.00607600856078
0.00573574524568
0.00532021779684
0.00464418715183
0.00356281324725
0.00250257181504
0.00149977923128
0.00069220411284
-4.89484839e-05
-0.00037921523321
-0.00038011639864
-0.00017596283846
0.00013426125634
0.00040827455241
0.00095110664883
0.0015250175894
0.00189770747053
0.0023295976212
0.00296154613824
0.00346199849691
0.00397813759388
0.00459577814141
0.00531236659887
0.00610784281992
0.00686306096086
0.00742502331757
0.00805397809006
0.00886345673257
0.00947100077371
0.00995323432682
0.01030224356331
0.01039984446714
0.01019402676614
0.01005821222522
0.00991647461528
0.00970305176525
0.00940710857457
0.00895262039458
0.00828881614505
0.00736851258662
0.00622197821247
0.00497304274337
0.00383743965255
0.00265800450895
0.00139179908847
9.213562005e-05
-0.00118614422714
-0.00271141054965
-0.00416456663845
-0.00554015423334
-0.00715945151325
-0.00885976152486
-0.01067500323286
-0.01258318880932
-0.01439185877384
-0.01614100278949
-0.01777513458363
-0.01910992323812
-0.02024141731165
-0.02124992717803
-0.02210580617689
-0.02272338901476
-0.02334069448837
-0.02418831071648
-0.02505475192526
-0.02594583829054
-0.02683314444938
-0.02759644194277
-0.02839525100854
-0.02905000065711
-0.02963412978646
-0.03025088947878
-0.03050803298853
-0.03035952232233
-0.03018573124601
-0.03002877439077
-0.0298832834161
-0.02981058713855
-0.0298355096593
-0.02994633457522
-0.03011532098679
-0.0302800977247
-0.03036291779769
-0.0302415709344
-0.02981622836969
-0.02941434097933
-0.02908543170438
-0.02884221903822
-0.0287788010425
-0.02892782617466
-0.0289306132381
-0.02868289563954
-0.02815199360621
-0.02729068363622
-0.02615394648347
-0.02492272206439
-0.02389470722753
-0.02310042546225
-0.02258638449169
-0.02240497037187
-0.02224831324897
-0.02210862902927
-0.02201775197191
-0.02162648942211
-0.02094510833107
-0.0201588209195
-0.01949166593077
-0.01891001071167
-0.01836311549728
-0.01785719861535
-0.01741452525806
-0.01709508215686
-0.01699691757728
-0.01721968133977
-0.01750232446687
-0.01786841397336
-0.01840677799998
-0.01909750447711
-0.01956197777042
-0.01966723750669
-0.01931531147187
-0.01841253554517
-0.01736592388211
-0.01636165500471
-0.01527753653606
-0.01439658738709
-0.0137531470425
-0.01329791176846
-0.01303803487867
-0.012962372593
-0.01309552085815
-0.01344731715807
-0.01367344508061
-0.01369523159578
-0.01352055026967
-0.01312299781425
-0.01255297399956
-0.0119260681437
-0.0113981589602
-0.01082501256078
-0.01041000852514
-0.01005614094051
-0.00956815878945
-0.00884359834635
-0.00815006691132
-0.00754881277579
-0.00704569190453
-0.00639305380322
-0.00566945071418
-0.00506001880663
-0.00441607249595
-0.00396576446376
-0.00369595882823
-0.00352180136268
-0.00339971187895
-0.00326286706401
-0.00303339198118
-0.00270192916561
-0.00262270230185
-0.0025292980982
-0.00235578304406
-0.00216579434238
-0.00196207297835
-0.00179532382268
-0.00172862577092
-0.00187933164101
-0.00231987331976
-0.00274960047657
-0.00310258317974
-0.00335843068262
-0.00339678881755
-0.00316483266669
-0.00295063185465
-0.0027972149726
-0.00267469467955
-0.00261486855098
-0.00259557205107
-0.00259032852449
-0.00253172548283
-0.00235988535092
-0.00199916507965
-0.00140984163351
-0.00057813090356
0.00042686466819
0.00144452692882
0.00222033265556
0.00280757273822
0.0032744309168
0.0036723188935
0.00405946661031
0.0044909791877
0.00497746715066
0.00547037028051
0.00588802717108
0.00645902176068
0.00700796141808
0.00727420426496
0.0073688212662
0.00741996365666
0.00756060523041
0.00793459067105
0.00831068318533
0.00872606747843
0.00924213947114
0.00983703212318
0.01045491469339
0.01097797000236
0.01127224453387
0.01151170830892
0.0115869277065
0.01164056190167
0.01159086448953
0.01158225277665
0.01153357982282
0.01157598523912
0.01161688752008
0.01177888614177
0.01190120377997
0.0116854635963
0.01125885499795
0.01082862724338
0.01064896230784
0.01066134975354
0.01074730135849
0.0108029621022
0.0109990138971
0.01117821357647
0.01111851315654
0.01097024406566
0.01059837017229
0.0102147082979
0.01018047170639
0.01048654763976
0.01106610025883
0.01179908452289
0.01245237129867
0.01268297283828
0.01247947694456
0.01189513308159
0.01107467170916
0.01028134282431
0.00946463929022
0.00859463260862
0.00768996434189
0.00675090290705
0.0058217907966
0.00507291177105
0.00474427538675
0.00476443797893
0.00497371825954
0.00521183994947
0.0052892737875
0.00533622439876
0.00522335503983
0.00511498166607
0.00499063300572
0.00510955069494
0.00548287404025
0.00595747560263
0.00640557545743
0.00693597197203
0.00733609675726
0.00763235757476
0.00798194390784
0.00842072969188
0.00866903333428
0.00866035451714
0.0084756343943
0.00852916569628
0.00893432777434
0.0093140797074
0.00964886284156
0.01029041531975
0.01119542358137
0.01216109409061
0.01293825979694
0.0131413978013
0.01275105681662
0.01219172047313
0.01163569013267
0.01092322635015
0.01025067617923
0.00958961425696
0.00919480860243
0.00903141868583
0.00895818110061
0.00884340598081
0.0085575373758
0.00834473635854
0.00818764082117
0.00802398696116
0.00786397015183
0.00770375202973
0.00755566635716
0.00742954614444
0.0073594714065
0.00738436261194
0.00757374424378
0.00795983976585
0.00826191181193
0.00828677617566
0.00828300491646
0.00838783965911
0.00885185664348
0.00956415042854
0.01027701236298
0.01087518864995
0.0113790118791
0.01163809246504
0.01154560490553
0.01094870807304
0.01009526719549
0.0090760698579
0.00770462885868
0.00622218847247
0.0048534316435
0.00371234031925
0.0027308958362
0.00175667042903
0.00094994887673
0.00010372962502
-0.00101164587196
-0.00231440700705
-0.00365955387452
-0.00505929408066
-0.00655421585852
-0.00802601350969
-0.00926279416119
-0.01026556437687
-0.01113945415809
-0.01190813341283
-0.01252748780306
-0.01293106174706
-0.01332271797517
-0.01401985961918
-0.01503170680391
-0.01609832000893
-0.01709148089511
-0.01822007606477
-0.01941229949016
-0.02015476782243
-0.02039491158727
-0.02030004406348
-0.01999876832124
-0.01974784761285
-0.01985242288571
-0.02021271905808
-0.02054839691566
-0.02108825513039
-0.02172155378506
-0.02218065426425
-0.0224729738251
-0.02254605930733
-0.02233643455821
-0.02181379529562
-0.02098124620984
-0.019909023089
-0.01873250653318
-0.01748246608066
-0.01621363643639
-0.01516752134483
-0.01436381814198
-0.0136790236811
-0.01295917843041
-0.01217472520185
-0.01125786185496
-0.01028247017581
-0.00914748668096
-0.00784007656301
-0.00648436927505
-0.00531373999931
-0.00446737414717
-0.00368669709879
-0.0027081457039
-0.00160251226863
-0.00048354119139
0.00056203527667
0.00167213651333
0.00287032103347
0.00406903433515
0.00510282684847
0.00566501288604
0.00562290720208
0.0055673582988
0.00586301965161
0.00628805801036
0.00707956165944
0.00822915151405
0.00929999228721
0.01023853030885
0.01109457930516
0.01168505202353
0.01233191021156
0.01270143098236
0.01280516968882
0.01266998145428
0.01223033673577
0.01147826354763
0.01055723078962
0.00996736200956
0.00976418821627
0.00983266139929
0.01032066144482
0.01089391968466
0.01123582034361
0.01136365842528
0.01121665536804
0.01078018691764
0.01012244889287
0.00940940354013
0.0087537994307
0.00795191699
0.00697286141847
0.00622833074873
0.00604044330499
0.00644482250007
0.00738470708045
0.00848336480461
0.00957770101468
0.01035638327721
0.01062650922372
0.01070727590648
0.01041660263672
0.01017192262415
0.0097008373248
0.00898763092185
0.00860642058963
0.00830569957591
0.00803495627024
0.00803647730004
0.00810517416392
0.00803731834005
0.00776505847819
0.00759598259428
0.00775908619939
0.00815010717387
0.00870496990028
0.00929416316416
0.00981397957436
0.0103327312637
0.01060375640725
0.01074461718824
0.01089197813485
0.01116664927632
0.01159946278155
0.01192560736114
0.01222230659311
0.01248982442086
0.01266526626188
0.01269044825242
0.0126283141848
0.01281373666553
0.01320613998768
0.01376656342012
0.01442992478157
0.01499510814258
0.01523557848147
0.01528102595738
0.01487048659159
0.01412747695165
0.01331414205122
0.01273702755346
0.01236775283161
0.01216558112854
0.01212040654326
0.01212943877615
0.01206601183319
0.01181894290911
0.01175720251979
0.01178607971804
0.0118659829927
0.0119880143194
0.01209128776969
0.01208332025767
0.01184435305412
0.01124248155944
0.01015119635622
0.00857895705437
0.00704333878194
0.00531610206913
0.00378899798472
0.00258279942694
0.00181393943807
0.00124056577891
0.00064428541086
0.00030118224364
-2.883983907e-05
-0.00050881444372
-0.00124581288439
-0.00226164785138
-0.00312679573746
-0.00381197045579
-0.00457596001774
-0.00544416830527
-0.00619668885512
-0.00695543667994
-0.00776172563347
-0.00858014703652
-0.00933586174896
-0.00998514463745
-0.01081776530111
-0.01189844803185
-0.01296099471894
-0.01406743206321
-0.01513947623936
-0.01604641262995
-0.01684329356676
-0.01722219998619
-0.0172147379929
-0.0168310448032
-0.01607391642776
-0.01503225705881
-0.01387438206536
-0.01273246446404
-0.01157061242501
-0.01072934425953
-0.01021567012558
-0.01007794087654
-0.01029268344361
-0.01052384418535
-0.01080514075371
-0.01111544872884
-0.01140990667865
-0.01166830280118
-0.01186753533783
-0.01197541214009
-0.01195418930066
-0.01178010743924
-0.01142501855714
-0.01085793390887
-0.01006167480484
-0.00911319640605
-0.00820701605674
-0.00748834736734
-0.00677614305462
-0.00594488237055
-0.00505749121298
-0.00448048855564
-0.00413348439434
-0.00377463006875
-0.00359953314361
-0.00364805086292
-0.00360321224629
-0.00329359141875
-0.0029390581599
-0.00262829879681
-0.00227515504343
-0.00212850853347
-0.00209567710508
-0.00207956358372
-0.00196747755515
-0.00171403909506
-0.00156629386475
-0.00142290817428
-0.0012444587205
-0.00102520093171
-0.00075577465891
-0.00044060614356
-0.00011494717511
0.00015326961058
0.00024946056451
0.00016944066265
0.0001283597949
7.9691002e-07
-0.00033034284553
-0.00093521412415
-0.00171120640073
-0.00228270382489
-0.00260364603517
-0.00271933243077
-0.00281384430201
-0.00275600714359
-0.00267009043285
-0.00277746261111
-0.00298635145022
-0.0031909250383
-0.00325178233561
-0.00314630115529
-0.00303886947793
-0.00286268367439
-0.002782548219
-0.00267466068006
-0.00240832791347
-0.00200249389812
-0.00171969419442
-0.00147623368987
-0.00123206859063
-0.00099609736844
-0.00075625244121
-0.0005338698309
-0.00038646271656
-0.00037332124271
-0.00043768764525
-0.00029963289584
-5.665692876e-05
0.00020805124379
0.00041781212508
0.00053677723464
0.00079004569727
0.00099924903167
0.00111599925341
0.0013590258171
0.00163962226439
0.00212401120622
0.00270411005393
0.0034558020899
0.00415511701709
0.00471132272335
0.00472275281498
0.00407129619595
0.00282119982321
0.00148551197169
0.00054099540818
-0.00015339939021
-0.00058580449894
-0.00076540680384
-0.00077799824648
-0.00075345821999
-0.00070135176505
-0.00036956179386
0.000143133289
0.00077381854604
0.00145090720149
0.00198953248735
0.00213197066572
0.00167036182943
0.00078220926223
-0.00029692823643
-0.00132394013307
-0.00228200549326
-0.00319117645558
-0.00427551547356
-0.00536146901994
-0.0063402695953
-0.00728423411446
-0.00799237190925
-0.0088327408777
-0.00972223910891
-0.01048959864661
-0.01092479211613
-0.01082069104668
-0.01033751356036
-0.00961710910753
-0.0089284494415
-0.00852521996601
-0.00846259827413
-0.00908441315375
-0.01016047016443
-0.01105717539276
-0.01153723476797
-0.01159825937856
-0.01118724580935
-0.01033422097819
-0.00921712747804
-0.00799999942637
-0.00671244322102
-0.00563618937119
-0.00449702751799
-0.00344396176757
-0.00258059795998
-0.00174201485947
-0.00119084018299
-0.00084539462987
-0.00069061553142
-0.00076059006033
-0.00094041738818
-0.00084226667681
-0.00044315087117
0.00028611698024
0.00134007289098
0.00257499699139
0.00385217529985
0.00513719764849
0.00615425659712
0.00717032240275
0.00801558550828
0.00856157705202
0.00893665852884
0.00890244877903
0.00860521271302
0.00819038314844
0.00782864199775
0.00775867910024
0.00808810284114
0.00852973384565
0.00888025963832
0.00920657868897
0.00950784101036
0.00974278195854
0.00989874119717
0.00996424389846
0.00993000283333
0.00977924193774
0.00950088900942
0.00908870782615
0.00856558988654
0.0079823778487
0.00740959828588
0.00696968515034
0.0068663982792
0.00729356160607
0.00795286987044
0.00851428644587
0.00900460829867
0.00931798964873
0.00930440774727
0.00889537151681
0.00850972335645
0.00816455248342
0.00788781005725
0.0073280397729
0.00653465273103
0.00558512750584
0.00456747356614
0.00375141691708
0.00346660542778
0.00363511450441
0.00418925966264
0.00500838879191
0.0058633059631
0.00694549182917
0.00828832852078
0.00938531311216
0.0101857908371
0.01052617941347
0.01017126947606
0.00941647632874
0.00861757331701
0.00818123907513
0.00816150595019
0.00865018598552
0.00968791751867
0.01116136146093
0.01278742732348
0.01413706838667
0.01508348892161
0.01541821837237
0.01539268296608
0.01528487774169
0.01494020344016
0.01429072818613
0.01324906881718
0.01177410384512
0.01033189022369
0.00905069550182
0.00817516837675
0.00767232934336
0.0074872110686
0.00760081410073
0.00795001570274
0.00843852574062
0.00891643777964
0.00923789848215
0.00926736619785
0.00923857399832
0.00905712856318
0.00863402280701
0.00827990469982
0.00803730939282
0.00788225382483
0.00782802016498
0.00784272494432
0.00784858985631
0.00776067433346
0.0074997819326
0.00698659989652
0.00618001568426
0.00506416584966
0.00371293128407
0.00234288739546
0.00124086237972
4.450061696e-05
-0.00125103046399
-0.00213526503734
-0.00277286239066
-0.00336389028491
-0.00365249048051
-0.00372041519808
-0.00372976282097
-0.00381967089287
-0.00411122814937
-0.00434199610753
-0.00450805498409
-0.00464892471232
-0.0047362452441
-0.00473276924363
-0.00462681609671
-0.00443399514806
-0.0041803495595
-0.00392457676603
-0.00374934429029
-0.00378298589073
-0.00412169238708
-0.00448850975107
-0.00485698369546
-0.00524616601332
-0.00559790862984
-0.00589355656179
-0.00610043898365
-0.00617084476925
-0.00608412817577
-0.00619470256914
-0.00656488096164
-0.00716126332817
-0.00793473830041
-0.00870957325225
-0.00923179199483
-0.00955725658462
-0.00974671426795
-0.00948041773766
-0.00878470317749
-0.00782712544156
-0.00684235706101
-0.0061872539967
-0.00587264687556
-0.00552601760337
-0.00532176566835
-0.0054031049741
-0.00567757032918
-0.00610667967947
-0.00662654977308
-0.00713740105466
-0.0074749265161
-0.00745337262901
-0.00717497496452
-0.00694223950956
-0.00679671274595
-0.0066614931961
-0.00646767373611
-0.00613955181778
-0.00586167309286
-0.0057225212336
-0.00564361557554
-0.00559821730942
-0.00554890015473
-0.00544946059428
-0.00524858176654
-0.0049105821017
-0.00442357922541
-0.00384495040826
-0.00327731684718
-0.00288780348166
-0.00288713422854
-0.00322541796807
-0.00365799079271
-0.00416640574243
-0.00454567363011
-0.00462760345331
-0.00442794279151
-0.0039772786594
-0.00334008751051
-0.00238347518114
-0.00113121268301
0.00039283864983
0.00198858810678
0.00340314627478
0.00445836472974
0.00513109116118
0.00552706890338
0.00572251675998
0.0057952577737
0.00581363539266
0.00586190572095
0.00598323916339
0.0061769602038
0.00639967028288
0.00656095759946
0.00655741449473
0.00656256362799
0.00663946510559
0.0066791997725
0.00658760693641
0.00628213941496
0.00595447827919
0.00571103298494
0.0055014842873
0.00533323154893
0.00518874266449
0.00505306680569
0.00489762650663
0.00468902621582
0.00440457440533
0.00404973380899
0.00365751927347
0.00331527280393
0.00312939446163
0.00298733922487
0.00276425023042
0.00261740777603
0.00247170296247
0.0022119508866
0.00202336511124
0.00167730980412
0.00081346329324
-0.00027962764077
-0.00127123376608
-0.00193592692333
-0.00238993374212
-0.00274850936137
-0.00285309671299
-0.00279900620888
-0.00279335468842
-0.00293438904576
-0.00321135336334
-0.00342415885421
-0.00368858809673
-0.00399595108973
-0.00458096152164
-0.00546493930938
-0.00632787767599
-0.0070145421088
-0.00752945543469
-0.00780178687442
-0.00797810554439
-0.00830607088612
-0.00855010669783
-0.00860950738541
-0.00872727982866
-0.00899960679477
-0.00959458444554
-0.0103790645158
-0.0111599925341
-0.01185378343892
-0.01233916194485
-0.01257682732583
-0.01290593791354
-0.01321561063504
-0.01299144663041
-0.01199515868588
-0.01075915644375
-0.0097629132354
-0.00912280573553
-0.00873776598709
-0.00854434467903
-0.00846006620686
-0.00831872227523
-0.0080780595708
-0.00796415233271
-0.00788537193594
-0.00782072816913
-0.00777944563072
-0.00774743690052
-0.00774573692603
-0.00774260539407
-0.00772639747939
-0.00769211615171
-0.00761292865578
-0.00745783282524
-0.00721526435994
-0.00686958349456
-0.00641981050698
-0.00591304811141
-0.00542106207306
-0.00506329796795
-0.00502451618149
-0.00537810192824
-0.0058028271338
-0.00604116355734
-0.00614818589874
-0.0060970211402
-0.00587476289644
-0.00549489017572
-0.00503231369606
-0.0044664789764
-0.0034583793407
-0.00218404177909
-0.00093577690518
1.356132729e-05
0.00113061903403
0.00231516304833
0.00348113126244
0.00492931761003
0.00588345513443
0.00641955998442
0.00655847474198
0.00665682273986
0.00666307685654
0.00660130962552
0.00700617197124
0.00786540618291
0.00913339031354
0.01070054311277
0.01230670137932
0.01389415097924
0.01486322591107
0.01545793067119
0.01590956468348
0.0163474557441
0.0165594559839
0.01676982782708
0.01720267712125
0.01791003203306
0.01849510509561
0.01890316607754
0.01905983214768
0.01915667701022
0.01912706166515
0.01884049070225
0.01862855756671
0.01849612060668
0.01840293068929
0.0182986596224
0.01812938689933
0.01817475832376
0.01846639789481
0.01890270082137
0.0193785997327
0.01970688717487
0.02003028047995
0.0201867407637
0.02026396434173
0.02008671068579
0.01974252400852
0.01907272063848
0.0182571176142
0.01762226214078
0.01713716994635
0.01678236290213
0.01656009571114
0.01645700120554
0.01644529374964
0.01649806901033
0.01658765319235
0.01669052849072
0.01678156212468
0.01683474895814
0.0168155929298
0.01666319021674
0.01632374557358
0.01577213964041
0.0150099381832
0.01408161790297
0.01306485421307
0.01183989285789
0.01050632997449
0.00946301984084
0.00888437089241
0.00853834108491
0.00810806859417
0.00782239682831
0.00768486889204
0.00760860266806
0.0075102859855
0.00739095672351
0.00717136922915
0.0068700398035
0.00647144946893
0.0060107161195
0.00560728980486
0.00533187156934
0.00538684337601
0.00569707529965
0.00617530049186
0.00667616666012
0.00695363828588
0.00689591967831
0.00666800678256
0.00645073662185
0.00629896916242
0.00626081815596
0.00647692070262
0.0067523031492
0.00682454759142
0.00657160928173
0.00611839160899
0.00561132053384
0.00508051244647
0.00458583776426
0.00432230592932
0.00421726584765
0.00418686090916
0.00413142250423
0.00410927452079
0.00425494622959
0.00439028298821
0.0043501640376
0.00395641549879
0.00313712218777
0.00211753027715
0.00081964538468
-0.00069915835059
-0.00222056259948
-0.00356008926181
-0.004810502814
-0.0059600613533
-0.0069039050848
-0.00762315981804
-0.00840512124189
-0.00948639449008
-0.01089897487196
-0.01234320162107
-0.01372953976517
-0.014919678485
-0.01582801064412
-0.01617985168021
-0.01641248424198
-0.01688007564639
-0.01753207402045
-0.01838546568822
-0.01932779733714
-0.02025308897861
-0.02128789476619
-0.02233091858835
-0.02305304538375
-0.02373071784624
-0.02427126499799
-0.02494280860508
-0.02602025243704
-0.0271989789597
-0.02811770780491
-0.02880691325223
-0.02957566855846
-0.03016835571728
-0.03035321452225
-0.03039080632657
-0.03049185638917
-0.03079702417827
-0.03104645517217
-0.03141552858125
-0.0315712820335
-0.03156430766448
-0.03142594763543
-0.03118052052882
-0.0309453603734
-0.03087608641292
-0.03112708764642
-0.0313992490887
-0.03186941282294
-0.03259205855792
-0.03307819310514
-0.03327541698772
-0.03313133520243
-0.0330368524097
-0.03295017160516
-0.03286908282197
-0.03286880993133
-0.03295947225507
-0.03318889723339
-0.03355436490711
-0.034033762187
-0.03454952102651
-0.03496789369582
-0.03512171007187
-0.03522137778679
-0.03550679455649
-0.0358646928701
-0.03610836184521
-0.0359958369548
-0.03521359816669
-0.03388923304
-0.0326609119984
-0.03164394699573
-0.03097453730399
-0.03090975038144
-0.03122841954689
-0.0315883578299
-0.03196479928631
-0.03231169250192
-0.03256412081926
-0.03270746893135
-0.03271078835522
-0.03256640683759
-0.03227100048096
-0.03241037602108
-0.03184487950687
-0.03120642277171
-0.0305988071527
-0.03011229682165
-0.02949665105998
-0.02885237862261
-0.0283741534304
-0.02787823060901
-0.0271381332938
-0.02599210443838
-0.02459132993197
-0.02308902668593
-0.02157103893841
-0.01998345512997
-0.01818785707457
-0.01616488743108
-0.01400923477862
-0.01196476493144
-0.01017772937912
-0.00879299726356
-0.00782258472022
-0.00714556540583
-0.00636885600844
-0.00522534132582
-0.00369983387534
-0.001839264137
0.00039177437633
0.0026807470361
0.00462040987705
0.00609513774741
0.006987669091
0.00738871544135
0.00759600496236
0.00795162173127
0.00882841041636
0.01027422529953
0.01200260725832
0.01354961983345
0.01479376405867
0.0157882983453
0.01647705643091
0.01680174708494
0.01672667979034
0.01650013582142
0.01628151015473
0.01606360026677
0.01587694754135
0.01573533519269
0.01560940287189
0.01545253548899
0.01543880595817
0.01583582157954
0.0166441102399
0.01785739098088
0.01938719802473
0.02098098674005
0.02245550882402
0.02391495034482
0.02517670720048
0.02581168793517
0.0259058575747
0.02547422957799
0.02453145951459
0.02319752532096
0.02169544128216
0.02038314597435
0.01951906236177
0.01897189425674
0.01858105670056
0.018463252942
0.01867800892992
0.01908059420454
0.01945710723883
0.01965528400185
0.01945590830945
0.01911096111728
0.01879624215572
0.01837829000642
0.01789932666739
0.01734965781041
0.01700363247652
0.01697495659104
0.01713242791225
0.01735580903389
0.01747707089846
0.01747927639168
0.01743777911965
0.01728816347003
0.01726559854548
0.01727392394686
0.01720868518899
0.01699154028955
0.01665021672721
0.01648555182974
0.01644519533006
0.01652596201282
0.01675109231875
0.01712191938573
0.01760449740736
0.01811309845955
0.01850844989536
0.01859023208919
0.01824863563621
0.01774989443607
0.01728560456106
0.01676648603512
0.01622013660201
0.01569305951129
0.01522749465541
0.01489346308891
0.01479059673778
0.01491788009093
0.01503676199121
0.01512389463107
0.01473956618775
0.01366499889156
0.01238617966036
0.01122315106004
0.01069683448421
0.01041197691666
0.01011199404975
0.00988349511017
0.0096613397596
0.00940633911243
0.00911624293928
0.00886219517255
0.00876419164318
0.00887121398458
0.00886454382152
0.00852357367493
0.00792932969736
0.00717627678709
0.00642457938278
0.00596138554396
0.00567519036489
0.0055060160614
0.005390663845
0.00519271523645
0.00482248316054
0.00461616441444
0.00451551697738
0.00451215281733
0.00466286450314
0.00497435798679
0.00543643789496
0.00594443500884
0.00632954186154
0.00639210092278
0.00635785091042
0.00640993276046
0.00631794624607
0.00588313750761
0.00494055980975
0.00377018508282
0.00270297509728
0.00175570278565
0.00112912797745
0.00103206524976
0.00122510495828
0.00150216993225
0.00201860697211
0.00243956807626
0.00280066994707
0.0031538038585
0.00350487051147
0.00390355523937
0.00436368912412
0.00487743259914
0.00536707446214
0.00568064817773
0.00564106114019
0.00541496900659
0.00476588295725
0.00394749421161
0.00328511123022
0.00272726996956
0.00235862155409
0.00222587546712
0.0019334633024
0.00152360884738
0.00104597640943
0.00055264828595
0.00023955561841
0.00032502210432
0.00062951621143
0.00102554226869
0.00166268733933
0.00229962707094
0.00292766609401
0.00358341246446
0.0042390514681
0.00484149155952
0.00527863105247
0.00540589651116
0.00538920544583
0.00545791573056
0.00548113827682
0.00533039080208
0.00517422130344
0.00489717467131
0.00459886941081
0.00423261572257
0.00399094511222
0.00387663256442
0.00380293419665
0.0037111481003
0.00353372981526
0.00352134281692
0.00367372539871
0.003935213238
0.0042593084536
0.00454819675015
0.00464093930583
0.0043666135276
0.00390782888577
0.00352617566546
0.00323770073113
0.00304973231492
0.0029863295295
0.00307044471464
0.00329793082732
0.00363798790866
0.00402671704911
0.00436708191531
0.00451017100497
0.00430434659355
0.00392169575663
0.00362414295852
0.00340673724721
0.00326362355266
0.00320126669891
0.0031926424599
0.00317944797369
0.00307403389762
0.00281423440142
0.00264605771454
0.00260822254545
0.00270196182301
0.0029954982077
0.00347720387401
0.00383887568363
0.00380725168449
0.00347764407793
0.00307028858541
0.00262765906957
0.00214129055219
0.00167200990996
0.00130257324317
0.00111234520298
0.00093292944791
0.00048682124743
-6.48466006e-05
-0.00071247362447
-0.00143510459652
-0.00197351425403
-0.00246244704873
-0.00303553976474
-0.00363897478859
-0.00421190734911
-0.00464901865827
-0.00499336638576
-0.00515477896362
-0.00507963114391
-0.00486653486793
-0.0046137710293
-0.00446622084869
-0.00459086163624
-0.00492803368193
-0.00525702795559
-0.00552702416721
-0.00574913925522
-0.00589004477238
-0.00592276033409
-0.00583667004701
-0.00563283415838
-0.00532839556887
-0.00495920584574
-0.0045894121843
-0.00433728762556
-0.00432439331905
-0.00447549599898
-0.00476950211347
-0.00508425239035
-0.00533153604806
-0.00552887177106
-0.00566729890436
-0.00574170410364
-0.00576182643326
-0.00575418102167
-0.00574205751938
-0.00574801190372
-0.00578657895656
-0.00586450936609
-0.005972869319
-0.00608762654433
-0.0061581799593
-0.00613150825427
-0.00612121446137
-0.00626082710319
-0.00648626161508
-0.00673795178561
-0.00691670410326
-0.0068690958703
-0.00656255915438
-0.00615069559792
-0.0056875554425
-0.00522878601097
-0.00481609036174
-0.00440703086847
-0.00407850229834
-0.00366331350231
-0.00319226086036
-0.00274605916129
-0.0023995502294
-0.00216768176143
-0.00204256632311
-0.0020888190501
-0.00216940902498
-0.00227577598148
-0.00241956563957
-0.00239983788297
-0.00216126391036
-0.00184360757182
-0.00145645090778
-0.00087829316251
-3.969992032e-05
0.00094910381046
0.00185841927061
0.00255689271043
0.00296730905176
0.00311968805465
0.00303108851574
0.00271557682923
0.00224552001444
0.00172096604375
0.00128918460197
0.0011442532768
0.00133998565545
0.00158830450814
0.00198092166919
0.00238044206876
0.00281735653878
0.00323921236634
0.00338889601494
0.00333272438416
0.00326957570018
0.00317223605559
0.00305591485373
0.00295669763205
0.00288935985304
0.00286322319261
0.00287648120419
0.00292128492661
0.00298218651272
0.00303489153762
0.00304849133355
0.00306675398055
0.00328583148257
0.00367663324981
0.00420019944585
0.00477416809608
0.00521372334226
0.00542995562381
0.00563331730903
0.00573118215626
0.00556452649919
0.00543516738771
0.00549251468506
0.00552977991533
0.00556860196435
0.00557389425335
0.0054626667119
0.00521275704097
0.00494829469368
0.0046289365912
0.00424740639536
0.00384439433766
0.00346786296154
0.0032120874839
0.00316003471237
0.00318617137279
0.00339270261571
0.00358651804944
0.00357103799226
0.00365140383892
0.00380735189352
0.00380705663479
0.00370032865739
0.00350643090911
0.00322821353139
0.00293287383165
0.00267382053477
0.00230699735508
0.00195973372398
0.00176018087635
0.00159117075461
0.00139069052615
0.00112263586435
0.00096984663077
0.00089101120851
0.00086780029365
0.00091034305
0.00100174978362
0.00113749766765
0.00128902355176
0.00141263943363
0.00144359373229
0.00131297663969
0.00097046041104
0.00059253952945
0.00018276054435
-0.00024137365165
-0.0008318198862
-0.00147712841328
-0.00204210509319
-0.00259128587854
-0.00310409213078
-0.0035112257319
-0.00371131675567
-0.00379286497933
-0.00382157441694
-0.00386863910543
-0.003995193259
-0.00403923467706
-0.00405357709342
-0.0040631958175
-0.0040461388103
-0.0040173685315
-0.00398850743827
-0.00397876524236
-0.00399093169137
-0.00403032904754
-0.00409563669912
-0.00417866882157
-0.00426032441204
-0.00431251005
-0.00429168580985
-0.00416894675693
-0.00406927859465
-0.00400934599399
-0.00397597236321
-0.00399832792248
-0.00423152505473
-0.00467187436794
-0.00525609744324
-0.00575240052207
-0.00619641596448
-0.00656249652374
-0.0067826611147
-0.00698016683516
-0.00708608419314
-0.00701838941949
-0.00687342185802
-0.00671487239509
-0.00646618402162
-0.00618795188096
-0.00598538202597
-0.00595858505966
-0.0060692578726
-0.00624356341488
-0.00638211580946
-0.00647745306305
-0.00652771415094
-0.00651905770189
-0.00645016847248
-0.00632557376319
-0.00615656498353
-0.00595914873542
-0.00575482522253
-0.00556178864554
-0.00540332418134
-0.00531386078697
-0.005316173647
-0.00531170002992
-0.00528941246963
-0.00525768110369
-0.00520754975069
-0.00514137153323
-0.00506455505435
-0.0049902348538
-0.00493137547388
-0.00489389998361
-0.00487713734041
-0.00487641708806
-0.00487306187525
-0.00485449189075
-0.00490639926973
-0.00502299515168
-0.00515277925678
-0.00526373390759
-0.00549698830214
-0.00579884114098
-0.00603470365428
-0.00617334104758
-0.00626301917556
-0.00634434953407
-0.00634728870049
-0.00628721249673
-0.00618975027503
-0.00606724921853
-0.00592992259503
-0.00578769736083
-0.00564584343685
-0.00550883891378
-0.00537657642482
-0.00524921702017
-0.00512320864788
-0.00499722264368
-0.00487431896165
-0.00475435444604
-0.00463332073594
-0.00451057810412
-0.00438888408815
-0.00426741509511
-0.00414115664763
-0.00400736015537
-0.00386134934639
-0.00370761528489
-0.0035452288006
-0.00337777505024
-0.00321754305993
-0.00307773984201
-0.0029746945462
-0.00291927448309
-0.00284301362745
-0.00273326730061
-0.00258769401139
-0.00239713313409
-0.00216328195903
-0.00190056342768
-0.00164174857459
-0.0014307459514
-0.00125190371404
-0.00108208431497
-0.00089875861857
-0.00068436723044
-0.00049173596316
-0.00033597517417
-0.00022288012127
-0.00011585272468
-2.001348652e-05
0.0001035006653
0.00024889187831
0.00039051881096
0.00056359209542
0.0007357865378
0.00091294803722
0.00110526257242
0.00130760024668
0.00151641169222
0.00177107994964
0.00204211582987
0.00227311328459
0.00245207049391
0.00260431484093
0.00269988293316
0.00274592316333
0.00276134506349
0.00275894899418
0.00275413448748
0.00276137101047
0.00279298561501
0.00285682278866
0.00295369538762
0.00307336464451
0.0031987865256
0.00334139514878
0.0034642044375
0.00356524778967
0.00363866029331
0.00369976990262
0.00371978397071
0.00370753699659
0.00368335083321
0.00365866004583
0.00364601089353
0.00365293381597
0.00368469515515
0.00373713444719
0.00379645684648
0.00383965811926
0.00387197731849
0.00390295935358
0.00397177611039
0.00402562414446
0.00405153622931
0.00407078888777
0.00408385856007
0.00408836707136
0.00407554971107
0.00402981771311
0.00393151489876
0.00379785261501
0.00364584179081
0.00350090241312
0.00339604888128
0.00333386023554
0.00331618855335
0.00334058676618
0.00339218501821
0.00344244521138
0.00345710301774
0.00345659660429
0.00342320239487
0.00336647648294
0.00330120059404
0.00323405294376
0.00314565069137
0.00304715953774
0.00297110312641
0.00288984031951
0.00280794986414
0.00272919854588
0.00265250688092
0.00257918295489
0.00251001099288
0.00244650352482
0.00238943672326
0.00233890095528
0.00229309961626
0.00224802702946
0.0021962140438
0.00212911828747
0.0020550168468
0.00198445851086
0.0019106384607
0.00182734999999
0.00174371170243
0.00165734136692
0.00157765237851
0.00150503707344
0.00143650304922
0.00137159086539
0.00130852046972
0.00124625935137
0.00118361305459
0.00112089652203
0.00106017835421
0.00100573577644
0.00096057953299
0.00091647369484
0.00086314504772
0.00080188065126
0.00073510878481
0.00066647142004
0.00059355817206
0.00052512301479
0.00046521994
0.0004165999538
0.00037434628259
0.00033266930536
0.00029491094828
0.00025787695927
0.00022584371364
0.00019773539596
0.00017172296788
0.00014777319042
0.00012529272776
0.00010404684921
8.359168247e-05
6.382581066e-05
4.452800445e-05
2.574869046e-05
7.41862605e-06
-1.033341573e-05
-2.751465975e-05
-4.400465835e-05
-5.985368605e-05
-7.504286865e-05
-8.975538735e-05
-0.00010415018976
-0.00011858820732
-0.00013338348793
-0.0001489452781
-0.0001654804826
-0.00018305593729
-0.00020113453969
-0.00021907584678
-0.00023870352856
-0.0002597021503
-0.00027896675332
-0.00029593008298
-0.00031039172124
-0.00032135230676
-0.00032978248026
-0.0003354159273
-0.00033865621289
-0.00034130615997
-0.00034241011445
-0.00034205924867
-0.00034175499797
-0.00034257953033
-0.00034363521449
-0.00034509374787
-0.0003480120225
-0.00035132258861
-0.00035452068799
-0.00035805493495
-0.00036179930771
-0.00036536079901
-0.00036813122059
-0.00037052227945
-0.00037193728453
-0.00037195164484
-0.00037063161465
-0.00036789282154
-0.00036452530628
-0.00036089805282
-0.00035754820835
-0.00035449863306
-0.00035093785754
-0.00034703368718
-0.00034322833902
-0.00033974540444
-0.00033668419775
-0.00033404646364
-0.0003315279067
-0.00032861034785
-0.00032512240282
-0.00032098090707
-0.0003158146846
-0.00030975767549
-0.00030312312241
-0.00029613354309
-0.00028895620605
-0.00028175766407
-0.00027462452638
-0.00026764469954
-0.00026083983586
-0.0002541997355
-0.00024769500679
-0.00024133911533
-0.00023509801688
-0.00022896544837
-0.00022294158877
-0.00021703793525
-0.0002112298382
-0.00020552123439
-0.00019990850019
-0.00019441015638
-0.00018901045583
-0.00018371521424
-0.00017851351598
-0.00017341095307
-0.00016839719147
-0.00016347831528
-0.00015864582464
-0.00015390625102
-0.0001492517656
-0.00014468702094
-0.00014020253297
-0.00013579848064
-0.00013146112994
-0.00012718493358
-0.0001229510129
-0.00011875359694
-0.00011461536693
-0.00011057367758
-0.00010661014232
-0.00010272154015
-9.88959265e-05
-9.512229629e-05
-9.13822182e-05
-8.768276056e-05
-8.40430257e-05
-8.046695041e-05
-7.693762443e-05
-7.344914257e-05
-7.000141535e-05
-6.660678998e-05
-6.326338752e-05
-5.997250532e-05
-5.673521706e-05
-5.354857014e-05
-5.040773306e-05
-4.731158741e-05
-4.425613379e-05
-4.124039247e-05
-3.826162559e-05
-3.5319605e-05
-3.24126352e-05
-2.954093987e-05
-2.670346324e-05
-2.390050951e-05
-2.113122422e-05
-1.839563422e-05
-1.569258978e-05
-1.302126776e-05
-1.038037081e-05
-7.76958131e-06
-5.18838478e-06
-2.63652802e-06
-1.1370069e-07
2.38013249e-06
4.84512414e-06
7.28131732e-06
9.68879882e-06
1.206764918e-05
