0.00150723979764
0.00150828415195
0.00151147033058
0.00151232400329
0.00151675056759
0.00151881940558
0.00152289097349
0.00152376757385
0.00152734734374
0.001530730318
0.00154166833395
0.00155518953143
0.00156890484964
0.00156192605613
0.00153832968648
0.00149858155402
0.00145435297729
0.00142210906357
0.00141221272703
0.00142766481448
0.00145960914028
0.00147913126713
0.00148798172086
0.00148713225155
0.0014594173123
0.0014291172809
0.00143190948613
0.00142922924424
0.00141680972018
0.00139073983958
0.00136390455771
0.00135554017009
0.00138610845496
0.00137155665977
0.00135367080264
0.00135540489698
0.00139624476754
0.00147388045392
0.00156221609086
0.00170162267855
0.00182069970409
0.00186846563458
0.00187508064276
0.00193413079666
0.00205865848806
0.00217523181459
0.0021722619201
0.00208220365264
0.0019329966424
0.00178113040728
0.00162837457947
0.00163524523091
0.00163641836217
0.00160868431655
0.00163899313688
0.00175091100477
0.00191843452977
0.00193396418909
0.00150609952935
0.00069304352791
-4.919103657e-05
-0.00055910212693
-0.00060419813296
-6.55410853e-05
0.00073271103148
0.00173288834601
0.00266090242127
0.00353497462231
0.00415083643124
0.0043260647919
0.0040607422438
0.00346067911191
0.00283693668871
0.00219924279253
0.00183131023683
0.00184695835565
0.00191485667052
0.00189812942379
0.0017975511878
0.00154695430288
0.00113538202884
0.00064932700195
-3.265509431e-05
-0.00108245279234
-0.00187638599011
-0.00202696636638
-0.00168941294246
-0.00122561072514
-0.00044004841116
0.0005025369478
0.00175402801833
0.00312277451288
0.00429338143162
0.00498325139111
0.00503365782223
0.00440967427661
0.00421054384434
0.00450787338713
0.00532684128226
0.00617073535054
0.00684462474033
0.00755018485267
0.00834662633498
0.00862347766805
0.00871310566001
0.0087517807786
0.00851409750852
0.00798575664082
0.00744592902216
0.00674310494232
0.00550004436746
0.00418702772145
0.00256452185526
0.00061029497633
-0.00175457369632
-0.00371503957002
-0.00516723811278
-0.0061371348844
-0.00594636157933
-0.0050554581929
-0.00399734347959
-0.00274306287872
-0.00146958992698
-0.00094839063908
-0.00208953285701
-0.00429228472586
-0.00748055741112
-0.01115814428825
-0.01406419292858
-0.01523271190297
-0.01415061487128
-0.00999249126968
-0.00363187488165
0.00401289988783
0.01039231885674
0.01322221331878
0.01207789065414
0.00777723351598
0.00193115975578
-0.00407983715217
-0.00925004439519
-0.01340951308539
-0.01583524281389
-0.01640251482557
-0.01464177473869
-0.01036791619817
-0.0035545307585
0.00481149274765
0.01287275012883
0.01720664089077
0.0175095265666
0.01351039090929
0.00747391985742
0.00101671540817
-0.00434927139156
-0.0065153990198
-0.0041482265008
0.00248298846894
0.01226511781653
0.02252901892449
0.03072797975133
0.03502686381815
0.03338690275245
0.02586066964796
0.01619165690205
0.00765715378803
0.00197998838268
-0.00118737390673
-0.00216330332431
-0.00140905062244
0.0009151696255
0.00456077893173
0.00885778293152
0.01328036929446
0.01674754533718
0.01746505839596
0.01446282445673
0.00987760083241
0.00503807903676
-0.00022738363623
-0.00740182387259
-0.01607679703498
-0.02410427817139
-0.02770900480879
-0.02458119997025
-0.01561713211149
-0.00304075085705
0.00886123736362
0.01684048637407
0.02058598111924
0.02210755910283
0.02381461410513
0.02636439386573
0.02842524156191
0.02997501672959
0.0304913664381
0.0309106060993
0.03166398563996
0.03202906637855
0.0306495901275
0.02626969886386
0.01939681962033
0.01189805765778
0.00617828236756
0.00336109364302
0.00240393203272
0.0016784970899
0.0023540296277
0.00463183170865
0.0099433649655
0.01705390073019
0.02199624155716
0.02346378289892
0.02051564292065
0.01212467451709
-0.00081970769385
-0.01428398881301
-0.02620277688462
-0.03307299269987
-0.03338525578316
-0.02533266505241
-0.01418171622393
-0.00468649886076
4.873825376e-05
-0.00102799619244
-0.00823012331989
-0.02216219568476
-0.03855207355576
-0.05289843703142
-0.06208921346008
-0.05927476841059
-0.04504548878372
-0.02819524287473
-0.01492882123197
-0.00709852549913
-0.00497019791763
-0.0041085654934
-0.00270137583162
2.737629409e-05
0.00311821076482
0.00491872152967
0.00723350055485
0.00968394628642
0.01395581394295
0.02205243339778
0.02988350484933
0.03507535579077
0.03508339193092
0.02806833835062
0.01380334891413
-0.00586681028807
-0.02731936473939
-0.04660300203213
-0.06170143053005
-0.07052119942346
-0.07121907877417
-0.0667291959471
-0.05987275964748
-0.05209975246102
-0.04299751496111
-0.03323458293205
-0.02362379876604
-0.01758045706273
-0.0151234119902
-0.01222982452581
-0.00474964924214
0.01418053162886
0.04404381811514
0.07883808860076
0.10912218529203
0.12999925963418
0.14145138985008
0.14505401096527
0.14086444209632
0.12902655422584
0.11001387968227
0.08853812627383
0.06884476811452
0.05457051208751
0.04649806983605
0.04214926846124
0.03651931986924
0.02958415003109
0.02365378430656
0.01699833939985
0.00660549702852
-0.010499467392
-0.03251240791846
-0.05505294798537
-0.0736521606347
-0.08367673914584
-0.08236692090653
-0.07136673281848
-0.05412441650955
-0.03213409028522
-0.00692758078712
0.0205528735975
0.05369964364296
0.09025036292426
0.12296960496426
0.14026778830548
0.13121377528899
0.10084931719627
0.06265510599168
0.02858015602765
0.00708736737777
0.00107436315435
0.00401680523031
0.00719814612374
0.00627210611885
0.00094678723233
-0.01319131831495
-0.04032025366397
-0.0834364191964
-0.14094499456148
-0.19631591079289
-0.22915216025619
-0.23242806240688
-0.2088614222639
-0.16776078793408
-0.12177331678852
-0.07849803338847
-0.04271516099285
-0.01321780738936
0.01425300209859
0.04102359743713
0.06612168973686
0.08414943079389
0.09781404069697
0.11634504359757
0.13815989689968
0.1575316183895
0.17093619056704
0.17499606538155
0.16686106886753
0.14684469837992
0.11617610505464
0.07288630081172
0.01460479244467
-0.05624468884453
-0.1346130663913
-0.20914389087039
-0.26620102087331
-0.30049921351131
-0.30232937469092
-0.27245617964002
-0.21941425375343
-0.14960224465302
-0.07582573974809
-0.00814291419466
0.04881964690845
0.09470692423824
0.12790596549673
0.14688134440179
0.1478664307393
0.13512374150727
0.11423860427605
0.08878104468989
0.06239315762892
0.03951339156627
0.02189385050858
0.00614889294585
-0.00855567297441
-0.01881477456167
-0.02170166715324
-0.01872249460526
-0.00595417226429
0.01905708921637
0.05109739396304
0.08288986231345
0.10805150240709
0.11853658270082
0.10884518110798
0.0794449069816
0.03912920063421
-0.00082713319434
-0.02605184800812
-0.03512077163747
-0.03448571403853
-0.03163194425379
-0.02641254192365
-0.01879959263833
-0.01021681154305
-0.00011812105732
0.01152357658408
0.0234943722008
0.03320866704881
0.03796376160702
0.0422428132595
0.04637334343837
0.04986530044582
0.05331220462763
0.05208446736327
0.04689368637867
0.03903374519874
0.03406572922881
0.03716847414959
0.04557634022872
0.05807152551537
0.0679185676161
0.07059418576524
0.06230889852755
0.04452954030902
0.02460468552294
-0.000926193238
-0.03851665034171
-0.08689593358386
-0.13992307113838
-0.18401576335358
-0.21843138375508
-0.24363696850477
-0.25841853692624
-0.2676388518063
-0.27056491628214
-0.26501138171509
-0.24416824028996
-0.19967450532243
-0.13388843811951
-0.0560522494638
0.01824486969191
0.07997579663935
0.1234504741396
0.14669008961614
0.14971004280493
0.13647211640566
0.11131850098834
0.07749437565718
0.03620351064327
-0.00941550939966
-0.04980152337544
-0.07575046064165
-0.08851489292525
-0.09375458622266
-0.09728219572061
-0.10417623336071
-0.10957236963364
-0.10348259562462
-0.07883426732632
-0.04168402829835
0.00165551594543
0.03762405413071
0.06147337687156
0.0710987468421
0.0649963244147
0.03997175343517
-0.00385891781306
-0.0583364544722
-0.11205107751095
-0.15422331183157
-0.176160254852
-0.16750067378305
-0.12690349236052
-0.06377538901883
0.00538435528383
0.06282645193751
0.1025826472816
0.12927635093589
0.15113449927739
0.17490397266758
0.20415494960164
0.23829822777391
0.2711954265645
0.29270958378105
0.29458132042654
0.27164140750423
0.22869418051473
0.17873162863445
0.12906140424872
0.08849185064038
0.0655102094012
0.05804779540111
0.05229154222509
0.03456455839402
-0.00194851139875
-0.05391298539486
-0.11053880815189
-0.15876986415857
-0.19273380992144
-0.21252873755533
-0.2212119341003
-0.21823298318623
-0.20107141040619
-0.16721774662362
-0.11625004671502
-0.05778015333943
-0.00672246241781
0.02846614066223
0.05163011783252
0.07304713825284
0.09446450258785
0.1098292357014
0.11518054842516
0.11074714403428
0.09836239357891
0.08217566612088
0.06728477103772
0.05272873423361
0.03538321676591
0.01408728106873
-0.01263007245306
-0.04143728860785
-0.06525720282062
-0.07652633220366
-0.07056510586676
-0.05408574521223
-0.03220344641628
-0.00765852180428
0.02183223627954
0.05248264415977
0.07806275201717
0.09100307756317
0.08190511989063
0.05223663051141
0.01094440894507
-0.03759329287148
-0.08243188257199
-0.11095276681182
-0.12128977272106
-0.11246182630036
-0.08977377357629
-0.06461496122573
-0.04378599672877
-0.03158892052489
-0.02583068792871
-0.02272805764617
-0.02108788641037
-0.0203519700939
-0.02140657687727
-0.02427028579683
-0.02715056758362
-0.03220831089864
-0.04500777280501
-0.06691659124557
-0.10273068345335
-0.1547590927206
-0.21487068202049
-0.28216538837175
-0.35478462031296
-0.41585286566854
-0.44946976328689
-0.44153526904266
-0.38953536648272
-0.29937384818915
-0.19107747851604
-0.08917123502281
-0.00690245590769
0.04516754028928
0.07146062153144
0.08550254407258
0.0978186262263
0.11833378766637
0.14642244755446
0.17893308622285
0.20872603451054
0.22228238770878
0.21260134176966
0.1808844200149
0.13735506007743
0.09970129171669
0.08312792771097
0.07872830338614
0.07577743883919
0.06520122115009
0.03982069845661
0.00232063703889
-0.04020764070626
-0.07545278336289
-0.09219978607909
-0.09156931400948
-0.07074547002026
-0.03503410513321
0.01229579118645
0.06733318658486
0.12553799815265
0.17859528556248
0.22320037246715
0.25904916184684
0.28569055225407
0.30873176716175
0.32544938427752
0.32728833438833
0.31365788667873
0.29550056620548
0.27779495858362
0.2605988796954
0.24135066179543
0.21731205604654
0.18924299929632
0.16504424393571
0.14740959738017
0.1360940395127
0.13196924124549
0.13116627684771
0.13039265983763
0.13128313142005
0.13394078957932
0.13420151513426
0.12407211906527
0.09824339909289
0.061170884787
0.02061255426169
-0.018734103637
-0.05369723624006
-0.08188895589976
-0.10379979961577
-0.12022069477139
-0.12893774780789
-0.1293508275747
-0.11907492384373
-0.09532237869931
-0.06068546829507
-0.02199053639443
0.01062588279297
0.03173426269816
0.04366077356541
0.0472229273843
0.04430595754162
0.03927926208142
0.03630335672307
0.03413458477292
0.02376544194565
-0.00129599783604
-0.04382654045056
-0.10365577578218
-0.17226840147456
-0.23857011145021
-0.29093314972005
-0.32594729633687
-0.34948982423814
-0.36610422873133
-0.37561924029609
-0.37518510530713
-0.3646098047239
-0.34728158616559
-0.32674242712204
-0.30346486639033
-0.28073691956113
-0.26071783596867
-0.23660200226338
-0.2041259843414
-0.1636936144854
-0.11938949115551
-0.07572952005773
-0.04039889549191
-0.01946568662826
-0.00703749974634
0.00329609643972
0.01751039399589
0.03788958302762
0.06144013178394
0.08432092959069
0.10360055836654
0.11737288999605
0.1291493699863
0.14694500683393
0.17202024791252
0.19178846483808
0.18395091632636
0.13202040811022
0.04260564326744
-0.05618652904757
-0.12806875178782
-0.14603099620097
-0.11495688923227
-0.06581465033572
-0.02484718742009
-0.00307551872253
0.01098815489485
0.03409229472871
0.07945881642056
0.13843907921016
0.19449220756708
0.24328265993882
0.28259860625485
0.31544910907181
0.34140209688893
0.3623769958567
0.3818056925484
0.39805413358861
0.40433401600094
0.39415031962217
0.3657545821202
0.32343572549938
0.2717403020867
0.2147573048079
0.15716160438561
0.09736897686311
0.03635049978582
-0.0240764554722
-0.08272077091954
-0.13851237125389
-0.18730832626082
-0.22584278374142
-0.25405536755955
-0.27749093798929
-0.30069853118603
-0.32668713328091
-0.35447677844419
-0.3739186585327
-0.38124010571875
-0.37553654791724
-0.35923950026618
-0.33543632323544
-0.30806942566331
-0.28230100540157
-0.26345883612345
-0.24837439348997
-0.23766301732399
-0.23732345887738
-0.24956193094724
-0.27348005191309
-0.30501874942803
-0.34140580352513
-0.38229634418631
-0.4210796048456
-0.45241940502602
-0.4709522039256
-0.47033201108422
-0.44971929250773
-0.40654538751853
-0.34216910309423
-0.25877930344599
-0.1672137724982
-0.07235789498235
0.01964777035526
0.09774705375607
0.15274432577287
0.1921864887836
0.2316707240259
0.26636197295266
0.29910800212646
0.33309044285761
0.36409228952668
0.38790673931701
0.40163925326686
0.40271035649199
0.38772713941839
0.36457124806481
0.34092130413907
0.32097394586782
0.30696083573594
0.29807820687802
0.29179263076677
0.28795148570113
0.28272478473681
0.27965305327937
0.27844663872637
0.27427888933447
0.26618523900987
0.255781055096
0.23845184300634
0.21636690202691
0.1955310974487
0.1767503360508
0.15896505485689
0.13343821556516
0.09431287441813
0.05045576377206
0.01208671397682
-0.00867549667698
-0.00542870881624
0.01543501781429
0.03990912274712
0.04848318369413
0.01713717012148
-0.06465221865151
-0.17763060483047
-0.29319263108283
-0.37704377319404
-0.42563379972148
-0.46478199208965
-0.50916953384053
-0.5600047119516
-0.60539954164449
-0.63601062478947
-0.65529621475345
-0.67017816805443
-0.68720156355077
-0.71095728035298
-0.73285394714082
-0.74375566098659
-0.72228888757309
-0.66141025385515
-0.57522561229528
-0.4886156628904
-0.41837337828821
-0.35984093065006
-0.29517059915772
-0.21863712117086
-0.12921345275863
-0.03213380751091
0.05983710715696
0.14910914739947
0.22672037762898
0.30000928791554
0.36451809413737
0.41579401804218
0.46097065296463
0.49552949473209
0.51887518878704
0.5259613601059
0.51035145402438
0.47735895264929
0.43556873113429
0.38711153210634
0.33494475449167
0.28223940645762
0.22799901426886
0.18282192079349
0.14662077169782
0.11832561013907
0.10131337276409
0.10173375116507
0.12055134964856
0.15525318350551
0.20391436216299
0.25543664363086
0.29913031836919
0.32784173135253
0.33926485809544
0.33937082203562
0.32829340599116
0.31370706648075
0.29443141183032
0.26680890921099
0.23513944768476
0.20061438598334
0.15697141955681
0.10974528230198
0.06068967169695
0.00737701998021
-0.04843129078726
-0.10429213261443
-0.15283080121341
-0.18981256025139
-0.21230473444774
-0.22603533776038
-0.23898972559631
-0.25695911579267
-0.28431099575626
-0.31684513526245
-0.34001386609814
-0.34084583396891
-0.31307636513467
-0.26886349383837
-0.22097409797925
-0.17482070709756
-0.13339186350622
-0.09018249709023
-0.0421553442876
0.00116947391087
0.03692435203208
0.06321037538035
0.07641624128708
0.07200385390562
0.05058599280493
0.01685811773433
-0.02151959871134
-0.05770495065848
-0.08393077747051
-0.10384473780317
-0.12579597238999
-0.15182148799596
-0.17972084194836
-0.2064414473747
-0.23146303776017
-0.25469386430549
-0.27610010873189
-0.29500926495092
-0.30687676769829
-0.3075416694506
-0.29654415625466
-0.27267643789866
-0.23125466366503
-0.16173624307974
-0.05393205355431
0.08952928843771
0.25707990627767
0.42797471244254
0.57631085423583
0.65919850021011
0.67345911428737
0.65182687969068
0.61472001212759
0.57186556568145
0.51904676400933
0.45481954750088
0.38397503004717
0.31750579540013
0.26785421883366
0.23886515204961
0.22193365820351
0.20081072306399
0.16333441468818
0.10261749730448
0.02569673697455
-0.04121489043552
-0.05814867704629
0.0036488279657
0.12982478024331
0.24918362477783
0.28528503861065
0.21921753454533
0.09638167418642
-0.00514612939278
-0.01992018900999
0.05247477233442
0.16343414995102
0.25648986329161
0.29708662437395
0.28244995867919
0.22390337232561
0.13532405271333
0.0414808129237
-0.03456392024119
-0.08380494290325
-0.11081462774087
-0.12176938087585
-0.12574591369485
-0.13395806173978
-0.15446072761244
-0.19073963964293
-0.23844607288194
-0.28750760646235
-0.32597389240696
-0.34651274574855
-0.35140004111723
-0.3470657605853
-0.34006312232565
-0.32950539960484
-0.30933977013767
-0.26903476335871
-0.20068775445256
-0.10901679454301
-0.00583046232561
0.09051307554191
0.16026830050416
0.19574287247808
0.20773899932306
0.20510151749282
0.19258332813405
0.17515105627277
0.15283771772015
0.12508720240713
0.09014856417322
0.0475315717207
0.00013158994154
-0.04849972981245
-0.09848925989027
-0.1471361087686
-0.18857217456863
-0.21662716902892
-0.22715000351411
-0.22027014280218
-0.19800495230748
-0.16706695913427
-0.13570900790028
-0.10839186332133
-0.08441206698605
-0.06422798076334
-0.05018628749866
-0.04465224143124
-0.04773643024335
-0.05582996592971
-0.06341897875195
-0.06714265784135
-0.06682778482761
-0.06216437792828
-0.05427180306464
-0.04366073535267
-0.03024923902585
-0.01096219697758
0.01541155518924
0.04403663411919
0.07028565606707
0.09368373979457
0.11412572382914
0.13259696199751
0.14307302408357
0.13251786161663
0.08391652411686
-0.01129693297585
-0.14366004826282
-0.28276681875563
-0.38584898303184
-0.41934512837794
-0.37700384087616
-0.27038715059526
-0.12844847182878
-0.00129653663574
0.06087943618557
0.04882255107702
-0.00562500768415
-0.06041289678937
-0.08823502278537
-0.08283728157718
-0.05088993697377
-0.01002380279243
0.02067091276491
0.03491867207497
0.03263286977386
0.01714846580872
-0.00322482011825
-0.02127749804801
-0.03583111216413
-0.04549727806059
-0.04200107943851
-0.01772502351729
0.02779510194317
0.09102275712653
0.16054316477453
0.22747794528642
0.29059947603607
0.34934392798008
0.40030677487014
0.43416517703301
0.44463394048489
0.4322281730201
0.40992186561245
0.39451295856639
0.39722147788844
0.41806996909779
0.44141298826063
0.44648802284248
0.42229094884262
0.37428026573282
0.3153753202624
0.25373025353032
0.19238359011914
0.13174791303001
0.07562569603123
0.02957062271958
-0.00029492099351
-0.01089649780616
-0.00613542295346
0.00593394243741
0.01514569384145
0.01461742939924
0.00337341801734
-0.01688602450155
-0.03964881753237
-0.06031931377837
-0.0804260191937
-0.1002447151546
-0.11978820293043
-0.13812691930128
-0.14861150282933
-0.14568666116131
-0.13091701511609
-0.1088123945733
-0.08510994633677
-0.06619719811976
-0.0560365822386
-0.05478652873152
-0.06429175783372
-0.08442150553391
-0.11533829063398
-0.15961998308292
-0.21085826743451
-0.26013784293438
-0.302442828329
-0.33590374152477
-0.35426832792356
-0.34628729055667
-0.3049403750893
-0.23022830756358
-0.12921754152228
-0.01733630055375
0.08899790201428
0.18119264401112
0.25534214351399
0.30870956555726
0.33623007836182
0.33902266572152
0.32448879230916
0.30231515955
0.27761566438696
0.25340552162853
0.22810299114634
0.1973776136829
0.15731720668075
0.10880761798025
0.05825452634823
0.01276188731482
-0.01614407821401
-0.02785707919329
-0.02552678961516
-0.01512597988662
-0.00531863318476
-0.00084239383594
-0.00178086368233
-0.00468596388234
-0.00495464915194
-0.00178201312168
0.00398146226303
0.01188905473521
0.02224566760359
0.03459034435393
0.04732870026076
0.05779933613711
0.06490526344483
0.06859737880737
0.06994055677252
0.07088708645095
0.07101559591032
0.06791168932211
0.05988594304429
0.04795825522451
0.03127432646419
0.00747138635247
-0.02423430467671
-0.0619913506217
-0.10267466357008
-0.14389849578779
-0.18240807677179
-0.21236640981718
-0.23150190012121
-0.24094484245006
-0.23846154904341
-0.22308542853204
-0.19827186832701
-0.16576012148903
-0.12712875648867
-0.08368101897321
-0.03818622474101
0.0036010979552
0.03788468033251
0.06137257165187
0.07392778915995
0.07566967890002
0.06522812292214
0.04907437306252
0.03315780970731
0.01978746850619
0.00953830223246
0.00206883492402
-0.00487763136563
-0.00842443512509
-0.00405238511661
0.01058281703005
0.04000098618463
0.08495140166031
0.14223413970607
0.20795631520038
0.27527517200609
0.33800605386989
0.39373456496326
0.44119593987252
0.47864022596854
0.50570478430709
0.51906128485219
0.51457778355343
0.49243388030941
0.45732630353257
0.41285201885193
0.36364248731252
0.31823218145815
0.27177140726063
0.21980849463725
0.16312825693222
0.10232608691579
0.04027088279822
-0.01746529531497
-0.07270742695525
-0.12396034678794
-0.16754148499406
-0.20387164031477
-0.23280113343032
-0.25826820798983
-0.28666921885053
-0.3251895376157
-0.37475226955147
-0.42514964425011
-0.46784321504238
-0.50442733226228
-0.5410317022367
-0.58107560133327
-0.62245236095401
-0.65958368467351
-0.6811696818495
-0.67619170763839
-0.64393327308294
-0.59037964033628
-0.52723995853305
-0.46511902849513
-0.41267585810032
-0.36640832575115
-0.31897702427172
-0.2662255534552
-0.21099590973979
-0.15908909342517
-0.11340392330044
-0.07389152526553
-0.03603659737579
0.00519114782694
0.04990970365479
0.09833396329708
0.14526146795454
0.18512014987907
0.21035649588798
0.2224772344924
0.224283627345
0.21990819168735
0.21267035398602
0.20623158298253
0.20615714455647
0.21475757229711
0.23079771566767
0.25307436998568
0.28051173185846
0.3069182667387
0.32238701494246
0.32171057294134
0.30289496152057
0.26684773335929
0.21989409118468
0.17377799594151
0.13573078916458
0.1056080266801
0.08169353592497
0.05997708043965
0.04325629166609
0.03037902479088
0.01762021742326
0.00778670645532
0.00565962078801
0.01366358962281
0.0271433950515
0.04691841002429
0.07379996752998
0.10390603104516
0.1274134032216
0.13135103546682
0.11179723025
0.07348467417605
0.0212896688071
-0.02664038159078
-0.06062975411376
-0.08331249526636
-0.09744849758418
-0.1076699481544
-0.11563260519124
-0.12571515243562
-0.13844603392964
-0.15285701515606
-0.17077183755344
-0.19164421172803
-0.21419309363704
-0.23337936867836
-0.25119693964127
-0.26875218011398
-0.2871574248728
-0.30411333666256
-0.32072170354213
-0.33587443234983
-0.34781327829097
-0.36212807803977
-0.3768827446892
-0.38507708559525
-0.38458184842801
-0.37946309846658
-0.36587594579637
-0.3431899565605
-0.31607205323078
-0.28392370959191
-0.25021842589579
-0.21435182937722
-0.17834013906822
-0.14605140180647
-0.12032352526653
-0.100553359491
-0.08288844844191
-0.06675391959272
-0.05443791386449
-0.04309155652505
-0.03161258185621
-0.02160442336133
-0.01493428947569
-0.01301873045493
-0.01831705738733
-0.02578565038818
-0.03124299201379
-0.03127767390059
-0.02494569605384
-0.00840057890877
0.01963533592824
0.05785432427628
0.10629356331437
0.15546633419369
0.20181300513648
0.24080406669974
0.26973680789856
0.29078247686894
0.3074426602299
0.31845385358834
0.32158080246141
0.31956844291657
0.31536656954393
0.31090763903981
0.30442878286746
0.29646643153258
0.28888590193959
0.28399470887098
0.2829437055494
0.28480779964601
0.28642824928443
0.28674625574321
0.28516268140312
0.27822641868048
0.2633417904874
0.24327501738995
0.21979007609446
0.19042002824889
0.15520537936228
0.11809331486595
0.07883980817425
0.03965007855293
0.00473394380419
-0.02565947190622
-0.05231232995804
-0.07530723101952
-0.09712762516957
-0.11942522007151
-0.14105225773497
-0.16018828301742
-0.17523581213982
-0.18641903927348
-0.19369944597206
-0.19435659053726
-0.18616037720673
-0.16707330244984
-0.13641621116062
-0.09733439432945
-0.05597032133984
-0.0162491594398
0.01929967900283
0.0471983948024
0.06705171150971
0.08058544276328
0.08837320006906
0.09175177986392
0.0949396016388
0.10008980068886
0.10603906643677
0.11336746834229
0.12439153939559
0.13858363802217
0.15205256046126
0.16187082836546
0.16793897396115
0.17033498945962
0.16613055583311
0.14967014869979
0.11867346075121
0.07883854715369
0.04055908331638
0.01225228597696
-0.00358199272939
-0.00374751619935
0.00845739361713
0.0238229750536
0.03835982523875
0.04833950377524
0.05045515236815
0.04768824397268
0.04099153694459
0.03185227511665
0.02095300688652
0.0058293885475
-0.01361870875453
-0.03451973866613
-0.05484296895498
-0.07432107472517
-0.09290259487384
-0.11170024630475
-0.13313251361008
-0.15746451681036
-0.18100142743821
-0.20159557462093
-0.21820684566907
-0.22847159127868
-0.23320187048069
-0.23598211512395
-0.23825111146008
-0.23812596472222
-0.23049889200657
-0.2115811761328
-0.18254086605853
-0.14673816124857
-0.10772149714658
-0.07091349145732
-0.04015135333378
-0.01842469122444
-0.00754446440483
-0.00679476093018
-0.01487897270691
-0.02775893358061
-0.04348698200395
-0.06240508000517
-0.08442899523181
-0.10697271842034
-0.12576998772381
-0.13686479056696
-0.14185602460038
-0.14578398902126
-0.15067422677127
-0.1512589963986
-0.14488071616948
-0.13144694945523
-0.10805199917277
-0.07591427867683
-0.03658253521228
0.00672019640206
0.04668164386007
0.08787368307446
0.12941426073038
0.17371666448677
0.22131174578864
0.26965988564411
0.31552018477636
0.35057158881895
0.37230730352745
0.37898478954511
0.37386103371416
0.36199979785687
0.34772898097685
0.33345992188308
0.31366350395215
0.28681736966051
0.25732668418091
0.22991224995476
0.204673190841
0.18247991673123
0.15955578567235
0.13272176482067
0.10479352203352
0.07993383904601
0.05801126401748
0.04162540994846
0.02744034246684
0.01573028769016
0.00366349707401
-0.01024436675303
-0.02854579894917
-0.04936478991985
-0.07443651542595
-0.09980182944717
-0.12470710023872
-0.14833935166382
-0.17409443567777
-0.2033129317791
-0.23996743687416
-0.28029189394001
-0.31746135397841
-0.34429598623399
-0.35219142705346
-0.32967387959484
-0.27182158059401
-0.1868292912972
-0.09736779226804
-0.02873972862693
0.00737980568928
0.00582673276176
-0.02346464268567
-0.05363682189119
-0.05960496473482
-0.03106369017458
0.02229030008903
0.07401671021613
0.10622111195102
0.11453593764012
0.10496383623524
0.08282073545886
0.0587594313398
0.03401933513585
0.00977959660689
-0.01329436662273
-0.03157418951193
-0.04434462883894
-0.05009889495225
-0.05137107363833
-0.0533161405403
-0.06175003714091
-0.07150357265613
-0.08313174898541
-0.09109876227511
-0.09317765020792
-0.09373192606524
-0.09218174966374
-0.08607187575118
-0.07818342786394
-0.06962430809999
-0.06154575180942
-0.05437604743133
-0.04952138574635
-0.04350284029287
-0.03925774830633
-0.03532163310706
-0.03135190597784
-0.03161323911542
-0.03556674111338
-0.03764565579511
-0.03226076171158
-0.01762512393964
0.00702905472983
0.03809426577165
0.06829011012976
0.09652122712892
0.1193327452301
0.13987370027263
0.1617739208457
0.18136150612856
0.1930849468296
0.19230628573725
0.17804483097961
0.15810893653168
0.13873580117032
0.1242607753843
0.12003494262093
0.13158894801336
0.1530340548008
0.17335658579642
0.18192208708869
0.17196078888225
0.14720844549373
0.12431412037546
0.10850604300156
0.09803796737907
0.09334406670972
0.09293343255855
0.09554481508438
0.09666448670762
0.09685383085605
0.09440630457815
0.08992803842537
0.08394973099173
0.07715378546647
0.07026949207619
0.06588526748734
0.06557119694124
0.06648692714769
0.06604125190992
0.06262992379313
0.05456011822103
0.04208438322127
0.02586284395312
0.00500609496971
-0.01896313936303
-0.04347635886101
-0.06721507099196
-0.09056286674785
-0.11175557835862
-0.12754336476526
-0.14044708250214
-0.15292702090378
-0.16302210192831
-0.17072594404743
-0.17682125890438
-0.18462724368924
-0.19581490350125
-0.20818471277357
-0.22231666454049
-0.23803513302881
-0.25427810964657
-0.2704066390949
-0.28366451254674
-0.28923948446339
-0.2834449421175
-0.26519151659213
-0.23438359960081
-0.19477597540689
-0.15679338638071
-0.13008290733164
-0.11813206258876
-0.12336243197654
-0.14051418408128
-0.1584930128255
-0.16796969700764
-0.16158889473739
-0.13750573292854
-0.10061996430446
-0.06172347928356
-0.03005217972432
-0.00605800011206
0.01212391790475
0.02775784451739
0.04278123082789
0.05437535960193
0.06191068351831
0.06782337966984
0.0733768378114
0.07784314337519
0.0808878202096
0.08314134038425
0.08428432178157
0.08391121254539
0.0841803449041
0.08631892114364
0.09079691980721
0.09640425791836
0.10114424315744
0.10436248227685
0.10562797373267
0.10550699218394
0.10423427851943
0.10059019657659
0.09474483128067
0.08773363336628
0.08053209777211
0.07616934874561
0.07701297150341
0.08146196669399
0.08734814320092
0.09393972696921
0.10096869380973
0.1068930448483
0.11197006649286
0.11570872497806
0.11585890106349
0.11147490575111
0.10250820885554
0.09182579794979
0.08184967319853
0.07364153749176
0.06903667251682
0.06921646347916
0.07456292318438
0.08186919991091
0.08759820740018
0.0926999909031
0.09799918144352
0.10226246269639
0.10703554017211
0.11138716929
0.11192386728489
0.10777063873586
0.10164055028152
0.09166335557341
0.07704892969588
0.06037357587539
0.04231209296507
0.02446398619812
0.01204389659673
0.00919530846013
0.01615349001296
0.03124423774926
0.04838138494309
0.06162710674222
0.06940531086191
0.06740204595024
0.05395715932737
0.03545798764285
0.01931194529378
0.00850294320843
0.00490112838215
0.00579360613365
0.00689698002141
0.00694854047741
0.00441496292043
-0.00028542829819
-0.00903470793803
-0.02276626656928
-0.03749774190414
-0.05080770314785
-0.0623715292156
-0.06846478058435
-0.06674558921444
-0.05978781271671
-0.05105742343241
-0.04333306106956
-0.03795169402234
-0.03453337297333
-0.03389612578413
-0.03713574111275
-0.04181334022535
-0.04659234067644
-0.05283863408646
-0.06151873539914
-0.07226542014094
-0.08549685037367
-0.10205554068554
-0.11999898442846
-0.13639989431877
-0.15123889649505
-0.1646785097592
-0.17557460633154
-0.18409444339427
-0.19033710659357
-0.19435441241083
-0.19560072106897
-0.19379707953397
-0.18813834528162
-0.17854679358986
-0.16582890442893
-0.14944996686664
-0.13007622010137
-0.10992530254078
-0.08931472387798
-0.06765784206116
-0.04517300471173
-0.02362817794654
-0.00612022956629
0.00862306497041
0.02592302520425
0.04595090154919
0.06505849654981
0.08277801361063
0.10214190148785
0.12443632473201
0.14950908198221
0.17276107838792
0.19246945415578
0.20831073840455
0.21698709486829
0.21467487991826
0.20289645107805
0.18634670254836
0.16814196005933
0.15096846490304
0.13634845996482
0.12354363681042
0.11251631767385
0.10298881054167
0.0949631024766
0.08897138236968
0.08669906152479
0.08696666537372
0.0886948749513
0.09270476749615
0.09798767940746
0.10339333065374
0.10785520353918
0.10872328245339
0.10207120791074
0.0828242128186
0.05070128065474
0.00999985104425
-0.03556026023193
-0.08015959993984
-0.11604904767955
-0.13369141320946
-0.13433518331412
-0.12709528212459
-0.11579267837747
-0.10577161543881
-0.09707378341274
-0.08628433860997
-0.07387066110709
-0.06279228974403
-0.05179458548436
-0.04048758727163
-0.02962046360208
-0.02004461734826
-0.01309307334913
-0.00909768636205
-0.00529839571534
-0.0002208227373
0.00249045294643
0.00050503644341
-0.00495722469091
-0.01230389993081
-0.02148506967552
-0.03178426025291
-0.04377801026519
-0.05857566625205
-0.07519148461678
-0.09380307819528
-0.11333357363802
-0.13000885103302
-0.14239612352952
-0.1518729223499
-0.15525891541717
-0.15340013289202
-0.1472481103224
-0.13653986760145
-0.12089900919698
-0.10062191315443
-0.08130716686649
-0.06721281644004
-0.06099304267463
-0.06589757199103
-0.07875077247983
-0.0958081008932
-0.11525494863848
-0.13451092372555
-0.15030975361532
-0.15808505356644
-0.15440103930571
-0.13474245474379
-0.09939043104111
-0.05000875108824
0.00457685121202
0.04682784582009
0.05307910688688
0.01144489272212
-0.05700619241465
-0.11150581986132
-0.12195964213014
-0.08943979419036
-0.03522340724762
0.01660354060996
0.05659185162727
0.08540242668229
0.1083492178986
0.12419332989046
0.13455910999622
0.1378739127207
0.13584672663104
0.12839883347382
0.11735003877491
0.10688517302295
0.09527633234233
0.08183075789006
0.06834444865228
0.05492527920638
0.04480826406657
0.03965282987053
0.03992887873597
0.04018161782734
0.04017049791872
0.04018008931756
0.03808848036215
0.0310451799212
0.01801716759066
0.00409776275056
-0.00869005573259
-0.02168037501207
-0.03041771901584
-0.03283400637521
-0.02703411806638
-0.01651008752229
-0.00480959739553
0.00987197209517
0.02648087013189
0.03878528593474
0.04795275258932
0.05519345624648
0.05804951497461
0.05659563468897
0.05090266181765
0.040842430816
0.03101342895189
0.0217875579388
0.01235297655842
0.00189109331116
-0.01130759815281
-0.02779110106883
-0.04617929912238
-0.06664978986426
-0.08774116127693
-0.10824321574567
-0.12680669947899
-0.14118145502374
-0.1505117079694
-0.15551001136052
-0.15374014989156
-0.1458137185364
-0.135069364772
-0.12358486836161
-0.11551899870218
-0.1099687122184
-0.1059469737228
-0.10124176208111
-0.09421187813472
-0.0827503475837
-0.06536416029216
-0.04396066718335
-0.02074770127475
0.00359140452833
0.02415100471523
0.0425742706043
0.05623135259674
0.062572986804
0.06288014084337
0.05911691156353
0.05760724067109
0.05835728041789
0.06079624704104
0.06812824094454
0.08188872662329
0.09812153865104
0.11193479612979
0.12444885851217
0.13332816286133
0.13653558777408
0.13623206394543
0.13130934536269
0.1222393212063
0.11104065612391
0.09976503057433
0.09093047334884
0.08580645002868
0.08532496944942
0.09109536134086
0.10043608457848
0.11071309647904
0.12047251675689
0.12870973236214
0.13367865015283
0.13423758796496
0.13081609525816
0.12336235555105
0.11347064275214
0.1038785178692
0.09448192759929
0.0849422688144
0.075047040443
0.06425167266486
0.05200150749521
0.0378885398197
0.02327462599294
0.00951872584352
-0.00424212667758
-0.0175542851541
-0.02998795556484
-0.04140400530749
-0.05211106343336
-0.06306253027232
-0.07374692824077
-0.08306323353473
-0.09026992784939
-0.09611880871779
-0.10319099417222
-0.10933801087232
-0.11231218519334
-0.11273886869715
-0.11231570076582
-0.11262434510223
-0.11472895021201
-0.11977765621298
-0.12758066040378
-0.13769328107799
-0.14849354008741
-0.15785390467565
-0.16360350883414
-0.16434701420165
-0.16179818593839
-0.15687760726934
-0.14970186527763
-0.14079993898379
-0.12861041743948
-0.11485451729006
-0.10470177323425
-0.09796245899617
-0.09331246477012
-0.08875532751292
-0.08253157962209
-0.07291243832888
-0.0579042683332
-0.03942798608256
-0.02096391280376
-0.00150496881425
0.01741224456194
0.03444389401107
0.04968512735604
0.0604980729966
0.06860131472004
0.07444385227288
0.07838266911317
0.08002222512378
0.07913729438929
0.07479514203201
0.07130677702254
0.06656652429425
0.06124757776498
0.05749122677913
0.05653151370389
0.05881419020251
0.06164147473411
0.06680646211625
0.07406711282598
0.08239531297561
0.0894833949317
0.09525378682314
0.09782344103209
0.09936929939347
0.10340410664766
0.10888343206511
0.11118815731724
0.10947748738933
0.10665776898111
0.10448724688727
0.10580069533729
0.10867096920633
0.11216395795787
0.11494569289816
0.11886261383592
0.12154812908586
0.12330190298943
0.12641314642456
0.128926818963
0.13242638030657
0.13497142550814
0.13736656211349
0.13716693873682
0.13541136883426
0.13215048429211
0.12827487133103
0.12754439650936
0.12922319700845
0.12813298741113
0.12065983562987
0.10568021055424
0.08741264631344
0.06824872572759
0.04802417220857
0.02331519264238
-0.00781920639442
-0.04158043354832
-0.07149486015041
-0.09476088063331
-0.11204996934137
-0.12149661830642
-0.12419417057084
-0.12156937537173
-0.11640656611603
-0.10933525955472
-0.10002946276547
-0.09024375211948
-0.08000892708873
-0.06910461477634
-0.05837386474895
-0.04943972511159
-0.04395535561188
-0.04215660530816
-0.04166694720161
-0.04100464391591
-0.04167134166721
-0.04511767265786
-0.05081037803996
-0.05613475077893
-0.05988712763937
-0.06083591186972
-0.05909413676788
-0.05687577231806
-0.05558716215189
-0.05631461816675
-0.0567655285505
-0.05641121998456
-0.05547730051178
-0.05418502192214
-0.05331212820214
-0.05231412595702
-0.04982571204263
-0.04738586652636
-0.04454551323617
-0.04093872693185
-0.03599032938489
-0.03035496604701
-0.02327722445956
-0.01431024478967
-0.00552551316159
0.00094115123466
0.00577895154618
0.00985870463032
0.01158139628761
0.01013078319162
0.00494740783688
-0.00449697129116
-0.01697539646812
-0.03118044539378
-0.04509608245728
-0.05567669461198
-0.062178172729
-0.06469127207627
-0.06427567026833
-0.0623490601219
-0.05812972352507
-0.0528039751273
-0.04694145230915
-0.04018436914493
-0.03520480910493
-0.03202192441662
-0.03120574605184
-0.03150071022575
-0.03151257910416
-0.03083215533508
-0.02855317783011
-0.02390670681909
-0.01774532594838
-0.01041327472576
-0.00208229574535
0.00478267269583
0.00932081439779
0.01419650455601
0.01823799139792
0.02132273811609
0.02338907316237
0.02367282571708
0.02169024918522
0.0200871710604
0.02039390858086
0.02215741144916
0.02235620943055
0.01993762930652
0.0169602718639
0.01602417044341
0.01734694280306
0.02023735860966
0.02417512459948
0.02681194917052
0.02700464839791
0.02703757631974
0.02900618609353
0.03302920471608
0.03776926638065
0.04432838842257
0.05424371669752
0.06165374102506
0.06272442391
0.05805689003427
0.05024456193384
0.04257537877388
0.03310099499895
0.02275023632301
0.01310029555782
0.00592763351331
0.00309644478561
0.00346750925784
0.00566701877533
0.00980610478767
0.01466738874125
0.0201159643633
0.02646327698437
0.03348186906479
0.04346730244059
0.05056348549849
0.04971267874474
0.04188873397002
0.03147225701628
0.02159149598991
0.01228614246849
0.00371688715621
-0.00337211114148
-0.00932655777328
-0.01653118095719
-0.02512388208091
-0.0323168045225
-0.03521492783964
-0.03640082597018
-0.03800031973957
-0.03803200192594
-0.04027057709627
-0.04697832760748
-0.05701918474774
-0.06500671828117
-0.07152137979501
-0.08022922356011
-0.09021390796612
-0.10255876431636
-0.11357305290709
-0.12660822248465
-0.14277076127548
-0.15914786462603
-0.17483499866396
-0.18770952186413
-0.19475553158865
-0.19446683430481
-0.18530574917855
-0.16846386421804
-0.15006171469151
-0.13057344433132
-0.11223461332224
-0.09654411656281
-0.08280881308261
-0.06716405697821
-0.04813112968011
-0.03127633263327
-0.01515498718089
-0.00077429719694
0.00825027672128
0.01388490255319
0.01554797850797
0.01443025955597
0.01173399506104
0.00786958225534
0.00482854327419
0.00232199244493
-0.00134240339283
-0.00750700063024
-0.0130443138873
-0.01549584486081
-0.01328352566715
-0.00724445614866
-0.00125873888176
0.00490120098637
0.01156315352344
0.01892852625916
0.03002666889617
0.04337475117369
0.05470303388504
0.06485925530059
0.07228498506607
0.07669462112993
0.0817178392304
0.0843610529723
0.08640898858215
0.08682527821949
0.08686819113144
0.08728035379238
0.08792091402652
0.08876105942458
0.08902270208539
0.08773248698395
0.08353989930819
0.07610163576256
0.06564406864478
0.05310944780592
0.04122478753632
0.03051674734292
0.02014766183477
0.01217064062731
0.00659499616636
0.00142288783931
-0.00178674042029
-0.00145105063192
0.00085953263393
0.00170907760285
6.196590093e-05
-0.00297417623166
-0.00733083987862
-0.01368263103334
-0.02185295522954
-0.03031465924423
-0.0389873931398
-0.04590095749228
-0.05117584472727
-0.0546985247812
-0.05385585734201
-0.04774407279223
-0.03842123311898
-0.02906875564119
-0.02198608460971
-0.01724987861105
-0.01315963994985
-0.01037237180417
-0.01099971425002
-0.01328475993879
-0.01730931471366
-0.02398192096387
-0.03244279576201
-0.03965978459001
-0.04377411256526
-0.04294986366886
-0.038710350743
-0.03333251455336
-0.02710233163638
-0.0192689024585
-0.01119817213799
-0.00455775248238
0.00252071705786
0.01168860214198
0.02020349829686
0.02454498575239
0.02512504756962
0.021845247719
0.01330193274612
0.00137270877402
-0.01117605460154
-0.02155483850422
-0.02867285250298
-0.03206901398153
-0.0328949862727
-0.03040136778252
-0.02420759778966
-0.01585800232445
-0.00818571246837
-0.00189160268705
0.00544431490105
0.01423302065455
0.02118970426779
0.02446985949693
0.02675989577012
0.02807541917216
0.0278342203296
0.02605466810866
0.02247196729712
0.01855365923674
0.01492958548685
0.01034448414332
0.00629000496832
0.001737694745
-0.00339243917512
-0.00685806416253
-0.00774894844259
-0.00646872597381
-0.00225093470037
0.00518760168426
0.01248729435494
0.01854973096662
0.02653195674986
0.03395913095707
0.03701737713702
0.03754450283944
0.04002830829686
0.04697962684079
0.0573481964769
0.06910193988423
0.08187260084516
0.09521416020721
0.10601728517247
0.11253232881375
0.11779880924497
0.12337439256553
0.12764436104867
0.12893591359616
0.12767061320406
0.12433353244961
0.11993753833549
0.11810393800889
0.1180306841779
0.11797405289072
0.1188399536785
0.11805632492939
0.11512521637129
0.11227634163911
0.10821661967558
0.10205626672769
0.09392478578615
0.08438138215231
0.07590675076619
0.06647210060287
0.05473845709908
0.04242615800706
0.03185712431391
0.02645623437558
0.02564554718217
0.02722273235139
0.0285947991513
0.02982737032783
0.03129156423318
0.0300132256527
0.02566496307759
0.01996326623673
0.01269617667957
0.00355880065056
-0.00522871477595
-0.01184986374457
-0.01638795194868
-0.0182058086246
-0.01978052142926
-0.02303718728442
-0.02621723276582
-0.02944095923533
-0.03236608749893
-0.034537114001
-0.03467595236518
-0.03253055132949
-0.02874468481988
-0.02484211658891
-0.02159683813157
-0.01783318851154
-0.0154383499656
-0.01716309746855
-0.02173129731524
-0.02609755809296
-0.02920220218713
-0.03187407930859
-0.03558580927282
-0.03892300466551
-0.03985902583923
-0.03952550500624
-0.0388121112813
-0.03773039255578
-0.03729312412178
-0.03944392079697
-0.04258997604224
-0.04640185014568
-0.05110943097752
-0.05690175698424
-0.06494607465583
-0.07515625246646
-0.08466194012159
-0.09236073815845
-0.09827993047652
-0.09926226549644
-0.09611659237862
-0.09220907177598
-0.08667128085962
-0.08123276665317
-0.07374448262513
-0.06805556030472
-0.06500469300572
-0.0600373037248
-0.0543524319553
-0.04979510363438
-0.04657029192293
-0.04404916789935
-0.04073126994258
-0.03790060740437
-0.03570413121454
-0.03592664020382
-0.0378795101482
-0.04049438914013
-0.04261240692319
-0.04547721636978
-0.04845716081521
-0.05223789153198
-0.05494289528154
-0.05619264308668
-0.05874124207347
-0.06190304096943
-0.0620413711041
-0.05849454059572
-0.05087094523981
-0.04072198424569
-0.03047325359726
-0.02040345030313
-0.0104368137763
-0.00091012707175
0.00707626275425
0.01294164770696
0.01768724257691
0.0208045465533
0.0216279280204
0.02128450244406
0.01916196027206
0.01473689772329
0.00962188114699
0.00434356240755
-0.00123512799126
-0.00627348559892
-0.00857553978022
-0.00584563660641
0.00193741136076
0.01370696108769
0.02766055487019
0.04260396190669
0.058953743145
0.07243607825737
0.08250043623542
0.0903580082252
0.09490085391599
0.09616546647869
0.09441524636034
0.09223685244115
0.08807857980985
0.08233673283847
0.0751920195952
0.06727449180948
0.06147345329705
0.05771030044269
0.05716106866764
0.06046249693158
0.064483815087
0.0696157102325
0.07388552586466
0.07933691776597
0.08400502483286
0.08912243734823
0.09224262256555
0.09453229199639
0.09476072778233
0.09243529122274
0.08749014175906
0.08047993737603
0.07181214056704
0.06218856659548
0.05163317485207
0.04380326888923
0.03819267123099
0.0368238448718
0.03854871083425
0.03944139875584
0.04175919276655
0.04589086932776
0.04833400114005
0.0470169989048
0.04315556287189
0.03671874071837
0.0252372745786
0.01248113063927
0.00252781240023
-0.0055926797024
-0.01154604949905
-0.01468251716675
-0.01347018728092
-0.01237688627258
-0.01020391092055
-0.0062547269627
-0.00388902563436
-0.00471939239113
-0.00713791519604
-0.01006517955205
-0.01183060452139
-0.01340153426436
-0.01354380031171
-0.01389146750268
-0.01565079371802
-0.01844729024147
-0.02134284184091
-0.02646151537686
-0.0335480038615
-0.04205595293945
-0.0516292389394
-0.06295434999297
-0.07300074798115
-0.08236825835259
-0.08772098494789
-0.09050749648123
-0.09156644805365
-0.09121737463369
-0.08877420460865
-0.08342602532993
-0.07740679204705
-0.07135190627366
-0.06172642166488
-0.05198098725147
-0.04469374047165
-0.03943100488937
-0.03410006720092
-0.02812188969061
-0.0225939270921
-0.01931647350399
-0.01982897518914
-0.02348204094819
-0.03007736574415
-0.03701417490904
-0.04210371886993
-0.0475162484102
-0.05439400742119
-0.06150089004751
-0.0659944795108
-0.06910392694694
-0.07144835524049
-0.06869543270946
-0.06005109852552
-0.04798133572212
-0.03594960988447
-0.0266880519894
-0.01874280850017
-0.01118922271325
-0.00365361793321
0.00062312031973
0.00133038624897
-0.00105204844014
-0.00843335780091
-0.01972280872141
-0.02755876758297
-0.03144508011247
-0.03380282936871
-0.03454359488245
-0.03380720472794
-0.02961737219106
-0.02080196337178
-0.01002006558603
0.00349449968346
0.02092731645847
0.03905063523176
0.05378054002282
0.06421651694002
0.06990945159859
0.07228059060046
0.0694921684299
0.06072112078558
0.04815371341204
0.03515886592235
0.02111381375744
0.00823793782612
-0.00139824291194
-0.00842809972728
-0.01261393903238
-0.01551575752191
-0.01798042603694
-0.01717906275315
-0.01346211292804
-0.00823226705485
-0.00032781876549
0.00609111527634
0.01095161968994
0.01808235089004
0.0242310030956
0.0287096551971
0.0312828899402
0.03164362971103
0.03196028725993
0.03255391078013
0.03256891310358
0.03047036853506
0.02550346837727
0.01882708288664
0.01092812267342
0.00324557880951
-0.00378108953444
-0.00923905823118
-0.01292893814817
-0.01569012991709
-0.01784783163519
-0.01767228610876
-0.01466779379634
-0.0101638830708
-0.00337619035195
0.00405645477388
0.01169416209629
0.0194196670202
0.02703826032787
0.03306948859121
0.03673187061734
0.03741827085964
0.0341200715726
0.02571797561787
0.01380836242619
0.0033642595689
-0.00413058367672
-0.00975207196711
-0.0144009236321
-0.01770853471808
-0.01856064834769
-0.01761874241133
-0.01551468374379
-0.01265568263435
-0.00781109765006
-0.00147460229266
0.00428806986015
0.00799249736893
0.01153026763562
0.01468675113883
0.0156578821821
0.01563773260198
0.01558781911527
0.01505883245219
0.01402487965715
0.01289028213595
0.00957817723123
0.00620648337292
0.00616667715709
0.00853264215337
0.01181135294077
0.01405374174299
0.01433395197629
0.01126295802482
0.00589261153308
-0.00078633459355
-0.0061062054891
-0.00857280756899
-0.00861266346139
-0.00714663916558
-0.00476494580371
-0.00199112510491
0.00115561758763
0.00474339763715
0.00717390013743
0.00918715386048
0.01107793573778
0.01255469781476
0.01481967799145
0.01646676573398
0.01706518495361
0.01825507249466
0.01926316672557
0.01805455111849
0.01518802209841
0.01263311036624
0.00998868528034
0.0076656484811
0.00626833834225
0.00677687736581
0.00868081206973
0.01214045255925
0.01600765871656
0.01877208328365
0.02155100194468
0.02396642569602
0.02454696517255
0.02556277455655
0.0275255607081
0.02777316782789
0.02711193067777
0.02536746539872
0.02285301714158
0.02159273408282
0.02259835594917
0.02454650279834
0.02685477419315
0.02781279444382
0.02681315669324
0.02559450641949
0.0248745133536
0.02563036143755
0.02756263089142
0.02654029477068
0.02399839447797
0.02147137040666
0.02002019558332
0.0185625895551
0.01917330563587
0.02394942484604
0.02887726011525
0.03178817323794
0.03698324169246
0.04338277585001
0.04993117921714
0.05711727686257
0.06624267128558
0.07189731677427
0.07343048850451
0.07392484677863
0.07444839958946
0.07277636274612
0.06607373274265
0.05438754946739
0.04056645837604
0.0247625270849
0.00831880745706
-0.00780586632535
-0.02159140045804
-0.03150591480154
-0.04070639344598
-0.0482727461108
-0.05384660985787
-0.05842033144612
-0.06084473901367
-0.06109212832082
-0.06052463085395
-0.05820569046091
-0.0537418687255
-0.0476295491973
-0.03985478422461
-0.03448678781665
-0.0301257048658
-0.02378994013608
-0.0210849516716
-0.02107805044997
-0.02728483570356
-0.0377433810676
-0.04664625885877
-0.05419637110723
-0.06193498682373
-0.0719066406839
-0.08004396817533
-0.08505958193967
-0.08854683877955
-0.08899709954665
-0.08691007229928
-0.08646676625167
-0.08420220259389
-0.07932350509269
-0.07439941085116
-0.06864246984574
-0.06059211456054
-0.05002174342133
-0.0395053286772
-0.02901531129689
-0.01867876011931
-0.00973159375739
-0.00334110990622
0.00054392287848
0.00402088635141
0.00224835801501
0.00036142878482
0.00142071964819
0.00190283379475
0.00092832512701
-0.00149857200084
-0.0039620616527
-0.00387330873259
-0.00326794281816
-0.00303958842537
-0.00334399076502
-0.00479522940364
-0.00744901279063
-0.00997067943519
-0.00939109527727
-0.00779449421262
-0.00555486819183
-0.00364806332868
-0.0044466451068
-0.00508656336683
-0.00487936240295
-0.00344147682573
-0.00098102776194
0.00070236705542
-0.00122651751356
-0.00483744302236
-0.00741331444483
-0.00990164811246
-0.01061669644922
-0.00983693865111
-0.00682181173193
-0.00039841868317
0.00788631561611
0.01663827217333
0.02728694504705
0.03778489921437
0.04995062950403
0.06034873759154
0.06803568967764
0.07307950444733
0.07586846159632
0.07621482191143
0.07437067486738
0.06997043913863
0.06350075402494
0.05451189373762
0.04368989167664
0.03508824494945
0.02717271186899
0.02210687509471
0.02066923140416
0.01824108663021
0.01445737531938
0.01212115512333
0.01139085225901
0.01331407675629
0.01463325329669
0.01624127232936
0.01845909415821
0.01888747048659
0.01820029834686
0.01562013945447
0.01012862799283
0.00298492968006
-0.00509684641635
-0.01247498985124
-0.01984265535163
-0.02567302596665
-0.03017564510143
-0.03284366273571
-0.03284329589337
-0.03259493598251
-0.03365156804134
-0.03708838405863
-0.04312483982541
-0.04955703823686
-0.05451731994732
-0.05713561897988
-0.06159432020754
-0.06767159864914
-0.07376725742078
-0.07881967005796
-0.08093619754399
-0.07858080219281
-0.07295924894075
-0.06642762096841
-0.0597371808304
-0.05374561357445
-0.04606752684505
-0.03657499583781
-0.02864375731941
-0.02348794099592
-0.01929447824832
-0.01549936043329
-0.01158276812513
-0.00675805376793
-0.0045067117197
-0.00689381600618
-0.01198004310086
-0.01694682479915
-0.02139907953683
-0.02598046660161
-0.03053769556939
-0.03388380217407
-0.035005223941
-0.03469560900089
-0.03278811669047
-0.02842167631286
-0.02263525035388
-0.01644416671695
-0.01046339074002
-0.00641426134924
-0.00341137167932
-0.00211828336163
-0.00058084594274
0.00087732486984
0.00102552077086
0.00031381757774
-0.00141199185737
-0.00340464623631
-0.0035303684581
-0.00210824219879
-0.00086431763378
-0.00080920836021
-0.00010047494694
0.00047451439596
0.00080944871837
0.00290395190705
0.00719067171094
0.01231059098235
0.01796933287724
0.02544642057117
0.03487113542095
0.04396670479697
0.05099708550903
0.05702732406229
0.06497725625525
0.07219006460901
0.07542775401532
0.07721068424286
0.07829206669623
0.07894237118018
0.07979646422995
0.07993330406759
0.07810398356836
0.07348345136823
0.06645433167673
0.05733065682722
0.04661496262112
0.03474822794991
0.02513457018552
0.01624850600187
0.00673845445133
-0.00125429168257
-0.00684019970453
-0.00757791584127
-0.00401380935115
0.00143890050771
0.00613246528704
0.01067502056098
0.0139753444766
0.01544632878663
0.01399692321336
0.00894006643401
0.00232748246992
-0.00428252901222
-0.00955243712661
-0.01477355520898
-0.02184088764486
-0.03051921588621
-0.03850843460167
-0.04495824908828
-0.0485644239887
-0.05021445029127
-0.05299756089036
-0.05671096075152
-0.05754434249383
-0.05424287601714
-0.05110809353147
-0.05069199495786
-0.0509537522569
-0.05030684870719
-0.04889129580417
-0.04703492068192
-0.042218968507
-0.03579682004732
-0.0277923468043
-0.01968856245989
-0.01379397150665
-0.00804810455456
-0.0014497651552
0.00479971175855
0.01172477814709
0.01693607555415
0.01842056424804
0.01731691522852
0.01623281202775
0.01413040415077
0.00849063488347
0.00108889469679
-0.00535624216779
-0.01171714324076
-0.01885039266072
-0.02505713970157
-0.03067267062511
-0.03615986404663
-0.0402465030673
-0.04161146229676
-0.04044566789104
-0.03997167700968
-0.04017011579128
-0.03872689686132
-0.03569149425997
-0.03301663654445
-0.03113543460217
-0.03099140312603
-0.03251568657192
-0.03440476033955
-0.03567391257628
-0.03773411065581
-0.04158884035208
-0.04468067171307
-0.04528940073113
-0.0449857240515
-0.04502672632622
-0.04524243726828
-0.04547320403162
-0.04568207489244
-0.04588360890632
-0.04593588394064
-0.04547931807073
-0.04396574947836
-0.04132303250214
-0.03835569826236
-0.03390428038378
-0.02784722412651
-0.02151732505305
-0.01563110651211
-0.00793816266769
0.00029863821465
0.00697798339696
0.01422959297137
0.0228840344262
0.03047593995319
0.03605242891579
0.0419521671257
0.04627066579421
0.04845953000536
0.05136232291987
0.05513029058001
0.06003990219142
0.06495004878125
0.06790534600654
0.06884232249888
0.06975801449259
0.0717916203233
0.07415244188419
0.07883763004782
0.08701993393939
0.09455055768821
0.09907215709313
0.10282357863495
0.10464044177951
0.1049015494619
0.10475550035285
0.10285785546666
0.09850060907535
0.09338090379531
0.08893538596447
0.08554782617468
0.08293743718021
0.07969393943676
0.07681919467663
0.07479456884085
0.07068207507732
0.0636173793208
0.05741445737566
0.0532436509642
0.04993859248955
0.04680728736361
0.04273098106902
0.03946264504172
0.03889545327681
0.03939485563318
0.03908800729577
0.03712369645572
0.03331765743835
0.02867815261063
0.02271646389952
0.01692285394459
0.01132338001624
0.00430504013993
-0.00327881549032
-0.00863889268914
-0.01128590095655
-0.01206057263838
-0.01225211401961
-0.01243352902359
-0.01206935774832
-0.01104974619625
-0.01039831443633
-0.01161373955446
-0.01293980585268
-0.01442256733052
-0.0173645321293
-0.02015608392363
-0.02218101928264
-0.02212285948569
-0.01955160798402
-0.0152391201802
-0.01080799709017
-0.00747862002498
-0.00462731496226
-0.0007157407517
0.00277701260934
0.00390417316623
0.00337945333819
0.00143765209735
-0.00235716765827
-0.00698263770923
-0.01238504087223
-0.01977015049043
-0.02900813876477
-0.03748416873733
-0.04317497494604
-0.04638159739116
-0.04654556827732
-0.04295013115807
-0.0353676871066
-0.02550657125211
-0.01390120793122
-0.00298558770351
0.00590558093853
0.01299741920739
0.01828532170311
0.02368299412836
0.02716009402079
0.0279064844505
0.02612114682006
0.02360711508184
0.02115495359804
0.01906498014809
0.01750342781259
0.0172151279413
0.01728698700712
0.01610473055112
0.01366416663525
0.01119608572215
0.01135374768421
0.01395820988202
0.01670236258821
0.01682109722757
0.01400576946368
0.00954005237616
0.00572287434379
0.00378435710621
0.00251282077636
0.00227037505195
0.002121663661
-6.580796311e-05
-0.00510439725464
-0.01218117970221
-0.02056202172851
-0.02968259752445
-0.0398531410766
-0.04927720630972
-0.05840795051694
-0.06615138103924
-0.06933488477401
-0.06843661779174
-0.06637484916841
-0.06539813142191
-0.06396905120738
-0.06087985652576
-0.05825219537083
-0.056864270282
-0.05376942011421
-0.04751575164452
-0.04059997095287
-0.0329630049577
-0.0269784573829
-0.02517554189005
-0.02399046151224
-0.02158658947353
-0.0202003228178
-0.0199094091948
-0.01977532067475
-0.01996217717352
-0.02046357805642
-0.02078560831719
-0.0200986081348
-0.01748083261684
-0.0128378618932
-0.00837519800395
-0.00574513708867
-0.00461839610772
-0.00287344781959
-8.942397411e-05
0.00116551698119
0.00041772720078
-0.00192629527342
-0.00613665340383
-0.01062729666452
-0.01410083130789
-0.01714056723446
-0.02120775214696
-0.02455351483694
-0.02467125976621
-0.02220030143346
-0.01845463855221
-0.01528256042802
-0.01309929820519
-0.00993368949862
-0.00604501542151
-0.00150446058475
0.00527708064652
0.01209908726345
0.01828374733805
0.0244200377208
0.02922895875075
0.03407264955682
0.03811294033983
0.04217120257652
0.04646211164358
0.04941240299936
0.05121107687759
0.0503571366788
0.04711887408133
0.04393185477409
0.04066283091738
0.03838275288538
0.03804128380155
0.03736703139069
0.03466763345073
0.03064549754258
0.02791904880086
0.02707852509663
0.02470738609476
0.01841483615766
0.00995783995307
0.00221612709363
-0.0050134356379
-0.01158042950518
-0.01773894824134
-0.02314280348863
-0.02534108332
-0.02582427583021
-0.02586421961191
-0.02348261796063
-0.01708402383659
-0.00782928309511
0.00127804434235
0.00892650090975
0.01564947155706
0.01960857554335
0.01991407114961
0.01792143320215
0.01378731484658
0.00799457232095
0.00076776090701
-0.00784381158053
-0.01915790972116
-0.03209904155607
-0.04299778245032
-0.05121776410786
-0.05739802589558
-0.06223285516622
-0.06497416102296
-0.06412320141823
-0.06077278441599
-0.05720065707082
-0.05303703465531
-0.04636352276306
-0.03941568157887
-0.03332815065795
-0.02845931586608
-0.02679735190216
-0.02588318841823
-0.02336160202043
-0.02100173577816
-0.02231043056278
-0.02727429280739
-0.03269583673406
-0.03692150136135
-0.0394893175373
-0.0406718873378
-0.04240529384862
-0.04495018619922
-0.04564535244508
-0.04396364777741
-0.0406732629966
-0.03665610620905
-0.03116368528409
-0.02203795076766
-0.01213392964378
-0.00552359106055
-0.00238959499316
0.00144846859678
0.00447592371155
0.00525462301664
0.00554719125148
0.00558787253915
0.00551683122607
0.00558425379226
0.00698705510248
0.0109515203368
0.01690493981003
0.02163080161878
0.02716745761664
0.03156271804606
0.0363089434263
0.03950681897423
0.04338564180584
0.04760822648594
0.05217774467231
0.05846832665307
0.0631226007065
0.06715347204801
0.067903932135
0.06793977568923
0.06852733484691
0.06837135042433
0.06620854730484
0.06153207164693
0.05616165255098
0.05067105437393
0.04518068547335
0.04084808630217
0.03943952633137
0.04192583854482
0.04582174247316
0.04789795551387
0.04858952976176
0.0505810633609
0.0532685274608
0.05311907741751
0.0502394414261
0.04519077363787
0.0399416417926
0.03521091168021
0.03128118183053
0.02837337540396
0.02550424409598
0.020438884981
0.01501664176111
0.01038966689228
0.00640089453125
0.00282865866189
-0.00076972083867
-0.00048234571579
0.00509322766946
0.01173274932557
0.01695062696721
0.0196444152763
0.02322312285605
0.02631107944476
0.02720148988679
0.02703965509304
0.02486683259198
0.01941724051093
0.01155142221091
0.00177175605683
-0.00768664638414
-0.0159976966541
-0.023645644992
-0.03129533965232
-0.03641063900294
-0.03872055354575
-0.0388934662141
-0.03995711795407
-0.04276414973115
-0.04588609273471
-0.04757295612287
-0.05053983180971
-0.05480471799785
-0.06273581130782
-0.07087539335117
-0.07487729943244
-0.07629992169317
-0.07486518599247
-0.0725607664423
-0.0702973109541
-0.06976695627478
-0.06851445715205
-0.06644982257289
-0.05976381511323
-0.0490088382059
-0.04070444459602
-0.03510813468291
-0.02938848931601
-0.01945092122383
-0.01142732632352
-0.00654067292894
-0.00190739028239
0.00085152171419
0.00092472625074
-0.00031643052699
-0.00377059555057
-0.00921967672723
-0.0141077516359
-0.01766331757765
-0.01923386519317
-0.01892452156355
-0.01805133742669
-0.01592547456721
-0.01240222132211
-0.00806902603211
-0.00199128865545
0.00424673895583
0.01238924427412
0.01868822923737
0.02427100037515
0.03143790375908
0.03551032381756
0.03668796035277
0.03553578114787
0.03343429037676
0.03115580963747
0.02921275654713
0.02598792572931
0.0222925622835
0.01845719880609
0.01713298964724
0.01721659913196
0.01689757239291
0.0171591271644
0.01906320707675
0.02273097709984
0.02626156337058
0.02746418339806
0.02709594246552
0.02660539782329
0.02540440948
0.02335945064293
0.0216412489831
0.02046532055757
0.0185678820202
0.01751177347597
0.01781260330614
0.01750105480117
0.01580612470267
0.01283438835474
0.00985100476232
0.00767128868217
0.00626029073829
0.00626061936789
0.0068649309927
0.00890319495695
0.01276187202972
0.01664116105681
0.01969265122354
0.02296966536509
0.02455349955184
0.02244993000743
0.01879532809606
0.01370053752536
0.00763243396368
0.00253117053621
-0.00358992072746
-0.00982643014641
-0.01515484197246
-0.02006547386414
-0.02346914414696
-0.02440550541411
-0.02341757222714
-0.02039270105814
-0.01534439629098
-0.01068168104232
-0.00580388536189
-0.00119277642453
0.00370794231701
0.00797623020365
0.01154811680852
0.01384584530716
0.01295612269453
0.00732793953132
0.00013103023948
-0.00578254354415
-0.0080944718986
-0.00879871367125
-0.01145920339489
-0.01552202823326
-0.01787698031661
-0.01881897032101
-0.02238711589821
-0.02975299686343
-0.03771018565655
-0.04254798023616
-0.04521385413548
-0.04623646538798
-0.04648874592642
-0.04517732275185
-0.0451793480273
-0.04499164702688
-0.04290324412071
-0.03954946439697
-0.03680568999694
-0.03454975859812
-0.03440701871274
-0.03573132340344
-0.03772637257507
-0.03936355939553
-0.03847480738661
-0.03780964578764
-0.038048781142
-0.0392841533127
-0.04158100673948
-0.04300099232085
-0.04037780205701
-0.03683120464637
-0.03480141244755
-0.03127317626058
-0.02708422261681
-0.02100394829606
-0.01609202481361
-0.00858199773402
-0.00175732081051
0.00631413249512
0.01527277414418
0.02072143001299
0.02338653201487
0.02743277634345
0.02945332105814
0.02876681764143
0.02818967527787
0.02279026035148
0.01703559300435
0.01212887791897
0.00850476213507
0.0061652709281
0.00404166262053
0.00123323837105
-0.00124156454592
-0.00465728139641
-0.00835997022532
-0.01319376393059
-0.01716550487144
-0.01997803928371
-0.02272747681245
-0.02568582723602
-0.02647586426237
-0.02480554699253
-0.0206386688512
-0.0178280680038
-0.01532994040978
-0.011336632196
-0.00809805243275
-0.00529936631904
-0.00268717406517
-0.00261933115878
-0.00298684910621
-0.00027726536816
0.00134001891758
-0.00042124544816
-0.00307261493609
-0.00451499242141
-0.00426965131736
-0.00361462297394
-0.00223824042668
0.00026639850434
0.00296314497661
0.00590367412258
0.00984831840639
0.01431153255916
0.02059950843075
0.02799537111522
0.03421733447089
0.0397809954152
0.04285414074418
0.04378913017381
0.04485224693536
0.04438200090295
0.04199985663069
0.03869032726494
0.03322187719454
0.02604036507843
0.01725237390325
0.00882284119806
0.00330021615569
-8.148653749e-05
-0.00315135802781
-0.00679856309825
-0.01058266800035
-0.01258035385134
-0.01395366638671
-0.01603213780061
-0.0172350406024
-0.01701966975377
-0.01713067013366
-0.01760251345878
-0.01765489548879
-0.01639957626553
-0.01287876863607
-0.00767976809015
-0.00399369034123
-0.00070555858383
0.00316880099924
0.00733208943536
0.01286745384246
0.01822423863121
0.02391409334258
0.02942638489462
0.03471781442665
0.03825133925744
0.03969444354916
0.03903313379483
0.03716775957127
0.03668084513976
0.03650463853285
0.03506393400147
0.03298231767872
0.03233871571013
0.03255284082329
0.03212086485438
0.03058722692866
0.02833693573091
0.02683007347518
0.02519439605813
0.02275851320344
0.02179426809671
0.02200915746477
0.02246529535195
0.02392832758987
0.02697990564592
0.03082410390983
0.03598023357782
0.0413403046626
0.04766688304857
0.05374343544802
0.05814118734839
0.05767797246094
0.05385322066264
0.04814870754253
0.04329381658108
0.04080028215894
0.03655663079286
0.03141022626832
0.02623841791131
0.02090696435081
0.01558949283347
0.0101649301
0.00470060700599
-0.00017704021793
-0.00350040240608
-0.0051273057949
-0.00606938368861
-0.00555060747083
-0.00591544364785
-0.00525181437993
-0.00576708648905
-0.00601042906657
-0.00392417753792
-0.00426197055574
-0.00685226728921
-0.01006218367289
-0.01141536191325
-0.01140116587871
-0.00950437313672
-0.00877751706194
-0.00822413156157
-0.00699754832209
-0.00658807965962
-0.00909480512113
-0.01180970597149
-0.01552833333608
-0.01976455996593
-0.02426296041373
-0.02537743892501
-0.0249568694603
-0.02331269735017
-0.01888596490446
-0.01335175070098
-0.01079600593098
-0.00797385719222
-0.00782843095091
-0.01131418985122
-0.01915959108191
-0.02417376422578
-0.02767949692758
-0.03022941043278
-0.03163996128757
-0.03394657042799
-0.035213693568
-0.03795555350953
-0.04155972224086
-0.04322644751273
-0.0440410285848
-0.04260740105368
-0.04165689724983
-0.03763119227136
-0.03527615229869
-0.03495493214811
-0.03280651994817
-0.03013188768784
-0.02987749016337
-0.03100969174549
-0.03402771136942
-0.03916256036006
-0.04348755519511
-0.04663597963053
-0.04934728848293
-0.05295587078624
-0.05334254554667
-0.05021467956773
-0.04753982567349
-0.04259127527555
-0.0363843639199
-0.02949123574312
-0.0228229666394
-0.01893768585399
-0.01566095066547
-0.01557123096293
-0.01552587243534
-0.01540204021589
-0.01616773190279
-0.01771897826112
-0.01898378188754
-0.01911737364191
-0.02089112516826
-0.02482521127079
-0.02897106093889
-0.03055745155824
-0.03022123290549
-0.03039121465634
-0.03066059539788
-0.02984378652282
-0.02677709532636
-0.02146117524645
-0.01491770514462
-0.00620692281948
0.00437181308947
0.01420045193251
0.02277403139894
0.02987236583434
0.03621275812741
0.04307050130289
0.04846579689544
0.05083108934742
0.05240747969156
0.05124252596622
0.04813625018786
0.04422792711759
0.04127331772169
0.03854756445192
0.0349823956475
0.0330344933599
0.03183243505976
0.02927921615217
0.02695176960223
0.02695509793226
0.02781659661189
0.02970516215001
0.03272061387752
0.03510199389488
0.03550664775155
0.0362393694826
0.03787130969325
0.03783390323777
0.03685000149533
0.03511883807261
0.03316483320972
0.03026953381439
0.02440688871546
0.01795380321792
0.01304391647475
0.00798847738822
0.00258017455961
-0.0023691691349
-0.00577250887748
-0.00685293219096
-0.00664542552512
-0.00666098575464
-0.00692364869572
-0.0072397712662
-0.00741102550144
-0.00730894397609
-0.00659738446288
-0.00486537653851
-0.00241954270306
-0.00084367778415
-0.00081087825714
-0.00123091771108
-0.0028243241903
-0.00610126075998
-0.00959230066156
-0.01202425906739
-0.01465029618069
-0.01771868784427
-0.01969770294835
-0.01916491411721
-0.01445262165398
-0.00752505615196
-0.00030028522214
0.00609738980897
0.01165438262939
0.0175685614354
0.02242699089698
0.02638345056135
0.0299861366382
0.03030615690861
0.02771315089156
0.0245998783597
0.02097457033817
0.01665834914923
0.0136096981894
0.01200300131769
0.01049636451715
0.00849218632089
0.00831877306559
0.01065258968002
0.01249942308
0.01354410219239
0.01535549327195
0.0166609552584
0.01719104626979
0.01887660278209
0.02120935326095
0.02211584744709
0.02199833179428
0.02197513283717
0.02196402821365
0.02200706722765
0.02211121988375
0.02216553929989
0.02217811893534
0.02216819508562
0.02214509548164
0.02210299267988
0.02205677818682
0.02204937637823
0.02214860723285
0.02235469620587
0.02248045434765
0.02205746601622
0.02046399075406
0.01760686971164
0.0144955536723
0.01041075268463
0.00586261835001
0.00228390389197
-0.00072625842746
-0.00466582576605
-0.0081414582891
-0.00913620098712
-0.00854397223208
-0.00676072866003
-0.00335699112279
0.00038008096033
0.00451774756028
0.01113319518744
0.01847058473044
0.02518790371286
0.03036521470506
0.0311784086545
0.02907804133807
0.02661973906626
0.02493025046256
0.02302311735194
0.02033141927997
0.01611376786517
0.01072849547547
0.00529334399053
-8.977801519e-05
-0.00494299808618
-0.0083786295084
-0.00996442400893
-0.01033500738271
-0.0092115183063
-0.00867620743403
-0.00922666965945
-0.00950522145965
-0.00931508630741
-0.00885292609171
-0.00858780224989
-0.0093129655001
-0.01177800467875
-0.01565589129812
-0.01847570523819
-0.01887633911415
-0.01856430148605
-0.01871440496727
-0.01900315574895
-0.01893615352294
-0.0182113685789
-0.01699926414827
-0.01621871152507
-0.01737180019328
-0.01869276509013
-0.02050707562336
-0.02475580546317
-0.03008964732019
-0.03534695669277
-0.04036209661907
-0.04462354366021
-0.04725621068466
-0.0479062476794
-0.04806169712356
-0.04867768656306
-0.04923456088699
-0.04887658389758
-0.04673258144834
-0.04272754192203
-0.03857947209348
-0.03465137392799
-0.02927282698131
-0.02349702798654
-0.0166653955793
-0.01001158999933
-0.00472678273589
0.00017056319597
0.00340979540362
0.00385935725962
0.0036262572261
0.00384211184807
0.0048342981135
0.0071412397048
0.01048472873649
0.01336209489088
0.01532266470325
0.01531467823967
0.01354724327998
0.01155774642011
0.01052389297821
0.00919847629664
0.00615462867878
0.00287395260994
-0.00104922107918
-0.00356541565874
-0.00385684668231
-0.0038928010535
-0.0039346592937
-0.00318543462474
-0.00128208342943
0.00087719647502
0.00096741332537
0.00055606039248
0.00071067641668
0.0015377786587
0.00303568805055
0.00441088944188
0.00447201836908
0.00592690364989
0.00624914025947
0.00598134916809
0.00635845163606
0.00741128916938
0.00888952625829
0.00925260847034
0.00668419999685
0.00421954294565
0.00137438860626
-0.00164407619614
-0.00552148553833
-0.00824906919856
-0.00916863978583
-0.0108457398178
-0.01303685858087
-0.01368375066675
-0.0143476588877
-0.01616856494062
-0.01839316188904
-0.01958155913306
-0.0220062074409
-0.02639326741538
-0.02998114223251
-0.0321497001913
-0.03417811291005
-0.03461126583148
-0.03458833818485
-0.03483870808607
-0.03493532518897
-0.03483655670856
-0.03462611148268
-0.03488470094521
-0.03612371861172
-0.03845061871941
-0.04024080936839
-0.03840464878792
-0.0342289778941
-0.02993741921039
-0.02480981153481
-0.02158929493583
-0.01822744085919
-0.01610187223784
-0.01578752655998
-0.01447726123156
-0.01119696843654
-0.00686857648851
-0.00503214077628
-0.00625424166085
-0.00682242695712
-0.00458015279314
-0.00351189144981
-0.00336160875082
-0.00350571244904
-0.00458178065605
-0.0067802133384
-0.00911416369743
-0.00906149507184
-0.00794286283525
-0.0066735195348
-0.00600903048013
-0.00699519823831
-0.0064789975595
-0.00606925376528
-0.00413388907911
-0.00348349632371
-0.00387418380444
-0.0041682881916
-0.00443645758915
-0.00411853519841
-0.00285254506628
-0.00040693439326
0.00173651244268
0.00085486036167
-0.0018999563751
-0.00438410612934
-0.00447905333532
-0.00288603624397
3.177906332e-05
0.00398789346791
0.00627693238847
0.00737915607262
0.01136939962431
0.01741288271477
0.02146274579025
0.02779815132017
0.03422920717057
0.04417825054988
0.05217996101149
0.0562067818021
0.0579682364673
0.05690928489488
0.05490246619798
0.05247515446187
0.05110534221387
0.04857386253656
0.04588101043971
0.04147576884144
0.03727381522204
0.03241023086124
0.02477083071426
0.01891604597684
0.01265499098367
0.00615887793596
0.00158219982767
-0.00336030684262
-0.00347873501576
-0.00124236586717
0.00374911769547
0.01107164974133
0.01491443031243
0.0172025559484
0.01902363777994
0.02136618218518
0.021932537091
0.02229792353154
0.02202950957243
0.01988475051084
0.01583275516423
0.01140035958981
0.00604298632479
0.00386485989481
0.00120949220743
-0.00014202007191
3.085509062e-05
0.00297394619094
0.00457526156186
0.00609854001258
0.00710145641662
0.01004376130883
0.0145959538369
0.01679974776728
0.01732240639989
0.01901343115591
0.02169685999
0.02280119683892
0.02466184796727
0.02691890664205
0.02708708857264
0.02836331780963
0.0309026387421
0.03267432295897
0.03048551224566
0.02619389242155
0.02124680557172
0.0138489787522
0.00804225800467
0.00119128650962
-0.00629479684647
-0.01157932515686
-0.01666190675573
-0.02114717348329
-0.02355300583579
-0.02386096998534
-0.0238273695192
-0.02248029767539
-0.01815109179591
-0.01197396345323
-0.00790383998068
-0.00280433968924
3.47864713e-06
0.00390900325712
0.00668280141041
0.00725110134491
0.007491249337
0.00724091000598
0.00591393042317
0.00317505948251
0.00040107943656
-0.00419306533506
-0.0094565842786
-0.01448066598709
-0.01880851913542
-0.02208883485808
-0.02436438850115
-0.02674556981225
-0.02707933138553
-0.02608842906832
-0.02409531728283
-0.02177261675574
-0.02143637517535
-0.02153533854076
-0.02141032172622
-0.02174799246326
-0.02259376659857
-0.02345557480143
-0.02269794600359
-0.01878206063121
-0.01580329695958
-0.01511332382568
-0.01384155401596
-0.01141556826207
-0.00923883659726
-0.00545909559058
-0.00068106383255
0.00105147066345
0.00330337099986
0.00714436932857
0.00988709669939
0.01147892881354
0.01492337973717
0.02013685527065
0.02314057186436
0.02309203785771
0.02668207933745
0.03207437140829
0.03310173632619
0.03195732195096
0.02944992012389
0.02510737035406
0.02041515104546
0.0148151268536
0.00690264315013
-0.0028520246087
-0.01082598765022
-0.01550152327462
-0.01793968360887
-0.01829012122381
-0.01743385004762
-0.01510773712245
-0.01166241112698
-0.0099610651087
-0.01000771522705
-0.00880203053747
-0.00533932156457
-0.00139280676693
-0.00104535471371
-0.00443077153279
-0.00708412693704
-0.00885898663297
-0.00864747527152
-0.00808825468509
-0.00833322512552
-0.00935290163925
-0.01090826733143
-0.01178281948454
-0.01024377445549
-0.0081203189989
-0.00579018609303
-0.00270067768478
-0.00156022711752
-0.00313591549354
-0.00394331065903
-0.00357726963418
-0.00394503023253
-0.00561076961559
-0.00793717677888
-0.00893751764396
-0.00902452806293
-0.00914101197164
-0.00855991458904
-0.00631757546339
-0.00244785796452
0.00097324459016
0.00313901645775
0.00560160619949
0.00801853553296
0.01042822355136
0.01231055659088
0.01347412701487
0.01430315632559
0.01298019290222
0.00977035294402
0.00640569787322
0.0027155584917
-0.00018028046759
-0.00319907389959
-0.00648208514925
-0.0083236910458
-0.01028555244893
-0.01403343549062
-0.01751576288648
-0.01863888129927
-0.01904053163423
-0.02067075609266
-0.02279987849924
-0.02304521960329
-0.02087438798622
-0.01882754526085
-0.01646231777053
-0.01153763505274
-0.00584744406922
-0.00014557385714
0.00626810524451
0.01190309027622
0.01807253021473
0.02402198702636
0.02837247358319
0.03253113216321
0.03371165758188
0.03437610460253
0.03295239709986
0.02826521423097
0.02465189354736
0.02175698392202
0.01734474174898
0.01001598446493
0.00311286403762
-0.00189669912077
-0.00787146614364
-0.01542747843983
-0.02324215280276
-0.0298396327975
-0.03615332584607
-0.03998080985559
-0.03946784197496
-0.03732658702204
-0.03286272325261
-0.02670664631082
-0.02089260782274
-0.01368278770559
-0.00893828572012
-0.00438125927989
0.00372374825447
0.01038604432411
0.01719822644446
0.02292187650697
0.02519773203071
0.02739586665365
0.02649937656399
0.02342223418195
0.01910556208263
0.01620527592415
0.01451940224607
0.01225094470964
0.01222904498583
0.01345873874271
0.01638850603348
0.02059966892428
0.02266360038894
0.02249512804149
0.02265782262199
0.0225039016876
0.02052364084805
0.01623926998155
0.01190174900889
0.01243737704694
0.01305880798124
0.01288583035123
0.01266209473285
0.01245049166082
0.01235675962011
0.01217324673648
0.01183588552267
0.01150865068612
0.01188733898298
0.01389927818763
0.01803520782729
0.02239948536357
0.02297664683349
0.02527103553827
0.02961156767519
0.03225833902359
0.03294633273733
0.0350627646915
0.03804037433824
0.03878345172301
0.03789779112511
0.03508725906065
0.0301658129623
0.02523424430797
0.02090337235283
0.01691757676459
0.01273726302233
0.00727882851224
-0.00022335165672
-0.00522934146496
-0.00740661192946
-0.00772214602368
-0.00805913275259
-0.00870209274707
-0.00839767091893
-0.00609174578662
-0.00167627272605
0.00260093554364
0.00668941985774
0.01100425774533
0.01182273651733
0.01176137831367
0.01211103256734
0.01156209120915
0.00916700045909
0.00502483449955
0.00168678696267
-0.00090972392729
-0.00476219448612
-0.00820707339248
-0.01061936369878
-0.01373713004938
-0.01613971431861
-0.01822433416307
-0.01862456298395
-0.01852827068937
-0.0186861466428
-0.01888182264297
-0.0190346315865
-0.01907510270408
-0.0190299963806
-0.01895381163212
-0.01895246272224
-0.01911283014661
-0.01939722085415
-0.01948752139041
-0.01872484086776
-0.01636178004005
-0.01247575410613
-0.0088617035591
-0.00483852444303
0.00191978458603
0.00882578357938
0.01528129940745
0.0206298493498
0.0222820232086
0.02145989129824
0.01930996205234
0.015228730135
0.01026657217879
0.00554860512302
0.00126990961332
-0.00234337897159
-0.00521245525321
-0.00762093192762
-0.00776697339412
-0.00520535150403
-0.00153348698538
0.00073988203509
0.00074877987262
0.00109294830471
0.00375023045058
0.00822247694974
0.01162139356716
0.01236059235838
0.01209933182501
0.01189073991723
0.01123231140382
0.00986116170978
0.00855530995334
0.00915532646568
0.01005034536468
0.00831571222477
0.00614447173133
0.00464686460229
0.00388768054575
0.00604823675587
0.0100221634657
0.01533086133692
0.02121571186162
0.02618170255609
0.03261142860298
0.03983552500144
0.04662887206008
0.05218477581728
0.05354518773015
0.05132468336665
0.04663307546196
0.03968764168066
0.03060978391167
0.02057560253787
0.01040683969961
0.00012167182374
-0.00960660751305
-0.01784487396878
-0.02421974179983
-0.02983991557181
-0.03494955943625
-0.03834274414201
-0.03951480543781
-0.03995513089136
-0.04039041226266
-0.03987297349093
-0.0374785973192
-0.03354151915878
-0.03068113092672
-0.03017042906183
-0.02982609784344
-0.02808217900664
-0.02570492214439
-0.02462923721121
-0.02401602583823
-0.02227570282068
-0.02004564527108
-0.01926189424118
-0.01908969615116
-0.01769693715016
-0.0150764408848
-0.01229276091582
-0.00869318153508
-0.00440873042182
-0.00019249700554
0.00136182998782
0.00110456383262
0.00121546256661
0.00112140992098
-6.753189286e-05
-0.00260752265651
-0.00559666911291
-0.00997200923869
-0.01539176098765
-0.02060480089585
-0.02501445224481
-0.02801100777022
-0.02961554944315
-0.03109662573897
-0.03174936437474
-0.02872737826795
-0.02311898548506
-0.01603705960209
-0.00667650012886
0.00387132931243
0.0144824734499
0.02453842462418
0.03249811635206
0.03640434154266
0.03647197810022
0.0338699844457
0.02867701769212
0.02226512171176
0.01642370761361
0.00920802566147
-0.00093782940079
-0.01126833073668
-0.01835245003118
-0.02083552944645
-0.02051422140656
-0.0206571905684
-0.01926976606652
-0.01573002020095
-0.01031706649922
-0.00403157445601
0.00370523647258
0.01045195366563
0.01355597871334
0.01551715610835
0.01646361700384
0.01614567168546
0.01512438641518
0.01355351399133
0.01245573444935
0.01053058402975
0.00656909938949
0.00251303247496
-0.00074569725053
-0.00456774129376
-0.0075756383617
-0.00848017223406
-0.00855778613918
-0.00844247918299
-0.00720475692852
-0.00380647846394
0.00072664628682
0.00299999696517
0.00642368843328
0.01108796276191
0.01251318348926
0.01386815390733
0.01627764704074
0.01779333644042
0.01988454416202
0.02232986556457
0.0227177975243
0.02247428298943
0.0224761401288
0.02256702149878
0.02272746152735
0.02292438708427
0.02312057513522
0.02303836805822
0.02218381263426
0.01969320912961
0.01573830472393
0.01243811837419
0.00956508172373
0.00474989762497
-0.00033396291624
-0.00451135074687
-0.00761904039678
-0.01066224604053
-0.01581971697585
-0.02080035079397
-0.02365557648427
-0.02401099704107
-0.0232784587312
-0.02134780567641
-0.01799032695901
-0.01493767894611
-0.01192814637271
-0.01198634056114
-0.01606697253839
-0.01998096637993
-0.02366273373129
-0.02907407485521
-0.03377831589319
-0.03974339407472
-0.04468625077375
-0.04921193894231
-0.04984550624423
-0.04788545994645
-0.04439212728021
-0.04024707625847
-0.03920444152791
-0.03782810254318
-0.03539563972911
-0.03456533029146
-0.03444204833552
-0.03473049723651
-0.03604289483607
-0.03805539194678
-0.03894570303567
-0.0357283695583
-0.03107615899308
-0.02976164440749
-0.03290663733846
-0.03741965416099
-0.03966016671745
-0.03927658718931
-0.03886136750881
-0.03920233982697
-0.0398381616808
-0.03996487514118
-0.03908105257629
-0.03698185456984
-0.03471463130505
-0.03455632354761
-0.03499324806691
-0.03484964457351
-0.03401533044024
-0.03223550690882
-0.03009608234635
-0.02858880357171
-0.02419529328597
-0.01737121935957
-0.0123597363929
-0.0056246255567
-0.00141763435121
0.0020131402312
0.00677493233712
0.01332946120718
0.01743539384249
0.02191490190946
0.02400079041705
0.02803559002869
0.03283895874688
0.03269851162616
0.03265100554234
0.03321057004348
0.03335772350083
0.03212943979422
0.02860700812313
0.02395357475008
0.02232576151582
0.02402463516954
0.02638847171596
0.02803600272633
0.0270313934977
0.02594419506464
0.02540725632945
0.02506180929893
0.02469406895334
0.0241606954672
0.02343886436831
0.02276439796608
0.02279532354011
0.02305993150988
0.02305852910216
0.02218041552128
0.01992582538978
0.01671548102336
0.0143190604698
0.01064777869551
0.00750785277444
0.00426164574741
0.00302169263292
0.00308778539561
0.00132879163115
-0.00253967134333
-0.00677011753133
-0.00832095883457
-0.00763230021908
-0.00721727542358
-0.00727546196946
-0.0073924197162
-0.00750653443476
-0.00743551222804
-0.00729408686107
-0.0072232977521
-0.00707116517415
-0.00683859476927
-0.00658173252278
-0.00624202886774
-0.00620790106573
-0.00704481748689
-0.00886114565303
-0.01080342302466
-0.01086661161878
-0.01074831642598
-0.01015361530639
-0.00775252133419
-0.00282411669509
0.00312148062935
0.0074233643966
0.01199361244639
0.01513887286658
0.01925964733181
0.02292011872072
0.02637102377688
0.03057256469864
0.03258626551081
0.03288177994824
0.03338823255595
0.0331682456078
0.03054667174305
0.02538981985419
0.02003125435154
0.01640701628686
0.0136505705408
0.0133320443887
0.01171070057206
0.00892473548096
0.00769371574185
0.00885784407192
0.01050847031457
0.01118115600291
0.0114249227419
0.01107590664105
0.00813741155947
0.0052969054183
0.00373434464849
0.00290586216214
0.00277688306814
0.00150712821643
-0.0008263402799
-0.00280207023435
-0.00425204288475
-0.00638616351829
-0.00769651673602
-0.00759698782199
-0.00780748272444
-0.00832698880564
-0.00866111722127
-0.00835042850304
-0.00671924108345
-0.00377135789483
-0.00098653536478
0.000648904369
0.00127035708456
0.00094471533733
0.00182744157859
0.00486002675429
0.00953791246247
0.01329842863746
0.01596772639868
0.0203184231256
0.02315534873261
0.02250705423901
0.02072735680964
0.01758536740038
0.01372085142027
0.00985430634344
0.00457074481547
-0.00108120782113
-0.0051890766962
-0.0074696629577
-0.00716863442125
-0.00716848921282
-0.00779571319917
-0.00851266070933
-0.00895346764347
-0.00836506780542
-0.00610065317734
-0.00231132153607
0.00081604844145
0.00140005343177
0.00129915994064
0.00315484876201
0.00721388977443
0.01196261044687
0.01594706476779
0.01978163724139
0.0226340657588
0.02433824334144
0.02805276283601
0.03229938333233
0.03556551448428
0.03927058778844
0.04281034893911
0.04421436159333
0.04416334757957
0.04318319068608
0.04001871689802
0.03472379089988
0.02993479781612
0.02497987735369
0.02012176887917
0.01465034967853
0.00918000043473
0.0039658141442
0.00084542104955
0.00014676544515
0.00162152418079
0.00456836798277
0.00949750248528
0.01656362739845
0.0239381750141
0.02923850047302
0.03194964501062
0.03269461010496
0.0320486274824
0.02964298619362
0.02479229099151
0.01890891165747
0.01013165826346
-0.00051050392287
-0.00982877640891
-0.01670630996471
-0.02131216464972
-0.02549530995634
-0.02766392141297
-0.0287052454464
-0.03091093855018
-0.03304553302175
-0.03246294534212
-0.02955265890844
-0.02666617519324
-0.02299787783427
-0.01891507155186
-0.01501890395558
-0.01029738693586
-0.00653493337473
-0.00299504841477
0.00083123227543
0.00423643297866
0.00837179324843
0.01160558113353
0.0122774261415
0.01198504897038
0.01209595381841
0.01251478842452
0.01310309273071
0.01347794064676
0.01299145037671
0.01072007338661
0.00655079166365
0.00219657133957
-0.00159346226982
-0.00559248099613
-0.00763202890859
-0.0093969800399
-0.01333156290812
-0.01757261580758
-0.02094633112007
-0.02471641576625
-0.02758186336567
-0.02804139454456
-0.0282099127473
-0.03005117472915
-0.0332973626498
-0.03569904509826
-0.03337284810506
-0.02926889488991
-0.02647326197448
-0.0232182278035
-0.01978882505861
-0.01677359114375
-0.01283270317271
-0.00949742223852
-0.00846771105811
-0.00841748422689
-0.00863404349187
-0.01001622138395
-0.01326098396924
-0.01719700745791
-0.01821623306126
-0.01865738773137
-0.02127877817495
-0.02513678652469
-0.02680755088364
-0.02495960167152
-0.02286393070138
-0.02113424611186
-0.01923906976896
-0.01919408954754
-0.01943424518218
-0.01907538165711
-0.01849765845984
-0.01842696488273
-0.01983967857884
-0.02346692780778
-0.02812329974087
-0.03043539241012
-0.0337540813707
-0.03811514521518
-0.03882938344176
-0.03839482811261
-0.0381627850436
-0.0379827495197
-0.03826169491117
-0.03990010453945
-0.04323794954879
-0.04677064134175
-0.04721524662267
-0.04831092064244
-0.04725208370826
-0.04334758191243
-0.0384506951449
-0.03543700884619
-0.03062077007568
-0.02343145491717
-0.01465145402684
-0.0056437166438
0.00419001977933
0.01170748305898
0.01433104398644
0.013894409884
0.0120424215848
0.00903041282556
0.00568446289314
0.00069183676944
-0.00796003946385
-0.01607701866889
-0.02226161378182
-0.02815860067414
-0.03268304692851
-0.03340938713124
-0.03363133439318
-0.03408578709834
-0.03321128844307
-0.02950396440827
-0.023342965665
-0.01800990334795
-0.01137464241284
-0.00605278025117
-0.00158410779
0.00329005997248
0.00794976023561
0.00795092572431
0.00779361914078
0.00836303488742
0.00868070125277
0.00910115990052
0.00944792144944
0.00976033356244
0.00966040723587
0.00937606238363
0.00894157201614
0.00894237830505
0.01056868977845
0.01467006363336
0.01972046245891
0.02118851967271
0.01835860228302
0.01376873581026
0.00967746158369
0.01077064031125
0.01189291422239
0.01164107695179
0.01033171726542
0.00807391344212
0.00684251921812
0.00938144655931
0.01187653624015
0.0115851793493
0.01130671925969
0.01150519625403
0.01189837482356
0.01229823298081
0.01194936590967
0.00988473897306
0.00577700269622
0.00154879768567
-0.00062787092811
-0.00460179649156
-0.00819713807894
-0.00790934643715
-0.00770099909093
-0.00799460671242
-0.00821220154278
-0.00825217971595
-0.00812988364882
-0.00814465287453
-0.00849434534095
-0.00884431293913
-0.00852112865349
-0.00666628968356
-0.00295907379082
0.00096400551282
0.00217423446196
0.00143813778133
0.00135090458207
0.00260760213902
0.0056952770998
0.00998826494015
0.0127662244613
0.01415050787559
0.01804872749625
0.02348714999211
0.02809402877867
0.0314993422095
0.03401016025593
0.03724811333017
0.0411391909889
0.04104683078572
0.03587979520048
0.03138756993217
0.02850429226622
0.02499487967714
0.02207054241735
0.01897154616679
0.01543007308517
0.01302247148261
0.01020407523535
0.00579020137813
0.0028316732653
0.00220334684127
0.00072673570464
-0.00093366230101
-0.0004485732923
0.00171416486551
0.0024960109901
0.00233464392035
0.00249439076974
0.00249430288043
0.00137643528085
-0.00168762267539
-0.00595778336863
-0.00848555640974
-0.01091319677546
-0.01498522706395
-0.01743776685392
-0.01572955018419
-0.01153699689991
-0.0079937431044
-0.00570666067635
-0.00285409115392
0.00025663220576
0.00331174914407
0.00869590610376
0.01627956149923
0.02399654115987
0.02949848087945
0.03249901053027
0.03484103906347
0.03814478301972
0.04032331068352
0.04056531199371
0.03721231563123
0.03303379788795
0.02771400685703
0.01906926379673
0.01123413797301
0.00541475352199
-0.00065828827264
-0.00666100486101
-0.01071417333888
-0.01501668379513
-0.01699582118
-0.014763864457
-0.01068014871127
-0.00760380497559
-0.00537779797689
-0.00174884560593
0.00176475509993
0.00501418460769
0.00937742275733
0.01218286870551
0.0123859274079
0.01222632041715
0.01236886541754
0.01256874864087
0.01275748902794
0.01298686866866
0.01330957147372
0.01350956551401
0.01299655177809
0.01096940772245
0.00673242448027
0.00216873755868
0.00154724051634
-0.00021189547596
-0.00288472592896
-0.00306871608978
-0.00281424710747
-0.00189209372081
0.0001740654322
0.00226739369363
0.00202534423538
0.00201326595113
0.00257677324323
0.0027320988781
0.00149998014047
-0.00195324825055
-0.00650970532089
-0.00842553565213
-0.00766588540012
-0.00735978603249
-0.00738588151563
-0.00745866532986
-0.00785658992225
-0.00916338553347
-0.01174405647664
-0.01471657618582
-0.01669123503705
-0.01850851470052
-0.01882424750101
-0.01838920304873
-0.01607431320659
-0.01060350540986
-0.00357462340163
0.00222183416701
0.00920441455712
0.01742586358404
0.02531942815776
0.03360429505526
0.03987583944676
0.04345564755355
0.04283415547886
0.04048407169915
0.03612322566731
0.0307506781215
0.02623041998391
0.02064219970878
0.01607569268666
0.01154234668412
0.0075412698194
0.00369772155427
0.00243468259238
0.00410831711056
0.00786383123731
0.01335542676699
0.01966954397701
0.02677826081507
0.03347051605844
0.03914868913385
0.04440874982402
0.04736102824251
0.04594012555527
0.0433719234306
0.04242833613349
0.03860450144105
0.03146649071315
0.02318555590705
0.01584840328306
0.01086503343244
0.0058019556183
1.756840476e-05
-0.00466821406258
-0.00768416637703
-0.00789612100632
-0.00733255180957
-0.00545589718387
-0.00180192310789
0.001416194495
0.0020187529191
0.00109606952167
0.00073141714795
0.00156199598546
0.00430053485737
0.00878655819726
0.01255751791529
0.0125920354873
0.00925809964171
0.0045053666311
0.00052330251735
-0.00308060063541
-0.00913994583607
-0.0160270860758
-0.02165727158682
-0.02603251235946
-0.02876299636699
-0.02834586604927
-0.02659958566487
-0.02336518637586
-0.0194108016635
-0.01629079604608
-0.01315319728115
-0.01051108406629
-0.00899548255592
-0.00644578686336
-0.00208261558603
0.00118762687509
0.00180419179852
0.00158431146392
0.00192468651688
0.00240271381043
0.00221392718594
0.00032820272715
-0.0035280695794
-0.00792330555267
-0.01220513527167
-0.01722238454146
-0.02042264456464
-0.02158040283021
-0.0207239253052
-0.01885752315882
-0.01853587884678
-0.01838893555952
-0.01613196095277
-0.0120905428938
-0.00895963135914
-0.00841057536271
-0.00872053803879
-0.00860327076882
-0.00823113595762
-0.00801166106024
-0.00823045959204
-0.00901842930892
-0.01001650415826
-0.01013889193597
-0.00816385859985
-0.00719852442991
-0.00894761345103
-0.01272092325284
-0.01710122721411
-0.01844972439328
-0.01790164282184
-0.01808303107689
-0.01863902268642
-0.01846510120162
-0.01628410499454
-0.01176766813139
-0.00677485209036
-0.00312288876898
-0.00084652157659
0.00097635701819
0.00147878926307
0.00151461180029
0.00179247806386
0.00203948447931
0.00221622338975
0.00225595088732
0.00226201372135
0.00221568459005
0.00219470006147
0.00215490645585
0.00216593962154
0.00219581549148
0.00229863757982
0.00236616255617
0.00232975421757
0.00202958623213
0.00160456154356
0.00148980485089
0.00261559165962
0.00570262158927
0.01012724469148
0.0126470045201
0.012559504978
0.01220329723866
0.0123166973789
0.0125307269602
0.0127349664364
0.01287004084525
0.01310005099626
0.0133601040069
0.01339787348345
0.01246506600153
0.00989720779156
0.00590819469024
0.00274710616921
-0.00024811160445
-0.00571490698659
-0.01207708054396
-0.01685840432991
-0.0187861570374
-0.02180638917923
-0.02592572684528
-0.02704446225628
-0.02869073606735
-0.02772644892661
-0.02379563383499
-0.01910990687166
-0.01719622027538
-0.01443671750977
-0.01020206524499
-0.00806351575437
-0.00415336993619
0.00239519774574
0.00768897354028
0.01321971802657
0.01622728646491
0.02027260604508
0.02254611530632
0.02234456982861
0.02244635711583
0.02275891061598
0.02304117287366
0.02320695504391
0.02330340018946
0.02336455968685
0.02336212171376
0.0232223242097
0.02288658703753
0.02256677311594
0.02276615575232
0.02421462129208
0.02712749472856
0.03001442935415
0.02955120300288
0.02690250955344
0.02264981705204
0.02342257427538
0.02415723721384
0.02242814874313
0.01823635971373
0.01304731358773
0.01093952153507
0.0067829035156
0.00236147041329
0.00360415917815
0.00551662105597
0.0060852457988
0.00454014787104
0.00458035532068
0.00278525700895
0.00234973375098
0.0005843347663
-0.00397822946485
-0.00842508856302
-0.00806689376098
-0.00737148677482
-0.00742815627475
-0.0074380151628
-0.00781217142818
-0.00875729105634
-0.0109590253198
-0.01375591543452
-0.01561714739658
-0.01835386390272
-0.02085958819032
-0.0249267769241
-0.02832453569536
-0.02754934049893
-0.02766103252949
-0.0300848325144
-0.03443461213546
-0.03828416400487
-0.03808565644033
-0.03396796956485
-0.02975421967125
-0.02860291935948
-0.02965516841653
-0.03040904090159
-0.03046632944798
-0.02938405663766
-0.0265447771256
-0.02214521776243
-0.01877954623263
-0.01864117406393
-0.01673951683958
-0.01251620229606
-0.00908294770654
-0.00855936432552
-0.00620916972885
-0.00146581985762
0.00215796997157
0.00176957296274
0.00121797964009
0.00138003301073
0.00173495298059
0.00241082675819
0.00294138855059
0.0027879674389
0.00087392813899
-0.00307686954305
-0.00746032758425
-0.0086535778468
-0.00630370041591
-0.00237776700239
0.00142877030918
0.0025922367945
0.00182192671532
0.00162699433515
0.00164364133511
0.00177831947781
0.00200401082444
0.00224290276363
0.00246558753153
0.00261165421844
0.00220686508865
0.00080720486602
-0.00163429411571
-0.0036227901838
-0.00352650744241
-0.00271213959746
-0.00121206392513
-0.00098758697951
-0.00473835355489
-0.00740620687437
-0.00866286354369
-0.00864748673535
-0.00864235858505
-0.00823721942653
-0.0062212564199
-0.00270060087716
0.00036012183253
0.00120276485378
0.00188814596219
0.00500967550386
0.00973841091099
0.01243089234422
0.01200167151419
0.01173467524789
0.01194744380863
0.01219377844404
0.01232524174855
0.01227379593078
0.01220045803175
0.01235338543479
0.01287369398361
0.01342416767286
0.01291333970591
0.00972672545376
0.00313770728913
-0.00435409001863
-0.01040293435713
-0.01547033785393
-0.01761999196807
-0.01723492214289
-0.0174035053073
-0.01797642134132
-0.01841232175908
-0.0185854331337
-0.01857029324437
-0.01857782879756
-0.01878750594728
-0.01913889123828
-0.01917741350589
-0.01807419246911
-0.0151327855764
-0.01098891532846
-0.00864065811793
-0.00842383136373
-0.00654188045166
-0.00317306630576
-0.00116536948
-0.00206365327588
-0.0023734883214
0.00064755813402
0.00436280252435
0.00800840151314
0.01150263600016
0.0128169786284
0.01255305848802
0.01191523428639
0.01015504064175
0.00720837567541
0.00499580427764
0.0048982509625
0.00436164467819
0.00274380382384
0.00221147889541
0.00194448988953
0.00238329600437
0.00455009082713
0.0083973155404
0.01184132701747
0.01253633276981
0.01214083086541
0.01227935970636
0.0126932266557
0.01300029662704
0.01259984999352
0.01076974995431
0.00777975555711
0.00534619221601
0.00352061198021
0.00273120202499
0.00298499425959
0.0029492668721
0.0025693637921
0.00206949715088
0.00182979471939
0.00249323598061
0.00475545757928
0.008426452758
0.0114781874863
0.01309671502367
0.01542603399809
0.01868116370093
0.01937802277137
0.0162178861298
0.0132416444993
0.01274491703503
0.01233941867671
0.01034504204939
0.0079729935842
0.00805662599656
0.01051523014906
0.01298536690781
0.01268479692429
0.00948400956524
0.0052224287795
0.00261283499224
0.00281480004588
0.00328451912455
0.00176641353304
-0.0021855649228
-0.00697242726393
-0.00857579198433
-0.00785407934494
-0.00740934796196
-0.00746195544716
-0.00823494958951
-0.01014758151405
-0.01307197609296
-0.01560931378398
-0.01783036076846
-0.01911508087725
-0.01982065245341
-0.02021366288687
-0.01906110919708
-0.01854190117529
-0.01923062857373
-0.01938594809455
-0.01809351665394
-0.01478636794217
-0.01043654628709
-0.00813648298978
-0.00615586295043
-0.00225363099161
0.00096367650109
0.00188055767541
0.00227861830517
0.00332989331936
0.00404641246466
0.00310086026823
0.00260934998995
0.00289187476918
0.00196291836764
-0.00077867790595
-0.00434154095337
-0.00531253443076
-0.00224185802719
0.00149441292574
0.00477389522845
0.01070697405783
0.01893354741377
0.02604086184411
0.03098679466906
0.03274661765007
0.03249070307965
0.03093690028871
0.02639692055375
0.01891374939091
0.00942191767689
0.00021505903264
-0.00663900578407
-0.01128098297635
-0.01579659444422
-0.01817096242299
-0.01821676421841
-0.01699893933994
-0.01376973316289
-0.00961430355977
-0.00847209788117
-0.00943291148345
-0.00976703607781
-0.00888795189322
-0.00631838939485
-0.00216694079544
0.00167721084893
0.00462927145477
0.00833726803388
0.01158025372655
0.01235720670922
0.0115892757555
0.00989136124167
0.00737873955371
0.00556223943022
0.00441913193085
0.00406538891352
0.00385599453811
0.00612731038782
0.01135937642145
0.01552888742088
0.01923508800099
0.02225408204991
0.02264225474992
0.02097032490227
0.01776297641501
0.01402280088386
0.0130794887185
0.01321582032665
0.01119161100978
0.00734531486619
0.00424988768596
0.00324669767867
0.00610135629184
0.01173572227709
0.0157488934754
0.0189025989121
0.02148403411014
0.02199865278133
0.02187838198966
0.02225645124006
0.02284953978184
0.02317545627871
0.02272446946947
0.02101141506631
0.01830325876533
0.01601963841192
0.01390464707822
0.01198610364212
0.00930177680854
0.00577645625397
0.00444710365974
0.00333837998776
0.00244053678482
0.0026553902329
0.00300745838564
0.0030566874821
0.00208484988519
-0.00072045009031
-0.0049993083863
-0.00801858138825
-0.00818861281567
-0.00736698149226
-0.00722432185365
-0.00833757373583
-0.0112196820918
-0.01541217805697
-0.01831177638605
-0.01863754385321
-0.01823186207372
-0.01831891834798
-0.01865555734092
-0.01888407719489
-0.01879372316079
-0.01845486018613
-0.01837203788395
-0.01946916780928
-0.02264763510433
-0.02735387849012
-0.03069872025296
-0.03425806161385
-0.03879808720411
-0.03921514109634
-0.0347743463607
-0.02812616187543
-0.0227519711816
-0.01911128253046
-0.01542600342789
-0.01119801928701
-0.0093542696555
-0.00939866904321
-0.00921423523243
-0.00905038662705
-0.00913619716584
-0.00922045626721
-0.00853165626457
-0.00624129900433
-0.00242598766453
0.00069843305338
0.00154106304408
0.00111533638739
0.00108485025992
0.00135381142553
0.00161903309198
0.00173713607467
0.0016974559609
0.00159022526824
0.0015990065569
0.00185055723192
0.00228361538575
0.00239610415203
0.00131210985759
-0.00178233831213
-0.00624497507034
-0.00885598693254
-0.00862918283079
-0.00855466033669
-0.00819940791596
-0.00627310729275
-0.0026439921355
0.00067557762884
0.0014973698279
0.00099436018845
0.00088838898785
0.00115808116326
0.00162153335185
0.00214800790911
0.00239420421438
0.00170625597381
-0.0006101302794
-0.00439257789477
-0.0074667626104
-0.00792490284539
-0.00782076547439
-0.00995915829276
-0.01420951599547
-0.01818772253268
-0.01943453559904
-0.01859002630557
-0.01666013750567
-0.01337168246845
-0.00985592274252
-0.00731147748104
-0.00413675503493
0.00030811665662
0.00464696013415
0.00915387820267
0.01209188033986
0.0122309479805
0.01223018754689
0.0113862781935
0.00840055215985
0.00386703037869
0.00112874562152
0.00123787969098
0.00103426155401
0.00061223618374
-0.001463416276
-0.00637597217936
-0.00917933553298
-0.00850683326581
-0.00783313111847
-0.00772683090614
-0.00831047707879
-0.01012148985218
-0.01315124460991
-0.01608815386261
-0.01804712256099
-0.01896266934627
-0.01822253816409
-0.01702590225238
-0.01596645009301
-0.01617947850041
-0.01719884166964
-0.01798722790544
-0.0199588908775
-0.01958037071671
-0.01744391910576
-0.01380862609412
-0.00990286327773
-0.00868819095067
-0.00933463976871
-0.00961866363391
-0.00940418314222
-0.00897565014158
-0.00837278295851
-0.00796028020414
-0.00841338399942
-0.01079010206197
-0.01545149514967
-0.02051602504809
-0.02358835644562
-0.02743587157575
-0.02968015190881
-0.0295257265662
-0.02815465711892
-0.02473517822375
-0.01965596316766
-0.01500822349352
-0.01085207166954
-0.00682629790812
-0.00271268489332
0.0007189085882
0.0006510305261
0.00096658449094
0.00230206411661
0.0035578139975
0.00340518121473
0.00163488106346
0.00172146006054
0.0014631934957
6.6280884e-06
-0.0019848689144
-0.00268649884597
-0.00027987598643
0.00207992961222
0.00173825532596
0.00128936448575
0.00123297508524
0.0012765272964
0.00136509564895
0.00142933929694
0.00156002382572
0.0018151538885
0.0021256194443
0.00215854086997
0.0017971098306
0.00083214861704
-0.00057375442164
-0.00098172896579
0.00132989712584
0.00236041421303
0.00522487439514
0.01070311457065
0.01565134780281
0.01950847343815
0.02238090632725
0.02551902860678
0.03037065619986
0.03329911661477
0.033452701277
0.03298182855559
0.03086466291673
0.02645615412882
0.02205616678291
0.02270667379441
0.02340218395497
0.02321094827569
0.02289458114365
0.02256027694939
0.02241256940725
0.02238010385962
0.02243765607393
0.02249861686505
0.02253689074983
0.02251851424105
0.02243900880509
0.02233390465165
0.02229516457139
0.02246271217043
0.02286073611595
0.02324443028232
0.02289899089435
0.02094268180298
0.0169794508403
0.01291612159371
0.01286030805926
0.01332623605155
0.01165369097871
0.00783685686105
0.00375990171406
0.00338908677105
0.00331503314732
0.00573174352177
0.00925442739697
0.00959711928862
0.00664170360382
0.00436346360483
0.00194557092807
-0.00104277458921
-0.00612937769729
-0.01166693933719
-0.0158462595481
-0.01788604437958
-0.01769367378179
-0.01795359304783
-0.01995902462211
-0.02371930387808
-0.02730782449059
-0.02726969199296
-0.0275939385929
-0.02653757402328
-0.02552595275606
-0.02732047673025
-0.02818426053199
-0.0245280613279
-0.01974317993544
-0.01924128992941
-0.01985946895916
-0.01970550599075
-0.01910736190289
-0.01877163619454
-0.01973287777956
-0.02278778416564
-0.02720188347805
-0.02971334731986
-0.02953888703536
-0.02915243008757
-0.0293786839258
-0.02999132975016
-0.03061285239505
-0.03055696243511
-0.02892562216454
-0.02511240679377
-0.02045261864133
-0.01844421793682
-0.01521663198013
-0.00996007157735
-0.00656270257608
-0.00254595122574
0.001230827529
0.00432886960733
0.00828954413741
0.01077815675807
0.01102307370067
0.01180791761505
0.01427057231845
0.0174484129245
0.01902881942808
0.01980138940897
0.01975590095805
0.02142048631623
0.02222592307857
0.02246988088127
0.02288912436375
0.02262199817412
0.02086737212635
0.01708128016154
0.01305700816098
0.0125952491791
0.01210304992504
0.00913450051999
0.00489412398611
0.00246714431874
0.00216049698036
0.00051170342092
-0.00361382700248
-0.00822243109445
-0.00877494534425
-0.00826891689799
-0.008533834391
-0.00922026138222
-0.0096676982275
-0.00885405718895
-0.00588104071408
-0.00126521632406
0.00196579387665
0.00293617327524
0.00280034760383
0.00093998956723
0.00086745604647
0.00167965875733
0.00193310478447
0.00168587406021
0.00115341118377
0.00093017042043
0.00187056771765
0.00477009688166
0.00905582812185
0.01174109881022
0.01169035610695
0.01128248855848
0.01124317146578
0.01131082712971
0.011517114809
0.01209294265415
0.01324164832058
0.01458492946014
0.01453812649082
0.01125279725609
0.00833611018772
0.00649013657449
0.0073634926687
0.0098510085836
0.01212819773212
0.01227927181705
0.01180772655133
0.01162815722291
0.01134941435899
0.01103281030794
0.01108935752708
0.01253103266216
0.0159566599879
0.02022776338955
0.02118417870495
0.01698449492256
0.01083764635853
0.00705198237647
0.00329881680499
0.00087252649553
-0.00222754200464
-0.00683679112773
-0.00870192078972
-0.00846354969025
-0.00849313399695
-0.00881603168701
-0.00912376273882
-0.00920786134666
-0.00881872950676
-0.00778779551853
-0.00649249047954
-0.00558637842085
-0.00216445276366
0.001079957118
0.00117846193048
0.00079940182362
0.0011133092013
0.00184374581023
0.00231432314714
0.00149820783338
-0.00152300637598
-0.00619462595833
-0.00919662297854
-0.00801766810366
-0.00381837218063
0.00078630173059
0.00196235740455
0.00096156677547
0.00054495462258
0.00078480531952
0.00138604120053
0.00205947012675
0.00227679326449
0.00123849568042
-0.00175265006677
-0.0060551226924
-0.00868916155437
-0.00882167953063
-0.00837256896714
-0.0084869970302
-0.0090777813435
-0.00978135439313
-0.00996166122751
-0.00862706202347
-0.00493582937533
0.00024002701054
0.00351640896045
0.00615935559526
0.00854768268956
0.01082405408536
0.01140359620926
0.0112915296938
0.01111073755756
0.01056490289548
0.00997264739152
0.01026294961062
0.01219132518585
0.01104898576263
0.00692036622098
0.00237256280873
0.00133503941486
0.00211805217453
0.00222824588339
0.00173525791829
0.00102727167881
0.00087346538266
0.00221889484271
0.00584003843936
0.01063534044721
0.01325028440081
0.01644108294848
0.0204050399533
0.0208769023848
0.02134606699654
0.02417917515039
0.02868715935448
0.03203563514931
0.0326184673905
0.03224178908399
0.03217307110576
0.03221805514845
0.03219521539113
0.03222482644676
0.03240125468759
0.03275500152619
0.03315805809014
0.03301647222965
0.03140207548994
0.02771249363236
0.02331032816002
0.02211032188425
0.02309324155916
0.02334118112983
0.02221533814837
0.01939099981936
0.01548633370873
0.01296224819745
0.01254147238393
0.01143491155328
0.00780174699151
0.00308639827299
0.00141177748388
0.00191338930113
0.00207931438704
0.00186915346398
0.00155061623018
0.00125755390455
0.00111956806671
0.0012388560266
0.00165503866825
0.00213322530894
0.00202123521897
0.00034771052422
-0.00346522681062
-0.007999154029
-0.00920060092523
-0.00822029500204
-0.00816659463235
-0.0097224876604
-0.01299333044374
-0.01664121073337
-0.01765068826563
-0.01827692636317
-0.01896688803325
-0.01930076424477
-0.02054943827178
-0.0226259188017
-0.02404679474001
-0.02274468401125
-0.02367367786128
-0.026331913033
-0.02418159401711
-0.02003611119135
-0.01756623427927
-0.01515449805776
-0.01277071828004
-0.01066665961251
-0.00983161179455
-0.00993266921835
-0.00987491065521
-0.00972486831438
-0.00955573106518
-0.00932321033687
-0.00901455453664
-0.00887300688889
-0.00942708403993
-0.01127916404971
-0.01420109008534
-0.01639100514696
-0.01681019895287
-0.01509006372818
-0.01250879284493
-0.01017008117794
-0.00742388026865
-0.0039115329408
-0.00038411909209
0.00099436400973
0.00108725154878
0.0012266363552
0.00048607871879
-0.00219557742609
-0.00643431539749
-0.00943746644258
-0.01094401917508
-0.0143563599296
-0.0179883551814
-0.01924450744249
-0.01918878561862
-0.01957995801907
-0.02009303289539
-0.01976143798471
-0.01769634103135
-0.01388663359051
-0.01046608855978
-0.0095863585798
-0.01003909171146
-0.01009272329821
-0.0098507984135
-0.0096040740081
-0.00946239643702
-0.00942968632782
-0.00943050025928
-0.00939936069388
-0.00933276352296
-0.00932584701623
-0.00950670411413
-0.00989430744426
-0.01017393302258
-0.00961556840161
-0.00734954119572
-0.00336593099433
0.00020373950064
0.0010907648285
0.00050955624681
0.00038470718623
0.00074980817757
0.00135357870992
0.00190762376226
0.00180391895953
0.00023647632055
-0.00330829509411
-0.0075481022581
-0.0089292598699
-0.00920535076936
-0.01163863133615
-0.0155263730223
-0.01758799261592
-0.01622777176677
-0.01395230219174
-0.01091432787269
-0.00985632779761
-0.0103410335325
-0.00904305742268
-0.00536310517668
-0.00089744770103
0.0005821333301
0.00078204292022
0.00313611649258
0.00735883453516
0.01063554297475
0.01127322961051
0.01094508531065
0.01095382456529
0.01117720480515
0.01139176172232
0.0115234543033
0.01156027610379
0.01155846099843
0.01154496043584
0.01153731406569
0.01150002989099
0.01142944713083
0.0113486653892
0.01137626645447
0.0116095170462
0.01201705978635
0.01218189428053
0.01133039969739
0.00866969216111
0.00459925534406
0.00175783935745
0.00154353235162
0.00209244428601
0.00197870137745
0.000992412867
-0.00087486014783
-0.00301281313751
-0.00383603220044
-0.00451543951052
-0.00668155185367
-0.00929208987784
-0.00935713561133
-0.00646943290958
-0.00221032487053
0.00075811066054
0.00105897984984
0.00047932461622
0.00027636167497
0.00027819810304
0.00044851444468
0.00075928302754
0.001203287222
0.00160402503662
0.00136135920681
-0.0004906111324
-0.00447382965316
-0.00893642475947
-0.00963175914141
-0.00894683773232
-0.00878118166413
-0.00888319440654
-0.00917339345123
-0.00973961461244
-0.01071903017869
-0.01186248541404
-0.01195329800107
-0.00966960504345
-0.00882999462381
-0.00914604841135
-0.00994545902389
-0.01163870776164
-0.01374405419866
-0.01410937567754
-0.01014497540488
-0.00899195551961
-0.00920236635402
-0.00839891283312
-0.00709418835264
-0.00593205854911
-0.00214956125717
0.00048726025685
0.00037292677033
0.00078491269733
0.00323430490353
0.00748517351064
0.01127610703016
0.01469605212082
0.01948841174735
0.02307352760433
0.0233610097229
0.02119819896087
0.02085511347795
0.02149999557347
0.02183928653087
0.02197501819893
0.02190864266193
0.02181932037193
0.02168803284605
0.02159942513437
0.02155352780708
0.02169025682777
0.02201357485802
0.0223809139698
0.02216829061749
0.02053671724918
0.01686910771962
0.01254387978682
0.0110102724313
0.00864465517099
0.00429560159207
0.00149371592528
0.00106983035861
0.00092524938321
0.00069003962408
0.00139304559658
0.00374986207973
0.00718498947585
0.00928185268362
0.01124171556022
0.01091435844289
0.01043801747775
0.01049098798402
0.01106377791599
0.01263382494456
0.0149833966735
0.0164681528566
0.01410719755111
0.01099456317208
0.00926187506085
0.00572385641133
0.00186842016141
0.00195431171122
0.00014704210542
-0.00484735922953
-0.00983548274555
-0.00970443978123
-0.00906290130084
-0.0088285310757
-0.0081152367039
-0.00733725197713
-0.0075443650517
-0.01000752034205
-0.00944163163172
-0.00793370706169
-0.00704292595605
-0.00729756422081
-0.00424621161995
-0.00283214557482
-0.00783531306618
-0.01051872661517
-0.00982097336651
-0.00930945374889
-0.00924611994634
-0.00940336156822
-0.00958555993345
-0.00971418403105
-0.00974571718772
-0.00973969103793
-0.00970529956798
-0.00968976226611
-0.00966489341207
-0.00966087343136
-0.00965898190051
-0.00970958321662
-0.00977948196865
-0.00984944568235
-0.00978197726086
-0.00952915792273
-0.0091451580544
-0.00906166320792
-0.00991273745088
-0.01218775993679
-0.01530215210206
-0.01625002304782
-0.01124200597707
-0.00878947765094
-0.00966640663674
-0.01022797348569
-0.01017770844172
-0.0096392794095
-0.00907214878498
-0.00917893047789
-0.01083630126993
-0.01427118372236
-0.01776824213119
-0.01713776624029
-0.013344287752
-0.01148044968077
-0.01039178005704
-0.01097044328782
-0.00976718892879
-0.0058059029948
-0.00104322549959
0.00071525277495
-0.00124102994963
-0.00361514839918
-0.00453436246154
-0.00163491316217
0.0011540993953
0.00078019265914
0.00019537026001
0.00011861029508
4.052434793e-05
0.00023968179661
0.00037663772457
0.00031712370617
0.00038714974485
0.00040277493603
0.00021801857148
-6.968074832e-05
-0.00010423775588
0.00125574949876
0.00474050111113
0.00933792606473
0.01135464186243
0.01085862133393
0.01082095885306
0.01118117510929
0.01110550623285
0.0101065372053
0.00824058596931
0.00715676936412
0.00975719247485
0.01241501112766
0.01204701857795
0.01157648977123
0.0119755683885
0.01317214315981
0.01464988348305
0.01477898141868
0.01247555157859
0.01272088504009
0.01327646013071
0.01335527773728
0.01352721980192
0.01363426898404
0.0137601494066
0.01395097238824
0.01416573565423
0.01440091598955
0.01452151923211
0.01451510331233
0.0143128279712
0.0137870435361
0.01351815191768
0.01435527850893
0.01667519332696
0.01442992328382
0.00941321663499
0.00494465651928
0.00594110350571
0.00742593993557
0.00798783541412
0.00752029866528
0.00509945252552
0.00093767196428
-0.00294268510901
-0.00158007252419
-0.00120346529339
-0.00347539827892
-0.00806199106587
-0.01268025342899
-0.01213276415508
-0.01135695755473
-0.01154281670088
-0.01170524761344
-0.01161933772151
-0.01091945220172
-0.0095961066509
-0.00796756355322
-0.00784967341552
-0.00999633929304
-0.01010083204257
-0.00596824983932
-0.00145989841075
0.00018062847105
-0.00032388376993
-0.00050237836491
-0.00040862416081
-0.00014959448747
0.00013567247652
0.00042851962618
0.00061869260903
0.00060553825391
0.00023482235833
-5.874235024e-05
0.00022050484548
0.0017919996403
0.00472785651401
0.00758389613577
0.00810867557569
0.00691871543042
0.00408191210419
0.00297698716114
0.00302035518687
0.0038269948864
0.00318956465815
0.00329289574025
0.00268333903414
0.00335920211218
0.00427293761338
0.00729578350692
0.00968801976497
0.01116446849744
0.01095393538225
0.01071547257218
0.01093228404128
0.01106236022317
0.01119275357084
0.01116316926413
0.01121377058025
0.01134253988628
0.01163135945089
0.01169808654514
0.01107539841155
0.00921545804025
0.00661169895693
0.00525364094911
0.00625971372584
0.00816894471613
0.01033822489579
0.01134783999392
0.01088569506332
0.01073729969178
0.01095086689887
0.0110435786593
0.01109084782411
0.0111216893301
0.01130245089614
0.01164096613483
0.01189810733435
0.01134880677636
0.00917311831947
0.00528628609664
0.001731655985
0.00060820091794
0.00073710052942
0.00053757574163
0.00082201077596
0.00270553949225
0.0063624830806
0.0097813582144
0.01071775005175
0.01036628069271
0.01070883119721
0.01141205268959
0.0116041214067
0.01019645561412
0.00670683722663
0.00245864580439
0.00108879266876
0.00088558914007
-0.00143426300905
-0.00533039888876
-0.00772086207547
-0.00711449460501
-0.00573387197163
-0.00275280139663
0.00016436677019
0.00053741219109
5.472871285e-05
-3.521853894e-05
8.153074963e-05
0.00020814134131
0.00037284312263
0.00070674891081
0.00119795960118
0.0013651965306
0.00018109997811
-0.00343995213723
-0.00897433562318
-0.01311301275915
-0.01599677190568
-0.01715822152236
-0.01540949170104
-0.01416750872557
-0.01700618829755
-0.01777066481918
-0.01693307203244
-0.01574569124742
-0.01635542143939
-0.01769259236113
-0.01695180774101
-0.01259431296686
-0.00881531710869
-0.0077475116434
-0.00797224461441
-0.01009003694228
-0.01045116266182
-0.00992998286242
-0.00965169090888
-0.00960399758261
-0.00967615852911
-0.00978049460638
-0.00983313266177
-0.00985804737111
-0.00983453889077
-0.00982033903495
-0.00978519477394
-0.00978617684147
-0.00979730439264
-0.0098738063069
-0.00992587881367
-0.00984232664807
-0.00933157510661
-0.00819727946609
-0.00684820527448
-0.00587031439673
-0.00126105801321
0.00118129425909
0.00050894331439
1.93180899e-06
-0.00017587411782
1.681979799e-05
0.00051396179411
0.00156458298825
0.00325601394575
0.00467628841546
0.0042060805958
0.00602580205364
0.01090737697449
0.01118728150584
0.01096824223375
0.01094844803216
0.00962709336532
0.00653069940266
0.00255396214547
0.00124116751551
0.00169763097527
0.00021789644355
-0.00390072255541
-0.00869862685116
-0.00985820786464
-0.0082603343156
-0.00716887516154
-0.00794365383906
-0.01032289394274
-0.01047931016933
-0.01012655304081
-0.00991182416629
-0.00972457025497
-0.00980399926545
-0.01013335108804
-0.01032689481708
-0.00983453889077
-0.00825117472078
-0.00579976220677
-0.00431953805515
-0.0056884446611
-0.00789199020865
-0.00965081201576
-0.0105355249376
-0.01277085202465
-0.01561234787589
-0.01703866913028
-0.01773861196919
-0.01674589836789
-0.01535626899066
-0.01151570093746
-0.00980176381991
-0.01103331089489
-0.01025657954613
-0.00849890794263
-0.00822906864815
-0.00814533306138
-0.00810539310094
-0.00834671804556
-0.00867503430278
-0.0089256564081
-0.00885776764643
-0.01053815779569
-0.0151208555576
-0.01763634320139
-0.01676210821406
-0.01620918890917
-0.01650878446771
-0.01733918943722
-0.01846798626383
-0.01911028135656
-0.01787677014651
-0.01592755716178
-0.01568910581554
-0.01589104488452
-0.01610818880449
-0.01628491128345
-0.01583539566487
-0.01387913242879
-0.01007754901741
-0.00592266585654
-0.00284664845769
0.0003472073388
0.00364590010522
0.0052235942682
0.00665531880465
0.00973854847687
0.01298219525002
0.0151526829524
0.01628680663557
0.01620562366012
0.01628723843958
0.01647296766239
0.01627376462591
0.0154618355183
0.01447041350777
0.01432074565183
0.01375286605752
0.01182996254729
0.01020344472506
0.00803675536948
0.00672370815327
0.00694932765995
0.00698855686333
0.00680480323941
0.0067328830332
0.00695538055866
0.00740015015439
0.00771629947379
0.00725795288998
0.00510357950191
0.00112039690113
-0.00262792482287
-0.00361496306737
-0.00239975576189
-0.00047243256564
0.0016429867508
0.00211528213269
0.00021716891111
-0.00200082808496
-0.00294714262564
-0.00249093595552
-0.00219764244279
-0.00225435359461
-0.00239202379519
-0.00248356548138
-0.00240907355748
-0.00222896734
-0.00210587568353
-0.002083158207
-0.00212508828716
-0.00226427476943
-0.00238768359168
-0.00221162448596
-0.00133880260592
0.00060420080785
0.00296925481231
0.00346186791039
0.00188590631324
-0.00054084216702
-0.00279890965826
-0.00601621829735
-0.01003528572212
-0.01097531541273
-0.01023616247681
-0.01111969462484
-0.01419525882054
-0.01858513889556
-0.02114254974122
-0.01979646378621
-0.0165458890425
-0.01425685776449
-0.01239797588621
-0.01056497167842
-0.00754737621596
-0.00321278157526
-0.00072150858333
0.0015488133529
0.00569296522876
0.00899781353333
0.00967427846209
0.00941497824251
0.00951063238426
0.00983315941069
0.01019771281341
0.01047249301573
0.01052665575963
0.01045605007183
0.01044214445414
0.01054337001402
0.01074823617922
0.01091775173459
0.01082393944712
0.01052181038364
0.01039182973361
0.01100081477706
0.01295245809234
0.01600241592803
0.01843732817901
0.02014642374185
0.02068260586469
0.02062831319747
0.02113167439416
0.02187511480001
0.0220106019065
0.02066007180933
0.01712756725882
0.01264514738072
0.01118038792675
0.01178408814765
0.01195020659005
0.01173856912654
0.01150406897807
0.01137303747757
0.01129295885044
0.01104179412414
0.0102052330815
0.00893927925148
0.00858172642353
0.01044643956661
0.0113541374542
0.01109280049535
0.01085366131971
0.01062608532052
0.01071661895452
0.01116405962108
0.01171631020294
0.01175263141648
0.01066744297377
0.0075940263343
0.00339931670485
0.00101608910129
0.00115316853284
0.00130123489266
0.00076442340591
0.00045319474161
0.0011431747538
0.00328983833857
0.00621882991063
0.0077156995337
0.00856282640016
0.00859252916637
0.01044753627238
0.011206930499
0.01116521364596
0.01128737596848
0.01125975197557
0.01105360186216
0.0106764076836
0.01068316751808
0.01183914889104
0.01483488666372
0.01885921598339
0.02087331038682
0.02031359685599
0.02038223840873
0.02277678653781
0.02740740308118
0.03145532494924
0.02950455288453
0.0243244065067
0.01978524452446
0.01592919648851
0.01220483339099
0.01211073832921
0.01301164199085
0.01281837339357
0.01125136809945
0.00770166399269
0.00315485946157
0.0007462788485
0.00097488085987
0.00132039705546
0.00122046920038
0.00090359001757
0.00067113463305
0.00054260568518
0.00056591202011
0.00059565261693
0.00062700770221
0.00056087175912
0.00050552633079
0.00049689789311
0.00070754182526
0.00102707908658
0.00115611970309
0.00032494963801
-0.00209724304245
-0.00564907407056
-0.00804381708464
-0.01002122725346
-0.00879439945241
-0.00597218575199
-0.00276107636643
-0.00112238816724
0.00025645073344
-0.00027657345
-0.00047648197017
0.00074159893369
0.00344819424407
0.00700159123044
0.00908046005688
0.01119601311793
0.01138195251084
0.01149750784986
0.01125202917993
0.00919681786354
0.00504852640107
0.00095543171936
0.00147519650084
0.00068946184738
-0.00290012107942
-0.00736134129119
-0.00881414015616
-0.00696590052719
-0.00599397848011
-0.00729513006899
-0.00648156163465
-0.00656595448063
-0.0046394475086
-0.00468335013063
-0.00483302180784
-0.00352716355523
-0.0011623564051
0.00124833890125
0.00090908233532
0.00051347916715
0.00051494577228
0.00080336945287
0.00129965632419
0.00176319028805
0.00150008446126
-0.00032524601605
-0.00411006343298
-0.00822626383271
-0.00972471164213
-0.00914456193559
-0.00894113639085
-0.00909257349685
-0.00932419622567
-0.00957385536984
-0.00991480093907
-0.01025241435699
-0.01016082987253
-0.00876084866284
-0.0053690510797
-0.00069119747023
0.00329664517472
0.00728364331803
0.01091254333753
0.01163769130264
0.01342001776882
0.01587847671289
0.01736326346619
0.01969758066757
0.02156330644837
0.02136663691684
0.02124583878929
0.02161365556038
0.02200060927385
0.02196680628016
0.02073858371394
0.01806138355719
0.01492883651706
0.01299135102358
0.0115121968288
0.01169160566369
0.01196983647684
0.0121285148979
0.01221011439226
0.01153465827995
0.00929714542392
0.00541870854103
0.0019512829691
0.00103751422281
0.00156364906878
0.00190744263385
0.00209057033302
0.00192020301558
0.00061550413764
-0.00259809671886
-0.00712632909194
-0.00975389471501
-0.00972404674037
-0.01039658339901
-0.01133125566286
-0.01065838655335
-0.00927494764071
-0.00910800380304
-0.0091026578401
-0.00964431202794
-0.01182337084888
-0.01563911208206
-0.01906846897165
-0.01987248039862
-0.01924215735871
-0.01890646222055
-0.0190803607777
-0.01996501638043
-0.02193008001153
-0.02451059046117
-0.0257994910442
-0.02486996221574
-0.02307972953275
-0.02085531982677
-0.01952967769001
-0.01927633483728
-0.01837874804186
-0.0171228900189
-0.01460616810347
-0.01084685180866
-0.00957159699665
-0.01001759704274
-0.0101528510515
-0.00997407272689
-0.0097235346896
-0.00953437014107
-0.00950491193642
-0.00964076206399
-0.00986058851861
-0.00988805966055
-0.00932257218404
-0.00781015379527
-0.00570144463674
-0.00448114739371
-0.00423912697714
-0.0028864947969
-0.00063092336213
0.00068634406957
0.00051867495401
0.00041140910562
0.00052092453827
0.00064659899413
0.00073327046605
0.00074154428947
0.0007082051985
0.00070386766989
0.00079682628464
0.00097477883185
0.00103423136594
0.00057737164002
-0.00083163198074
-0.00302545697037
-0.0047641547999
-0.00635297574979
-0.00851943965019
-0.0093097365232
-0.00906274844986
-0.00908001296777
-0.0093910303156
-0.00981892516341
-0.01003818606942
-0.00948018064825
-0.00755168661352
-0.00448305803093
-0.00197822830368
-0.00015529968842
0.00044456668605
0.00026318102947
0.00035349352632
0.0005972965292
0.00079874150739
0.00106541640451
0.00123887398659
0.00073897218964
-0.00101394230931
-0.00390634747139
-0.0064808508776
-0.00863325630934
-0.00956766872653
-0.00948536229639
-0.00895638709714
-0.00723584299608
-0.00432768883353
-0.00186129042756
-3.785318539e-05
0.00047102098687
0.00023071582576
0.00033313637458
0.00056192948789
0.00074610918391
0.00082825053499
0.00084419594897
0.0008216618936
0.00080702946952
0.00079387396801
0.00078880810449
0.00077277097993
0.00076782281166
0.00078541099151
0.00085333452679
0.00093301803414
0.00094277221928
0.00075818632178
0.00039351178466
0.00016752486245
0.00083385099481
0.00326316202171
0.00743159160047
0.01117960074422
0.01341134347585
0.0153762351496
0.01642892365321
0.01645655528868
0.01583640830259
0.01422688750907
0.01230657100164
0.01196061574162
0.01235696979021
0.01156060091211
0.00907349005231
0.00556872413294
0.00358196712685
0.00353045252614
0.00240286284013
0.001329061031
0.00136535855263
0.00155911971219
0.00155351810599
0.00107857610942
4.510254041e-05
-0.00161780569863
-0.00296363257123
-0.00193150290622
0.00038744436511
0.00095500717577
0.0005309599692
0.00090919009526
0.00257827423983
0.00502609934139
0.00667137579984
0.00827171407088
0.01050517255473
0.01135868859206
0.01119544374804
0.01120779410703
0.01134215011629
0.01140972553346
0.01141954238749
0.01146402202195
0.01170535078785
0.01210492617079
0.01227601226995
0.01137898720187
0.00861423400518
0.00436494625931
0.0014254943306
0.00114840187511
0.00172529203455
0.00188838861312
0.00165522858559
0.00122536616358
0.00080862790862
0.00037685958777
0.0004170076548
0.00161483886116
0.00455352233158
0.00846401206445
0.010006809585
0.00702596714009
0.00239055527942
0.00083565883974
0.00074026913019
-0.0009175227663
-0.00320792091417
-0.00360301241369
-0.00323754649064
-0.00346445988084
-0.00464141164366
-0.00699976083999
-0.00940472958447
-0.00945730267819
-0.00838974177447
-0.00715088460149
-0.00626552206299
-0.00670399419844
-0.00524002192701
-0.00426673186369
-0.00293836668677
-0.0006090247847
0.00060375410087
-0.0024547110381
-0.00758454193115
-0.01018144182685
-0.00884208513613
-0.00531379163005
-0.00108994860428
0.00103218048795
0.00066112098338
0.0001973045127
0.00023912056603
0.00045578327291
0.00068127362051
0.00095540879172
0.00139780690453
0.00186713583107
0.00177129712177
0.00045851739478
-0.00254128506752
-0.00668110858583
-0.0089471243279
-0.00859952974114
-0.00832927392775
-0.00942109228161
-0.01188901270119
-0.01464585585979
-0.01521199295296
-0.01475612637626
-0.01370644521564
-0.01166956073146
-0.00950728112657
-0.00941012904525
-0.00987337450288
-0.00994788171189
-0.0097480672715
-0.00929266306901
-0.00877423076593
-0.00865944732434
-0.00978134675058
-0.01283976488787
-0.0171213500453
-0.01949703254248
-0.01936131615952
-0.01900858577992
-0.01906684875129
-0.01929496737145
-0.01956498244455
-0.01988231253775
-0.02017770851568
-0.02015475412012
-0.01921363918757
-0.01688188988261
-0.01380760199258
-0.01195318718411
-0.01102034913199
-0.01209450173412
-0.01329176815611
-0.01684076914838
-0.01929345796804
-0.01900049232066
-0.01848530427958
-0.0184520248005
-0.01887946873792
-0.0192646417375
-0.01946492237338
-0.01879546566194
-0.01662615109081
-0.0133359306248
-0.01084868219911
-0.00884626943164
-0.00887140195362
-0.00921774316236
-0.00844473373491
-0.00625324430822
-0.00301353765114
-0.00049520086513
0.00192659677197
0.00268002981048
0.0024205262991
0.00081148316488
-0.00323786633131
-0.00794334049455
-0.00873435576716
-0.00807065389502
-0.00690331951571
-0.00406474311814
-0.00010960351302
0.00229401574839
0.0022859303138
0.00210542324464
0.00219579027107
0.00244050239335
0.00278701097391
0.00326076455413
0.00371205591894
0.00366263996216
0.00228414425013
-0.00072529240928
-0.00399811537703
-0.00451107179384
-0.00493726617452
-0.00586740640688
-0.00682067681343
-0.00890380253959
-0.01117771685592
-0.01117409428775
-0.00897932620759
-0.00647550873594
-0.00568571627115
-0.00608943391559
-0.0062142443813
-0.00596846000941
-0.00561149947901
-0.00547681484015
-0.00557333641119
-0.00569669861389
-0.00550962430248
-0.00463836608794
-0.00269024560556
-0.00030892997667
0.00035467976454
-0.00044881059345
-0.00151408484655
-0.0023974626151
-0.00236986002132
-0.00337206490406
-0.00426997230441
-0.00417348894611
-0.0041067121753
-0.00413347638147
-0.00417905272169
-0.00427522273549
-0.00444759278286
-0.00462867915723
-0.0045458797827
-0.0037951632882
-0.00212989430402
3.286931877e-05
0.00115298358316
0.00072611474754
0.00037779182588
0.00047787367832
0.00121297988461
0.00285714931985
0.00502204114794
0.00620627320282
0.00635726704099
0.00763821937318
0.01004494972518
0.01196116600514
0.01316285364165
0.01504321872483
0.01646248972788
0.01709026397775
0.01878251154159
0.02114006591283
0.02190840192164
0.02011214308886
0.01765697426208
0.01640647748716
0.01672687606374
0.01717880290649
0.01803798207253
0.01924041485756
0.01927609027572
0.01600256113646
0.01061928727329
0.00731048394969
0.00670589719311
0.00726585528552
0.00726013101641
0.00673488920228
0.00622911296014
0.00622683548058
0.00733802005329
0.00968970112572
0.01223796384037
0.01363261437221
0.01530122735365
0.01530587784464
0.01118780884171
0.00709756635924
0.00575302802039
0.00641677192654
0.00669948891588
0.00652756977889
0.00635835228293
0.00622597187255
0.00600194965859
0.0052171668846
0.00365265382567
0.00165890388735
-0.00085587987769
-0.00456914752276
-0.00456427157657
-0.00390532336984
-0.00307468492045
-0.00175470476603
-0.00095110297968
-0.00065294192757
0.0005805780714
-0.00077361280668
-0.00332468950783
-0.00489887383024
-0.00405476577058
-0.00231130472246
-0.00044063421253
0.00027655491682
-0.00145941540166
-0.00247552399145
-0.00267004482037
-0.0043078564192
-0.00421840420586
-0.00391407026703
-0.00399870385329
-0.00406569843675
-0.00418778433379
-0.00420734161636
-0.0042285038342
-0.00419084135334
-0.00418604947519
-0.00415775675925
-0.00416418414285
-0.0041489296153
-0.00415934640942
-0.00414763802454
-0.00415326676178
-0.00413007544722
-0.00411358282674
-0.00407564521411
-0.00407405556395
-0.00410275715625
-0.00419220554831
-0.00424786623178
-0.00417273615505
-0.00384460714028
-0.00341510888572
-0.0033994649703
-0.00471642708217
-0.00803208959339
-0.01239266049346
-0.0142758877112
-0.01390232374336
-0.01388090550013
-0.0138662891254
-0.01289395055941
-0.01064147359268
-0.00835527005776
-0.00881753726914
-0.00990906520614
-0.01122693869196
-0.01213223299793
-0.01130092238637
-0.01233443573484
-0.01079934954611
-0.00811819437031
-0.00757715922893
-0.00598479213636
-0.00395464073774
-0.00359539699586
-0.00345872376578
-0.00285366087841
-0.00250674303936
-0.00338754450469
-0.00616305076765
-0.01036207346956
-0.01292870505043
-0.01295441076358
-0.01257664339386
-0.01196434530547
-0.01008452284326
-0.00698949689685
-0.00485225810336
-0.0030610387673
-0.00282875381162
-0.00307459741327
-0.0029846239781
-0.00213172201958
0.00010413614819
0.00333111689143
0.00579707967212
0.00804742818899
0.00846685891391
0.00720463082646
0.00438010907628
0.00042849555215
-0.00167257946431
-0.0013843586934
-0.00103813403353
-0.00104633372422
-0.00078144145163
2.018694071e-05
0.0009768709796
0.00166826868461
0.00499014114893
0.00781716583387
0.00829888715342
0.00817588797179
0.00850874390303
0.00887520794296
0.00831477983381
0.00602164068577
0.00223843989721
-0.00060275942313
-0.00101813233673
-0.00057343114182
-0.00050134050677
-0.0007010399268
-0.00106027870103
-0.00151300495439
-0.00184915826335
-0.00153923380001
9.639673001e-05
0.0032932320124
0.00649519212057
0.00614094851629
0.00420451387328
0.00513394716987
0.00769974189164
0.00867694493999
0.00842232960288
0.00817501289994
0.00805918625043
0.00816736270851
0.00867345993771
0.009697836619
0.01078895950091
0.01105221091826
0.01195933561468
0.01245581469611
0.01194577773297
0.01185274880677
0.0126330415833
0.01442419901471
0.01656141488055
0.01722453209769
0.01681076832276
0.01651665629305
0.01656508712528
0.01692723694637
0.01728326890709
0.01715888642411
0.01587143792537
0.0130356128454
0.0097371537117
0.00876804794388
0.00809098307504
0.00756588646934
0.00765114292333
0.00685198069363
0.0045166088205
0.00090570853211
-0.00214139519369
-0.00437762906917
-0.00778166237306
-0.01195646583758
-0.01591446929682
-0.01967693814305
-0.02046225589547
-0.01853064370079
-0.01617440384796
-0.01462296260463
-0.01338683764287
-0.01221753530722
-0.01003331776579
-0.0062569241955
-0.00337062122658
-0.00284718572888
-0.00317536824149
-0.00317378776238
-0.00293995786544
-0.00279275052812
-0.00278418781636
-0.00284271216289
-0.00291899129685
-0.00275839650666
-0.00214865599725
-0.00112208361167
-0.00045155273998
-0.00143029041215
-0.00274893694179
-0.00295229676061
-0.00366592472966
-0.00487375659335
-0.00540375971543
-0.00555615978259
-0.00534779333
-0.00336462488273
-0.00218479570026
-0.00250083038142
-0.00267164020245
-0.00256977381484
-0.00237209202772
-0.00223876088426
-0.00230825381695
-0.00258934447188
-0.00281732170489
-0.00239134093345
-0.00059477181318
0.00264559363162
0.00573589342581
0.00706037007386
0.00750466583156
0.0080759196112
0.0099554592991
0.01355765625282
0.01639565563795
0.01917683267218
0.0219431067361
0.0227689834954
0.02233538730613
0.02216463747912
0.02227488506795
0.02240790745243
0.02248079444107
0.02262779886872
0.02275783301659
0.0222493589547
0.02032348631423
0.01704524936486
0.01410256616649
0.01323320330407
0.01349669928298
0.0134826140654
0.01335259520263
0.01333674837753
0.01329553593271
0.01284861495947
0.01142532015444
0.00876659203832
0.00608370964648
0.00440410285848
0.0022915777753
-0.00110888378338
-0.00315919049402
-0.00290320026236
-0.00279237489684
-0.00301143862509
-0.00318814543683
-0.00322604025118
-0.00310543165884
-0.00306190390384
-0.00344215739471
-0.00456280802846
-0.00615230534393
-0.00700588634291
-0.0067611222513
-0.00660820249082
-0.00663028945707
-0.00666380967645
-0.00667646955866
-0.00668798305855
-0.00675639151355
-0.00687455296173
-0.0068732728348
-0.00642028367775
-0.0052023365185
-0.00345602212475
-0.00241192957799
-0.00247790540969
-0.00259424640273
-0.00296814969974
-0.00400766092058
-0.00545018055731
-0.00611766166987
-0.00582927773054
-0.00610828808367
-0.00728537435535
-0.00885372473807
-0.00949932905447
-0.00873403095883
-0.00778598041317
-0.007100069294
-0.00562116730334
-0.0029898384892
-0.00118254152307
0.00057200236731
0.00279792338733
0.00491110955099
0.00649922738638
0.00648444287558
0.00637070264191
0.00688832483481
0.00712637494724
0.00699112475976
0.00559584371763
0.00493647134944
0.00517177014427
0.00444651518347
0.00216962141946
-0.00103986965638
-0.00278037724149
-0.00237409246489
-0.00210045138447
-0.00218480716408
-0.00233347957802
-0.00251583843678
-0.00257817259393
-0.00247149025416
-0.00235236087715
-0.00229334167558
-0.00233030677386
-0.00260774199767
-0.00298512915058
-0.00316869438568
-0.00279116278859
-0.00315420564152
-0.00562234043459
-0.00793441781874
-0.00840235198011
-0.00791720297739
-0.00763120351331
-0.00764517791394
-0.00780889277471
-0.00794682167557
-0.00786975039142
-0.00738845323333
-0.00624933896574
-0.00459899167612
-0.00353522185877
-0.00358508910806
-0.00395404079765
-0.0047230302444
-0.00587460568793
-0.00647122508729
-0.00614085680571
-0.00589885931679
-0.0059211029553
-0.00597305700256
-0.00593067142649
-0.00556190315807
-0.00462388345781
-0.00333423696201
-0.00258660843938
-0.00237206222178
-0.00142061379889
0.00014120075246
0.00116427430274
0.00116854725182
0.00071534945319
-0.00036804757606
-0.00197981031129
-0.00300882181636
-0.00313684024196
-0.00210713593984
-0.00106365250423
-0.00020792799956
0.00083864516572
0.00105943802065
0.00082108946669
0.00110754175179
0.00220439616324
0.00391594651278
0.00533744149755
0.0063486538884
0.00656279810794
0.00633950193612
0.00644258845665
0.00690402645148
0.00752803292475
0.00773855457612
0.00683143752224
0.0061642086138
0.00619958215128
0.00626046651691
0.00630821334102
0.00636556684907
0.00646642938787
0.00646286413882
0.00595340418812
0.00450895862907
0.00231500027697
0.00073217223178
0.00051791643103
0.0007211405946
0.00068779003981
0.00051778154004
0.0003615000898
0.00029247900808
0.00033594482022
0.00043549421628
0.00045090579822
0.00015936896357
-0.00061687138964
-0.0016970451739
-0.002364357004
-0.00299280532667
-0.00390968726525
-0.00433248453295
-0.00468671285213
-0.00568487559078
-0.00680401987815
-0.00681844901043
-0.00631646347253
-0.0056962935588
-0.00518694442506
-0.00519153759694
-0.00428842905995
-0.00377231244918
-0.00358019405551
-0.00361769489646
-0.00446340139522
-0.00631639851087
-0.00826422437298
-0.00807861743095
-0.00678038911702
-0.00523772916235
-0.00418586987529
-0.0033204089162
-0.00324725558473
-0.00371905381882
-0.00446659215937
-0.00534057876386
-0.00534942119291
-0.00500627074833
-0.00447093694841
-0.00358653622469
-0.00272029343285
-0.0027515143914
-0.00290976368334
-0.00255829929196
-0.00152174191627
-0.00013433671182
0.0008278065029
0.00169528585915
0.0018344329823
0.00161248228121
0.00121905418246
0.0005716527207
0.00016274597664
0.0008557212948
0.00181685932328
0.00184724036571
0.00166657089238
0.00173196703674
0.00204127321787
0.00242919944569
0.00245107203845
0.00172947327304
0.00181288137659
0.00259385395785
0.00344721294079
0.00389617906011
0.0045310799868
0.00524986170869
0.00511282698605
0.00498229989378
0.00499427194659
0.00501448648837
0.00501304586791
0.00505811779991
0.00513176140089
0.0050437536293
0.00451666613962
0.00335016785515
0.00191689532043
0.00139962583116
0.00183744949634
0.00228239563495
0.00234953466258
0.00178852724821
0.00204722561707
0.00214617407951
0.00140603334414
0.00138708822973
0.00150140012605
0.00154105693004
0.00156456884954
0.00151203664345
0.00146635407179
0.00143375134041
0.00142716117051
0.0014529746436
0.00153381255796
0.00175795017441
0.00207653097074
0.00211347963754
0.00151067244847
0.00158308063143
0.00160095961027
0.0010432381098
-0.00010173711389
-0.00128996939349
-0.00115836890523
-0.00087759656245
-0.00058921147674
-0.00012893939096
0.00031541509973
0.0002764631298
0.00034278417543
0.00068055483879
0.00103056714588
0.00095079154581
0.00031673825422
0.000122529547
-4.483673256e-05
-7.186796939e-05
0.00036479655041
0.00016973860316
3.009139746e-05
0.00034381507885
-6.028843788e-05
-0.00053222863231
-0.00050638955669
-0.00063497658793
-0.00102345116862
-0.0013995692763
-0.00134077285502
-0.00147055556303
-0.00194189868334
-0.00236307611281
-0.0022447667813
-0.00191862482924
-0.00141815251602
-0.00084310268235
-0.00047360263988
-0.00015723887055
-0.0002047837021
-0.00017626213003
0.00011354385837
0.00059407672336
0.00093352588152
0.00066861488468
0.00021919502724
-8.780062031e-05
0.00014667090682
0.00056802594913
0.00091953352091
0.00086068283753
0.00079673189917
0.00082486947137
0.00082637619988
0.0007231498207
0.00042713135717
0.00011059574514
-7.09972156e-06
-0.00028624203858
-0.00061943546478
-0.00057956887282
-0.00046956317067
-0.00028491777592
-1.4668986e-06
0.00021275358134
0.00018930352828
0.0002681170843
0.0005256480156
0.00083135455622
0.00096440521813
0.00121919709812
0.00149452947461
0.00145298152189
0.0012938181811
0.00099275945659
0.00060611717698
0.00041618722718
0.00035184197151
0.00064469867435
0.00090829973831
0.0007846421511
0.00048473286593
0.00011113370416
-0.0001771315846
-0.00054089948614
-0.0006864476261
-0.00059499382922
-0.00055827558527
-0.00056979023153
-0.00057986196457
-0.00053955172265
-0.00041366900733
-0.00019830190354
-3.60680235e-06
-1.284120933e-05
-1.070167777e-05
7.365323059e-05
0.00022226037717
0.00036855313067
0.00039588403183
0.00053937594402
0.00039029694648
5.89509154e-05
-0.00021897098592
-0.00014342572771
-5.387240346e-05
-3.214964669e-05
-2.327976561e-05
-3.211882812e-05
-3.157539321e-05
-8.83969684e-06
7.950341069e-05
0.00025469252686
0.00047623282307
0.00060541903014
0.00072716712652
0.00072583350174
0.0007185868369
0.00073835237893
0.00075579573249
0.00076511047106
0.00077074646873
0.00077694151885
0.00077792396851
0.00076865241034
0.00075087545952
0.00075776980286
0.00082694786253
0.00098476535046
0.00120191614873
0.00138650701389
0.00151385557008
0.0015853902097
0.00162601914591
0.00166184512228
0.00163197269149
0.00158009201269
0.00150651451976
0.00141491589657
0.00134809021345
0.00132082542033
0.00127525519414
0.00131522457838
0.00133538867934
0.00126360107135
0.00117006506203
0.00106788380141
0.00099553064481
0.00098599618296
0.00097216699077
0.00092611337336
0.00084261890901
0.00071895253286
0.00059951783603
0.00055142289382
0.00055344511225
0.00053047772436
0.00046547861042
0.00036581071664
0.00027885585901
0.00023845169016
0.00021027101398
0.00017094941218
0.00016386962239
0.00020528302803
0.00025464514306
0.00030962483721
0.00037674674553
0.00042368609614
0.00044820912485
0.00046028970186
0.00044834745498
0.00039548126951
0.00032435581196
0.00026557513433
0.00024437779898
0.00023946914269
0.00021894534517
0.00017816115057
0.00012514383369
8.526352336e-05
7.378785409e-05
6.23181078e-05
4.761304129e-05
5.429518926e-05
6.622902934e-05
6.759211614e-05
6.133271576e-05
6.529847258e-05
7.696982931e-05
7.868523762e-05
6.676641516e-05
5.459122339e-05
4.393258082e-05
3.429771498e-05
2.892076915e-05
3.054333195e-05
3.81069524e-05
4.186145007e-05
4.213448013e-05
3.463461e-05
2.134094267e-05
5.23767566e-06
-1.741639447e-05
-4.575116353e-05
-6.824937534e-05
-8.102611213e-05
-9.380231394e-05
-0.00010743872284
-0.00011116568822
-0.00010874475802
-0.0001106909713
-0.00011277627897
-0.00011085906916
-0.00011097428059
-0.00011345596906
-0.00011963661297
-0.00012761218592
-0.00013467779878
-0.0001422326112
-0.00015250511399
-0.00016655991423
-0.00018189258685
-0.00019168517579
-0.00020012747919
-0.00021146948028
-0.00022046858158
-0.00022431190478
-0.00022651387596
-0.00022926190726
-0.00023233233948
-0.0002353661639
-0.00023815164369
-0.00024032178365
-0.00024159136387
-0.00024196581055
-0.0002426438957
-0.00024559166502
-0.00024873905771
-0.00025075000338
-0.0002517848045
-0.00025281544043
-0.00025579985577
-0.00025983344021
-0.0002645594778
-0.00026949889535
-0.00027301217507
-0.00027505120711
-0.00027704801407
-0.00027927707809
-0.00028154401094
-0.00028371988281
-0.00028581848852
-0.00028789737646
-0.0002899667112
-0.00029202144868
-0.00029409380223
-0.00029616451264
-0.00029822024365
-0.00030020596891
-0.00030210934571
-0.00030394707301
-0.00030589531157
-0.00030809403467
-0.00031012057114
-0.00031233186624
-0.00031437559844
-0.00031639426309
-0.00031841766612
-0.00032027694541
-0.00032218800297
-0.00032414029208
-0.00032606525908
-0.00032786809815
-0.00032967804478
-0.00033150281797
-0.00033333546297
-0.00033516734373
-0.0003370019758
-0.00033883446796
-0.00034067005534
-0.00034250449635
-0.0003443414594
-0.00034617655002
-0.00034801213741
-0.00034984432387
-0.00035167490539
-0.00035350143636
-0.00035532636239
-0.00035714876638
-0.00035896880118
-0.00036078241625
-0.00036259182791
-0.0003643950491
-0.00036619322621
-0.00036798570963
-0.00036977265219
-0.00037155374821
-0.00037332899767
-0.00037509809489
-0.00037686103985
-0.00037861771792
