-0.00085912952903
-0.00085564637077
-0.00085212294996
-0.00084884870962
-0.00084544876064
-0.00084208057434
-0.00083818986956
-0.00083384732946
-0.00082892903485
-0.00082357277312
-0.0008172502101
-0.00080946209012
-0.000800147572
-0.00078909281684
-0.00077560709815
-0.00075877735069
-0.0007376090894
-0.00071279259337
-0.00068563102727
-0.00066043695796
-0.00064283282739
-0.000637229622
-0.00064437801473
-0.00066398543103
-0.00069241482021
-0.00073184572851
-0.0007794244356
-0.00082862617097
-0.00087514910443
-0.00091658150901
-0.00094646035013
-0.00096350885746
-0.00096410295381
-0.00094594319999
-0.00091635559135
-0.00087700162926
-0.00083193262135
-0.00078053568208
-0.00072478993965
-0.00067054151686
-0.00061589404742
-0.00057533399817
-0.00055398276593
-0.00055885677174
-0.0005858259723
-0.00064195331427
-0.00071266554264
-0.00077779424954
-0.00084510429212
-0.00091577983683
-0.00098727807973
-0.00105509900938
-0.00111090111939
-0.00116416042544
-0.00121947043757
-0.00127664460594
-0.00133271692242
-0.00137867125914
-0.00140266595171
-0.00141147674055
-0.00138587601945
-0.00133667428408
-0.00127971350725
-0.00120601200795
-0.00111433327841
-0.00101102493391
-0.00090598082598
-0.00078278188522
-0.00063645165999
-0.0004748256906
-0.00031198817623
-0.00014413528975
-2.022919986e-05
3.587060699e-05
3.707481076e-05
-1.057421264e-05
-9.433283708e-05
-0.00022827901657
-0.00037184195175
-0.0005063566385
-0.00061771167804
-0.00071485672029
-0.00077238877802
-0.00075125451621
-0.0006562773888
-0.00050328907927
-0.00032357981018
-0.00016704759067
-6.065585033e-05
-4.194122037e-05
-0.00018818019724
-0.0004613891817
-0.00085233634149
-0.00132721839966
-0.00179831488306
-0.00219305253861
-0.00246419444356
-0.00255708597069
-0.00246505203595
-0.00221044283028
-0.00184176936257
-0.00144760656681
-0.00108979012039
-0.00078750065652
-0.00056711417414
-0.00045773736807
-0.00041505396121
-0.00037052818462
-0.00025313443307
-5.948501527e-05
0.00018877219098
0.0005012079526
0.00080002275808
0.00110010136039
0.00143213456214
0.00180182130413
0.00220818141685
0.00261936811504
0.00297561834812
0.00325633155682
0.00343488300907
0.00345728777813
0.00327356482453
0.00292990200782
0.00252316879544
0.00209662774871
0.0016289392668
0.00110962837533
0.00056028698712
1.853275058e-05
-0.00051247475722
-0.0009209428383
-0.00121406943967
-0.00142218389567
-0.00154419017012
-0.0015851295821
-0.00155407865331
-0.001572373063
-0.00167395995965
-0.00186290765063
-0.00214609029595
-0.00260386658449
-0.00319054388613
-0.00379328952559
-0.00435895827405
-0.00480716549566
-0.00513810579276
-0.00536864470173
-0.00550709867674
-0.00557384951718
-0.00558731063098
-0.00556804723583
-0.00553060306087
-0.00549105181227
-0.00546152146593
-0.00545773231226
-0.00549285915357
-0.00558173203048
-0.00573594655845
-0.00594147347433
-0.00601911757237
-0.00587447658495
-0.00542898484891
-0.00460315960959
-0.00338704751636
-0.00183481333537
0.00016467599204
0.0024896439564
0.00497973974813
0.00763351624158
0.01030132199819
0.01278982070862
0.01493695112054
0.01674701685359
0.01815694438054
0.01915745541959
0.01987424518982
0.02040272699631
0.02079882552617
0.02107573347618
0.02120813912089
0.02110709353191
0.02064798857909
0.01970041832457
0.01818696235115
0.01612184676115
0.01352122131223
0.01058673876788
0.00758986715973
0.00465485672856
0.00206843904013
-5.36660473e-06
-0.00134226048973
-0.00196482559494
-0.00194233940605
-0.00132511132602
-0.00022960012043
0.00116360659165
0.00256278580621
0.00357261852117
0.00391147398896
0.00349432261712
0.00229867597995
0.0004300843304
-0.00182645348713
-0.00418898945617
-0.0063976839969
-0.00806807445748
-0.00912631305132
-0.00952630810166
-0.00918045723884
-0.00804487875292
-0.0061260951776
-0.00355818797456
-0.00060517615562
0.00269898552557
0.00619463546488
0.00970158889247
0.01306537315265
0.01592081583044
0.0181160465732
0.0193908842852
0.01956168251169
0.01874108693074
0.01739672026209
0.01594829726016
0.01466535782763
0.01366924435417
0.01307117990762
0.01296047130575
0.01338418100023
0.01435732244998
0.0158383268051
0.01769919940732
0.01967031535524
0.02132529867859
0.02235211458607
0.02260732101962
0.02199189893881
0.02045397675358
0.01808522335152
0.0151669889844
0.01199051507135
0.00878548606048
0.00589992699251
0.00349106716598
0.00161580472706
0.00027142231127
-0.00061724642186
-0.00125159100821
-0.00170485028558
-0.00203510209301
-0.00216169874594
-0.00196153703903
-0.00117466984669
0.00041263838693
0.00278327070816
0.00577214706786
0.00918481454188
0.01285482236479
0.01642596325024
0.01968835745292
0.02242719082791
0.02416157638081
0.02446996517421
0.02317880323348
0.02025133532071
0.01582570673132
0.01014348384038
0.00351731208794
-0.00357931642066
-0.01049232307941
-0.01664349735436
-0.02166998192736
-0.02505587927677
-0.02639369657002
-0.02538715509514
-0.02193395217677
-0.01624894669601
-0.00863592409427
0.00048212305478
0.01065816006456
0.02125456184533
0.03148690066814
0.04059154351833
0.04807809696522
0.05356248308805
0.05684737063741
0.05800773743557
0.05714088465401
0.0545946360207
0.05107287044696
0.04713255325924
0.04313638296227
0.03974717066261
0.03749982228086
0.03659336009368
0.03713922190253
0.03874877564444
0.04082522738011
0.04301735790624
0.04499854843983
0.04627697399272
0.04632819690829
0.045032905819
0.04268855152449
0.03931259902586
0.03495138157518
0.02997360127132
0.0246781136297
0.01919809823076
0.01369598763707
0.00814715906021
0.00250110088975
-0.00341006830249
-0.00951350460958
-0.0157182593963
-0.02208533937875
-0.02862570939241
-0.03516381128221
-0.04170923648317
-0.04817580076225
-0.05415997938523
-0.05910757619464
-0.06247128887695
-0.06367558659483
-0.06263211541097
-0.0595142279872
-0.05468683726871
-0.04873218451846
-0.04221741254173
-0.03571331014174
-0.02956567002428
-0.02394701723205
-0.01893797529204
-0.0141328855547
-0.00889941119304
-0.00267463204891
0.00469435876738
0.01314304409239
0.02238826588569
0.03159212461548
0.0397568605172
0.04588105888116
0.04909257911041
0.04850930891555
0.04397069017957
0.03591499422055
0.02519961211992
0.0129187861418
0.0002156218565
-0.01170228887013
-0.02166217546556
-0.02868183091868
-0.0321763790061
-0.03198934602323
-0.02816826862515
-0.02098181435921
-0.01118330007909
-1.164971045e-05
0.01115012820844
0.02099087343379
0.02834524491683
0.03239795726007
0.03276376492868
0.02948996300244
0.02313101605584
0.01450255842847
0.00455639689025
-0.00576126275751
-0.0157776645575
-0.02489846163896
-0.03237805413768
-0.03762433199143
-0.04058317338078
-0.04142485311902
-0.040148333327
-0.0369782880017
-0.03234756196366
-0.02663020775779
-0.02034388998448
-0.01395855317072
-0.00793615643703
-0.00274033695768
0.00122355574469
0.00366342221121
0.00430353015844
0.00290009027097
-0.00074010894662
-0.00701209951387
-0.01596457227909
-0.02707400846658
-0.03944533124461
-0.0521802696189
-0.0642692803175
-0.07464525356389
-0.08234085913692
-0.08662143963974
-0.0872140596943
-0.08450649242909
-0.07905337688965
-0.07170751869992
-0.06337643582071
-0.05493163359532
-0.04708540133521
-0.0408694893475
-0.03690014285855
-0.03563749575309
-0.0372342415293
-0.04136537637995
-0.04757047563518
-0.05532898026435
-0.06382455804359
-0.07235856419355
-0.07980176829094
-0.08544367047114
-0.08886169286479
-0.0894569970896
-0.08730169785289
-0.08251949066692
-0.0755195325498
-0.06697429762097
-0.05736228396329
-0.04701650763219
-0.03647774393387
-0.0262608704053
-0.01658134986589
-0.00760071120753
0.00052168682951
0.00778698814912
0.01430896264935
0.02043698148229
0.02626926291094
0.03159138199504
0.03622390642715
0.04020669613543
0.04370626809483
0.0465388148004
0.04847853043004
0.04961447127894
0.05016119202227
0.05024806966596
0.04999106036472
0.04952039111175
0.04894316029995
0.0481456933193
0.04692591688632
0.04521185050219
0.04294272902612
0.04056968095166
0.03860197837358
0.03730847225751
0.03691170268508
0.03774862696837
0.04014192710734
0.04427851529721
0.05010196133213
0.0573829520742
0.06588528501523
0.07520557410314
0.08468463186121
0.09360515852686
0.10129423261895
0.10706837492003
0.11045333728347
0.11108165680233
0.10866093786427
0.10295962604925
0.09421263099013
0.08302876723528
0.06994674775348
0.05577437358082
0.04136011093265
0.02736038259032
0.0141680616058
0.00215570812531
-0.00843265635501
-0.01757255130779
-0.02550339308773
-0.03259404931752
-0.03914575995048
-0.04563460731623
-0.05257613999429
-0.06007902214352
-0.0681201698998
-0.07667828884581
-0.08552710342968
-0.09408692235018
-0.10203139524136
-0.10910722590416
-0.11492069129937
-0.11907153690687
-0.12122965452234
-0.12127416701228
-0.11918999828714
-0.11476670939948
-0.10791107016936
-0.09897376743965
-0.08832799034717
-0.07659150067446
-0.06453993415082
-0.05286401725338
-0.04217338320244
-0.03288222183534
-0.02505315931758
-0.01828527903371
-0.01202017067897
-0.00566395711241
0.00155512682179
0.01006262768528
0.02008678673728
0.03150854402758
0.04386937169994
0.05660217168526
0.06900818289014
0.08029726611869
0.08947757572817
0.09560880214456
0.0981963869997
0.09685582290556
0.09141572559183
0.08200332472825
0.06935788553727
0.05492532579524
0.04031021116104
0.02681602839044
0.01559538255596
0.00770948273321
0.00379363444147
0.00378309504699
0.00703264683712
0.01263470250999
0.01941777072385
0.02616835600409
0.03164457777574
0.03467910829247
0.03432988432236
0.02990869356111
0.02116985837954
0.00852512602005
-0.00721271887182
-0.02475692981541
-0.04266521713781
-0.05959238207758
-0.07433142932574
-0.0860160697765
-0.09415487659362
-0.09855181587669
-0.09934606185304
-0.09699258137969
-0.09224813152187
-0.08560489963069
-0.07727676933875
-0.06781019297234
-0.05778284870497
-0.04780033008074
-0.03820839401651
-0.02922087046147
-0.02131976481427
-0.0150523704412
-0.01068811540452
-0.00850421633382
-0.00862862315119
-0.01092089112204
-0.01518978206342
-0.02095393477757
-0.02756348033213
-0.03480928607587
-0.04232847455936
-0.0494732839239
-0.05586751428842
-0.06080567176579
-0.06400556059064
-0.06535560875299
-0.06492609677715
-0.06278135527675
-0.05907657402828
-0.05420507344539
-0.04872824773543
-0.04307708069426
-0.03770561761377
-0.03323592836975
-0.02967852596236
-0.02675162172534
-0.02410838507373
-0.02176206686133
-0.01935242459916
-0.01643440496567
-0.01301107686215
-0.00865841744095
-0.00357602786475
0.00213355835243
0.00842903272518
0.01511078245941
0.02173496121544
0.02824689244533
0.03460138366932
0.04063423524613
0.0460233199043
0.05074790690228
0.05461315679541
0.0578096009351
0.06038680699861
0.06248725968992
0.06408411730656
0.0650413818893
0.06551410900612
0.06549478298034
0.06493602820707
0.06378706913246
0.06204759260332
0.05980568413994
0.05732390032875
0.05493378093152
0.05281717848255
0.05122506290002
0.0501190058132
0.04948424428575
0.04917860676686
0.04856160549921
0.04693128522682
0.04351949458175
0.037782371462
0.02977433294574
0.01959514964106
0.00750515027309
-0.00629741681729
-0.02163951212143
-0.03822106330008
-0.05558460274429
-0.07292810038398
-0.08929335217683
-0.1040815644767
-0.11634066209667
-0.12521095004252
-0.13066545240324
-0.13247914623974
-0.13061888204944
-0.12541570749626
-0.11740144617863
-0.10744241404407
-0.09643136611703
-0.08495559884773
-0.07351459158314
-0.06273415861656
-0.05296592625045
-0.04423209704639
-0.03635428999694
-0.02908173649668
-0.02198570745277
-0.01510562885254
-0.00850082980569
-0.00211022351838
0.00363871352935
0.00852206159235
0.01202943553995
0.01405863245841
0.01437754319918
0.01303795882718
0.01019788302407
0.00608383739066
0.000992317162
-0.00418973028716
-0.00888912187375
-0.0121659121762
-0.01365810057402
-0.01287764675913
-0.00977961324796
-0.0045440452335
0.00283720821457
0.01181152565199
0.02171090657641
0.03166891425265
0.04110919917149
0.04911785504691
0.05519915589669
0.05932794657199
0.06113958254463
0.0611010199654
0.05969469370019
0.05750830282478
0.05529949912779
0.05346455561017
0.05254070894702
0.05306085640489
0.05493306515279
0.05800559009937
0.06228621533836
0.06689538301568
0.07113646147969
0.07494579115931
0.07781816647775
0.07903266404257
0.07829491984994
0.07565302528346
0.07079924022421
0.06417394753752
0.05560558400839
0.04491099975357
0.03213578987834
0.01758279141729
0.00216558631919
-0.01307395355021
-0.02774188818127
-0.04116540569648
-0.0524975385422
-0.06102223956863
-0.06663586848889
-0.06910235252967
-0.06831857481728
-0.06459088864936
-0.05821334487656
-0.04928163416821
-0.03837588623998
-0.02623141611045
-0.01331891987426
2.56290928e-06
0.01345894856248
0.0268097340112
0.0399070219481
0.05257605052195
0.06464327470537
0.07591620817627
0.08635136737663
0.09640926644865
0.1057130926257
0.11402641524511
0.12089950158185
0.12604049285762
0.12909566016994
0.12970639837367
0.12780269536153
0.1232609450936
0.11619012488193
0.10707611427758
0.09644362382783
0.08446014575614
0.07117569510148
0.05694574547699
0.04208226904337
0.02687618959292
0.01131779937659
-0.00443967798383
-0.01996859824765
-0.03456934809741
-0.04723607275846
-0.05778146188367
-0.06596643642906
-0.07175323906648
-0.07505074221601
-0.07589706109517
-0.07456866523949
-0.07114742184153
-0.06530389373954
-0.0573912282658
-0.04763851935096
-0.03625531569266
-0.02326656665336
-0.00907390910085
0.0059577574405
0.0215511045007
0.03718314387502
0.05223838190476
0.06624782694338
0.07864287778641
0.08916831457944
0.09764626630739
0.10396149259428
0.10785175000688
0.10902549292011
0.1073271736681
0.10283888312427
0.09575540257627
0.08650042829773
0.07542227611448
0.06269045137769
0.04867416170494
0.03363706419245
0.01786767135293
0.00164494228982
-0.01496967562948
-0.03180479142422
-0.04882255158348
-0.06578614966075
-0.08258731070185
-0.09916313565064
-0.11501070047501
-0.12935249052649
-0.14162469584451
-0.15145555884973
-0.15847032463938
-0.16244428342755
-0.16313232573442
-0.1605238938237
-0.15485340523036
-0.14613012034175
-0.13468969464739
-0.12107200425645
-0.1060718767155
-0.09061396393878
-0.07551581944762
-0.06097047981901
-0.04725213304378
-0.03465535785939
-0.02337743183183
-0.01356642721282
-0.00520474479278
0.00181755546276
0.0074388870569
0.01167525480212
0.01486887608944
0.01712858507517
0.01886449165789
0.02070548797942
0.02310872849555
0.02635898577509
0.03046712623395
0.03501619981305
0.0393655979674
0.04316705408097
0.04576282118174
0.04671798316445
0.04595523145234
0.04350245010068
0.04015983499652
0.03662170045788
0.0339298042733
0.0325394309266
0.03307146478505
0.03619726156382
0.04233629444201
0.05151665326128
0.06316246271578
0.07682940763077
0.09144941192844
0.10580158077154
0.11901915085086
0.13004344068447
0.1378596102378
0.14178024351037
0.14159297789941
0.13740764070423
0.12948200174095
0.11852571088696
0.10539573423006
0.0907498276895
0.0751860243965
0.05932083352083
0.04378351851457
0.02875002673744
0.01393726770065
-0.00087790619464
-0.01586235460244
-0.03082488586544
-0.04537442174687
-0.05966901513816
-0.0737758508206
-0.0875616597414
-0.10081439245097
-0.11318304895323
-0.12419293373983
-0.13333817019141
-0.14024986384354
-0.14476821709415
-0.14644049989475
-0.14530455904585
-0.14152967621773
-0.1354005076652
-0.12754649131137
-0.11828941443281
-0.10837914472442
-0.09842109678561
-0.08866771682821
-0.07911354703938
-0.07019637558653
-0.06214140435348
-0.05473685230767
-0.04782900596622
-0.04125900718664
-0.03449114032362
-0.02730172004956
-0.01925860390177
-0.01030845741743
-0.00056550546144
0.0097476179386
0.01996874587702
0.02932162079173
0.03715193592227
0.04302136179353
0.04629035010779
0.04660153491186
0.04414012395285
0.03902897617661
0.03152346354054
0.02237934549324
0.01235162096842
0.00223291872985
-0.00721667354932
-0.01551615032386
-0.02226315671044
-0.0273163979872
-0.03046332365943
-0.03144356473949
-0.03027157995778
-0.0270228347608
-0.02184806320246
-0.01511139981857
-0.00694939729688
0.00241538101816
0.0127641466202
0.02395869337262
0.03589458110582
0.04832329591737
0.06088628634557
0.0732661716267
0.08528588599673
0.09694180582583
0.10807748872472
0.11834063734837
0.12751571282586
0.13554008451809
0.14209957029753
0.1466388153399
0.14909120748688
0.14959162629343
0.14805838351166
0.14442021442151
0.13873393395988
0.13107675675756
0.12143960137189
0.11015351546678
0.09791105970235
0.08530333310334
0.07294268437566
0.06146682763402
0.05144543327737
0.04328437468889
0.03715963501726
0.03319745526287
0.0317006187769
0.03242178374463
0.03523674466146
0.03999864609951
0.04628748699286
0.05356176730931
0.06154703958826
0.06963023934508
0.07745602717514
0.08456004162553
0.09043904551096
0.09485007668783
0.0972778192047
0.09766970806089
0.09575128684855
0.09118537904839
0.0838132607264
0.07383539466393
0.06179818845112
0.04804785531376
0.03292510592866
0.01694797173281
0.00098299011776
-0.01396050814138
-0.02768248302007
-0.03984464630516
-0.05013658712833
-0.0584888749525
-0.06516507740156
-0.07080626380303
-0.07562980721082
-0.08044842963982
-0.08563259132042
-0.09113979289035
-0.09745926911346
-0.10446307454126
-0.11188646051499
-0.11941256073686
-0.12700026266593
-0.13402536251104
-0.14026910039698
-0.14549169044829
-0.14934602471575
-0.15166975563551
-0.15245948325861
-0.15162372211576
-0.14896880932358
-0.14435181281636
-0.1378000216583
-0.12963750467065
-0.11983773330413
-0.10841359157593
-0.09563609120875
-0.08166740082173
-0.06662580285046
-0.05073497814892
-0.03437591784212
-0.01776750706651
-0.00128529658137
0.0147970208519
0.02997687148541
0.04351579490042
0.05535819298388
0.06562008899474
0.07451323712387
0.08220597958197
0.08914353074082
0.09569590346911
0.10209809687202
0.10852820564552
0.11503356065829
0.12153945250512
0.12783548697473
0.13360211359911
0.13843527528363
0.14191395992489
0.14369611476097
0.14337477484613
0.14068863620673
0.13535635306462
0.12742409314807
0.11701000468415
0.10451103171636
0.09063910566677
0.07612543924709
0.0618466377241
0.04880926494075
0.03773362245669
0.0287167519736
0.02169707862601
0.01659239970007
0.01284540987445
0.00982542308685
0.00721015996285
0.00458808352003
0.00128571978555
-0.00325977311044
-0.00928519803553
-0.01693270775133
-0.0262871931682
-0.03721256238093
-0.04926781069143
-0.061894281746
-0.07453833411569
-0.08665132340183
-0.09770433385709
-0.10726883770138
-0.11511211737421
-0.12096902159127
-0.12451847885473
-0.12580840160352
-0.12499335330775
-0.12210755713808
-0.11724482484467
-0.11068793376314
-0.10275701593171
-0.09375739571608
-0.08409183286196
-0.07402404709619
-0.06383256581816
-0.0537705957546
-0.04413477798044
-0.03520039204907
-0.0272718452347
-0.02055053083101
-0.01516789265505
-0.01130355985343
-0.00900996769193
-0.00811749003174
-0.00840469177465
-0.00968307259137
-0.01171038611705
-0.01413502841728
-0.01646610501629
-0.01829304075935
-0.01926864717211
-0.01914636532285
-0.01799182317413
-0.01597041034938
-0.01345290917942
-0.0110613000677
-0.0091825687861
-0.00775933672195
-0.00682767464976
-0.00642383676235
-0.00654372970009
-0.00719939644015
-0.00838593837185
-0.01006602763426
-0.01215031714706
-0.01444099698384
-0.01656209094436
-0.01837707318257
-0.02018144400108
-0.02216008457292
-0.02442487558766
-0.02697533836826
-0.02957984691681
-0.03217556033418
-0.03502074053438
-0.03811018470076
-0.04117906812304
-0.04372028841076
-0.04534252485709
-0.04599133354218
-0.04544828116486
-0.04350413665431
-0.04005763074071
-0.03520444961976
-0.02938124068655
-0.02326710796102
-0.01752353835907
-0.01260566873515
-0.00879701904531
-0.0062533651099
-0.00469292720991
-0.00390241536174
-0.00370408246949
-0.00392511986314
-0.00447106622335
-0.00530994637203
-0.00645645837809
-0.00792603264158
-0.00968618175524
-0.01157406605739
-0.01325280428744
-0.01446085984367
-0.01534782600762
-0.01631117023597
-0.01778443075993
-0.02024146652144
-0.02408540410279
-0.02952727296889
-0.03664674376629
-0.04547588338224
-0.05563663091093
-0.06637827761743
-0.07711992432393
-0.08740951202452
-0.09690373534448
-0.10543492311568
-0.11296088912904
-0.11908276568574
-0.12391445107662
-0.12789373346911
-0.13098222922867
-0.13295531804172
-0.13382333396371
-0.13371699608572
-0.13259698131362
-0.13041434827655
-0.12718882562584
-0.12295723123005
-0.1175956011599
-0.11117721326315
-0.1036346948666
-0.09486367648375
-0.08482018245872
-0.07362289785264
-0.0615770128227
-0.04887498237565
-0.0356968248628
-0.02221868895667
-0.00859376472691
0.00495691088018
0.01816072906059
0.03066502563271
0.04205664863835
0.0519066631983
0.05988911709848
0.06591901608802
0.0700501330442
0.07214924365038
0.07264559146539
0.07183532993989
0.06993985838318
0.06726324854816
0.06403522067188
0.06022521994969
0.05587825096941
0.05089526784889
0.04546711509276
0.03998529235253
0.0344880445806
0.02926990577829
0.0242764007104
0.01971620571924
0.01567661896852
0.01216796556644
0.00927362926176
0.00649157179855
0.00355547338371
0.00044952828073
-0.00275772411783
-0.00620638318333
-0.01011491084809
-0.01433845720675
-0.0184228919687
-0.02205367064344
-0.02510512037996
-0.02761050699487
-0.02945986898035
-0.03091651449047
-0.03221310292871
-0.03347099010559
-0.03472722651778
-0.03589814657863
-0.03724917893673
-0.03885231751175
-0.04062878190691
-0.04242075185886
-0.04442803700087
-0.04668398367464
-0.04902131439033
-0.05115420080547
-0.05309342433723
-0.05462783025943
-0.05539474243542
-0.05544198383179
-0.0547412364524
-0.05329066611428
-0.05120810789128
-0.0487719549743
-0.04639968530922
-0.04418230121468
-0.04189668998605
-0.03946004049757
-0.03689318191037
-0.03439331126532
-0.03238574428544
-0.03099197993699
-0.03005606792857
-0.02953824227797
-0.02936701905786
-0.02944557130016
-0.02967794439214
-0.02996002384349
-0.03018969039713
-0.03025210630263
-0.03000042955295
-0.02927695172519
-0.02794982637676
-0.02594544013862
-0.02331474303569
-0.02032309661229
-0.01742549009353
-0.01449704693223
-0.01142686168738
-0.00828852088632
-0.00523179675526
-0.00177279558179
0.00258341141776
0.00803706334388
0.01456548879994
0.02245410410826
0.0316335145207
0.04215664740094
0.05392511448854
0.06642538480528
0.07913247043962
0.09146055123497
0.10277048151912
0.11243872854349
0.12003220143859
0.12541458909199
0.12856271816722
0.12962157859384
0.12911673090639
0.12756894886911
0.12507038899387
0.12165625864707
0.11750062626929
0.11291194775819
0.10801414230687
0.10278354448099
0.09744638509627
0.09178632003072
0.08578263643727
0.07942553709452
0.07260434471591
0.0652423815047
0.0573680996655
0.04916625958372
0.04097975506129
0.03302701492574
0.02550116522642
0.01870591535326
0.01270567197135
0.00764728156133
0.00353557697175
0.00034287850216
-0.00196812220337
-0.00372329799693
-0.00524399183542
-0.00670330362132
-0.0081265670008
-0.00934167745116
-0.00995945265456
-0.00975454757146
-0.00893047151642
-0.00791266547374
-0.0069326122856
-0.00584970616718
-0.00437749918004
-0.00221553604333
0.00097698607627
0.00541003460696
0.01102545297404
0.01767701026661
0.02521993576232
0.03338306563551
0.04179172103489
0.05023330672959
0.05855928968534
0.06646202372916
0.0735531094262
0.07966917028069
0.08481629041186
0.0890346429011
0.09251713011688
0.09531524339179
0.09718257589707
0.09793566459628
0.09768505256747
0.09660910292361
0.09487902099033
0.09250272506988
0.08973914811883
0.08656748781776
0.08269342489898
0.07805638658725
0.07283303602103
0.06693193246723
0.06031021867421
0.05312147391632
0.04554079556607
0.03786909700271
0.03054036381916
0.02379361242876
0.01772991973581
0.01245741753874
0.00797642793798
0.00415279878872
0.00103303155105
-0.00102851453988
-0.00193634654861
-0.00187743661682
-0.00091902857756
0.00082776544704
0.0031196956598
0.00555543163567
0.00782494231642
0.00998670592982
0.01214112386396
0.01426112626191
0.01621573903642
0.0179312593461
0.01944997181959
0.02060109165125
0.02105840268361
0.02059148679538
0.0191985008563
0.01692011004564
0.0139639438793
0.01054737541119
0.00662786501651
0.0021668478792
-0.00256727821248
-0.00721703143868
-0.01154150707229
-0.01515711571151
-0.0177197556778
-0.01922992354267
-0.01970966081746
-0.01919681430266
-0.01765109460286
-0.01517357414874
-0.01167319693826
-0.00721198967223
-0.00190898277502
0.00406695365585
0.01032879895429
0.01675160678471
0.02328609846553
0.02954887159215
0.03519035772596
0.04011777404873
0.04438842312163
0.04790103120121
0.0505350969378
0.0521174600351
0.05252840650005
0.05171112139574
0.04988870400594
0.04737936271353
0.04446977137461
0.04143097302719
0.0387751163018
0.036790306612
0.03532010156851
0.03434131888762
0.03387431800066
0.03396601372994
0.03472983911015
0.03632058576586
0.03888347625471
0.04244815276348
0.0468181027147
0.05168875331034
0.05684388121609
0.06189177652043
0.06643052946492
0.07023686182111
0.07271314308329
0.07341957195637
0.07236728774685
0.06951414898186
0.06500214826751
0.05927560525216
0.05274810583484
0.04572774802383
0.03861672341547
0.03171103335746
0.02537593526351
0.01986323561819
0.01543930252967
0.01216209618083
0.00994094530071
0.00828954534463
0.00679876166257
0.00513202167353
0.00280906826841
-0.00053794440134
-0.00496423866495
-0.01070686880732
-0.01788799499532
-0.02627944486341
-0.03556437448192
-0.04542976039015
-0.0556009761828
-0.06551800105298
-0.07456839682246
-0.08240402661009
-0.08898131738551
-0.09427763264629
-0.09826170180906
-0.10112204309755
-0.10270154307992
-0.10278524445548
-0.1015210450049
-0.09925041591987
-0.09616666219442
-0.09211530983077
-0.0868715148345
-0.08048784220629
-0.07326527690328
-0.06548928043133
-0.05745041421977
-0.04919274339683
-0.04092016648178
-0.03298375504858
-0.02569392891278
-0.01908643674845
-0.01327339187324
-0.00835626486976
-0.00434385623752
-0.00124970851014
0.00070241738064
0.0015501557385
0.00159051984332
0.00103072987506
0.00012399515513
-0.00080732772741
-0.00152028629198
-0.0021453338073
-0.00267614055259
-0.00286373407968
-0.00288675754998
-0.00292032265157
-0.00313023505428
-0.00372741864562
-0.00489503628234
-0.00676109828038
-0.00931181158354
-0.01232880104769
-0.01544637531827
-0.01854740167927
-0.02165339375523
-0.02454418248156
-0.02692947037235
-0.02887226832415
-0.0306717807945
-0.0324930708328
-0.03438550927713
-0.03624382297038
-0.03785936241195
-0.0391779028892
-0.03991304343669
-0.03976532460072
-0.03879943041063
-0.03710032827563
-0.03486955464517
-0.03221590788662
-0.02862379915792
-0.02376320077985
-0.01753348320983
-0.01019270704911
-0.00233032861023
0.00583013856607
0.01409544585336
0.02179594556348
0.02856484135842
0.03396371429076
0.03764883846579
0.0397081696689
0.04008122459719
0.03899239093613
0.03669749247845
0.03341196967546
0.02912394954744
0.02399654017312
0.01820651653141
0.01144388827399
0.00387928899825
-0.0040388311568
-0.01218819973649
-0.02024045101036
-0.02784026302086
-0.03495378390755
-0.04147858126015
-0.04745161162937
-0.05325205879888
-0.05891619485597
-0.06450571098016
-0.07006239075499
-0.07558730784856
-0.081011613294
-0.08579337311827
-0.08989348790808
-0.09283967790833
-0.09433847383858
-0.09440714386076
-0.092929955501
-0.08990386669971
-0.08552003511469
-0.08023154868379
-0.07431009017227
-0.06802957915393
-0.06209890499123
-0.05662695552389
-0.05165649853119
-0.04764200877228
-0.04479535675206
-0.04309688539707
-0.04223081997212
-0.04200695569983
-0.04225882034143
-0.04279817303742
-0.04345123613235
-0.04402448989857
-0.04430256993625
-0.0440257022488
-0.04291172238614
-0.04068424133784
-0.03716476625605
-0.03242932178941
-0.0268759211759
-0.02080398360667
-0.01449757929267
-0.00826110656085
-0.00233917966163
0.00308068661358
0.00794527366864
0.01228122860367
0.015765380005
0.01830790211529
0.020010126835
0.02078032711955
0.020932152736
0.02077518693352
0.02064187761816
0.02095896759678
0.02216629395343
0.02469195052732
0.02883745910965
0.03465933937859
0.0422919474759
0.0512984749563
0.0610360630454
0.071082062296
0.08067492887257
0.08923622408672
0.09596678098329
0.10042652985015
0.10219902167334
0.10110929328887
0.09745403498147
0.09166029823758
0.08400844463959
0.07474564153116
0.06423729395537
0.05300681511056
0.04181937693568
0.03129589063969
0.02194711803184
0.01400853242073
0.00742308624138
0.00264410677013
-0.00036049739567
-0.0013381461041
-0.00076148344167
0.00092244507892
0.00323330808652
0.00547083553669
0.00735092232426
0.00898292467668
0.01045865016365
0.01187663914859
0.01334896021296
0.01485601444033
0.01628517852073
0.01786709872994
0.01966683488115
0.02162915569789
0.0241004667715
0.02724378670837
0.03101127464745
0.03514698153476
0.03956351526063
0.04424105322779
0.04880116769383
0.05300954401698
0.05673454601466
0.05948528368469
0.06106080214786
0.06154578697548
0.06090798338841
0.05914170989296
0.05635773324802
0.05284692803613
0.04913682318333
0.0455220511105
0.04209118048859
0.03923823408914
0.03756485077873
0.03731624293037
0.03836716716029
0.04055898005961
0.04351632726086
0.04658287992864
0.04934167010942
0.05159623890913
0.05296377891425
0.05296404733128
0.05161498336469
0.0489806044749
0.04522003722145
0.04024937444237
0.03426017642103
0.02729276834178
0.01934325368415
0.01091112968957
0.00202406254814
-0.00709575615327
-0.01603741171239
-0.02480301701857
-0.03360164656603
-0.04199068962813
-0.04994037428321
-0.05773681518522
-0.06497709601186
-0.07168734268689
-0.07781221656703
-0.08317930445002
-0.08767667643652
-0.0911602373204
-0.09316683352538
-0.09395105859947
-0.09360520326303
-0.09213664898424
-0.08969119094373
-0.08643488980751
-0.08231379375359
-0.07790875722361
-0.0731275342334
-0.06814893525762
-0.06306189580383
-0.05771641549133
-0.05241057142617
-0.04729015878896
-0.042423145244
-0.03776167650939
-0.03315412828145
-0.0287577437269
-0.02453998622874
-0.02034375577597
-0.01638121365859
-0.01214622378743
-0.00744766876723
-0.00246927468312
0.00229678050839
0.00680279239156
0.01059146290751
0.01380131895121
0.01629949856901
0.0177234732536
0.01811871284898
0.01744515164059
0.01613965175713
0.01420483921181
0.01177819273113
0.00916001280879
0.00627692317745
0.00327737589892
0.00056044401108
-0.00131432946149
-0.00253422220852
-0.00311393721989
-0.00299226512464
-0.00216790007394
-0.00065074710337
0.00147307978983
0.0040010416186
0.00650208032507
0.00839151697235
0.00984775538332
0.01089820093621
0.01148592685369
0.0115882384763
0.01112118390594
0.00997837605481
0.00803825779964
0.00524975385422
0.00172721658154
-0.00217500596731
-0.00630236463778
-0.01060115276211
-0.01466729937744
-0.01834070267571
-0.02168200701007
-0.02441376312283
-0.02599789329888
-0.02624863058897
-0.02535607687729
-0.02349386218995
-0.02103583775906
-0.01848500814186
-0.01555651577078
-0.0126363801164
-0.00975544229487
-0.00707613934237
-0.00492659765084
-0.00279692418749
-0.00085810551808
0.00112491069863
0.00328997405198
0.00559841414857
0.00835348227994
0.01166895147566
0.01596711329359
0.0213843638449
0.027654281338
0.03459286142878
0.04195231941444
0.04937473013964
0.05636583049494
0.06240252938243
0.06747359802325
0.07161630164767
0.07452885004748
0.07618878566494
0.07684296269052
0.07656510633369
0.07540344218658
0.07341836407976
0.07071379413799
0.06754602588377
0.06430788763289
0.060797082421
0.05684576013526
0.05257180058572
0.04829247269569
0.04386004420833
0.03926972387976
0.03446861118801
0.02918559151718
0.02343379940703
0.01721132462307
0.01046413481819
0.00317064613208
-0.00463686384067
-0.01281988341539
-0.02104668628048
-0.02881225027741
-0.03585097228652
-0.04185541192125
-0.04646719219096
-0.04941096643798
-0.05058708036826
-0.05023563301047
-0.04864951207483
-0.04622879313677
-0.04352727867547
-0.04081863774216
-0.03802314153324
-0.03509702017921
-0.03211478177253
-0.02929800009355
-0.02667597733413
-0.02401807169212
-0.02124792299758
-0.01853493370847
-0.01627776126362
-0.01470223385322
-0.01376899706781
-0.01349973900301
-0.01394613440971
-0.01512574670854
-0.01699486866066
-0.01938968535582
-0.02199777279803
-0.02477943658294
-0.02798451032998
-0.03139730753889
-0.03472043109343
-0.03759931999833
-0.03965395390351
-0.04075990362352
-0.04085244486643
-0.04011878061257
-0.03867330125068
-0.0365233256183
-0.03383685593123
-0.03092417779653
-0.02795461762065
-0.02480709695734
-0.02139121295265
-0.01786791740187
-0.01465522955856
-0.01187200895491
-0.00954732962832
-0.00804162195968
-0.00787113688639
-0.00903375838756
-0.01145819937503
-0.0152002011176
-0.02034623415983
-0.02683360970556
-0.03420855535354
-0.04215324297834
-0.05042611962573
-0.05864317000559
-0.06658491399035
-0.07383087631068
-0.07999641537008
-0.08509083629205
-0.08911561537024
-0.09191193919832
-0.09355952763264
-0.09422426239453
-0.09388990425399
-0.09248899106545
-0.09014687357948
-0.08712481103356
-0.08357521956158
-0.07991521922008
-0.07640459295287
-0.07297373127819
-0.0698278390115
-0.06716089218937
-0.06481783524382
-0.06253154849901
-0.06019980980468
-0.05787643677428
-0.05555574791413
-0.05293608722453
-0.04985559923954
-0.0464438399098
-0.04274532619885
-0.03887511506439
-0.03472484207987
-0.03019414164612
-0.02550429228476
-0.02076343474146
-0.01585355499764
-0.01083279218089
-0.00561171868576
-0.00019458561164
0.00510761809236
0.01005783196777
0.01450453129361
0.01841857045461
0.02183930833383
0.024693332875
0.02723587735338
0.02997161051172
0.03324987263419
0.03736417773738
0.04257805318262
0.04860092859334
0.0554168421038
0.06268248833929
0.07018018109271
0.07738006515712
0.08406548325736
0.0900297990205
0.09505170260961
0.09905326361516
0.10207411828447
0.10427191688344
0.10568455094873
0.10661228965875
0.10718750734287
0.10741154608622
0.10732440002551
0.10715095789133
0.10661376595238
0.10539394478323
0.10317655174145
0.09967438061052
0.09479026442747
0.08859546791237
0.08110372506967
0.07256045853236
0.06365527637329
0.05487293973923
0.04683138935742
0.03996571580419
0.03463701602936
0.03089464745018
0.02895163476476
0.02873766165983
0.02983897223892
0.03185163019504
0.03418137365617
0.03616524835999
0.03750060963747
0.03816220392017
0.03794354246454
0.0364522666846
0.03377138901889
0.03001526406719
0.02509679497858
0.01926810139083
0.01272556167288
0.00612896276615
-0.00027384155391
-0.00572976849327
-0.00997590661818
-0.0129469430877
-0.01469824338678
-0.01516257352434
-0.01421396986427
-0.01225937945785
-0.00971452211945
-0.00663352861573
-0.00330921776321
-0.00031850865207
0.00161447248389
0.00253971715238
0.00240605934225
0.00112522608864
-0.00122890082238
-0.00443336168388
-0.00801317422867
-0.01177041311103
-0.01569928231264
-0.01947159728455
-0.02257197944469
-0.02525098266485
-0.0274745761399
-0.0290491864588
-0.03009758309507
-0.03004880277444
-0.02877697580673
-0.02666863165489
-0.02414563240954
-0.02132091453386
-0.01803602251088
-0.01435650377805
-0.01053561874551
-0.0069917803451
-0.00343782799119
8.943744738e-05
0.00326453974944
0.00608169005447
0.00871861443237
0.01108967622084
0.01293068148961
0.01430690925911
0.01514120752917
0.01566692911392
0.01563207516325
0.01516982078401
0.01401933173237
0.01240238757504
0.01062633475265
0.00862552740818
0.00701300765814
0.005499887206
0.00387403428762
0.00198802085214
-0.00029663722763
-0.00302128100502
-0.0064597599075
-0.01018107117108
-0.01441907626015
-0.01904611156409
-0.02358813919629
-0.02828455582752
-0.0329839160988
-0.03763798994437
-0.04240047742626
-0.04716865534907
-0.05192997074328
-0.0568378865692
-0.06215652517921
-0.06785139498564
-0.07389337274129
-0.08032907353613
-0.08716543147664
-0.09437345752414
-0.10187665282657
-0.10950519887957
-0.11697175525812
-0.12382269719031
-0.12950302774123
-0.13377823990355
-0.1365609639357
-0.13796711125623
-0.138063965066
-0.13683233354776
-0.13424993808844
-0.13033525472658
-0.12519256347632
-0.11879752786073
-0.11136264469111
-0.10279750216628
-0.09335360703846
-0.08315179170498
-0.07246534943324
-0.06185746387743
-0.05140244181723
-0.04127194936085
-0.03146827700024
-0.02173004918389
-0.01235236806247
-0.00356318053122
0.00466281976697
0.01216410036128
0.01862846362076
0.02410553537965
0.02875712636775
0.0328231208801
0.03633333110092
0.03937118998875
0.04220854135907
0.04497779085657
0.04755177591578
0.04984669674156
0.05173268423006
0.05315359448695
0.05409775137164
0.05441269401406
0.0539204171906
0.05273956122621
0.05091074656399
0.04837590565423
0.04525367882189
0.04154919283214
0.03734168886432
0.03302988698791
0.0290565724006
0.02569958803838
0.02306040895747
0.02126502563568
0.02030710790485
0.0200759203214
0.02051673265397
0.02157709621593
0.02318774152041
0.02521627634355
0.02744830706041
0.02983710226698
0.03235462580503
0.03478894453901
0.03709570702919
0.03954850180171
0.04214763753614
0.04480886707564
0.04747138501686
0.05008643788086
0.05227681027548
0.05385751813446
0.05487191080731
0.0552006769265
0.05470598434982
0.0534948419978
0.05204628478736
0.05071717315295
0.04947059975366
0.04808905732707
0.04659992440971
0.04511615983285
0.04352994047763
0.04189087428385
0.04041545300284
0.03923979090788
0.03834716561833
0.03763691180265
0.03697578724975
0.03633887391248
0.03568554240053
0.0351151696437
0.03452906764923
0.03412403977967
0.03427798589062
0.03509832200178
0.03672442365327
0.03920088386014
0.04236790054668
0.04579731276942
0.04896857044496
0.05155239746175
0.05348361321893
0.05483737448345
0.05565036491536
0.05592553710194
0.0556305467917
0.0546643349748
0.05289224577715
0.05019156788224
0.04655836450704
0.04206992186023
0.03674865276337
0.03089581506424
0.02475838821458
0.01855141898741
0.01249636484903
0.00677905090572
0.00156335335624
-0.00292528076138
-0.00628981166825
-0.0085886021728
-0.009720847814
-0.00980306394869
-0.0089179722303
-0.00714404884964
-0.00466755732745
-0.00181322634351
0.00100052893352
0.00351684906857
0.00526734411658
0.00620140404752
0.00667221198262
0.00653896977151
0.00618658295414
0.00555846474805
0.0046716820024
0.00408454347085
0.00385650531382
0.00412363304217
0.00506305639263
0.0067896533782
0.00932459270753
0.01260858105986
0.01683178295001
0.02186740712271
0.02731701534635
0.0333940394182
0.03985447484188
0.04648624979972
0.05311977394183
0.05952948302144
0.06547187806089
0.07069343918027
0.07500488764094
0.07829353302865
0.08058004345431
0.08163138820424
0.08148210360228
0.08014869729547
0.07763613499877
0.07402659705793
0.06915008602391
0.06303809616096
0.05606900600169
0.04833327208346
0.04031285506873
0.03233009696258
0.02473297806956
0.01801143103779
0.01228648510374
0.00757097060119
0.00380328627032
0.00117849792082
0.00013211763324
0.00046028554036
0.00187659826098
0.00407002703078
0.0064882568483
0.00842625908259
0.00981797451442
0.01070271281706
0.01109914239458
0.01113118691373
0.01093862454014
0.0106822147036
0.01053791371107
0.01068992274582
0.01129105162007
0.01245201788292
0.014191530201
0.01636127027365
0.01861026942009
0.02072841974057
0.0227804992104
0.02455038738845
0.02578690857016
0.02635958076617
0.02630388423352
0.02549025407437
0.02356711766963
0.02027743887637
0.0157892154368
0.010416938158
0.00433949088197
-0.00227647118157
-0.00929146557306
-0.01658099645014
-0.02402860258673
-0.03146251945506
-0.03865368443979
-0.0455822659964
-0.05204006645962
-0.05757317027244
-0.06201641149227
-0.06514910658858
-0.06702668367698
-0.0679285201441
-0.06800765843024
-0.06738077046884
-0.06615942826989
-0.06445506963482
-0.06242382379973
-0.06034019190864
-0.05859315496663
-0.05706984361479
-0.05539993183124
-0.05359773519063
-0.0516201727605
-0.04935522516917
-0.04693839827797
-0.04473916812154
-0.04303553868606
-0.0418061305555
-0.040980622943
-0.04050536375891
-0.04030060630517
-0.04028166501045
-0.04037930617683
-0.04054031165554
-0.04073183167634
-0.04092815188827
-0.04110511028548
-0.04122307509426
-0.04122393402874
-0.04102272415334
-0.0405196614391
-0.03961299793915
-0.03823939170926
-0.03644638387814
-0.0344192358763
-0.0322176570709
-0.02981753019226
-0.0271804089752
-0.02436801144096
-0.02171756331862
-0.01929271970562
-0.01732231506282
-0.01613710179539
-0.01560379742969
-0.01569239741596
-0.01637360850955
-0.01756895451966
-0.01936633307467
-0.02185712675066
-0.02472579344053
-0.02769932171476
-0.03077496477245
-0.03395158184124
-0.03697765274807
-0.03959313955293
-0.04182704918897
-0.04379114155807
-0.04541378957717
-0.04647265000379
-0.04658972456277
-0.04549950408042
-0.04343591846746
-0.0408048724224
-0.03771401011941
-0.03427904613787
-0.03087992030276
-0.02766607826624
-0.02440921345426
-0.02112428564235
-0.01801262101993
-0.01528370565401
-0.01292810021256
-0.01088312037303
-0.00905626515509
-0.00739703189551
-0.00607472463267
-0.00506663528629
-0.00424740997425
-0.00329170892069
-0.00189888179502
0.00017558718884
0.00308505152177
0.00675189157643
0.01080472470733
0.0147239443169
0.01812156701668
0.02078387022428
0.02280919746397
0.02448372154673
0.02606166023674
0.027754964564
0.02967321130527
0.03170715025784
0.03351183870315
0.03493467261538
0.03623953277161
0.03756770494643
0.03905238661479
0.04082033324303
0.04287688185632
0.04505290288734
0.047169684281
0.0491238496938
0.05084319494608
0.05239088751101
0.05371534658366
0.05464384580858
0.05505318177138
0.0551360331597
0.05488609217345
0.05397539794451
0.0525166856233
0.05051035783535
0.04764196403611
0.04377498285318
0.039008070964
0.03362369702461
0.02783485441781
0.02181426502542
0.015693717133
0.00950927256782
0.00324820344195
-0.00303001395292
-0.00902054779632
-0.01470750824775
-0.01979772844329
-0.02429941747027
-0.02808671011217
-0.0314687109411
-0.03448780300528
-0.03686885885431
-0.03838979471548
-0.03937180734791
-0.03997558012985
-0.04025343201306
-0.04031318611639
-0.04020499616094
-0.03996127797605
-0.0395778621506
-0.03905309791991
-0.03839180336955
-0.03765896226124
-0.03701510139665
-0.03670920888158
-0.03690403043179
-0.03740052587616
-0.03795266864338
-0.03837081763183
-0.03878694454536
-0.03932145678767
-0.04009919959062
-0.04127409669705
-0.04297631694315
-0.04523448700461
-0.04785795026873
-0.05042607488956
-0.05275785832007
-0.05494053609331
-0.05681359482846
-0.0581242751605
-0.05847666197787
-0.05736246290798
-0.05478158847846
-0.05131279053095
-0.04729664553372
-0.04294222798101
-0.0383526323784
-0.03387574955812
-0.02962816198127
-0.02552806061231
-0.02178927540041
-0.01839953521393
-0.01564126844635
-0.01357427393718
-0.01195546875515
-0.01074450534782
-0.01000320015599
-0.00991915878553
-0.01067302589411
-0.01146596110066
-0.01200570747496
-0.0124321594967
-0.01271272686548
-0.01288248721281
-0.0130249987585
-0.0132696877183
-0.01366475731624
-0.01375206442717
-0.01347221283712
-0.01270414646792
-0.01126683593082
-0.00910084027567
-0.0062809181175
-0.00310385055546
0.00031751935638
0.00410925438951
0.00821028179721
0.01235481960463
0.01684624615403
0.02183944254234
0.02712966473667
0.03254493347561
0.03793990988747
0.04321392416711
0.04827310193373
0.05274085857517
0.05667267589044
0.05994150315449
0.06213652811087
0.06347324489431
0.06418531052491
0.06441494128961
0.06431942956496
0.06404045480386
0.06370435195266
0.06341969569787
0.0632897371217
0.06341504313611
0.06389416752535
0.06480580121388
0.06618228845316
0.0679495014082
0.06994146888533
0.0722006902468
0.07425761464393
0.07577716815743
0.07677317426408
0.07715611588611
0.07679782389418
0.07557209755049
0.07339067239003
0.07025659047243
0.06636194891509
0.06182843010258
0.05657658259557
0.05066935018636
0.04424508395678
0.03733212874462
0.02994541748372
0.02211012321737
0.01392230345152
0.00555450559693
-0.00298941185167
-0.01174226063874
-0.02057719358881
-0.02954949342492
-0.03871941529554
-0.04794948047418
-0.05720338108462
-0.06634893068939
-0.07496422246168
-0.08273055592074
-0.08964600741123
-0.09580076505346
-0.10126774880584
-0.10592429208804
-0.10985539362458
-0.1131628729402
-0.1157808336553
-0.11764709249249
-0.1186940083615
-0.11945004964799
-0.12054568320701
-0.12194628324235
-0.12355723275279
-0.12528181213706
-0.12681523386351
-0.12778269829319
-0.1282502360142
-0.12821283657541
-0.12767103681087
-0.12671681428775
-0.12525550726863
-0.12297816775798
-0.11986806442793
-0.11612167854061
-0.1116162093072
-0.10627587365434
-0.1004180299777
-0.09435672619627
-0.08805934964153
-0.08147355899366
-0.07472318397342
-0.06822087102026
-0.06240270832712
-0.05747685329671
-0.0531003584437
-0.04891287391232
-0.04491104448974
-0.04105420052311
-0.0374083949686
-0.03391026798751
-0.03055675962576
-0.02744709471018
-0.02439793099199
-0.02116002089558
-0.01770027307542
-0.01400046201552
-0.01000843428797
-0.00577362783512
-0.00119254328901
0.0038189765875
0.0090827221265
0.01454323702858
0.020256963131
0.02618100739319
0.03194085201408
0.0373499337406
0.04252610106748
0.04724506472879
0.05145576733282
0.05529788862565
0.05898889113351
0.0625920765381
0.06628522638217
0.07009898494271
0.07409611706735
0.07812053825617
0.08216169077288
0.0862784921544
0.09029539766653
0.09428058523357
0.09836678707427
0.10233264861552
0.10588586371733
0.10917137757308
0.1119789749162
0.11408009865007
0.1157385579739
0.11674601654027
0.11717964424382
0.11709160345969
0.11644664208529
0.11523277082685
0.11345598433127
0.11121738634453
0.10860828339124
0.10564343840777
0.10271062452259
0.09962566292052
0.09642492410843
0.09329276584617
0.0902033753632
0.08728702438887
0.08449799255664
0.08190615776528
0.07941940823912
0.07701117069272
0.07445924056571
0.07169794515937
0.06892457098692
0.06647231304845
0.06442469377485
0.06271353524182
0.06130975893835
0.05996673435482
0.05877925743715
0.05769695525703
0.05706872521052
0.05701396813746
0.05766286629489
0.05877160755195
0.06040322517329
0.0620372138117
0.06348362368594
0.06497087768412
0.06655091450054
0.06828350165938
0.07012332141962
0.0718776056213
0.07316354685089
0.07392008023526
0.07396772425716
0.07355910407309
0.07248234917815
0.07057703566386
0.06780419832545
0.06423742816389
0.06016182879567
0.05561824434473
0.05048588714992
0.04499510375467
0.03923343389801
0.03318351099843
0.02674542129206
0.01984559167243
0.01290214428626
0.00635632988061
0.00021097564728
-0.00549014814162
-0.01074751161849
-0.01575164152695
-0.02079130537586
-0.02578360704076
-0.03064488540862
-0.03538822133579
-0.04007997198441
-0.04486187943804
-0.0495941610574
-0.05418409218129
-0.05864585417583
-0.06274082430601
-0.0667009596174
-0.07062204025168
-0.07426866447811
-0.07755739933817
-0.08057771717343
-0.08324524556578
-0.08562431512882
-0.0876583346065
-0.08909857088917
-0.08995330016844
-0.09023308018061
-0.09023299070827
-0.0899745051134
-0.08978473427687
-0.08970725122905
-0.08961138161503
-0.08933298842415
-0.08863653571717
-0.08766911602366
-0.08627495799691
-0.08424058062986
-0.08112367740185
-0.076905951219
-0.07160131503045
-0.06537153482979
-0.05827512552843
-0.05046589008157
-0.04209591804908
-0.03350121386259
-0.02507826078302
-0.01714128120045
-0.00984709776161
-0.00323697868933
0.00262643911419
0.00772895638836
0.01212835616082
0.0159794246878
0.01931998640172
0.02247992582604
0.02558908074928
0.02858360818207
0.03134169600497
0.03374451600109
0.0359354386506
0.03806743034233
0.04010884918266
0.04187994971094
0.04335420337788
0.04452183533018
0.04519516391048
0.04509549172194
0.04420062962385
0.04266631764761
0.04041566773646
0.03733978310345
0.03355025812663
0.02938849241984
0.02517574984642
0.02110265570377
0.01722321549726
0.01334350687374
0.00921426883673
0.00487890441915
0.0006921030091
-0.00303454125341
-0.00619155314271
-0.00876730080705
-0.01110733806107
-0.01342464486671
-0.01579634190881
-0.0181378644037
-0.02011200451676
-0.02160050665411
-0.02289436171232
-0.02416617973279
-0.02554572692616
-0.02714975127736
-0.02894201201442
-0.03073344960595
-0.03257814560881
-0.03475885051691
-0.03732749407733
-0.04052834920346
-0.04440536470951
-0.04869178775623
-0.05286960927472
-0.05650308106695
-0.05928535773739
-0.06113551155309
-0.06224004761009
-0.06274292690604
-0.06279267352796
-0.06255458762698
-0.06214498324715
-0.06162300160628
-0.06099002952565
-0.06020468604729
-0.0592139588088
-0.05801440312502
-0.05666923120529
-0.05521825824162
-0.05338371734954
-0.05102419749313
-0.04813012513186
-0.0447299390495
-0.04068884468982
-0.03621467735511
-0.03175257089205
-0.02760156870795
-0.02393812368129
-0.02073651251387
-0.01775070416076
-0.01492676469445
-0.01242109624167
-0.01051664613547
-0.00873655363686
-0.00726849592957
-0.00598027762888
-0.00471803762258
-0.00299248791077
-0.00087343570909
0.00142965036258
0.00406773788092
0.00693057231621
0.01022052400011
0.01389788197588
0.01769842099795
0.02157285970056
0.02522839537222
0.02903953239314
0.03263335004357
0.03582923945475
0.03882659421354
0.04191067003942
0.04470964672243
0.04715107403395
0.0494573578471
0.05155566320221
0.05327728999921
0.05476320191227
0.05601733572442
0.05696453466873
0.05786109226769
0.05861400202222
0.05943110818185
0.06058190143946
0.06226089466569
0.06458663871314
0.06750907380669
0.07075311723212
0.07421350477952
0.0779793956373
0.08192288909316
0.08564730952061
0.08891032108245
0.09171536846383
0.09430447434877
0.09682969698181
0.0993027572397
0.10152448969005
0.10306511393999
0.10368412833533
0.10346290797073
0.10246037038315
0.10044460326315
0.09760716689411
0.09403793624316
0.08993075313836
0.08548321724612
0.08066343167668
0.07559330249545
0.07043182205345
0.0652341053131
0.0602253541582
0.05543487078063
0.0508898995084
0.04671431479844
0.04283697719197
0.03932161783789
0.0362014220277
0.03328752259553
0.03042310584189
0.0273675537985
0.02389246594538
0.02002592765053
0.01580229181952
0.01140252073685
0.00675456232582
0.00178317839967
-0.00324071281751
-0.00831330025132
-0.0134525110275
-0.01856737190591
-0.02367490052593
-0.02859664877586
-0.03337784045076
-0.03805224241234
-0.04259316953474
-0.04715134245097
-0.05172494487251
-0.05625631634882
-0.06080401652747
-0.06524703406646
-0.06973116414641
-0.07443378568453
-0.07915667270803
-0.08366272351166
-0.08783253725558
-0.09166951388877
-0.09535917431151
-0.09898034365676
-0.10234808259444
-0.10531051182469
-0.10789778352663
-0.11006229841452
-0.11182718508868
-0.11299099657199
-0.11362616072498
-0.11382156831903
-0.11367702575118
-0.1131820200213
-0.11213792253104
-0.11073061207008
-0.10940865822299
-0.10837766843078
-0.10741704863523
-0.10618416450421
-0.10468004496963
-0.10312103415349
-0.10150359789829
-0.09978053954383
-0.09774857793001
-0.09514788537683
-0.09211857557124
-0.08879660173628
-0.08499062726946
-0.08083933430026
-0.07655897747829
-0.07215389621215
-0.06768103964724
-0.06308931907652
-0.05827069664752
-0.05354262022821
-0.04884630649017
-0.04391226026689
-0.03889294242845
-0.03386181424092
-0.02871671618467
-0.02359998533431
-0.01857699465625
-0.01383985468874
-0.00958289488411
-0.00579403647623
-0.0028361891246
-0.00091976269812
0.0001217390653
0.00029667628231
-0.00020032141505
-0.00105047552613
-0.00224226277385
-0.0039227989506
-0.00627464610635
-0.00910246867229
-0.01206235241442
-0.01501782517011
-0.0181381015054
-0.02129209101901
-0.02409960783702
-0.02641377863709
-0.02844565525218
-0.03020708829395
-0.03157953585702
-0.03235458554248
-0.03241573094072
-0.03206337991228
-0.03141899563449
-0.03026738370495
-0.02879334924524
-0.02725391945106
-0.02575137015608
-0.02422118285478
-0.0227032845796
-0.02137211955495
-0.02049304485154
-0.01999751570846
-0.01949941870917
-0.01894337047424
-0.0182265270206
-0.01726737904508
-0.01610115180854
-0.01487880304574
-0.01367206720654
-0.01238322259947
-0.01102986396048
-0.00969777737072
-0.00833009420984
-0.006899977249
-0.0055849082986
-0.00436772880034
-0.00336362589414
-0.00281500252147
-0.00279860000445
-0.00315801890051
-0.00393957501465
-0.00518622849169
-0.00649513279775
-0.00758975979292
-0.00835216703651
-0.00853015883927
-0.00783772791404
-0.00600537909432
-0.00305128600214
0.00074016934045
0.00531537734316
0.0105691440319
0.01612173939434
0.02172483294638
0.02725505127618
0.03268857684642
0.03819761259935
0.04393844882127
0.04984718883943
0.05585243819886
0.06192058661442
0.06799750331947
0.07401845507484
0.07992519538617
0.08571982685347
0.09144780142629
0.09710003766195
0.10245705990651
0.10763630060831
0.11240302907919
0.11658456369986
0.12018408073845
0.12320198282049
0.12550647718681
0.12728711099308
0.12882554317066
0.12996935758563
0.13086618360162
0.13155391275529
0.13191810992176
0.13190419697264
0.13164436929265
0.13099480009266
0.13010159770651
0.12880666450658
0.12695293179722
0.12453203391448
0.12167634518776
0.11862037262437
0.11528649896798
0.1114910375013
0.10731021865937
0.10296383124931
0.09859735729856
0.09467820031962
0.09138713917869
0.08839916559491
0.08563540969918
0.08304039863969
0.08029735559104
0.07732369758192
0.0741381690679
0.07062539546449
0.06687596751756
0.06289726669529
0.05886841662555
0.05476745184849
0.05032792373083
0.04521941091506
0.03941471828294
0.03319280717472
0.02681856493132
0.02052325071406
0.01431136498172
0.00846057172559
0.0029056778187
-0.00210908050921
-0.00643708761614
-0.01009821530915
-0.01324808909504
-0.01616627425237
-0.01890130057922
-0.02122930827691
-0.02275409144878
-0.0233572826605
-0.02315779960129
-0.02218989675714
-0.02054038466747
-0.01847616380089
-0.01632230059526
-0.01417892354807
-0.01228062019174
-0.0104487097865
-0.00855662475791
-0.00661882383639
-0.00476952448155
-0.0032527602683
-0.0020360836046
-0.00120500544411
-0.00043891104532
0.00052505188427
0.00143206522108
0.00250132591268
0.00381831717634
0.00529784076421
0.00679398383953
0.00847392099896
0.00988464930337
0.01088512007987
0.01129042084006
0.01121176570457
0.01034946259158
0.00884552647531
0.00654621255757
0.00384433304911
0.00086787276625
-0.00259577828481
-0.0064260780445
-0.0103654960352
-0.01434425501449
-0.01851077617624
-0.02260139347699
-0.02611989778388
-0.02921957758614
-0.03175081276053
-0.03381626834543
-0.03539324073415
-0.0362953993017
-0.03680102987214
-0.0370539860763
-0.03713792455357
-0.03714972148181
-0.03716539703606
-0.0372071314098
-0.03727416408812
-0.03731258798522
-0.03721330947498
-0.0368319515134
-0.03603594740554
-0.03474855225039
-0.03298548186477
-0.03091025142656
-0.02884399059059
-0.02682985634083
-0.02505980263895
-0.02333524114915
-0.02152495173525
-0.01960125612838
-0.01763590219926
-0.01584974347589
-0.01417785882721
-0.01270396752324
-0.01112141653402
-0.00919327862539
-0.00680390632221
-0.00395270284397
-0.00093995571089
0.00171207651925
0.00411092260132
0.00616892558752
0.00802787006078
0.00932139854494
0.01000165228448
0.00994700257823
0.00896603677221
0.0073675104964
0.00504537665793
0.0025284440847
-0.00047463779868
-0.00408697398701
-0.00815698759694
-0.01236797651246
-0.01657432181345
-0.02072611582778
-0.02447390195724
-0.02819844764597
-0.031996463548
-0.03569106731762
-0.03941830165022
-0.04348583061322
-0.0478529398176
-0.0521290914395
-0.05606703761018
-0.059530154064
-0.06256371380582
-0.06541756834954
-0.06814982998103
-0.0706926339292
-0.07323087478794
-0.07522405014168
-0.07688031739314
-0.07828673313069
-0.07978897374609
-0.08120782613912
-0.0822453026761
-0.08301615163512
-0.08341640615525
-0.08333181005627
-0.08318847536503
-0.08341819560208
-0.08394259299618
-0.08467608725258
-0.0853945501556
-0.0857421502027
-0.08572318206628
-0.08529970947351
-0.08445075116027
-0.08332814169027
-0.08205070033313
-0.0799320400203
-0.07733707369698
-0.0742666960866
-0.07084451322906
-0.06757626753523
-0.06462068293911
-0.06193221801883
-0.05907679770913
-0.05573473733349
-0.05169456901254
-0.04695861902717
-0.04141716744488
-0.03538582347703
-0.02871515936592
-0.02173306887542
-0.01435604746911
-0.00692206349653
0.00054459801202
0.00751577958727
0.01383612816571
0.01937646134373
0.02397208738216
0.0276239502142
0.03046025923173
0.03239023132337
0.03360890277293
0.03413998822456
0.03388350233652
0.03325821145643
0.03260617281981
0.03178329122053
0.03073793217026
0.02943787220517
0.02784746107074
0.02604667809314
0.02420857172823
0.02215301178432
0.01989709642587
0.01764172237508
0.0152476617212
0.01281067671144
0.01060562190557
0.00862155483621
0.00700198019204
0.0055962757596
0.00485192403455
0.00483474087134
0.00557733446489
0.00671195559676
0.00821522514408
0.00994713231313
0.01160499217227
0.01337539481628
0.01521352354927
0.01654437989434
0.0176323233056
0.01816985076582
0.01818982099246
0.01782116810339
0.01707528640129
0.01610169758982
0.01501370049516
0.01349872349194
0.01131307971057
0.00878381292769
0.00585851919282
0.002709114242
-0.00071289772337
-0.00421527687749
-0.0078875103249
-0.0120604869161
-0.01675413437836
-0.02162612258551
-0.02602735206735
-0.02975599111571
-0.03224092435333
-0.03355635119309
-0.03369866589964
-0.03264677984204
-0.0310238589323
-0.0290211592478
-0.02695432131522
-0.02477594716162
-0.02251243560136
-0.02022873908084
-0.01752836539189
-0.01416344035936
-0.01012059234178
-0.00563534385756
-0.00084602719932
0.00423545333788
0.00960626058611
0.01492089083522
0.0199115909452
0.02442147563868
0.02842105930548
0.03204007684091
0.03514147898575
0.03781758330204
0.03994513716562
0.04166226350383
0.04296511500599
0.04418767402879
0.04552258794455
0.04654579364305
0.04728836934213
0.04812305681688
0.04877566807648
0.04893689723604
0.04879758880017
0.04850836945596
0.04818564271982
0.04755701004777
0.046841231315
0.04583314644223
0.04480774867137
0.0436519360154
0.04227254539863
0.04079451599886
0.03936153144947
0.03826705208366
0.03740804602647
0.03681111340504
0.03654627527392
0.03663607418956
0.03662989165076
0.03656572208736
0.03647926496368
0.03633861444269
0.03572370682783
0.03473858950516
0.03357268436905
0.03243704772611
0.0312166360395
0.02988443313569
0.02850464884061
0.0271600048077
0.02600659895772
0.02480684643479
0.02345402015623
0.02195164980594
0.02031035575085
0.01822464362781
0.01603313493446
0.01376313662944
0.01165013991583
0.01012023892603
0.00874542034591
0.00768451100267
0.00670772802862
0.00604138723819
0.0055385213631
0.00507864247453
0.0046706083343
0.00432139286407
0.00414271704527
0.00421849340817
0.00422557245984
0.0043679010346
0.0048030631888
0.00519420495094
0.00557122350396
0.00599474978014
0.00643753497785
0.00684358283209
0.00715483474042
0.0072643130976
0.00702632561619
0.00626292970322
0.00481078017826
0.00256612580872
-0.00042831286751
-0.00387587607578
-0.00722873889458
-0.01042893192539
-0.01336255106164
-0.01601896251555
-0.01800814292924
-0.01950136025899
-0.02078064027275
-0.02198206145485
-0.02322537358729
-0.02449030671107
-0.02569444337874
-0.02699711593621
-0.02854438350752
-0.03034037076761
-0.0323447435849
-0.03476796774852
-0.03775582501825
-0.04128263683206
-0.04548272801637
-0.04988338040161
-0.05432993209809
-0.05853240324669
-0.06261480251287
-0.06663206591437
-0.07033174723937
-0.07364034495926
-0.07668007829264
-0.07935668812766
-0.08132516911512
-0.08242406841461
-0.08241002125698
-0.08135241344314
-0.07944580257989
-0.07696853712195
-0.07403487324952
-0.07084084486305
-0.06740202014997
-0.06384594193323
-0.06048451079563
-0.0570100760906
-0.05320660684935
-0.04911951028523
-0.04469179699028
-0.03969314278913
-0.03412633027162
-0.02841480071518
-0.02281396186616
-0.01736567783317
-0.01206481737743
-0.0067488450432
-0.00110182415033
0.00498721963589
0.01117125710191
0.01720186292294
0.02297719520617
0.02835799025189
0.03326506951141
0.0376956459213
0.04150363798942
0.04485190327195
0.04801076902817
0.05093879614308
0.05333464177017
0.05492756260378
0.05567671451996
0.05557136083773
0.05456349964582
0.05266605969759
0.04999298402007
0.04687312820478
0.0438580713432
0.04113270355563
0.03867783302478
0.0363469980011
0.03418907275116
0.03221880679049
0.03007978257271
0.0277117225813
0.02514251981875
0.02240059964798
0.01949360300697
0.01648758732551
0.01340323413537
0.01033009182963
0.00761886067203
0.00552661259444
0.00401981425796
0.00304653904705
0.0026463981568
0.0028537216773
0.00341145557115
0.00416087903589
0.00512212603255
0.00625601796483
0.0074761567608
0.00862737053841
0.00943926493414
0.00956686144049
0.00893057440961
0.00767070542036
0.00599954102403
0.00397814430431
0.00164318057941
-0.00077269387871
-0.00286128656378
-0.00437157790047
-0.00545367026795
-0.00631890807374
-0.00684849039003
-0.00703168948307
-0.00702427669957
-0.00691250337683
-0.00677400466565
-0.006677289538
-0.00666202108291
-0.0067320555583
-0.00687253160822
-0.00703338498394
-0.007136859747
-0.00707080679081
-0.00670674383286
-0.0059093797454
-0.00457587949264
-0.00268244119488
-0.00030782932284
0.00256998832971
0.00567115068867
0.00891705066518
0.01236697889585
0.01580063210759
0.01911928651867
0.02252396411258
0.02614821130638
0.02987502511897
0.03363567737115
0.0375251876897
0.04149078528755
0.04545839153946
0.04922231400573
0.05251243568707
0.05497225403841
0.05660136643419
0.05763002994552
0.05819008206774
0.05838893434694
0.0583055013884
0.05799816389502
0.05749385304161
0.05679225567499
0.05589811382924
0.0548679292881
0.05380289526991
0.05259398972644
0.05134128747175
0.05013502136235
0.04894239978504
0.04787105796677
0.04709296174808
0.04655782767299
0.0463839381771
0.04659102191172
0.0469838502275
0.04766598735983
0.04857086588657
0.04933952277322
0.04956114576335
0.04904690348003
0.04777854356556
0.04582827019962
0.04344532201057
0.04078031673825
0.03802389757453
0.03559445955678
0.03376905379077
0.03244749809561
0.03141924168343
0.03049794945563
0.02949823024681
0.02829208492507
0.02690618072183
0.02553365263366
0.02424650800107
0.02310233569674
0.02227392918037
0.02164594518279
0.02093438059731
0.02019507958593
0.01967924469493
0.01935637480305
0.01907493955256
0.01874621816953
0.01825351635245
0.01745638041946
0.01626704247709
0.01468616462066
0.01278823704817
0.01046702924844
0.00759854150325
0.00422790500379
0.00029539311472
-0.00416186815262
-0.00879113176524
-0.01350219949241
-0.01821270801744
-0.02279490873101
-0.02736057942948
-0.03179799599987
-0.03599294699817
-0.04003657342512
-0.04374953244561
-0.04696175055913
-0.04976769266393
-0.05210363655832
-0.05398510569358
-0.05544292329137
-0.05637057252904
-0.05688275694851
-0.05674004856366
-0.05594526575326
-0.05462460925513
-0.05296216841211
-0.05127539109216
-0.04960225830432
-0.04804141330517
-0.04675815624583
-0.04559492633273
-0.04476140199842
-0.0441814959636
-0.04365721040993
-0.04305724914974
-0.04224359214889
-0.04113673875823
-0.03974411965576
-0.03817511925267
-0.03622537377355
-0.0338002572699
-0.03131491245951
-0.02862654595881
-0.02559983085112
-0.0223878229976
-0.01932360555794
-0.01657751150243
-0.01405096915235
-0.01180273052081
-0.01004083222286
-0.00909304723472
-0.00897738633874
-0.00932537559052
-0.01002560403032
-0.01095791925061
-0.01192438159006
-0.01307160490124
-0.01416120802443
-0.01482163021946
-0.01501912251906
-0.01473042211444
-0.01387883331436
-0.01245142289185
-0.0105310601297
-0.00830882663424
-0.00572265544211
-0.00278537420291
0.00032926497224
0.00364339561699
0.00699655816814
0.00999413660778
0.0128233415214
0.01561444911196
0.01825895627082
0.02049143434939
0.02227771386042
0.02388139821672
0.02550178258558
0.02724032412875
0.02909290711852
0.03086168136592
0.03215151464237
0.0328299834087
0.03309884332158
0.03283657752027
0.03231090961893
0.0319677831889
0.03190017341398
0.03212844867271
0.03263079560822
0.03325061972824
0.03372091767099
0.03412306453115
0.03456211425859
0.03472573232967
0.03466491350547
0.03455619118958
0.03452114487338
0.03432054788352
0.03405672078985
0.03390643857129
0.03355634671948
0.03264214070113
0.03124013595002
0.02959910136472
0.02809658785868
0.02688237660535
0.02579817761159
0.02463315377804
0.02345539355668
0.02216563633172
0.02060012087634
0.01875164914067
0.01672633084821
0.01451559902226
0.01210115209535
0.00934062615115
0.00603928911178
0.00222808856549
-0.00181633774419
-0.00579166098557
-0.00955635738759
-0.01314634562179
-0.01683500842793
-0.02086607741174
-0.02521979708019
-0.02957036732222
-0.03382653529663
-0.03787837975815
-0.04152742868505
-0.04476055201118
-0.04750167140449
-0.04974438511894
-0.05151880059748
-0.05302417274483
-0.05455450767549
-0.0562860659024
-0.0582658204049
-0.06038040972619
-0.06259592384879
-0.06485988724437
-0.06721506769221
-0.06973183518897
-0.07227736804355
-0.07458414395458
-0.07681759728168
-0.0790422823193
-0.08120406830077
-0.08335999384387
-0.08537379257235
-0.08720305459628
-0.0888541771881
-0.09016177072436
-0.09105859674035
-0.09169680295295
-0.09214514885669
-0.09244313649038
-0.09260253146693
-0.09260490248398
-0.09239916083448
-0.09189865255559
-0.09099703976933
-0.08962381827051
-0.08777370919098
-0.08536296641902
-0.08237611123951
-0.07909493679233
-0.07551250897098
-0.07162569624353
-0.06775105175454
-0.06403311807185
-0.06030744503162
-0.05672456984857
-0.05345811360157
-0.05041068564681
-0.04746333250612
-0.04452222900849
-0.04141479195421
-0.03821811518643
-0.03507063925929
-0.03210608506093
-0.02951904151346
-0.02723132321119
-0.02502808469385
-0.02285625544203
-0.02076641864405
-0.01876066347908
-0.01673179760828
-0.01462135085641
-0.01214183069546
-0.00915800415472
-0.00574306408323
-0.00210759974196
0.0015894242545
0.00509179490875
0.00849198099111
0.01148284453152
0.01433016312069
0.01712273805765
0.01968850508229
0.02182283647574
0.02345936612864
0.0244516546595
0.02488007059915
0.02494023627525
0.02509806101221
0.0254621060757
0.02612600874481
0.02715774115746
0.02845150674332
0.02975965948172
0.03078497225385
0.03150114466493
0.03180016570416
0.03174169552893
0.03171129730087
0.03175882500872
0.03197794277329
0.03247620082279
0.03326998154296
0.03429724481215
0.03537249657175
0.03633536659669
0.03731989340191
0.03840053587009
0.03960610409523
0.04093564519688
0.04243823475441
0.04432533169995
0.04622861419209
0.04789534970751
0.04956163786123
0.05100156099071
0.05228669696923
0.05342496409901
0.05429365106357
0.05485392686665
0.05541514212931
0.05628248700874
0.05757173871497
0.05890626342605
0.05987184893656
0.06042295382462
0.06059585912475
0.06014514220396
0.05926312386051
0.05776499897282
0.0559525577491
0.05392377240341
0.05182211183549
0.04948326008999
0.04682244212326
0.04398128370481
0.04120136015695
0.03856792520037
0.03629840557238
0.03389702608096
0.03154039170757
0.029599016366
0.02802569444882
0.02703053832941
0.02642781684748
0.02612107881879
0.02604870911529
0.02614712421743
0.02634214708041
0.02659017783216
0.02683237946086
0.02702850730726
0.0271095826696
0.02701782878329
0.02667059109917
0.02601562671698
0.0250129593945
0.02370622926634
0.02221966420519
0.02083070452149
0.01998913662367
0.02021478586917
0.02103648195992
0.0218732720347
0.02203214807167
0.02161522038069
0.0207303389223
0.01956052384487
0.01804074665051
0.01629030528591
0.01455862179772
0.01267274167602
0.01058916346834
0.00837830190749
0.00625629980271
0.00462962105462
0.0036163928643
0.00301804479042
0.00300141277684
0.00340976901751
0.00388566479731
0.00408287928529
0.00407941849512
0.00394158322136
0.00336303671877
0.00201456819061
-0.00032671594996
-0.00298898104234
-0.00566881098694
-0.00800733615839
-0.00976172325325
-0.01111865631229
-0.0122483922543
-0.01292725469893
-0.01324200497581
-0.01329727204122
-0.01315158422739
-0.01327975335673
-0.01382653225708
-0.01484609195765
-0.0163504933301
-0.01813995358288
-0.01988131797843
-0.0214347322996
-0.02262783702755
-0.02359346727423
-0.02450365151082
-0.02511391103753
-0.02549904473193
-0.02576679071415
-0.02594162414325
-0.02601840483319
-0.02592434703409
-0.02554134725503
-0.02473410542107
-0.02340915425054
-0.02154944926238
-0.01926043361115
-0.01684265831314
-0.01442066886783
-0.01222448077101
-0.01029163214359
-0.00871555447829
-0.00767942002644
-0.0070560572753
-0.00709451696134
-0.00776442769819
-0.00889264261039
-0.01026487991345
-0.01154590016426
-0.01269134297584
-0.01364728336792
-0.0142923968453
-0.01453807447447
-0.01467577688181
-0.01471759178065
-0.01498240307007
-0.01547384332714
-0.01605835271394
-0.01694571255619
-0.01791521248164
-0.01897734312234
-0.02018224925215
-0.02146017375993
-0.02263939685409
-0.02348801069881
-0.02409239189267
-0.02453107925713
-0.02485449940392
-0.02515425858997
-0.02551047482357
-0.02593376399804
-0.02635528162015
-0.0266775654682
-0.02713679568229
-0.02758831785416
-0.02770393848758
-0.02718870306127
-0.02630356660671
-0.02514514135836
-0.023506397265
-0.02134254447244
-0.018720253296
-0.01585539812788
-0.0128621859385
-0.00991297624672
-0.00715384159743
-0.00474234278418
-0.00271097079309
-0.00105871100781
8.701467058e-05
0.00080793300781
0.00130320268109
0.00171248674994
0.00215712849873
0.0027204969133
0.00342274027023
0.0042086782923
0.00496865859863
0.00578084825308
0.00652683732199
0.00714187914536
0.00774516430304
0.00839689426008
0.00914416278347
0.00995569481622
0.01038487127077
0.00999120191498
0.00880195791857
0.00707978534029
0.00526064711181
0.00369822784681
0.00245413417347
0.00152594854911
0.00094437251304
0.00071622609448
0.00084844518936
0.00135875113701
0.00227656602225
0.00360815559317
0.00532474509733
0.00753179961004
0.01026296967896
0.01304290217406
0.0156208776997
0.01809319533716
0.02030926418828
0.02220254814624
0.02390804755366
0.02540612323156
0.02656168089136
0.02735325611832
0.02794098650941
0.02837649313213
0.02866949715639
0.02879458396356
0.02869208892264
0.02850563750999
0.02845462932805
0.02845186015907
0.0284259892315
0.0282916733523
0.02791275798564
0.02715017179736
0.02588862967532
0.02409666419698
0.02189328699752
0.01963831557227
0.01779310957706
0.01649115279832
0.01562206320823
0.01512967901796
0.01491649326964
0.01484591301297
0.01477701483632
0.01458686374234
0.01418994654055
0.01355958705231
0.01274268667907
0.01172136437336
0.01028260885794
0.0087418817148
0.00740339337899
0.00614681697191
0.00474117517012
0.00342224011984
0.00236246886478
0.0014180314843
0.00059323428219
-0.00019371978779
-0.0013790152803
-0.00278643668697
-0.00416376317682
-0.00567019780823
-0.00723930557812
-0.00864814154251
-0.00958855848333
-0.01012927115891
-0.01025704213633
-0.00994016241772
-0.00919651305054
-0.0080867294407
-0.00674107437033
-0.00540780674565
-0.00440353205255
-0.00362325852443
-0.00301671075781
-0.00256531608403
-0.00221097876961
-0.00193380553411
-0.00175128777296
-0.00167901112069
-0.00129275633785
-0.00068922021025
-4.99537504e-06
0.00063521291542
0.00137402093419
0.00199953996876
0.00256963536132
0.00325851110306
0.00418476994054
0.00547546573036
0.00718160039141
0.00924142816602
0.01137113383942
0.0130994889565
0.01456796271018
0.01598120071378
0.0174573064582
0.01911883020973
0.02098550061968
0.0229049910265
0.02451136402666
0.02568976844889
0.02660664521663
0.02706192522684
0.0270948376277
0.02648444389248
0.02530348056128
0.02376914621695
0.02180244125548
0.01980183969739
0.01799524101758
0.01625279848031
0.01449828165055
0.0127546133422
0.01108291211182
0.0092942794782
0.00765691325891
0.00631228264685
0.0054019015711
0.00483401614538
0.00444646043469
0.00410896539385
0.00364834299012
0.00292250711879
0.00183206698184
0.00039043788323
-0.00124340965729
-0.00274196580166
-0.0039388793672
-0.00471452583317
-0.00489436076617
-0.00458568118766
-0.00386154618555
-0.00296477966866
-0.00214908314578
-0.0015395219507
-0.00134843184449
-0.00175653219426
-0.00259186655404
-0.0037166063605
-0.00509656825817
-0.00653177172163
-0.00774052963575
-0.00868019053527
-0.00945658677947
-0.01013444713388
-0.01078631129943
-0.01145755964778
-0.01212700065484
-0.01270288043429
-0.01333601803874
-0.01427642603232
-0.01543175553765
-0.01672127566091
-0.01789002601748
-0.01893979158057
-0.01989574539351
-0.02076615022702
-0.02144140246267
-0.02185616044937
-0.02210487119092
-0.02221604057536
-0.02220756307099
-0.022079693674
-0.02183896833893
-0.02150142945664
-0.02105487299974
-0.02025382712543
-0.01880038919875
-0.01675086863789
-0.01427770101319
-0.01154641015661
-0.00871378292593
-0.00597273063687
-0.00343272448883
-0.00119893564045
0.00052511943589
0.00153791189591
0.00188706115661
0.00147138518368
0.00050209641295
-0.00072281304827
-0.00206718240109
-0.00355354525475
-0.00510989963707
-0.00656757407912
-0.0076925858815
-0.00835656907572
-0.00866844729044
-0.00867679058629
-0.00845087292376
-0.00808855915009
-0.00771578605968
-0.00747992802
-0.00753256012494
-0.00777816170262
-0.00800558697411
-0.00825823449869
-0.0085196905753
-0.00872049782516
-0.00878913653202
-0.0086382906377
-0.00818834765267
-0.00736528710871
-0.00614544804509
-0.00458721563832
-0.00286672200853
-0.00110871486272
0.0004804942108
0.00168840616392
0.00256611865094
0.00301475757659
0.00319715141855
0.00305938995948
0.00244110700054
0.00152381016015
0.00027260070675
-0.00136317017596
-0.00322496836956
-0.0051073675698
-0.00680964149931
-0.0085688019436
-0.01050429895233
-0.01260854079731
-0.01477170465285
-0.01666182128992
-0.01797978019695
-0.01875529066497
-0.01922423757536
-0.01958953972525
-0.01990045163868
-0.02013501680302
-0.02054332830751
-0.02129794251015
-0.02251051641963
-0.02421598898535
-0.02630878284422
-0.02849617580987
-0.03049897838756
-0.03213901088263
-0.03329268962326
-0.03403484927595
-0.03441899430098
-0.03450414960209
-0.0343931233734
-0.03416921436494
-0.03391694262419
-0.03370238347543
-0.03357683141209
-0.03355522384159
-0.03365248922414
-0.03386355447796
-0.03417433218288
-0.03454118220428
-0.03489733580724
-0.03512638947534
-0.03511261968197
-0.03495284892158
-0.03483512121451
-0.03466846555743
-0.03439818750794
-0.03396117327626
-0.03326520819354
-0.03221953599007
-0.03075859580755
-0.02888426656516
-0.0267358432779
-0.02438391962329
-0.02156564822982
-0.0181192944192
-0.01419484962487
-0.00990698159984
-0.00560733454103
-0.00148339997707
0.00247116210216
0.00626258523471
0.00977514410449
0.01298279018136
0.01556957425903
0.01724165127325
0.01825545790226
0.0187148312721
0.01870753032902
0.01835678532912
0.0177781900641
0.01710695513659
0.01648367291057
0.01605767719776
0.01586266775563
0.01568804011292
0.01571663994691
0.01599687626803
0.01614167383205
0.01592107977384
0.01547571329908
0.01498156203006
0.0147183388747
0.01497629658276
0.01569137743126
0.01677238673605
0.0181464045387
0.02000637347027
0.02240437090718
0.02523033692203
0.02816031006036
0.03088531995857
0.03365565654503
0.03648774246804
0.03919120742639
0.04139745668803
0.04274778221463
0.04350569794668
0.04380734947275
0.04378435060734
0.04364362850848
0.04360677485098
0.04375359896354
0.04385265826653
0.04399965685016
0.04422363743649
0.04448996975572
0.04478327798594
0.04505697387889
0.04525506564318
0.04528356258398
0.04503442684881
0.04437914483981
0.04321376759052
0.04148407486193
0.03926184584009
0.03679541548271
0.03444318314853
0.03227118837287
0.03011217156037
0.02793801602767
0.02585164180931
0.02404540549248
0.02241678966819
0.02105540983379
0.02018598919603
0.01961531670686
0.01924661013438
0.01900561638229
0.01881355505382
0.01860886917795
0.01836919961651
0.01810471937475
0.01789451305541
0.0177881438621
0.01740532750135
0.01686856055603
0.01626576302261
0.01523398140017
0.01396459255378
0.01228091545047
0.01056632565314
0.00892755471808
0.00755100484816
0.00628666671545
0.00502078965846
0.00373545505134
0.00247294483857
0.00128996345871
-0.00059469357608
-0.0027745314972
-0.00467646877268
-0.00609925347512
-0.0070473874054
-0.0074007226296
-0.00706701763715
-0.00650161059528
-0.00572476698937
-0.00485645133503
-0.00410919310096
-0.00372639866093
-0.00394006442836
-0.00442252300442
-0.00485225955583
-0.00531266633121
-0.00577402151342
-0.00619598202362
-0.00656284993949
-0.00685653842716
-0.00703815385975
-0.0070450834926
-0.00678381083429
-0.00615385397158
-0.00506478320882
-0.00348904330161
-0.00150460715884
0.00063604813973
0.00243990628171
0.00323482106381
0.003015042546
0.00192876287294
0.00024201579465
-0.0015334678047
-0.00309679521397
-0.00451727510889
-0.00589796754823
-0.00735398227835
-0.00900572222932
-0.01089590597065
-0.01289193549208
-0.01465947949478
-0.01609993945831
-0.01738787592112
-0.01828215644899
-0.01879779002723
-0.01905690192849
-0.01913347235843
-0.01909206903235
-0.01900958448064
-0.01893499138945
-0.01888988390843
-0.0188825158611
-0.01890107689837
-0.01892298420121
-0.01894672568705
-0.01897523157508
-0.0190149975573
-0.01907637558364
-0.01917254493
-0.01930998339393
-0.01948681652986
-0.01968103861538
-0.01985033370653
-0.01992378602536
-0.01979737502754
-0.01935851766563
-0.01881635106449
-0.0183044484829
-0.01781146035432
-0.01741256581378
-0.01717464543663
-0.01685974305676
-0.01633591381204
-0.01568255545838
-0.01496890616734
-0.01404165955521
-0.0129502177754
-0.01170166703736
-0.0101966080432
-0.00879763640447
-0.00785853023346
-0.00730936242159
-0.00696034423788
-0.00662739976033
-0.00637103913357
-0.00615442212095
-0.00608811416859
-0.00624343367999
-0.00649446175519
-0.00676174695485
-0.0072356327385
-0.00797311298772
-0.00907603406896
-0.01048414530739
-0.01181458113245
-0.01289076787802
-0.01388432244251
-0.01476839864983
-0.01556305619895
-0.01621694691303
-0.01657601284071
-0.0167333991632
-0.01672246116944
-0.01655946045752
-0.01627895124576
-0.01592548181305
-0.01556146359127
-0.01527679391563
-0.015170393407
-0.01513415263504
-0.01497994258068
-0.014783689473
-0.01438039736688
-0.01354104390951
-0.01238596045312
-0.01088082988109
-0.00905398808399
-0.00739913449553
-0.00610898806589
-0.00490006015433
-0.00360825938108
-0.00209745626259
-0.0002575048438
0.00188640040336
0.00410895599925
0.00617438340036
0.00811091381463
0.00982564229409
0.01099681735112
0.01151970266264
0.01145164105239
0.01114641957988
0.01100499959676
0.01128461855871
0.01198299044742
0.01302180012229
0.0143017735467
0.01576526816457
0.01700631664677
0.01797710944755
0.01882766036847
0.01938012076251
0.01988208296695
0.02042781504089
0.02077195250838
0.02106245130707
0.02135641268538
0.02161727377093
0.02182715798984
0.02192041501149
0.02180457069721
0.02136440703911
0.02049369799963
0.01911464290414
0.01721334222437
0.01492268475567
0.01258894188088
0.01066864174938
0.00931172658481
0.0084012739312
0.00788584166573
0.00768528941204
0.00768820173676
0.00779765325224
0.00795456089769
0.00809894241533
0.00819715173108
0.00824804359898
0.00828134967814
0.00830812427636
0.00834046405423
0.00838761150464
0.00844356303345
0.00849434306093
0.00854882276973
0.0086107868399
0.00867952843995
0.00875778094991
0.00884338808635
0.0089371461531
0.00907066125485
0.00927608975116
0.00957897599554
0.00999978231254
0.01053182064461
0.01113402318695
0.01169141350701
0.01207995162401
0.01268053024336
0.01382594173962
0.01535870584436
0.01702894420196
0.01846747156291
0.02006944252387
0.02156393483448
0.02258319927633
0.02324409567476
0.02359830772791
0.02365458135716
0.02343706962112
0.02302731761193
0.02250967537962
0.02200008565806
0.02164074683974
0.02162587653657
0.02213099711467
0.02289214279824
0.0234859394141
0.02381404343797
0.02376201974494
0.02319823215246
0.02206343654953
0.0204066011487
0.01843408495864
0.01650512390446
0.01477778429846
0.01344952265129
0.01242717141366
0.01154496965191
0.01066255763015
0.00963741932907
0.00840196286823
0.00704543690835
0.00579545013923
0.00460984319351
0.0034825722145
0.00252450595958
0.00186315325221
0.00127769232706
0.00047786998702
-0.00078577562977
-0.00269536950088
-0.0049255642453
-0.00722347344728
-0.00917780438391
-0.01055459135554
-0.01145937593632
-0.01202013936365
-0.01240767091681
-0.0128423051842
-0.01354716381768
-0.01466275418249
-0.0162162042926
-0.01805547379794
-0.01985199341847
-0.02145011259512
-0.02260340213106
-0.02327630571774
-0.02357899512298
-0.02359962744495
-0.02347705033696
-0.02338183387103
-0.02348275419874
-0.02391956711764
-0.0248011917828
-0.02616083585378
-0.02791248956861
-0.02981011293514
-0.03172227108356
-0.03355528647223
-0.03538023145568
-0.03736428510419
-0.03954518685145
-0.0418042695308
-0.04383200357648
-0.04540555812175
-0.04659191663514
-0.04748167433614
-0.04809156255263
-0.04842310231442
-0.04844547039982
-0.04807362334814
-0.0472234571583
-0.04612200789708
-0.04495390174137
-0.04382332923296
-0.0429600642923
-0.04242506889935
-0.04216127759462
-0.04211582117147
-0.04219738863169
-0.04227809715742
-0.04220931529482
-0.04183681509505
-0.04102404834399
-0.03968622210351
-0.03786735676567
-0.03574084525487
-0.03337145212557
-0.031121110894
-0.02912836948112
-0.02730795179815
-0.02571563490285
-0.02415946483355
-0.02259978744846
-0.02116070088538
-0.01980223337569
-0.01864421522649
-0.01773142287115
-0.01689828774152
-0.01605571775348
-0.01515479390424
-0.01417312126672
-0.01293592009521
-0.01126463491122
-0.00918842922448
-0.00680201398219
-0.00449390493327
-0.00237248305662
-0.00042671694935
0.00139530685162
0.0033785454071
0.00568806096123
0.0081330895345
0.01045767044151
0.01275402282475
0.01484612774659
0.01658636479063
0.01800431351302
0.01899195842934
0.01958218509877
0.02006664651319
0.02068873875707
0.02145553461902
0.0222466177481
0.02312708822004
0.02402473290796
0.02473624828365
0.0249879966112
0.02467320607176
0.02401265414184
0.02328899289578
0.02267956098823
0.02216216033125
0.02176276921921
0.02149750162085
0.02134768913208
0.02129160339475
0.02132445316497
0.02147504406311
0.0217657531218
0.02221630451876
0.02283677283965
0.02359243386868
0.02438999032167
0.02502666208362
0.02521635686865
0.02484860765023
0.0241330749664
0.02334753464888
0.02266500831187
0.02207005302919
0.02160243925669
0.02130683158729
0.02120364760934
0.02132092348109
0.0216866237829
0.02233065017132
0.02325994122646
0.0244307539205
0.02573295674818
0.02718352708631
0.02877088721389
0.03028271479069
0.03170048009477
0.03288839095329
0.03380513798614
0.03464842822653
0.03554750447191
0.03660438308617
0.03786211816007
0.03924949865694
0.04054929020502
0.0416232535629
0.04250121433566
0.04313700926866
0.04368226266558
0.04437508726911
0.04509620750068
0.04569339064466
0.04617036769771
0.04673216453059
0.04729373768262
0.04765789011292
0.04792093879721
0.04810945702095
0.04820604241371
0.04822747103952
0.04820282140941
0.04816461671955
0.04814081707668
0.04816309568974
0.04825328381007
0.04842529438679
0.04866915125381
0.04894973651705
0.04919234077129
0.04930337594721
0.04917234370295
0.04867398276025
0.04768737124947
0.04614410756545
0.04406995974257
0.04166780184178
0.0393373112866
0.03725647540619
0.03518451965567
0.03303152880538
0.0307948589476
0.02859699771799
0.0267508791049
0.02534204314051
0.02406398442421
0.02296458407962
0.02221049329018
0.0214767708793
0.02045597198679
0.01924584961947
0.01800068093595
0.01680303101304
0.01559001868909
0.01443167843946
0.01347277651287
0.01270546618496
0.01211346796317
0.01183060115522
0.01167618978809
0.0114664442513
0.01102020094759
0.01012516885205
0.00861079578713
0.00639044568446
0.0035535318339
0.00043540041905
-0.0025939033919
-0.0056631965975
-0.00880495971563
-0.01215670547225
-0.01541239819655
-0.01855443420532
-0.02170565007634
-0.0246371755598
-0.02716881783335
-0.02968664557736
-0.03237875202194
-0.03521896650719
-0.0380122348548
-0.04052885472219
-0.04309923851966
-0.04578339982031
-0.04844869140412
-0.05090792818523
-0.05313346321009
-0.05501520076237
-0.05664708680075
-0.05798107467777
-0.05899510946125
-0.06001607835121
-0.06113824045951
-0.0622285504142
-0.06361309016423
-0.06477766216244
-0.06559633408805
-0.06626692928831
-0.06686652818552
-0.06749167143625
-0.06825330474409
-0.06921285087154
-0.07035456268648
-0.07156973129387
-0.07256327691112
-0.07319589110238
-0.07393962994189
-0.07480737744687
-0.0757963599747
-0.07690026972531
-0.07794843820711
-0.07879426498839
-0.07941721616675
-0.07941793194549
-0.07873995527704
-0.07740341743828
-0.07547314114068
-0.073224343307
-0.07111306446236
-0.06959503197867
-0.06845904639359
-0.06758821209284
-0.06685060210872
-0.06605684823025
-0.06504710811916
-0.06374461450638
-0.06221620323106
-0.06072080724979
-0.0594269029818
-0.05797780893731
-0.05651976765865
-0.05529153608939
-0.05443980413357
-0.05386633116011
-0.05351658377681
-0.05338259894527
-0.05325671136064
-0.05265921506346
-0.05151106123993
-0.04980647892401
-0.04765202967454
-0.0453823400491
-0.04302957535449
-0.04084344842248
-0.03874261547372
-0.03679762097593
-0.03516372180987
-0.03355019996961
-0.03187005255018
-0.03061392350481
-0.02941228758909
-0.02850667986277
-0.02778947851977
-0.02714516134623
-0.02658409371293
-0.02603463064234
-0.02503717061014
-0.02370442192504
-0.02218287765194
-0.0202083751759
-0.01773964537934
-0.01491549117941
-0.01203902250135
-0.00913615053528
-0.00654322418136
-0.00476586506278
-0.00344734248
-0.00235012973415
-0.00128400236395
-5.44712984e-05
0.00143382066842
0.00312416793479
0.00479255018866
0.0065427902405
0.00826546386389
0.00973780282273
0.01117297944449
0.01263963243602
0.01409324483376
0.01548164531533
0.01708290497117
0.01855682759046
0.01992935120501
0.02111024295833
0.02185548045957
0.02238957218188
0.02286328349446
0.02344363689099
0.02431010941509
0.02561165462106
0.02740042593681
0.0295674549975
0.03183773961401
0.03419134982225
0.0364291917677
0.03869840718973
0.04100860541783
0.0432500128361
0.04554477708527
0.0475396524135
0.04941731897424
0.05140628912792
0.0535403386835
0.0557356320569
0.05772809163191
0.05942721613499
0.06064905043183
0.06148825625983
0.06208011579949
0.06252278020954
0.06292285578499
0.06335129409272
0.06382545276701
0.06428211959851
0.06457438100234
0.06445806695826
0.06366726566707
0.06236047738188
0.06086660243042
0.05927157899679
0.05778982754761
0.05677471909603
0.05620254347152
0.055570645059
0.05466075608114
0.05337517274091
0.05196907015656
0.050179981214
0.0481201042296
0.04581332831857
0.04331297899649
0.04090935822292
0.03861437924012
0.0361006851183
0.03314058664255
0.030038316616
0.02660702100047
0.02315850643279
0.02008476018875
0.01750384102306
0.01530113486616
0.01343275553448
0.01194272342009
0.01053989552344
0.00894522103193
0.00699423636087
0.00465978218097
0.00215972767026
-7.350099179e-05
-0.0021701740135
-0.00424777904766
-0.00625069883412
-0.00810139843111
-0.00996810015638
-0.0115569634193
-0.0127451829574
-0.01382450123492
-0.01499328738043
-0.01603322888042
-0.01693634480202
-0.01775139757141
-0.01877353407542
-0.01998045780653
-0.02154604036616
-0.02322215258299
-0.02450812065428
-0.02556847526901
-0.02620539755351
-0.02647469140725
-0.02656470953013
-0.0266936212799
-0.02708045494879
-0.02758174163705
-0.0282586983208
-0.02882362668564
-0.02951777100621
-0.03034719303366
-0.03111338943092
-0.03165506393417
-0.03172082163163
-0.03141926852513
-0.03097740489254
-0.0306910307688
-0.03053145237394
-0.03041319678005
-0.03026096406445
-0.03032420311549
-0.03051165214475
-0.03061005829965
-0.03045188462056
-0.03019775185511
-0.02976213786558
-0.02938512825979
-0.02909672758751
-0.02884123036885
-0.02861214091181
-0.0283586478736
-0.02802798941438
-0.02756115852487
-0.02693015483576
-0.02616475921596
-0.02531913374745
-0.02412973764805
-0.02266488752421
-0.02082994400658
-0.01890112163454
-0.01707632875407
-0.01557105502628
-0.01437762372429
-0.01345846988545
-0.0128120277438
-0.01204639054868
-0.01106896337376
-0.00953847634012
-0.00752086161628
-0.00536507028169
-0.00320180979602
-0.00089508846312
0.00159369074311
0.00414417186554
0.00651513433971
0.00865240489959
0.01042226176232
0.01194324235967
0.01333275677189
0.01458587059935
0.01565265827544
0.01678962358265
0.01818989257034
0.01959763697216
0.02136023315437
0.02343557543301
0.0254955284689
0.02750839221141
0.02929028310409
0.0304949566058
0.03109413498301
0.03146323523379
0.03172608707893
0.03233803315928
0.03344528022824
0.0345789305852
0.03547102798793
0.03611601173041
0.03642712943023
0.03629826689025
0.03568736316268
0.0346002518442
0.03314378080514
0.03154654293105
0.03013610988536
0.02900677209527
0.02825085159644
0.02757065601393
0.02661778004954
0.02581236792496
0.02504269552723
0.02452793877794
0.02433293380944
0.02444315926067
0.02489914162876
0.02567565866062
0.02669352733394
0.02776236392665
0.02862624175284
0.02933608399575
0.02999036838814
0.03065876704242
0.03144250896586
0.0323430928202
0.0329368760152
0.03341182651971
0.03403496558999
0.03462807774244
0.03529929030186
0.03582056511123
0.03617535426098
0.03640446161249
0.03649678364816
0.03639828802092
0.03568268375921
0.03464461670478
0.03343918268816
0.03222010861306
0.03130966043306
0.03067735492138
0.03025398969542
0.0299659200708
0.02969899723411
0.02932129421768
0.02871794642936
0.02781985885336
0.02664074759963
0.02532154950067
0.02411004925929
0.02295463028162
0.02179965866565
0.02067691946075
0.01959671988066
0.01823364901899
0.01667903576844
0.01524614516501
0.01388718555744
0.0122743213389
0.01046661320205
0.00830288567076
0.00566574655924
0.00307211829479
0.00091871989798
-0.00066324460004
-0.00192146416667
-0.00302083766957
-0.00413329471297
-0.00545617996713
-0.00706002984727
-0.00883712502243
-0.01051774217166
-0.01209458035186
-0.01335427039643
-0.01396170259714
-0.01404052773009
-0.01371033452705
-0.0131329113497
-0.01250834966919
-0.01165627771847
-0.01094324578659
-0.01074801713722
-0.01089774910088
-0.01125191194424
-0.01164763469027
-0.01232583056595
-0.01290843866549
-0.01302277984443
-0.01281819686176
-0.01238334786075
-0.01192153189598
-0.01166620914839
-0.01147877801359
-0.01161469097409
-0.0113493115353
-0.01082310232629
-0.00973765966698
-0.00825567558972
-0.00675000818364
-0.00522169085428
-0.00389131229151
-0.0025365905414
-0.00100512781187
0.00083120744802
0.00296569944434
0.00471318822167
0.00567915398963
0.0058680211555
0.00616149043594
0.00703849385464
0.00846576559502
0.00997958393142
0.011377938211
0.0127020438679
0.01370986479725
0.01414904425959
0.01422182106225
0.0141898794363
0.01432143062015
0.01454634171884
0.01469828812295
0.01505622669912
0.01538443361618
0.01572484456064
0.01617237179245
0.01676945204324
0.01755941229443
0.01855003216611
0.01967605053234
0.02076237449421
0.02153847100606
0.02203947585645
0.02233190278411
0.02247844505879
0.02257987090522
0.02273271650637
0.02302431134125
0.02355261420306
0.02436955036523
0.02544816628488
0.02670751633455
0.0283229484093
0.03007993020208
0.03186791863483
0.03318849013424
0.03405863102435
0.03464146727836
0.03499367515105
0.03527692669007
0.03559842318151
0.03564285514635
0.03533283795634
0.03462473595048
0.03343921400348
0.03180750690979
0.02988389182802
0.02798954762281
0.02623543341858
0.02479105009288
0.02350744856502
0.02218615233965
0.02070371642706
0.01899207026977
0.01712441119044
0.015331582304
0.01363565196352
0.01211705580407
0.01060113486764
0.00891628567666
0.00699425872896
0.00487311108504
0.00275916820142
0.00075043360748
-0.001058267225
-0.00269884952761
-0.00428256947297
-0.00581740665186
-0.00720773526239
-0.00823948109589
-0.00890778580421
-0.00962631581148
-0.01064249345754
-0.01197610107712
-0.01359244129614
-0.01530752766496
-0.01703718907823
-0.01875169835045
-0.02056294511841
-0.02237492108595
-0.0240878690658
-0.02566872455415
-0.02693854286778
-0.02792747171221
-0.02878066654082
-0.02957167809202
-0.03032956250875
-0.03106021154469
-0.03198072536312
-0.03314494394558
-0.03462139863214
-0.03628042163171
-0.03794660689224
-0.0394798765157
-0.04060303624061
-0.04156299841445
-0.04264584637585
-0.04390569299702
-0.04538390581508
-0.04699516847871
-0.04848886448549
-0.0497562402042
-0.05070048656124
-0.05113563529459
-0.05117298999721
-0.05115187452459
-0.05144471749863
-0.05216568562722
-0.05324226157747
-0.05478203584017
-0.05660387165975
-0.05844525718597
-0.06009476927564
-0.06146812498297
-0.06256653218458
-0.06330915261983
-0.0636365766539
-0.06376183793213
-0.06378706913246
-0.06388186507838
-0.06378872437078
-0.06310443990225
-0.06194094157214
-0.06063800059764
-0.0596478101932
-0.05905926113018
-0.05858170250691
-0.0581798822208
-0.05804254217645
-0.05805994454689
-0.05809967026656
-0.05810002815593
-0.05799248240133
-0.05775010182794
-0.05730372431572
-0.05691774063407
-0.05669325452901
-0.05646523426645
-0.05609441614671
-0.0553995292057
-0.05439752845216
-0.05323680376464
-0.05187217161061
-0.05041954340863
-0.04912818910237
-0.04811370695718
-0.04708620658629
-0.04595384463105
-0.04504028728718
-0.0441726158337
-0.04321912251016
-0.04245769946233
-0.04200017369634
-0.04174003733677
-0.04163189659109
-0.04161769285687
-0.04160663407545
-0.04149353208843
-0.04116979878845
-0.04054325976919
-0.03956287105977
-0.0382575545946
-0.03674807119315
-0.03506046178043
-0.03327772537413
-0.03171875034692
-0.03050952270302
-0.02966959662267
-0.02900630683909
-0.02833059382089
-0.02746219316783
-0.02623351423686
-0.02457671015135
-0.02257439967153
-0.02051395901138
-0.01867732894012
-0.01724439807414
-0.01632846076598
-0.01581806131973
-0.01559224207677
-0.01550364656413
-0.01533953639517
-0.01487282629332
-0.01389165022729
-0.01230353853204
-0.01037138331527
-0.00841923997739
-0.00657776945245
-0.00506395558966
-0.00384136256737
-0.00298930716903
-0.00230090473598
-0.00155194608005
-0.00058892932047
0.00046136323472
0.00128787204272
0.00198590751543
0.00282448569496
0.00399019443927
0.00544119782353
0.00700891429851
0.00869288218693
0.01053882632895
0.01250054320739
0.01427265477313
0.01588206983291
0.01747301780138
0.01877807479676
0.01983841599063
0.02059093654048
0.02099258235552
0.02136477387571
0.02177383247425
0.02206323076314
0.02248212237203
0.02306673912564
0.02347453169055
0.02373291439222
0.02382320987936
0.02367595182595
0.02322613410219
0.02243712673144
0.02148844254626
0.02094133259825
0.02090658154078
0.02114266773493
0.02151807131218
0.0220528743396
0.02239624234495
0.02253084453564
0.02245928903045
0.02217781799103
0.02179080537745
0.02144760736956
0.02122450808579
0.02091698270049
0.02074624710464
0.02079474111378
0.02084057332076
0.02107927210729
0.02155429418968
0.0219945428465
0.02253052690883
0.02322992325586
0.02395685024239
0.02439821282986
0.02487082363264
0.02524819560141
0.02535624687474
0.02520068578802
0.02500106404669
0.0247633449823
0.02478389677917
0.02517602273706
0.02627908697405
0.0280338364319
0.03018111447319
0.03226280034085
0.03378184833562
0.03488702411987
0.03559012462183
0.03607513181754
0.0368707422471
0.03799583457458
0.03912942230091
0.04021631441215
0.04110374135865
0.0419117123922
0.04269317724456
0.04347359079689
0.0442666467911
0.04503080321897
0.0457869339778
0.04674240911371
0.0476157933762
0.04818349538362
0.0485640659886
0.04876256037844
0.04879092311072
0.04872305833962
0.04862598084899
0.04861077055092
0.04877298390623
0.04923841902721
0.05010330341725
0.05141353638759
0.05311471875453
0.05499712734937
0.05670533329512
0.05817706384204
0.0592551608221
0.06015847358286
0.06065423982764
0.06089697829039
0.06055550709869
0.05982671014022
0.05941750838593
0.05901461443172
0.05842740745383
0.05803140286992
0.05811358321568
0.05842244173887
0.05879545193098
0.05950469918282
0.06021810689853
0.06057044897974
0.06067401321514
0.06058655400123
0.06034081821503
0.05954411174929
0.05837716873402
0.05710563255143
0.05598803353255
0.05496473836171
0.05407198333727
0.05335808352367
0.052396121643
0.05130174069676
0.05026627728747
0.04954029870776
0.04911306827664
0.04896199422785
0.04904999027581
0.04886487200105
0.04815589316624
0.04680199769321
0.04511955978183
0.04327867082711
0.04117045641016
0.03921511443607
0.03763874151204
0.03624386770656
0.03483347492342
0.03323944910639
0.03134596830928
0.02911493520903
0.02633625980033
0.02333572877341
0.02037104484015
0.01747916007763
0.0148828516692
0.01258762216385
0.01062991364632
0.00878500290984
0.00682907936552
0.0046746927467
0.00238870707632
0.0002606664832
-0.00152073946939
-0.00305957158833
-0.00450172928954
-0.00590570243216
-0.00731496786379
-0.008971168011
-0.01089661727576
-0.01304853893158
-0.0154396514718
-0.01813849071009
-0.02091716611879
-0.02371017499661
-0.02633314616284
-0.02846034213706
-0.03010016884575
-0.03126796184826
-0.0319053404417
-0.03226359664469
-0.03277294479093
-0.03353479283239
-0.03474006579879
-0.03633179665026
-0.0378947621439
-0.03944766199911
-0.0409692823237
-0.04225364884008
-0.04336602267421
-0.04452242137402
-0.04596842862273
-0.04757660449058
-0.04912206024697
-0.05064407424986
-0.05236395633619
-0.05407748588627
-0.05568266443068
-0.05725053300864
-0.05867166694638
-0.05971880649625
-0.06028744796327
-0.06049775270219
-0.06044330878233
-0.06024776697977
-0.0600603671603
-0.05982800748917
-0.05941849258169
-0.05898231491641
-0.05842700482829
-0.05760005671109
-0.05674264326157
-0.05593014492753
-0.05503376627325
-0.05402174461746
-0.05291949010516
-0.05181361196304
-0.0509122675938
-0.0504156066256
-0.05018982317158
-0.05012795304736
-0.05010786650668
-0.04994404264921
-0.04946286039611
-0.04863434651293
-0.04783969791104
-0.04702362068334
-0.04596878651209
-0.04498955646949
-0.04429452637274
-0.04371184669533
-0.04314575966367
-0.04249958593904
-0.04167105863501
-0.04059786026565
-0.03930833119516
-0.03795583596427
-0.03669948323805
-0.03525834328472
-0.03334481620948
-0.03144921491786
-0.02963804867502
-0.02772436054955
-0.02575457326591
-0.02391777767081
-0.02243181654797
-0.02071129920801
-0.01922872908691
-0.01761907692542
-0.01604989310404
-0.01441060770302
-0.01264182003477
-0.01087743887934
-0.00885158822645
-0.00698013999346
-0.00535570252752
-0.00420895878809
-0.00344609165666
-0.00298961226971
-0.00280083994452
-0.00280797044278
-0.00295140221151
-0.00317507546035
-0.00343566454997
-0.0036921307541
-0.00389931917136
-0.00400125322069
-0.00391405168713
-0.00358940979552
-0.00333886755513
-0.00320323195889
-0.00315456124187
-0.00320801157138
-0.00332882383743
-0.00348466005159
-0.00358372472293
-0.00352772040543
-0.0032270638118
-0.00298672007627
-0.00285152557867
-0.00281195554088
-0.00287800491817
-0.00304139394005
-0.00326980474938
-0.00348848186266
-0.00359378857191
-0.00344509538214
-0.00296839569335
-0.00247354161909
-0.0020284721925
-0.00167489718242
-0.00155634230355
-0.00178672910955
-0.00205973338129
-0.00226555868743
-0.00242596067519
-0.00249044607595
-0.00244538825208
-0.00229708560908
-0.00209606988866
-0.00194569238205
-0.00194606727116
-0.00188691979031
-0.00168861955546
-0.00146169309227
-0.0013171496297
-0.00137997755533
-0.00152350013849
-0.00174292971417
-0.0021845638502
-0.0026351112209
-0.00298505589072
-0.00327641988695
-0.00350923586702
-0.00369571904235
-0.00385721527685
-0.00400769925554
-0.00415015756519
-0.00426562206939
-0.00433631371912
-0.00433718741654
-0.00425549335296
-0.00409042135633
-0.00385432039924
-0.00357976736126
-0.00333041823455
-0.00320711997949
-0.00331919258722
-0.00351451026156
-0.00359019715212
-0.00361502796372
-0.00364028958465
-0.00372854152351
-0.00397378386974
-0.00425288299739
-0.00434421412688
-0.00427384636703
-0.00402823897364
-0.003590836432
-0.00301599095282
-0.00239252799267
-0.00166051181934
-0.00075546195308
2.466605276e-05
0.00057251159315
0.00101018657807
0.00139968204912
0.00181109913859
0.00230071147572
0.00268421229989
0.00288044214475
0.00312979306091
0.0033052948484
0.00328546330388
0.00320704571745
0.00325482752676
0.00333883981871
0.00362071035214
0.0043306769616
0.00509278805174
0.00564550344195
0.00622684550786
0.00676240010295
0.00707256044871
0.00731224790461
0.00759377710106
0.00782660202836
0.00770355519058
0.00728021680632
0.00658447987807
0.00567264487677
0.00472189835412
0.00402476744679
0.00369137113391
0.00318636418569
0.00251282847692
0.00210786458009
0.0021234985297
0.00214309520932
0.00217152415114
0.00220091939424
0.00227842525751
0.00278860594389
0.00370495169328
0.00485130220177
0.00579734695287
0.00663438307659
0.00704942290117
0.00704218011512
0.00665986032586
0.00595390118258
0.00507957298689
0.00415725495869
0.00299260780371
0.00157461926613
0.00021564324039
-0.00105449462371
-0.00205653787661
-0.00261858165316
-0.00280410389554
-0.00230902703515
-0.00127434516676
7.424070437e-05
0.00156960747292
0.00313715305573
0.00442020924966
0.00577041130444
0.00698493123735
0.00779449040496
0.00846907159804
0.00915014400951
0.00996733069424
0.01101846965778
0.01233600804481
0.01380441022062
0.01520870546367
0.01669799943124
0.01829692385897
0.01988402451676
0.02130723421283
0.02276790597832
0.02440351853972
0.02621820104559
0.02812910658123
0.0298328120682
0.03086007981101
0.03111281680793
0.0309089540776
0.03056840445102
0.03055462571042
0.03092296991992
0.03165243344733
0.03219965523577
0.03283729777262
0.03367217313929
0.03423897594969
0.03461734553506
0.03483608304218
0.03489650371446
0.03480304090643
0.03456882915783
0.0342203567554
0.03379432972727
0.03335374107555
0.03299037600186
0.03281341313103
0.03291534002258
0.03300424421481
0.03307721785661
0.03317239405999
0.03327829799712
0.03339747962974
0.0335257069161
0.03367375679974
0.03383419412907
0.03398990284515
0.03406633906658
0.03395195315146
0.03356074428507
0.03319919549991
0.03288406049196
0.03258178265949
0.03232527887699
0.03212926287102
0.03198634422617
0.03188047607798
0.03180880873236
0.0317713377157
0.03175280352013
0.03173801821569
0.03172066952865
0.03169592147896
0.0316651027309
0.0316331745258
0.03161123143403
0.03161494900982
0.03166100489766
0.03173485089479
0.03180662560722
0.03183640200251
0.0317994946616
0.03167213525695
0.03143307858106
0.03107657156235
0.03062035209255
0.03011717306427
0.02967514838146
0.02942010299812
0.02911176788813
0.02839777412858
0.02724330355773
0.02579823576861
0.02407573661628
0.02237505976807
0.02075093992895
0.01900167959926
0.01705476591974
0.01489432649701
0.01266897041682
0.01072974688507
0.00932793002588
0.00837300067125
0.00768210419668
0.00708443790205
0.00638438393332
0.00539742348041
0.00403752128172
0.00237120941783
0.0006298074439
-0.00108784543904
-0.00268870873241
-0.00393829063919
-0.00481632298983
-0.00543856286307
-0.00587704891477
-0.00618406430772
-0.00637778982174
-0.00644226806472
-0.00632213355165
-0.00595191937022
-0.00556528701409
-0.00533825094729
-0.00529383687692
-0.00549401334678
-0.00596937095044
-0.0067330263332
-0.00776585030842
-0.00894857177113
-0.01003748595729
-0.01101023372874
-0.01196404020547
-0.01293529826244
-0.01392686206733
-0.01487995723894
-0.01564503523193
-0.01621876767519
-0.01681666212428
-0.01737023644897
-0.01769621550473
-0.01790507973895
-0.01802851578142
-0.01805510248772
-0.01800041251892
-0.01789900456696
-0.01778601889399
-0.01768812273143
-0.01761556960963
-0.01758199063983
-0.01759580516937
-0.01766038630554
-0.01776778890439
-0.01789932219377
-0.01801709463701
-0.01806755703767
-0.01797773575394
-0.0176684432899
-0.01706356105092
-0.01612043309815
-0.01485667653566
-0.0134014088996
-0.01200916110734
-0.01084960850749
-0.00990227088105
-0.00924931067932
-0.00899535238493
-0.00902057911164
-0.00912621910536
-0.00942321806968
-0.01000815692371
-0.01095831740253
-0.0121072675299
-0.01314165279748
-0.01419119467972
-0.01533759931898
-0.01625584501354
-0.01681550345746
-0.01713186871011
-0.01726176018202
-0.01727285027876
-0.01726618906293
-0.01734827546273
-0.01762551893402
-0.01817975535403
-0.0190685333329
-0.02030054958221
-0.02178742332294
-0.02330297294915
-0.02462174158087
-0.02579994469033
-0.02679803550254
-0.0276625843713
-0.02871541883571
-0.02979432554047
-0.03082776240122
-0.03204131603285
-0.03350949005418
-0.03520227096825
-0.03699823138664
-0.03874401124225
-0.04038459846584
-0.04155593457308
-0.04247047163909
-0.04300329285414
-0.04339350857755
-0.04379265364064
-0.04400253338594
-0.04427299932735
-0.04477746228374
-0.04564574662276
-0.04697127936351
-0.0487567894124
-0.05084744488231
-0.05288571429621
-0.05455428399464
-0.05599993335398
-0.05696744251983
-0.05753478663789
-0.05779479326257
-0.05778951439442
-0.05759746201318
-0.05726999324294
-0.05686777033129
-0.05643986885761
-0.05605885089092
-0.05581418877283
-0.0558333805901
-0.05610394495109
-0.05631420495384
-0.05650079952224
-0.0566664575627
-0.05676563765336
-0.05680343971768
-0.05677485330454
-0.05670027810782
-0.05658593245526
-0.05645221604075
-0.05630539192819
-0.05616415983698
-0.05605464569087
-0.05595067882993
-0.05531421732799
-0.05413416661467
-0.05243061323068
-0.05030546617309
-0.048140638132
-0.04646048176534
-0.04498248815451
-0.04353839561391
-0.04202447438432
-0.04029090750334
-0.03832919509852
-0.0362485157947
-0.0339725496845
-0.03205405689429
-0.03026437743428
-0.02850731064278
-0.02682071674114
-0.02479807367169
-0.02268525590277
-0.02034666810068
-0.01778321393608
-0.01481714318153
-0.01195547770238
-0.009476838844
-0.00734222113904
-0.00523768403534
-0.00292995479651
-0.00032842697428
0.00251910138279
0.00531617812062
0.00801210503419
0.01078116663978
0.01353499557922
0.0160067450673
0.01830665844974
0.02080146496025
0.02321900763018
0.02557909563595
0.02776205077345
0.02988989989576
0.0319345173723
0.03361375217385
0.03449116269171
0.03458687125551
0.03482803500505
0.03512017562121
0.03550090280279
0.03603213141017
0.03655875219195
0.03688877539755
0.03716222076793
0.03753517280303
0.03774265916319
0.03747332057328
0.03682095536262
0.03602683017393
0.03538395350509
0.03493457419581
0.03508689638376
0.03597847484691
0.03756855046006
0.0397153721924
0.04200768937303
0.0438497414682
0.04524795259202
0.04627894238424
0.04696228739318
0.04738379159444
0.0476269774189
0.04776328853132
0.04780923257873
0.04770781567953
0.04735851565794
0.04669279670029
0.04603369869592
0.04544783380315
0.04497823821828
0.04478945157751
0.04500029315049
0.04532726982285
0.04575700547954
0.04633602573818
0.04702151808331
0.04776870160798
0.04844793088921
0.04886317202656
0.04877347600411
0.04833345102814
0.04776816477394
0.04699440796381
0.04633360998495
0.04586303020433
0.04555690058756
0.0454353524115
0.04546018098629
0.0455811923283
0.04570994302786
0.04575543971356
0.04560740772439
0.04517306424211
0.04437310993037
0.04316163653068
0.04156526653831
0.03975614026485
0.03805045296551
0.03656800363207
0.03509701123198
0.03395244077572
0.03326761947315
0.03280165646535
0.0323860753331
0.03184606054178
0.03100570946781
0.02974449391982
0.02802335027347
0.0259609143801
0.02386153535689
0.02195539422343
0.02046337134944
0.01943317338746
0.0187641529004
0.01838212389626
0.01819104676354
0.01809682344061
0.01802200219495
0.01790590288449
0.0177121326343
0.01745308783729
0.01719176596919
0.0170075558387
0.01670677666795
0.01622402864887
0.01570379619228
0.01532113640812
0.01530417245215
0.01559797278025
0.01598238622231
0.01648514473059
0.01691703219709
0.01714288275536
0.01723373297102
0.01725496028406
0.01732666341862
0.01758311799133
0.01786587295886
0.01809371875036
0.01832831970364
0.01855913597687
0.0187601713812
0.01891958872584
0.01902572976468
0.01905123832927
0.01895731026506
0.01869817599571
0.0182319222028
0.01754641643681
0.01665240879958
0.0153582450618
0.01352714438124
0.01147559279823
0.00969065984594
0.00843140374223
0.0075630388781
0.00703828359464
0.0067936348974
0.00670371072048
0.00665209860023
0.00654580545841
0.0063247371968
0.00597722662204
0.00553738953798
0.0048804880796
0.00384294041211
0.00239286709284
0.00051901876428
-0.00133581132335
-0.00276714823957
-0.00371668151727
-0.00426121421448
-0.00447321087538
-0.00446766314284
-0.00442695367477
-0.00452836073202
-0.00495612352357
-0.00583063961118
-0.00699024589444
-0.00830185226522
-0.00986216490393
-0.01128496302723
-0.01229628679876
-0.01307139016762
-0.01379330222941
-0.01436485154752
-0.01492009005777
-0.01563313093688
-0.01629657282344
-0.01685615968948
-0.01746663842343
-0.01821318669447
-0.01917154283978
-0.02038427779947
-0.02181099928495
-0.02328719450171
-0.02450834880875
-0.02527471072984
-0.02578370993395
-0.02629198888571
-0.0269872650314
-0.0279430264788
-0.02882622585716
-0.02970154272223
-0.03056974206253
-0.03122697904219
-0.03173820163399
-0.03211005315928
-0.03234564725555
-0.03245148408843
-0.03241696118542
-0.0322225825233
-0.03185613512744
-0.03133704791682
-0.03071211492609
-0.03008673457365
-0.02961604742622
-0.02930512656556
-0.02910771926468
-0.02908068519666
-0.02919744660245
-0.02949260691014
-0.02969394652043
-0.02974729887772
-0.02988978805533
-0.03011077131822
-0.03015823639544
-0.03003581139044
-0.03001348804121
-0.03013897747391
-0.0304111925996
-0.0309017247124
-0.03133001091716
-0.03158302080472
-0.03179834046839
-0.03182379534957
-0.03144420894035
-0.03080262067323
-0.03006372676101
-0.02923575865912
-0.02834822881942
-0.02757810458636
-0.02684956709768
-0.02612794134739
-0.02541222971888
-0.02472475556137
-0.02414583372231
-0.02359130651718
-0.02297412183123
-0.02254487827242
-0.02237629896001
-0.02225407974139
-0.02196815745296
-0.02127915779203
-0.02017110994562
-0.01876574550808
-0.01700118988159
-0.0150037824861
-0.01310355547443
-0.01155860076315
-0.01027891812385
-0.00916597614035
-0.0082682688218
-0.00756314624491
-0.00715419053956
-0.00689446575276
-0.00668585204109
-0.00646651059567
-0.0061746831327
-0.00578307164077
-0.0053118521329
-0.00482319446566
-0.004200627571
-0.00330165242937
-0.00234310391853
-0.00139144612008
-0.00052337204106
-1.307970215e-05
9.645664205e-05
-0.00025851462865
-0.0008955197198
-0.00145630998884
-0.00180426926739
-0.00170741590498
-0.00112251641877
-0.00019498501618
0.00087515670958
0.00165481019437
0.00214685796864
0.00260328904053
0.00302478742609
0.00319051749179
0.00312128155705
0.00310073691797
0.00317493990975
0.00332265919309
0.00360172924223
0.00395471686638
0.00455597189663
0.00531083662183
0.00596833307128
0.00655196115551
0.00698293600413
0.00715310792423
0.0071692353138
0.00722400580771
0.00722808574649
0.00710575468744
0.00678199901937
0.00636926310759
0.0060769838093
0.00585859971793
0.00572049468506
0.00569202458596
0.00577866960157
0.00598271127658
0.00627079879566
0.00658809903428
0.00686211702766
0.00700733063807
0.00713296322652
0.00742765827803
0.00778041193201
0.00806945680516
0.00813749604732
0.00796628624806
0.00762468084785
0.00714529251519
0.00669118906627
0.00617294289566
0.00553768927033
0.0047732286365
0.00387658335464
0.00293419668022
0.00214952111289
0.00179423226011
0.00175030536665
0.00177599645481
0.00200734106222
0.00242952391119
0.00305433477218
0.00359464169069
0.00391649293997
0.00394722982084
0.00346719102426
0.00263955039113
0.0016795367707
0.00070571533115
-0.00013281976744
-0.0007308516908
-0.00136199853565
-0.00197346683369
-0.00226009148
-0.00181158721021
-0.00069577361191
0.0006915013076
0.00204044090763
0.00314573076912
0.00387383700111
0.00433949132933
0.00464019668539
0.00469078882095
0.0043623376444
0.00381617207695
0.00322373812486
0.00278493847261
0.00252919252084
0.00219293532984
0.0017604255832
0.00150578148332
0.00149320077737
0.00176168490641
0.00246510616672
0.00339938262073
0.00452246003109
0.00598375362936
0.00754872777707
0.00878453765366
0.0094274680059
0.00932074092323
0.00858364093146
0.0074292195704
0.00619376758317
0.00515309240998
0.00440568565181
0.00410343018743
0.00415787455466
0.00434479256557
0.00467567246884
0.00510607022085
0.00556567621878
0.00600396543132
0.00635382912867
0.00653515377614
0.00643886364212
0.00609142911885
0.00579960165588
0.00552486341016
0.00527078432811
0.00509089571172
0.00500133837139
0.00503442971693
0.00520811790006
0.00555094907135
0.00606798736535
0.00674493510187
0.00750884995442
0.00838304841522
0.00960013173071
0.01104462689685
0.01275379914389
0.01424541939234
0.01507311012998
0.01547360622544
0.01556004098103
0.01550829912589
0.01544278747737
0.01527180135897
0.015287315863
0.01547077442582
0.01516418402649
0.01452132525212
0.01365945160638
0.01274860527446
0.01200049571106
0.01132703292225
0.01073452470811
0.01022595944486
0.00978496369398
0.00943276924214
0.00921085099328
0.0090698873191
0.00870394544197
0.00824759176366
0.00778479160313
0.00694818494665
0.00600520909687
0.00527043091236
0.00457405873049
0.00387639501536
0.00315400293446
0.00239579015424
0.00162285201604
0.00095268583566
0.00052926290003
6.26051395e-05
-0.00066407937699
-0.00136666228146
-0.00228552757199
-0.00351428613334
-0.00459792995122
-0.00597214011942
-0.00745280000602
-0.0087019367879
-0.00980860228663
-0.0102341685322
-0.01039853369733
-0.01024341549871
-0.01021403278173
-0.01035126098565
-0.01066010608799
-0.01114310462963
-0.0117295734607
-0.01276957759133
-0.01397435398624
-0.01499824414815
-0.01595658239899
-0.0168110611557
-0.01745946721525
-0.01785225974209
-0.01829256655594
-0.01811844443196
-0.01760843419039
-0.01662236398727
-0.01549827375001
-0.01477610221844
-0.01447252703702
-0.01434462632471
-0.01505186939609
-0.01614978897343
-0.01703675961099
-0.01767437977976
-0.01826971084628
-0.01855639812322
-0.01874772130487
-0.01921147434583
-0.01971558388647
-0.0200393306073
-0.01986495796076
-0.01921688294888
-0.01821224723488
-0.01703241572881
-0.01555970993337
-0.01376610711118
-0.01217145051414
-0.01106580052649
-0.01035173071544
-0.00994477471693
-0.00973494865503
-0.009566364869
-0.00925523822195
-0.00863448806319
-0.00758001625492
-0.0060627084972
-0.00418607489464
-0.00226611565276
-0.00075876885082
0.00054852942671
0.00194071637778
0.00320713966341
0.0041186288541
0.00516870085997
0.00651918743679
0.00811469402107
0.00981956264848
0.01128920848984
0.01246837342697
0.01359676281024
0.01457324605195
0.01551938474901
0.016266179069
0.01682996666148
0.01729174683731
0.01762175214844
0.01782198230169
0.0178013455061
0.01751100328401
0.01728879872365
0.01720191213273
0.01725616368706
0.01752854433658
0.01802381400987
0.01870752138179
0.01950211630027
0.02065504794685
0.02198640086341
0.02312106225784
0.02362926963172
0.02377410298468
0.02394828326568
0.02419677927361
0.02450980720792
0.02444236743044
0.02381394501839
0.02289051440163
0.02166568725496
0.02050991486154
0.01927535759773
0.01809717685636
0.0169487814575
0.01608220156659
0.0155609222836
0.01537918158973
0.01556467117471
0.01568172783922
0.01559459519936
0.01522457785707
0.01448516500527
0.01339406322035
0.01203782357197
0.01024486047702
0.00828048179643
0.00623935374121
0.00422800923906
0.00253913289799
0.00129455831081
0.0005089933884
-9.542404176e-05
-0.00052098805052
-0.00102592968393
-0.00160685167719
-0.00242744367925
-0.00332220959457
-0.00428952147391
-0.00529898153657
-0.00581674903015
-0.0060109532212
-0.0062293194181
-0.00681175304657
-0.00775144973504
-0.00890038644156
-0.01002479430563
-0.01111291218795
-0.01212972061402
-0.01334209768436
-0.01467769606353
-0.01588600661594
-0.01704658814772
-0.01821609454557
-0.01933457486702
-0.0203089018253
-0.02131510777889
-0.02214026197564
-0.02280710828479
-0.02340934661608
-0.02394300439753
-0.02435671108422
-0.02457885301393
-0.02488052690809
-0.02523740523701
-0.02588241134758
-0.02678002919379
-0.02807034562089
-0.02954339588484
-0.03111953170717
-0.03268166958165
-0.0339454932484
-0.0349369810018
-0.03567631332849
-0.03613705562516
-0.03626237953403
-0.03602169446152
-0.03577695629194
-0.03558045713532
-0.03539190312264
-0.03520476277296
-0.0349574656944
-0.03457587510473
-0.03400611075983
-0.03323897042937
-0.03232018790075
-0.03137878229056
-0.0306395125945
-0.03002761572395
-0.02942421425222
-0.02873880243219
-0.0278219927687
-0.02665151559594
-0.02565695894123
-0.0247175351434
-0.0240280702263
-0.02358604106988
-0.02324835903184
-0.02292208471736
-0.02248285604523
-0.02181464975649
-0.02081328873019
-0.01949471693762
-0.01795839183369
-0.01608843331518
-0.01421520458259
-0.01255725525111
-0.01132252798985
-0.01050412448127
-0.01002246355113
-0.00984843984673
-0.00989458073329
-0.0100902925333
-0.01033538859225
-0.01055266322658
-0.01063947823963
-0.01051331329075
-0.01007643326758
-0.00927107035279
-0.00806741683577
-0.00653578455615
-0.00486978718755
-0.00339341705236
-0.00209274464908
-0.00103360998974
0.00011111986149
0.00112482256838
0.00172952273114
0.00212546378968
0.00240267326148
0.00262152753
0.00286852219204
0.00320742731699
0.00366330366036
0.00427179968721
0.00551627853898
0.00728003338802
0.00931370392356
0.01125648845451
0.01295625268484
0.0141522160541
0.0149358148218
0.01539459320057
0.01559895250239
0.01568425095926
0.01576420791732
0.01591553696228
0.01620356632435
0.01663631272533
0.01721790531379
0.01835947397298
0.01988129561034
0.02151268507722
0.02285478809563
0.02387723327922
0.02493971733567
0.02577317456573
0.02616466974362
0.02642950340112
0.026755410879
0.02681928965729
0.026837810432
0.02701449593856
0.02743576751174
0.0277170640801
0.02793607000424
0.02813350414682
0.02826896974562
0.02835963654297
0.02840385824781
0.02842570292001
0.02843323649117
0.0284469704956
0.02847102066103
0.02851445500925
0.0285680042057
0.02862451493665
0.02868996395453
0.02877569635225
0.02887887585657
0.028996120413
0.02910507088336
0.0291734948566
0.02914664420689
0.02896204487171
0.02854861107566
0.02785324098401
0.0268571946148
0.0256155421943
0.02429881800559
0.02318131740628
0.02227157605778
0.02153193952513
0.02057868777691
0.01938705039536
0.01842217171635
0.01753500871326
0.01690859495527
0.01658108144886
0.01645724725448
0.01647276623213
0.01653103509459
0.01652598438091
0.01629217973146
0.01567736606257
0.01455048428825
0.01286491931854
0.01068833013814
0.0082728005959
0.00609991109683
0.00445026793018
0.00327641362389
0.00254948126902
0.00220290568023
0.00213741595243
0.00223868164338
0.00243270107404
0.00263106796579
0.00276474680192
0.00277291249517
0.00261404137918
0.0022515115298
0.00167947279797
0.00091955601701
5.858121041e-05
-0.00073656405245
-0.00123369430308
-0.00154396425246
-0.00185431606903
-0.00231934722239
-0.00275378778216
-0.00320131635606
-0.00335830497398
-0.0031495033704
-0.00260097975939
-0.001731622647
-0.00069803368326
0.00027879326645
0.00123625544886
0.00182194184431
0.00190314291528
0.00148046796843
0.00051612299194
-0.00089622834075
-0.00256211252684
-0.00416118100504
-0.0056366098912
-0.0069058690027
-0.00782167657596
-0.00857695287392
-0.00907354226425
-0.00942202808753
-0.00944989424832
-0.00923417195912
-0.00897903262982
-0.00888209382132
-0.0091242641347
-0.00908192582266
-0.00873233501596
-0.00824949305092
-0.00773615891186
-0.0070074693202
-0.00625047067965
-0.00587965255991
-0.00573112847286
-0.0056102602866
-0.00550447266351
-0.0053513765398
-0.00508952678489
-0.0046908290835
-0.00417205234191
-0.00362660210583
-0.00320851172177
-0.00284113962926
-0.00258743319951
-0.00239314087821
-0.00197969410867
-0.00143198961695
-0.00104930120164
-0.00087717386352
-0.00084707581517
-0.00092787649742
-0.00104584130619
-0.00107169299721
-0.00087441945748
-0.00064268475066
-0.00047632256287
-0.00031228227181
-0.00014520613947
3.276091076e-05
0.00024056048228
0.00047424769927
0.00072644025699
0.00098044060338
0.0011901320094
0.00126877059252
0.00113607550478
0.00100399240786
0.00099471233659
0.00105853072104
0.00117868536538
0.00130276605607
0.0013239432646
0.0011285526703
0.00089660367722
0.00071837924638
0.00052883835377
0.00031305177869
5.576949734e-05
-0.0002659765772
-0.00066264781952
-0.00110817087088
-0.00156608360475
-0.00227812463045
-0.00332029980744
-0.00449083603195
-0.00548375981643
-0.00586294807373
-0.00562760450001
-0.00527118248003
-0.00511423904564
-0.00509357988196
-0.00513403927483
-0.00519166841006
-0.0050566591202
-0.00477967959232
-0.00441362363796
-0.00405054979674
-0.00388974876234
-0.00418404342513
-0.00497306511145
-0.00593481673212
-0.00687674128189
-0.00778564159038
-0.00853426114613
-0.00895139014989
-0.00909824110415
-0.00931525626869
-0.00952539548378
-0.00949739064086
-0.0093924485314
-0.00921864850785
-0.00927979837971
-0.00993507144148
-0.01108152529052
-0.01220387529074
-0.01316182881051
-0.01395701872006
-0.01444755530648
-0.01451344721245
-0.01426810063094
-0.01395059907955
-0.01354892194919
-0.01311460530861
-0.01271869019705
-0.01242293042467
-0.01229488208299
-0.01241773655524
-0.01286091095763
-0.01345813883779
-0.01392650865158
-0.01421159884722
-0.01418238165407
-0.01393306697422
-0.01370112334948
-0.01346586477449
-0.01327266267366
-0.01318981575896
-0.01325254481765
-0.01348110191426
-0.01386139068136
-0.01436507075476
-0.01493607876521
-0.01547199572329
-0.01580464046849
-0.01572841450707
-0.01523960473684
-0.01466067395054
-0.01416637057854
-0.01374022276276
-0.01341850706408
-0.01321438039034
-0.01310561333828
-0.01307611878088
-0.01311570581841
-0.01320517816001
-0.01330289537788
-0.01339101221351
-0.01345797778757
-0.01347795696145
-0.01344710689807
-0.01337097040899
-0.01324927460357
-0.01309720293817
-0.01292776021766
-0.01276959995942
-0.01265077174254
-0.0126174164536
-0.01271135346504
-0.01283487003261
-0.01258668270426
-0.01193901479153
-0.01085824706207
-0.00936720391022
-0.00750695314077
-0.00522582447646
-0.00307727995418
-0.00157115087081
-0.00058306172431
2.725629047e-05
0.00052480583533
0.00070068072249
0.00103883785866
0.00159432375992
0.00230498512212
0.00307815230951
0.00362349920503
0.00382595229861
0.00420195399847
0.00477908460125
0.00528106917378
0.00588971819834
0.00670430123793
0.0077425338162
0.0089233405708
0.01022087294224
0.01192385370325
0.01406315528528
0.01623777607416
0.01830378191395
0.02000988525968
0.02128519717509
0.02210596722711
0.02280424964348
0.02356602163344
0.02428688239522
0.02524095281536
0.02658438002443
0.02833679872778
0.0303815683073
0.03254928183141
0.03472158976025
0.03626796708176
0.03706157780449
0.03755695037097
0.03775163323905
0.03772102922461
0.0376166507909
0.03753560674388
0.03755062467642
0.0377377381844
0.03809072894008
0.03856461025011
0.03905765206209
0.03939680592015
0.03941647194083
0.03941316593781
0.03926503105545
0.0393460840497
0.03957609507186
0.03980257193652
0.03999842241866
0.04039036495825
0.04024358110825
0.03980925552044
0.03935828360347
0.03864558719287
0.03812634340565
0.03775506002973
0.03753442123536
0.03749579602549
0.03762544144846
0.0378850454476
0.03821318526041
0.03851767753333
0.03868645815851
0.03856368421138
0.03805588841026
0.03755216807431
0.03702560097593
0.03651645861608
0.03617066143666
0.03612358556413
0.03644671939942
0.03670787574369
0.03692740508103
0.03705763654784
0.03699807928366
0.0366968259095
0.03612631447055
0.03531559663611
0.03435684233889
0.0334453741742
0.03283599147643
0.03242480790978
0.0320276580799
0.03143715851983
0.03044054847488
0.02923872019362
0.02782836319943
0.02627982512087
0.0248328068347
0.02345109441066
0.02212210356391
0.02094170838209
0.02003613197109
0.01918882442256
0.01816098405677
0.01718166006821
0.01625610000972
0.01534946335147
0.0141747675578
0.01281393350468
0.01117949303095
0.00956899088222
0.0081799998832
0.00719724910396
0.00658192544271
0.00620470110331
0.005966373627
0.00569652057113
0.00524384420606
0.0044899055196
0.00340815672591
0.00207381095952
0.00067538510207
-0.00080812761015
-0.00200897482718
-0.00315440153374
-0.00427976227825
-0.00546165567444
-0.00666449946677
-0.00782393575258
-0.00897775317534
-0.00999827470358
-0.01067004646514
-0.01099381108044
-0.01112022655188
-0.01120140033379
-0.01141160665314
-0.01162679658191
-0.01182740251901
-0.01215996226548
-0.01270645038072
-0.01352488520462
-0.01462949731311
-0.01598872981132
-0.01776564604181
-0.01986421086671
-0.02182372225192
-0.02335283141151
-0.02448117158499
-0.02530023271528
-0.02587022074104
-0.02626966553648
-0.02656942024891
-0.02680425383028
-0.02694970006878
-0.0269565402293
-0.02697357128952
-0.02719684504435
-0.02751211873444
-0.02783901488169
-0.02829996296474
-0.0290269212666
-0.02980814454363
-0.03060479285235
-0.03139795173975
-0.0319805106295
-0.03242368503189
-0.03275667424561
-0.03300517920078
-0.03322691403134
-0.03344878307041
-0.03366262644044
-0.03384695288498
-0.03415875952183
-0.03482913998847
-0.03575985812746
-0.0367942881312
-0.03767618121338
-0.0382242619363
-0.03846376150028
-0.03839310071851
-0.03806645956742
-0.03758278998322
-0.03709827488539
-0.03668429530806
-0.03618153232617
-0.03587411878129
-0.03590779617067
-0.03614131450862
-0.03673442218744
-0.03735453709258
-0.0377112588449
-0.03789627870009
-0.03792693639794
-0.03771455590069
-0.03694958527451
-0.03576351754623
-0.03436468011601
-0.0329462795583
-0.03144615496378
-0.0299344123857
-0.0286180595072
-0.02761621085665
-0.02675634139136
-0.02593188955248
-0.02508866641635
-0.02420126631154
-0.02336294178611
-0.02274541710526
-0.02219409748358
-0.02207973393655
-0.0223319788356
-0.02282369645692
-0.02342869948356
-0.02384971158694
-0.02377533770299
-0.02337429135264
-0.02282723061442
-0.02187841222073
-0.02041535154371
-0.01838824827804
-0.0158444556605
-0.01301846280395
-0.01037594193108
-0.00811495349086
-0.00617989042299
-0.00466839836746
-0.00373515710845
-0.0031094917866
-0.00308722167341
-0.00339397893866
-0.00331715977561
-0.00316482908779
-0.00275576959452
-0.00187233714071
-0.00044123401572
0.00153748869173
0.00382984702964
0.00564812498156
0.00669002592583
0.00713494056527
0.00719544623627
0.00717447839302
0.00709453932942
0.00733949223263
0.00793421936083
0.00867120303856
0.0092653620174
0.00970096705969
0.00998388755105
0.01008839571966
0.01001858492513
0.00983590029805
0.00965156043266
0.00961388810323
0.00981962527912
0.00997041749003
0.01005950062694
0.01014324673867
0.01022769520829
0.01036152346323
0.01060546532897
0.01103624333844
0.01170859667022
0.01264153372327
0.01377399857171
0.01493401642774
0.01583411713143
0.01638403203735
0.01662948151205
0.01660580713046
0.01636144921833
0.01597976020908
0.01559037657845
0.01535733244391
0.01512175176849
0.0145163684844
0.0134682268443
0.01210995170015
0.01068196865466
0.00961999459055
0.00921908244871
0.00934222323245
0.00965395829142
0.01004199983692
0.01044595851199
0.01074008541414
0.01082171103138
0.01061539675889
0.01007665694844
0.00918620583679
0.00797582399967
0.00657956784651
0.00522768997478
0.00396149126473
0.00273318230189
0.00158467506261
0.00062234231908
2.351035642e-05
-0.00019059523468
-0.00027143537423
-0.00045156198706
-0.00076526588491
-0.00116692243663
-0.00165910889303
-0.00208191312741
-0.00248895188784
-0.00287987131121
-0.00318553611917
-0.00337942313077
-0.00363813106441
-0.00421728911046
-0.00507683960685
-0.006122480495
-0.00713630949209
-0.00797365876901
-0.00866770914362
-0.00917714228858
-0.00982102552126
-0.00976368269754
-0.00932291510113
-0.00866968648237
-0.00809297908376
-0.00766499708497
-0.00750853680122
-0.00753757057607
-0.00751010704082
-0.00745773440566
-0.00736225846994
-0.00719452467115
-0.00697507585892
-0.00661481547548
-0.00576544111586
-0.00454172789985
-0.00312972103567
-0.00168072898965
-0.00025657647878
0.00081587367812
0.00174568859382
0.00229722518593
0.00229276677915
0.00202286361877
0.00171709681234
0.00155502079707
0.00135353042588
0.00092178432568
0.0001613596997
-0.00062436752553
-0.00122897105816
-0.00173046979588
-0.00210009614403
-0.00227570574569
-0.00220840822924
-0.00185108343333
-0.00135453922653
-0.00117724843957
-0.00130217598597
-0.0014486453407
-0.00175265714714
-0.00224270566194
-0.00288988818722
-0.003642907098
-0.00440082238269
-0.00500208546545
-0.00538881624115
-0.00572011890123
-0.00591997774427
-0.00630988031447
-0.00695619272123
-0.00730316198832
-0.00758536222733
-0.00798204680103
-0.00854791015184
-0.00888712216692
-0.00907791746175
-0.00916268355818
-0.00911584031374
-0.00896787990244
-0.00874744689445
-0.00851639351951
-0.00834547003175
-0.00834627528282
-0.00857173663641
-0.00861506809144
-0.00854325759008
-0.00836370896858
-0.00804705740444
-0.00765242622098
-0.00728780406089
-0.00706901734398
-0.00668429969597
-0.0063437277013
-0.00620287586754
-0.00594146005348
-0.00575402444507
-0.00537468855841
-0.00494412528256
-0.00424109725319
-0.00353807951314
-0.0031828452385
-0.00305176557389
-0.00309933264957
-0.00322867297186
-0.00327174764128
-0.00303827761839
-0.00284842401995
-0.00301478262885
-0.00340117385701
-0.00390631546111
-0.00435639265466
-0.00447893621052
-0.0044347552156
-0.00430828337658
-0.00385652410301
-0.00323916763017
-0.00230306012469
-0.00119666214825
0.00012075894053
0.00172788628201
0.00316211315486
0.00418319164844
0.00487814837787
0.00533934698348
0.00568437917437
0.00604160197181
0.00615736128737
0.00603916385051
0.00573628207973
0.00528710408322
0.00475265894516
0.00424209710661
0.00394130317293
0.0040862192878
0.00450929417602
0.00493576409224
0.00540207156855
0.00598348968595
0.006670373326
0.00705386967655
0.00703309419883
0.00694052611421
0.00677211232563
0.00652600522922
0.00626059447511
0.00600293649939
0.00577443755981
0.00559924624135
0.00548045828703
0.00545094136153
0.00553309039197
0.00577476860747
0.00620017827644
0.00680818310014
0.00755754080271
0.00833308258605
0.00896945908927
0.00962181087908
0.01044906767586
0.01121354620416
0.01187134238596
0.01244939634331
0.01289931248665
0.01341546947808
0.0140413687701
0.01462412002538
0.01522626888433
0.01573446283736
0.01605082361639
0.01622338892163
0.01625061088156
0.01613463235877
0.01588444979719
0.01552277127714
0.01508139526881
0.01460631950302
0.01412702958994
0.01343575733154
0.01247243099766
0.01143223450149
0.01053780187064
0.00984516068541
0.00933140602635
0.0090325639318
0.00897457243359
0.00915617891895
0.0095458309666
0.01011114406251
0.01078723733816
0.01144801742255
0.01190538213832
0.0121579491378
0.01207427013032
0.01162532476189
0.01097332638783
0.01006183585505
0.00902533904022
0.00826294521747
0.00793360200168
0.0078236002313
0.0078190684572
0.00791698698784
0.0080379580673
0.0081166937279
0.00810589888989
0.00795712428028
0.00764257978978
0.00715635129661
0.00652683732199
0.00585377715872
0.00526104526373
0.00466321344527
0.00410933088836
0.00362813253024
0.00304047819063
0.00243473835926
0.00193261644669
0.00148038968014
0.0010765777397
0.00078617154488
0.00069446105266
0.00071338713708
0.00068395699976
0.00072014319359
0.00090131529073
0.00112304609503
0.00122485801462
0.00127584159167
0.00131677026697
0.00138343029299
0.00154167823413
0.00184190222899
0.00213122044014
0.00214081858558
0.00182363600309
0.00130187535891
0.00078265215033
0.00032787394574
9.446726927e-05
8.273816107e-05
1.81384236e-06
-0.00027606359952
-0.00067022478477
-0.00109167082901
-0.00138825374693
-0.0015127634575
-0.0016471518093
-0.00194488265736
-0.00240126854572
-0.00296524581956
-0.00377601241643
-0.00471211455357
-0.00550430713968
-0.00604744898934
-0.00631028741363
-0.00645060241334
-0.00646577692247
-0.00632244670485
-0.0062692106616
-0.00637734693365
-0.00664379556693
-0.00710842543684
-0.00767444089063
-0.00823992398398
-0.00857045270831
-0.00861180235097
-0.00846992158529
-0.00833567281034
-0.00823506563583
-0.00821191019383
-0.0083363438529
-0.00863916746665
-0.00913684841955
-0.00975677990638
-0.01037368275445
-0.01089493072212
-0.01138905962306
-0.01164834152177
-0.01176207428879
-0.01183480635527
-0.01193806638471
-0.0121717278784
-0.01251051489986
-0.01268281626169
-0.01265029753913
-0.01243496892823
-0.01225208746201
-0.01206047349525
-0.01185591735427
-0.0116793884243
-0.01154309520635
-0.01146881526836
-0.01146673503641
-0.01155092850986
-0.01172359670829
-0.01197804262693
-0.01229035030889
-0.01262153218131
-0.01287232762842
-0.01301631994137
-0.01320644419364
-0.01338475809683
-0.01369058350764
-0.01395814607156
-0.01407283619264
-0.01419108731291
-0.01440901956895
-0.0147346049464
-0.01497788471682
-0.01519776299629
-0.01539951865298
-0.0155378742084
-0.01556317251299
-0.01550838859823
-0.01560221824286
-0.01577091834294
-0.01593051463226
-0.01608128894871
-0.01634934808413
-0.01652454834982
-0.01638500281225
-0.0160825191934
-0.01569391397215
-0.01500668138996
-0.01424697621109
-0.01367464400998
-0.0132139509231
-0.0128677108556
-0.01263063151845
-0.01247409965683
-0.01235149123352
-0.01221764061049
-0.01202417903988
-0.01174010435531
-0.01134879706934
-0.01086564642472
-0.01032786844194
-0.00980139528952
-0.00906735077821
-0.00829216688424
-0.00768115131624
-0.00745170844346
-0.00759885018283
-0.00807270017754
-0.00845495286254
-0.0085738034475
-0.00851609826079
-0.00829555341237
-0.0080206451692
-0.00784202258643
-0.00767051305483
-0.00739982790618
-0.00691824750116
-0.00641281824348
-0.00605591307285
-0.00574344434068
-0.00546388800936
-0.00518100330694
-0.00483541638752
-0.00441691845694
-0.00418343322376
-0.00384058818425
-0.00343430859664
-0.00302206433537
-0.00240313493876
-0.0016765506313
-0.00074758301867
0.00024289468146
0.00123281210579
0.00213781947269
0.00277939745049
0.00318886762181
0.00341233776843
0.00349171091947
0.00348659757515
0.00346886415705
0.00350836977475
0.00367049768398
0.00399927588194
0.00449744803799
0.00513258534928
0.00579848772523
0.0063486531537
0.00681386012022
0.00723510037807
0.00763284967263
0.00802566904118
0.00840024947289
0.00873078267083
0.00917176500085
0.00964176768488
0.00996698175211
0.01017765780125
0.01030047648456
0.01034143692254
0.01031692150094
0.01024787569493
0.01015589812777
0.01005980035928
0.00997458242753
0.00991007734285
0.00987091529894
0.00985509658894
0.00985394686935
0.00985035902846
0.00982000106295
0.00973109239711
0.00955024642666
0.00925901842838
0.00886147044658
0.00838785307996
0.00791339019971
0.00754791805237
0.00727726869266
0.00703694598314
0.00693060363153
0.006994375043
0.00715381028211
0.00735029154426
0.00765705194104
0.00805077050661
0.00840010184352
0.00870892905139
0.00888564139966
0.00886441856024
0.0086813492021
0.00837618588662
0.00800698721625
0.00753778530969
0.00704397850918
0.00671655447511
0.00661436364016
0.00673060610636
0.00706850287802
0.00758742456481
0.00819908880728
0.00891680014262
0.00977979219264
0.0106179914568
0.01125127669062
0.01152442680228
0.01136677653638
0.0109381145478
0.0105002055927
0.01011729975961
0.00987235580364
0.00980125213377
0.00981669953355
0.00992714866563
0.01005655251328
0.01014465592805
0.01021037783657
0.01026338572535
0.01032116248994
0.01040532912168
0.01052860411393
0.01068363731383
0.01082861829615
0.01089967722985
0.01092598657189
0.01087560469634
0.01074365536057
0.01049955244461
0.01016058200486
0.00983119405289
0.00951666745686
0.00928732747726
0.00917530363196
0.00911835448654
0.00905786671
0.00903491258077
0.00903008554794
0.00894872387411
0.00882492099504
0.00875295391708
0.00872358014733
0.00878214426852
0.00891882669116
0.00901913860694
0.00906101166281
0.00906102955728
0.00901330948389
0.00891516279877
0.00877663277228
0.00861352469355
0.00844205095088
0.00827813762108
0.00813650290433
0.00802838005313
0.00795950871818
0.00792656500201
0.0079143296593
0.00789511547394
0.00783884631831
0.00778782918913
0.00778488107547
0.00777203732084
0.00768341496649
0.00743796101817
0.00700966586618
0.00648116616523
0.00596233842439
0.00554431917084
0.00526511178165
0.0051199652755
0.00506846946929
0.00506626844969
0.00502275357636
0.0049187822418
0.00473186109936
0.00444058791755
0.00404548208331
0.00357685861544
0.00309993927205
0.00264913824726
0.00227033516839
0.00205028465466
0.00193791365667
0.00185859061015
0.00181306797747
0.00177717256874
0.00172252599403
0.00162601754749
0.00146983597008
0.00124300434758
0.00094519744803
0.00058703205947
0.00020078412126
-0.00015296777563
-0.00044404778666
-0.00069582595323
-0.00091675821689
-0.00111181060574
-0.00128374692041
-0.00142339221964
-0.00151239662089
-0.00156767442298
-0.00161903109969
-0.00167966337406
-0.00178740552045
-0.00195819479971
-0.00221345223249
-0.00250008672075
-0.00278416901047
-0.00306627082991
-0.00331766171545
-0.00354208205834
-0.00374235828986
-0.00385006375259
-0.00387459975282
-0.003893285604
-0.00391599860528
-0.00395819376158
-0.00403555378493
-0.00415056466435
-0.00428919087361
-0.00442221611429
-0.00453930319939
-0.00463064998654
-0.00467063070239
-0.00467355197434
-0.00465221282087
-0.00462079460812
-0.00459837731293
-0.00460396933428
-0.00465398884685
-0.00475784834098
-0.00491305601194
-0.00509895716969
-0.00527545478434
-0.00541892368409
-0.00553102358088
-0.0056375538244
-0.00569613136644
-0.00569191721915
-0.00566173372472
-0.00563113865751
-0.00562200353143
-0.00561445653942
-0.00559628470684
-0.00556825749583
-0.00552149925012
-0.00548307535302
-0.00546141409912
-0.00544025389033
-0.00544157808098
-0.00546141857273
-0.00546173172593
-0.00543623210857
-0.00539143330714
-0.00532619454926
-0.00523878454514
-0.00513340849483
-0.00504643690518
-0.00496901201438
-0.00487940099065
-0.00477934854466
-0.00469497165292
-0.00463856381516
-0.00460108832488
-0.00457425109602
-0.00454050660239
-0.00447587178282
-0.00438219468853
-0.00427658690485
-0.00415160835921
-0.00401522209002
-0.0038725624676
-0.00373839153359
-0.00362502023483
-0.00355361638526
-0.00350879432102
-0.00346652266587
-0.00344037661084
-0.00342417809076
-0.00339132697846
-0.00331644310216
-0.00319365797098
-0.0030314593786
-0.00284484110003
-0.00265968166799
-0.00249291953883
-0.00235606443457
-0.00224743472255
-0.00217261392426
-0.00212831527321
-0.00209467904111
-0.0020516942914
-0.00199657619744
-0.00193606381601
-0.00186169082678
-0.00177811829139
-0.00170595258483
-0.00164941232801
-0.00160352733234
-0.00156333009343
-0.00151928509647
-0.00145945538901
-0.00138843269161
-0.00132169527202
-0.00126177922374
-0.00120629966153
-0.00115573436767
-0.00110960466516
-0.00106635731412
-0.00102392192459
-0.00098027284274
-0.00093379911907
-0.00088383284254
-0.00083099137232
-0.00077769225107
-0.00072856119885
-0.00068991451562
-0.0006602110403
-0.00062717919387
-0.00058610602073
-0.00054184852696
-0.00049926282389
-0.00045942615852
-0.00042340392275
-0.00039659653292
-0.00037543730832
-0.00035607084104
-0.00033467822785
-0.00031237196784
-0.00029228055091
-0.00027019305077
-0.00024885796829
-0.00023298450122
-0.00021941669166
-0.00020531799796
-0.00018771847522
-0.00016790755408
-0.00014924984195
-0.0001331726911
-0.00012348672855
-0.00011775566718
-0.00011321279851
-0.00010621207987
-9.580009401e-05
-8.572622413e-05
-7.506402886e-05
-6.184569826e-05
-4.630157889e-05
-2.702769758e-05
-7.67907108e-06
7.77908774e-06
1.873863539e-05
2.813569622e-05
3.612568369e-05
4.250840344e-05
4.911056305e-05
5.393388278e-05
5.849563011e-05
6.553218242e-05
7.388836229e-05
8.305525105e-05
9.275512655e-05
0.0001024155
0.00011157965986
0.00011982780187
0.00012701905186
0.00013324936889
0.00013905979223
0.00014524112316
0.00015105194912
0.00015425130111
0.00015657096104
0.00015994142888
0.00016559813873
0.00017247775655
0.0001798960426
0.00018728681591
0.00019478822176
0.00020356031381
0.00021142113006
0.0002206733307
0.00023121294886
0.00024238844695
0.00025368540374
0.00026377721283
0.00027171882261
0.00027802845688
0.00028297184849
0.00028659172048
0.000289250749
0.00029112429983
0.00029256113617
0.00029381187003
0.00029514004221
0.0002966608036
0.00029853824648
0.00030085745904
0.00030368433768
0.00030693643361
0.0003104136867
0.00031367459566
0.00031642421492
0.00031870499912
0.00031980367474
0.0003196190933
0.00031829490264
0.00031662253037
0.0003151904808
0.00031380459897
0.00031239192017
0.00031093956038
0.00030971253669
0.00030840843258
0.00030706639219
0.00030552124958
0.00030417285666
0.00030259416193
0.00030076082891
0.00029864395805
0.00029615130335
0.00029359011283
0.00029090970042
0.00028838886193
0.00028595816683
0.00028356670535
0.00028146213693
0.00027950837414
0.00027757523473
0.00027554009685
0.00027347239103
0.00027139842216
0.00026933590574
0.00026730720986
0.0002653244133
0.0002633773162
0.0002614342901
0.00025945346193
0.00025751213579
0.00025564144808
0.00025377246033
0.00025194592722
0.00025019164301
0.00024852320752
0.00024695381792
0.00024543113287
0.00024397492578
0.00024259427807
0.00024129755543
0.00024009768659
0.00023900737663
0.00023800510746
0.00023708143974
0.00023624818383
0.000235489861
0.00023479586878
0.00023417533335
0.00023361792067
0.00023311987288
0.00023268790041
0.00023232741635
0.00023204088117
0.00023182650544
0.00023168209708
0.00023160711926
0.00023159942464
0.00023165807376
0.00023178150085
0.00023196912435
0.00023222004954
0.00023253396325
0.00023291019444
0.00023334847471
0.00023384817774
0.0002344089009
0.0002350300179
0.00023571090242
0.00023645088342
0.00023724937933
0.0002381055849
0.00023901887383
0.0002399884856
0.00024101365969
