0.00023061398879
0.00023627864602
0.00023204375684
0.00023439414632
0.00022603594916
0.00022924964097
0.000214146818
0.00020023646194
0.00019176633966
0.00019838318205
0.00020500132368
0.00021910324023
0.00021620946552
0.00021034205147
0.0002008618135
0.00019849694139
0.00018482323686
0.00019929180469
0.00024350792407
0.00031245812114
0.00038543896028
0.0004339141193
0.00048742724654
0.00054447390625
0.000557354276
0.00058598517473
0.00056535411404
0.00048346152793
0.00041996723186
0.00040386934903
0.00039445984285
0.00034239077522
0.00034389196289
0.0002979658232
0.00020982843397
0.00022918720134
0.00017916626039
7.387410025e-05
2.044882412e-05
-0.00017454782989
-0.00043629515541
-0.00073661522757
-0.001040417245
-0.00149155155544
-0.00179316054347
-0.00173433049498
-0.00157413732073
-0.00112972386778
-0.00073429342122
-0.0003792104358
-0.00022646622467
-0.00039892653054
-0.00043808083695
-0.00041091616122
-0.00037448436
-0.00012946699432
0.0003467647588
0.00063353520321
0.00106725787666
0.00184776770158
0.00235499335311
0.00225720197257
0.00189087626278
0.00126881367182
0.00082842134596
0.00053170741048
0.00067559367819
0.0007511035896
0.00060526044725
0.00056231276171
0.00077845818267
0.00114960825145
0.00117976536719
0.00112860767352
0.00092931674772
0.00035770109339
-0.00031039608503
-0.00080511692167
-0.00075393477184
-4.237564076e-05
0.00035275303976
0.00060749856769
0.00140411506437
0.00172164157108
0.0020010443691
0.00168620842172
0.00094337292362
0.00066403203025
0.00054797877917
-0.00022474668938
-0.00079820461833
-0.00031438916397
0.00065972583608
0.00143242382967
0.00207494628823
0.0025269709556
0.00246849743202
0.00215052995024
0.00125355303022
0.00028028665879
-0.00046951272984
-0.00052131125124
0.00043445444751
0.00132097636067
0.00243594170231
0.00218151207913
0.00137957598631
0.00041446383241
-0.00043358778247
-0.00127190279007
-0.00236735937932
-0.00346711643083
-0.00417376789915
-0.00412165335835
-0.00372216853961
-0.00250829256615
-0.00075207419331
0.00140044396602
0.00265775101624
0.00331694416667
0.00525367534058
0.00562628781109
0.00416025205146
0.00057674074761
-0.00351529544108
-0.00640868228856
-0.00867361278868
-0.0114497380981
-0.01362516670833
-0.01304061871491
-0.01055983970685
-0.00669505623753
-0.00289330583646
-0.00232806253938
-0.00576200037277
-0.01092900920909
-0.01753545391366
-0.02321524338816
-0.0252817198216
-0.02235236904974
-0.01598620990313
-0.00862080659722
-0.0009754395302
0.00387143248684
0.00336925129969
0.00058921988354
-0.00382034548675
-0.00725368834771
-0.00655085662532
-0.00392279423657
-0.00134334686548
-0.00072549340832
0.00069927488014
0.00045882577162
0.00044787361695
0.00080912352791
-0.00053571478098
-0.00360499030534
-0.00540607540774
-0.00739003524095
-0.00587337141628
-0.00282722683036
-0.00225239480933
-0.00352643751309
-0.00325051551396
0.00024870688258
0.00561814467526
0.01166994668017
0.01769309676935
0.01967427471477
0.01627326021768
0.01063242099354
0.00646603579661
0.00504406315253
0.00713849220848
0.01121866945408
0.01816561646005
0.0283264425113
0.03751393264394
0.04473749406397
0.05135731705035
0.06004593980503
0.06447964989786
0.06677306417765
0.07024419523941
0.07306616819954
0.07362984439197
0.07286876116205
0.07098915269121
0.0684545777816
0.0629827038493
0.05255440769372
0.0362545131932
0.01713510281201
-0.0013024286588
-0.020232016468
-0.03229036894593
-0.03800584148114
-0.03766915281163
-0.03652318699897
-0.03872548298978
-0.03853629169233
-0.03478810294868
-0.03281188883876
-0.02902332833066
-0.02660463738968
-0.02473660738039
-0.02900178780665
-0.03488526649383
-0.04047814872377
-0.04639550683011
-0.05371584584658
-0.06408468297189
-0.07442092462624
-0.08266073869811
-0.08487788034011
-0.07292367287573
-0.05483777202174
-0.03843300264425
-0.02215420157863
-0.00713109804244
0.00856245573654
0.01754256912667
0.01455254415928
0.00394610018937
-0.00139144639322
-0.00577865348677
-0.01263577379452
-0.01669853367123
-0.01227209546365
-0.00334220928688
0.00603566858424
0.00601642082489
-0.00970956028898
-0.02113874757315
-0.02956251397522
-0.04337310802568
-0.04737994355098
-0.04072286313881
-0.03393147257269
-0.02705875764396
-0.02281368476379
-0.02349507149402
-0.02870379718338
-0.03852788488856
-0.04912003729206
-0.06161549006793
-0.06820661528328
-0.06340331152675
-0.05721120378827
-0.05179053493345
-0.04044757852826
-0.02611477675558
-0.01121518063052
0.01070050846148
0.03148917379822
0.04195564448544
0.04949318474099
0.05442641182843
0.0549602438675
0.05269113289313
0.0528496011441
0.05777006517491
0.06043463984092
0.05916486855773
0.06214167955812
0.06868905118115
0.07165863997284
0.06850582107182
0.05888113893067
0.04283942883759
0.02992206532969
0.01820060404881
0.01052142061365
0.0134199910199
0.02373018304641
0.03239954657791
0.04217490921272
0.05714937556786
0.07234245703362
0.0806230823165
0.07342540620951
0.05674630754008
0.0499695448125
0.05655845368868
0.07256374703636
0.08957812432503
0.10231985823846
0.11110833089422
0.11051618620722
0.10114439600841
0.0910198911707
0.07640982154603
0.05215202749534
0.0298944222304
0.01861930491032
0.01282684898027
0.01335247674312
0.01847425697518
0.02075840466446
0.01577488196286
0.00365924705258
-0.01918022596388
-0.06044094494375
-0.11164846803611
-0.15129124795486
-0.16800626660402
-0.16153979136085
-0.13790264870448
-0.11282266924559
-0.09939104244502
-0.09534893655666
-0.09563713707481
-0.09989533603268
-0.108792256457
-0.11767350965613
-0.11649353832225
-0.0996709125849
-0.06298323882772
-0.0214314342675
0.00439212316311
0.01313156504655
0.00878637859737
-0.00177702597641
-0.00556987051527
-0.00077490783659
-0.00099740918333
-0.00996598691018
-0.01624009919811
-0.02129507591043
-0.02581810065071
-0.03168783803501
-0.03642929446475
-0.04136659503073
-0.04737982891274
-0.06052256736575
-0.07951357528326
-0.10008720222224
-0.1101650875118
-0.09781346750581
-0.07191657599744
-0.04009846689555
0.00313721893026
0.05414027479847
0.10036592597979
0.14033871115906
0.16260401629199
0.16258170004927
0.14877409805669
0.13660268935322
0.12105323583332
0.10073429683567
0.07195180814777
0.04753569869709
0.02092672416093
-0.00499620933273
-0.02359804719759
-0.03741404453011
-0.04769267665103
-0.05393365848958
-0.05328969732119
-0.05818314494172
-0.07202250172488
-0.08528148334631
-0.1016845331503
-0.12274388228317
-0.12823795781996
-0.10974757506665
-0.06374485703607
0.00769177071317
0.08566597998032
0.14554978311092
0.17947337621572
0.17407273083896
0.13609568266071
0.095326161761
0.06618688067878
0.06824039534932
0.09863477402089
0.13541339410971
0.15877039913699
0.16932151105303
0.15861441471441
0.137209966287
0.12522056488503
0.11529056291624
0.08875387542863
0.03372101970426
-0.04614013105939
-0.12434300921022
-0.1890124235967
-0.23611616543126
-0.26078803278011
-0.27608956201444
-0.27094914542694
-0.2486362272145
-0.21434842844297
-0.17350443090445
-0.11661394667981
-0.08401079495726
-0.0744341462358
-0.07391735708073
-0.08393631831845
-0.1053299525392
-0.1270166020839
-0.14361094488629
-0.15449745005979
-0.15588602476528
-0.14310634559668
-0.12102106070254
-0.09216057980336
-0.0511317090075
-0.013748876647
0.01945308024389
0.06795055168315
0.12511035933023
0.17278645165019
0.20389678430057
0.21427192652871
0.20906991099726
0.19771526149229
0.16756739323475
0.11785475270275
0.04907345595666
-0.05057540787473
-0.16540600398681
-0.25738958235817
-0.29618186122514
-0.26438335526111
-0.17172031608183
-0.06367859613731
0.04150989282218
0.11315106957084
0.13860969911384
0.13249416971511
0.08230643013217
0.03911655221582
0.03292314524403
0.05656131964451
0.08255951313824
0.09343184138358
0.10012338969117
0.09019170636163
0.07460503362869
0.06733452403091
0.06879104099591
0.0761237991543
0.09107640781965
0.11478183665024
0.13886312603461
0.16022531116673
0.17096412408319
0.15901908767745
0.13111174726148
0.1025105016202
0.07408041086102
0.04798229104073
0.02957712652867
0.01728058255116
0.00927018251148
0.0059208927852
0.00767034864866
0.00584143320453
-0.00599650816379
-0.03378180853803
-0.07654948912676
-0.12269015516456
-0.14753054071615
-0.12645453082673
-0.05911461879887
0.01496251340869
0.05839916158573
0.0794823554711
0.09552020607699
0.09318475777838
0.07921234421927
0.06898030871885
0.07115713591553
0.08328563170705
0.09842720239339
0.11338638365077
0.1217250923051
0.11568316065206
0.0879904612213
0.03455471861234
-0.03413444338576
-0.10101313523145
-0.15202237239319
-0.18492083220435
-0.19127985321031
-0.16290803688632
-0.10733558664103
-0.04325663558079
0.00481309004036
0.02744964344883
0.02589922630704
0.00654115440952
-0.01815166498708
-0.03616651306415
-0.04560671936051
-0.04424661314959
-0.02603269195936
-0.005181736028
0.01079631163293
0.03057969519674
0.04595862052355
0.04342217318947
0.0153308193029
-0.02168384855054
-0.05704650685997
-0.08439758435593
-0.10599775846009
-0.12238609635749
-0.12941823485579
-0.12999826610282
-0.12403195747092
-0.10299182934848
-0.07603988396763
-0.05328423289874
-0.03990560717464
-0.03018037966046
-0.02593205487575
-0.02334071111308
-0.02101940917243
-0.01533732693327
-0.0058860312985
-0.00404152887593
-0.00026864231847
0.00441372100624
0.01263492165032
0.03394931792431
0.071470403994
0.1204785543705
0.18048406509197
0.22374731147754
0.25874919180341
0.29280179113325
0.32660799468729
0.3633363268045
0.39880195699623
0.42679088162147
0.44060287807965
0.42395626024295
0.3760047686742
0.32052131591057
0.28124545476341
0.24598418632865
0.21783564707011
0.18260678304259
0.14206569792882
0.08281958907653
0.0249512330805
-0.0359010796991
-0.10157620001997
-0.16945708987011
-0.2781680678198
-0.4049114105686
-0.48342293305584
-0.50981953262253
-0.44088794515277
-0.28367032088389
-0.08955378280686
0.09676422197047
0.20300684769658
0.23066114331923
0.19581284001305
0.14387151759025
0.11848812894094
0.13265844630323
0.17332433424016
0.20289656571628
0.22207611531458
0.23179147629816
0.22231784913557
0.20011784958279
0.18164382188408
0.1608635786362
0.1331119551536
0.09522436300996
0.04562888275225
-0.00081601672487
-0.03511513907895
-0.06359903720349
-0.07980464175725
-0.08640780398708
-0.0892574047614
-0.08989628363479
-0.09453439369733
-0.10402743293407
-0.11541918701385
-0.1292290053456
-0.14771969380086
-0.16383106572696
-0.17517937191636
-0.17869444763416
-0.16907278429982
-0.14666421958819
-0.12453942271636
-0.11701835215364
-0.13198506132166
-0.16990116017261
-0.21542618068562
-0.26442504536524
-0.31087970552366
-0.34144516265185
-0.34989010273558
-0.33217792252168
-0.29280205862246
-0.2273079749994
-0.13652206046257
-0.04444810895073
0.01976804878949
0.04134080142827
0.03241002451242
-0.00759340728784
-0.05624342782396
-0.06507844360238
-0.02855638387937
0.01824426975182
0.05607246400558
0.0842225317739
0.0966013592539
0.10261986649463
0.11808666584843
0.14237480081816
0.16632314806481
0.1832141746146
0.19962421735082
0.21850830600953
0.23383218969933
0.24756378654332
0.25653900488089
0.25742817723
0.25839113838852
0.25866344240501
0.26058275391727
0.25940262973241
0.25677515964119
0.25249556154647
0.24378072484915
0.22803852624656
0.20947764097986
0.19831000464591
0.18698619282565
0.16429443346538
0.13825428237831
0.10942100895313
0.07128469005628
0.01986190311098
-0.03857836392389
-0.1035045297399
-0.16833229773912
-0.23385343598521
-0.30465030214666
-0.39994184316126
-0.53244185942626
-0.69067471988798
-0.82323281952445
-0.95006550366963
-1.01288725543957
-0.9813021294402
-0.847200617058
-0.62312987291197
-0.35937282453134
-0.15536686642005
-0.04635561272498
-0.08820888526821
-0.22247639381202
-0.35791451156735
-0.40744720828603
-0.38253173469173
-0.32773622596528
-0.29221148065798
-0.28255355342922
-0.26971514127249
-0.25499964268606
-0.235656810031
-0.22456621058973
-0.22753805393334
-0.23832023831467
-0.23710190138543
-0.22757638131596
-0.20773074537027
-0.18492171109747
-0.1699447991267
-0.15950072110769
-0.15441880823185
-0.15199252823983
-0.14313504336771
-0.1367842381018
-0.12498723786782
-0.11339662466626
-0.10051281576921
-0.07845970600585
-0.04992854253778
-0.02472958005669
0.00196983831352
0.0246165314737
0.04158108316497
0.06438629616333
0.08929817775966
0.11271204335059
0.1359072174054
0.15765710904206
0.17552324840309
0.18982150203358
0.20940438714887
0.22474512265894
0.23879396170682
0.24548077163412
0.24596095298007
0.24778358624903
0.2419137647967
0.23435719459444
0.23072897094052
0.23832650520475
0.26539274490406
0.31024464792472
0.36766296478756
0.42936489208329
0.48582040063859
0.51990005459146
0.54226750239013
0.56214347925487
0.58450634152421
0.6116278368519
0.6360553337004
0.6583096717757
0.68141195064891
0.70471293579292
0.71836099957769
0.71022283140588
0.67372660349807
0.62024137156386
0.56075979578066
0.50956618212726
0.45813717796844
0.40218875253113
0.34770918677526
0.29964382122824
0.25194694117533
0.19889366610365
0.15138509845507
0.11738374241546
0.0947915272543
0.08806405896698
0.08741574154574
0.08669306212392
0.0835218246801
0.07268220654396
0.04222924773524
-0.01936840462361
-0.09303431420373
-0.17156081608677
-0.289488899046
-0.44557894165355
-0.58721638935604
-0.70639926420266
-0.82720465217589
-0.87808453919789
-0.80603823093326
-0.62663856710146
-0.37863357621146
-0.15603260885274
-0.08036862365163
-0.0764634340264
-0.14870328984135
-0.22859926005767
-0.28369592342263
-0.29515386197567
-0.25488798504697
-0.20635233525479
-0.16541720032091
-0.13018103765922
-0.07908880241667
-0.02437643315818
0.03485952638921
0.08517223311011
0.122061020541
0.15906333803545
0.19771602574718
0.22375770534402
0.2154092906526
0.18054310378205
0.14007878807175
0.11792544627987
0.11914913299333
0.13329648449623
0.14481502846188
0.15241225702416
0.15003825206646
0.15014868689773
0.15357331304957
0.15759317912071
0.14755484402158
0.10624912189265
0.05123778758592
-0.00580363697905
-0.05661168404161
-0.10852908528642
-0.14548428646705
-0.18230058432183
-0.22007460818915
-0.25612947889931
-0.30170513129863
-0.35477308006415
-0.40467602006319
-0.42110864653133
-0.4217827193423
-0.41687849572785
-0.40074087164636
-0.36570054929964
-0.33301516375117
-0.31300085675176
-0.30379070646171
-0.30866520056103
-0.31647936287319
-0.32133788404535
-0.30765244819658
-0.28686926256738
-0.27195929932477
-0.26091795611102
-0.24372103654242
-0.22901937096945
-0.20230189898815
-0.17730457369537
-0.16024350043306
-0.14975692984229
-0.13837083124869
-0.11846099789243
-0.09226600876512
-0.05198461746219
-0.00093486944161
0.07235800962059
0.16050884973007
0.24257966008036
0.33016590689155
0.37814131963829
0.37459513874656
0.30150023456324
0.14891571448739
-0.06466956723746
-0.22946607795132
-0.22656148903782
-0.17144113377135
-0.11714368995523
-0.09254431218248
-0.10010050025729
-0.12373733721171
-0.15761343187523
-0.17975087716545
-0.18559001378403
-0.18250991373558
-0.16871003071737
-0.15226792748861
-0.13947051760662
-0.12421285660284
-0.11614874472966
-0.11123791031043
-0.11466555526907
-0.1186909239754
-0.11005033464041
-0.09203100038714
-0.06880330728686
-0.04217831014697
-0.00689745768072
0.04156151823985
0.10309916894746
0.18221189254211
0.28197122941753
0.3934517906548
0.51048367011996
0.65157505770518
0.8054661861498
0.94441804217688
1.04983821500557
1.12350206874005
1.16248174290548
1.17343236906407
1.14535517299929
1.07539871972511
0.96774845113407
0.84108619582885
0.73522351942017
0.64002181656763
0.5557474300996
0.46188890521222
0.3633288371066
0.27125354814872
0.17259080239894
0.06286688102107
-0.05313726668384
-0.17654371974191
-0.32215407005268
-0.55023103832009
-0.90295224686172
-1.33675975260728
-1.72346814026035
-1.84265407212652
-1.40577961151657
-0.66838981161718
-0.13861596600392
0.20704830396829
0.17051176161515
-0.23553693665186
-0.54738992077502
-0.57344145925992
-0.39740872033593
-0.25927156001916
-0.23274454035588
-0.27082235554107
-0.30205428114408
-0.29923326350256
-0.27275431547172
-0.23786160895656
-0.20548463846803
-0.18037962966157
-0.16709963103072
-0.15894805018564
-0.14205771146525
-0.11852160330503
-0.09855792819193
-0.08324875640872
-0.06616502298899
-0.03803944576855
-0.00217962475169
0.04044773137924
0.09074651719737
0.14888166693214
0.2042317954306
0.2554482220924
0.30367824635498
0.3614040611719
0.42718485501609
0.49132647497712
0.54328892904756
0.57057435704866
0.55573711265862
0.48320053488352
0.36400375059794
0.24243139463214
0.1535469080432
0.09765989048612
0.06209387541489
0.04138123051183
0.02857529154529
0.02073254610033
0.01850552264264
0.01631947088947
0.01140217087389
0.00391781893725
0.00063188288414
0.00423607377887
0.00511652980098
0.00394601994261
0.0023803528588
0.00168004279541
0.0048269880155
0.01557741760625
0.02905494555537
0.03697144541826
0.0408260757614
0.04603603954368
0.04908503441821
0.04722655759501
0.04674855437549
0.04986419227623
0.05704681256193
0.06372024802869
0.06033639487511
0.04184979518349
0.01377057384327
-0.01479705986805
-0.05925096187083
-0.12328233806431
-0.20202092067868
-0.30176416998871
-0.41229640554857
-0.51960696284202
-0.63462846982505
-0.79212764559456
-0.98972918595956
-1.1876673806026
-1.32941449888147
-1.31243122676673
-1.09518145749354
-0.71835985319536
-0.33974374020808
0.02442777198026
0.43213034839448
0.70996183836173
0.56817039329936
0.17871145230541
-0.09299464937506
-0.17785204768418
-0.13181692524637
-0.02724595805743
0.07615570679586
0.14614960855955
0.1832594567167
0.19104056500497
0.18130900181777
0.17777925240613
0.18390043729103
0.19186305611512
0.20328431043356
0.21347828604057
0.22448898263332
0.24836323536861
0.28720190450726
0.33756381777911
0.39643849875598
0.45781771942537
0.51612692821082
0.57155069266772
0.6285732783497
0.68768992242402
0.7548973508671
0.82596770564013
0.86424923296564
0.85206318878106
0.80516506972405
0.75387172080779
0.71424434062503
0.67916656978881
0.63836796899062
0.5894736161669
0.53359473792437
0.47486824597023
0.42004900712952
0.37000055299986
0.31917668586113
0.26636499175946
0.2058258018499
0.14514377270183
0.09012609507952
0.03899476819946
-0.00889319850302
-0.06424605539143
-0.12898929680007
-0.20206551495138
-0.2794129626064
-0.35937725720969
-0.42712638951718
-0.47422588973711
-0.51036941401424
-0.53062828257772
-0.53049835924681
-0.5135066803283
-0.48301291030858
-0.43298249259428
-0.35972633062965
-0.27817892023921
-0.20949346105603
-0.16645173394967
-0.14433186652187
-0.14401496823268
-0.16957944707763
-0.20427230093965
-0.23311233802059
-0.25099655200971
-0.25128039627501
-0.23531354494818
-0.21618191413134
-0.20240847433224
-0.20102459979432
-0.22266348340853
-0.26525410906743
-0.31450150943653
-0.35672353496308
-0.38069672049358
-0.39040432429005
-0.39633799923825
-0.39962047398097
-0.40429809602122
-0.4128481975775
-0.41838713487619
-0.41747423241282
-0.41165634208011
-0.39516142883862
-0.35404317843364
-0.28658713787559
-0.20832189652592
-0.15005139725053
-0.10822663141461
-0.06768428528027
-0.03819458186821
-0.01753576343689
0.00179144058785
0.02036566936276
0.03883133229173
0.06019871435709
0.08860148300402
0.1200596280538
0.15229299504893
0.18538974079071
0.21888894315636
0.25281693072676
0.28679520626877
0.31947699981926
0.34928378112041
0.37761463338242
0.40456061757514
0.42340293970425
0.43293587304612
0.4365106752834
0.43166415291297
0.42075899992021
0.41007089531555
0.40022652810693
0.39091217166293
0.38487379379512
0.38250307513344
0.38013426710897
0.37137013597139
0.34903104202905
0.31052879789197
0.25595121644675
0.19905373928988
0.1461689442082
0.09557672272594
0.05178495587277
0.00999067616433
-0.02605797351105
-0.05552449325109
-0.08630738089483
-0.11635830341987
-0.14316790632788
-0.16341034341127
-0.16611412435302
-0.15864284499623
-0.15030455668208
-0.1402727177495
-0.1366556140042
-0.14071231716092
-0.14875055900615
-0.15246797120547
-0.13917608841113
-0.10455259068017
-0.05472191098076
0.00208744070926
0.05467368649735
0.09364277573258
0.11936151942662
0.14049221175326
0.1575734613446
0.16074401095902
0.15072783925164
0.13524044322862
0.10867184809945
0.06903525864528
0.02222509004074
-0.02743393801088
-0.05869252082438
-0.06683859903427
-0.06427708413987
-0.04506104137068
-0.00868362070644
0.03177726349942
0.06619395003649
0.09661771430849
0.1167933555147
0.12128060166241
0.11610564075399
0.10233655720776
0.08584267571036
0.07284835555654
0.05878167115703
0.03785551254472
0.00595044270043
-0.03578020514606
-0.08322785403754
-0.13453090899087
-0.17249809828106
-0.17247402425209
-0.13756358702354
-0.09258443556408
-0.05868957844306
-0.04423671604879
-0.04265665728119
-0.05481178735556
-0.07482326661188
-0.08737531246218
-0.08565008347866
-0.08167805976349
-0.08017400614448
-0.08542210624565
-0.09676666758611
-0.10359111981868
-0.11491019325863
-0.11753063220487
-0.10962070875529
-0.1009801194203
-0.09116150760139
-0.08130873358901
-0.08391606556393
-0.10032939459616
-0.11576474486133
-0.12759051929183
-0.13690881164849
-0.14506142423768
-0.14130984984487
-0.1223087919756
-0.10351274547994
-0.08293862177529
-0.06555606469446
-0.046578354812
-0.02288906322336
-0.00751390185187
-0.00353847261693
-0.00380584069323
-0.01072729177402
-0.02839104115569
-0.05713126272702
-0.09842445107579
-0.14476019317368
-0.19577306054615
-0.2475908029536
-0.2934272955461
-0.30952720364888
-0.31431193601163
-0.30853680573989
-0.28215873935423
-0.22708851920839
-0.16112117074611
-0.09797354069204
-0.03912736642248
0.02390312246367
0.08336159864289
0.13920409835276
0.19118523845521
0.22592192233504
0.24198736254238
0.22182509579671
0.18008069136224
0.12367791639419
0.0670807149827
0.03115435755319
0.02955420270331
0.04332335503249
0.05880360527231
0.06508837891592
0.05805322161081
0.04637812003142
0.02936861868893
0.01423145393203
0.00460206398077
-0.01975036775266
-0.03300657130758
-0.05146049146019
-0.06744648737196
-0.08632774828759
-0.09628900828129
-0.10654198436563
-0.11374015723829
-0.10996351528517
-0.10454536847148
-0.09577057597821
-0.0917699309175
-0.08599246966835
-0.07850051721685
-0.07462089191761
-0.06695235837431
-0.0620591018175
-0.05611407768422
-0.05421769381859
-0.04696671093319
-0.03247379394025
-0.01619981914425
0.00236917868808
0.01673751449177
0.03681748244986
0.05487250740639
0.07066358010904
0.0850889675401
0.09608116916457
0.10612840783314
0.11284116421387
0.11351779727871
0.10180929776072
0.08313816872647
0.06479192444498
0.04038769915781
0.0115801123394
-0.01349230481738
-0.03228280282254
-0.05056654251804
-0.06919116664237
-0.0798488539025
-0.09041364598102
-0.10354194001665
-0.11677784114048
-0.12849658167396
-0.13465670534538
-0.13311222264281
-0.13279616503399
-0.1310891253168
-0.1208464284607
-0.10650732540647
-0.08885028618272
-0.06679923990756
-0.04189908962375
-0.01418517829858
0.01212319186261
0.03376911044307
0.05566221198186
0.07929232349327
0.10085768578729
0.11782574922976
0.13399600699496
0.151576162177
0.16940236922015
0.18690644282812
0.20418506124422
0.22066281696348
0.23599120975712
0.2501240786299
0.26478302235464
0.27499866458772
0.28028318143429
0.28723197793709
0.29519990833266
0.29978146353352
0.30992064206507
0.32593438042926
0.34254370262745
0.35651646010126
0.36820791673525
0.38459254799644
0.40460188733908
0.4209959189354
0.42681992330721
0.41842114421869
0.40181694252826
0.3764583921628
0.33998975385643
0.29714241498076
0.25130080188051
0.21165278681578
0.18117365227716
0.14253166413386
0.09039667952252
0.03646322738176
-0.00702675432262
-0.04323344044495
-0.0840517208065
-0.12293658915311
-0.15181571787156
-0.17506251734403
-0.19016430856346
-0.20025728788705
-0.21138426586098
-0.2156673031027
-0.2116172489635
-0.20325072143124
-0.19322599006912
-0.18792725808164
-0.19221121242922
-0.20998770469192
-0.23608215608875
-0.26745963403513
-0.30227736714581
-0.34327184647171
-0.38784407041621
-0.43303751894619
-0.47254758600369
-0.5058503748632
-0.54245398058273
-0.58264538087263
-0.60823951280723
-0.62114128169414
-0.63139872866957
-0.63453790562085
-0.62618192480605
-0.60509345756196
-0.57457905266028
-0.54239322231916
-0.50999301848204
-0.47912017803802
-0.45100667986608
-0.42475949212994
-0.39852185757989
-0.37230604250688
-0.3486522773067
-0.32758127328679
-0.2971669857754
-0.24922967113481
-0.18927666472413
-0.12950279965912
-0.07517493849846
-0.03022174113499
0.00526297632256
0.0390196829088
0.0681506718255
0.0906428078091
0.11019561949457
0.12681602338862
0.13735257624905
0.15216337741998
0.16891087690186
0.1823103667844
0.19790884725535
0.21223751823036
0.22535671763283
0.22755272762719
0.22304908821213
0.22253864237263
0.22584989131187
0.23950953355819
0.26571957850679
0.29366375600836
0.32448615562979
0.36046727574329
0.40131711983169
0.45181296877262
0.5173971198342
0.58962837778166
0.66552003451382
0.73439048159257
0.78601628138497
0.81037499529358
0.80707685332566
0.78861933353252
0.76766002536445
0.75290073497296
0.73185430174769
0.6970921681801
0.65079704622949
0.60057709330303
0.55744713296987
0.52011175319535
0.47716177488826
0.43458284232914
0.39276205061864
0.35279209318246
0.30468561072248
0.25025828178818
0.20223196966592
0.15758221206307
0.11332562538719
0.07421843529375
0.0318626269491
-0.01427853967566
-0.0652420323611
-0.10682892386322
-0.15690703108252
-0.21129091212644
-0.26185756928271
-0.31985102616131
-0.37519320640894
-0.43171765075511
-0.49745923832356
-0.57264625204925
-0.64448697574909
-0.70642677737862
-0.75453700468755
-0.77206022288046
-0.74220116654498
-0.65681708198
-0.51362934323778
-0.32992581621857
-0.17980456607131
-0.13483928583806
-0.18378354450595
-0.29553759435479
-0.39792879578702
-0.42766213219347
-0.35888790480508
-0.23751490472675
-0.13291378386121
-0.09309006659779
-0.11959056661647
-0.16542828201679
-0.19286854805814
-0.18332690221054
-0.15379498517975
-0.11779368873722
-0.08225854956346
-0.05667473506984
-0.04515168200036
-0.04255233648902
-0.04366650547707
-0.03886633516558
-0.02568035134975
-0.01444673307007
0.00576270730854
0.02292633211296
0.03663531465483
0.04844050005866
0.05762329002373
0.06970417273575
0.08627207231902
0.10845751281619
0.13504945593218
0.16798215436231
0.20418494660598
0.23136460173063
0.25673278170767
0.27686245298238
0.29810101988641
0.31915949012616
0.34147622961303
0.37060114270337
0.39256716562228
0.39724746255463
0.38987011012354
0.37216373824679
0.34207349480778
0.29806043795188
0.23670808084179
0.17311496661367
0.10762764664636
0.0329772965241
-0.04791729116253
-0.13642198128502
-0.22288244243386
-0.29867956083641
-0.34906868158227
-0.36132931704388
-0.3330741642285
-0.2683409345589
-0.18532432057232
-0.10973236639438
-0.07788383994796
-0.07188180240005
-0.08210115126933
-0.1043280908069
-0.11465409144576
-0.10602936039969
-0.10090766805694
-0.10305128837874
-0.09835608847608
-0.08454271635911
-0.07185039152417
-0.0595472634908
-0.04562716317875
-0.03070038250734
-0.01662247884608
-0.00533306613832
0.0001418398224
0.00552970127838
0.0131792163388
0.01681469659288
0.01234163501589
0.00592165321881
0.00640886570973
0.00851271420717
0.00796009678297
0.00965093047527
0.01892360827896
0.03234133328312
0.04498308737213
0.06050991894736
0.07536466477434
0.0821139525387
0.0860087865102
0.09085794555999
0.08780379196497
0.07345792525498
0.05136308717476
0.02254638279553
-0.01201475555786
-0.05459233156455
-0.10184968863154
-0.15123224747753
-0.20541673442125
-0.26175619087186
-0.31623808760514
-0.35420191417382
-0.3511698857578
-0.30459565792219
-0.22398595006623
-0.11732581189497
-0.01523692676867
0.04433885871454
0.05858437875777
0.03771451898176
0.00921879783411
0.00018437717949
0.01663652202964
0.04828543274194
0.06665548356318
0.06518421647884
0.05085157137841
0.0319536382424
0.01646425515667
0.00513625521963
0.0007637367229
-4.323233228e-05
0.00201542153204
0.00226803757837
-0.00031099407627
-0.00196243230153
0.00080273894258
0.00543810533008
0.01000041277159
0.0105375578556
0.01661030426571
0.02214433504803
0.02404529297916
0.03133657884606
0.04234598766934
0.05633976215256
0.07241028465491
0.08860763525587
0.10038824222251
0.10889799112072
0.11578488297762
0.1195855989597
0.12052513570591
0.12010170028537
0.1237754735306
0.131867060367
0.1381658580878
0.14202889905598
0.14838230278851
0.15418551942737
0.15671890974191
0.15027987124921
0.14217479531404
0.13164592321524
0.11538277026845
0.09909600184562
0.08578363702028
0.07156230564425
0.05686132790068
0.04235779540735
0.02588715490109
0.0071751458729
-0.0059455743968
-0.01486099743196
-0.02413336571242
-0.03069890367413
-0.03691158133291
-0.04410228361405
-0.04831909816974
-0.04576820641828
-0.04035705253681
-0.03977224469673
-0.04380002080596
-0.0516271754512
-0.06362880493137
-0.07849146079643
-0.09620123360743
-0.11160448516732
-0.12836562659895
-0.14513269100596
-0.16233431074212
-0.1755313495049
-0.18681713964449
-0.20085237495537
-0.21065814729216
-0.21734002777543
-0.21812835669211
-0.21325435935847
-0.20593810910565
-0.20113010518157
-0.19637475841924
-0.1984822676976
-0.21035722193013
-0.22486170974206
-0.24639088456715
-0.27552439552497
-0.29675749800656
-0.30852625902244
-0.30695105327338
-0.2925758391757
-0.27080600048647
-0.24948772179765
-0.23209763680618
-0.21501031138847
-0.19546487476268
-0.1785165290963
-0.16358142186789
-0.14484426121133
-0.12925090124813
-0.11542556854216
-0.10261405815748
-0.09218633519307
-0.08484704265539
-0.08106497449257
-0.07134216202384
-0.05612752857024
-0.03698990981635
-0.01010735113676
0.022205976026
0.05238046328128
0.08231166527815
0.11267746081692
0.14150037858838
0.16568098289541
0.18997779215811
0.21450242580284
0.22684258198552
0.23136437245416
0.23562849438741
0.24400652395572
0.25213594140906
0.26213258640406
0.27082728498509
0.2736742872928
0.28077276311536
0.2897723229711
0.29798542633465
0.30514240586886
0.30289381513824
0.29667113720425
0.29820056408554
0.30486834406613
0.31091780362982
0.31953237008587
0.32298588507247
0.31419294152562
0.29774632919303
0.27403371636649
0.2436128944758
0.2088205346274
0.17374150277062
0.14336198885662
0.11405235535992
0.09079772227484
0.07553646927309
0.05409590980224
0.03074652821746
0.01259388116285
-0.0125028469419
-0.05219715674646
-0.09848673784914
-0.13946883624586
-0.17310705657559
-0.19563912487707
-0.20305205337318
-0.19735071191085
-0.17739884453577
-0.14691546838252
-0.11549079769683
-0.09280710122562
-0.08123364554629
-0.07681644335903
-0.07672668162247
-0.07254414389849
-0.05831066086974
-0.03974236233062
-0.01785466407389
0.00231596935216
0.01450290962559
0.02237020293754
0.0292354396322
0.03364669209515
0.04249379456462
0.04764380255096
0.05526223918637
0.06014288553754
0.06658670062328
0.06615187780492
0.06484889964686
0.06572137302667
0.06406989463981
0.06007253587512
0.05794435350206
0.05478843936874
0.05428074484683
0.0551589501383
0.05934989466605
0.07018351340132
0.08010025554781
0.09427152822871
0.10749355812632
0.12396569657216
0.14191494865222
0.15870410002548
0.17330564820816
0.18394625437154
0.1910947506765
0.19078106225784
0.18522019084387
0.16892665876529
0.14625343258604
0.12293097187968
0.08858394335435
0.03902610264986
-0.01350937445029
-0.06778375305391
-0.12947242052733
-0.1902838380279
-0.25126457619883
-0.31983654353118
-0.39248730098651
-0.44425487006059
-0.45534267997152
-0.3989689466892
-0.26253901715334
-0.04676403053697
0.17824667069545
0.23160014508702
0.12676592648073
-0.00273032236762
-0.067711683818
-0.04859816584199
0.00127384437961
0.0294874565027
0.03362757043786
0.03363661539446
0.04205522689731
0.05251428431212
0.05151578530132
0.04432238902171
0.03584814740558
0.02585484602572
0.02025030508746
0.01800090042538
0.00773304429838
0.00056670799157
-0.00174890789271
-0.00098973912127
-0.00094584184903
0.00056370255923
0.00708845261971
0.01560780055931
0.02836889304904
0.04286705665178
0.06004471699721
0.07420185096268
0.08635812741938
0.10284616236688
0.11066005718983
0.11056055120345
0.10593424887892
0.09948095703256
0.09491227952656
0.09080421844139
0.08887906037924
0.09066478013712
0.09028081848154
0.08917073825714
0.08914356899588
0.08930685205264
0.08706964871984
0.08012902974433
0.07054351566618
0.05287581508675
0.03151479162206
0.01420134228945
-0.01508971981348
-0.05387740932984
-0.08756106461264
-0.11637431455977
-0.14195128897213
-0.16706527777352
-0.18705146019306
-0.20474319658871
-0.21740311701641
-0.22473763296104
-0.21755298739989
-0.20150474292752
-0.17499488078647
-0.14161409971567
-0.10875561043514
-0.0781248477268
-0.0537272332444
-0.04537106136588
-0.06095593809983
-0.07851431201758
-0.08505102228492
-0.0938159176774
-0.10106961366765
-0.09803406967915
-0.09441666023188
-0.08934731934894
-0.09387510921845
-0.09617024307174
-0.09293308864385
-0.08567931622811
-0.07759682402488
-0.07429967558831
-0.06595389757626
-0.05977623425516
-0.05101370805284
-0.04168521289342
-0.03863411631795
-0.03610606432381
-0.03225481962983
-0.02647993391965
-0.02276329743904
-0.01635700726828
-0.00558842280267
0.00878989799112
0.02930497154188
0.04987714639658
0.06770285667404
0.08125141447243
0.09152934347885
0.09957568642589
0.10797771359768
0.11116458005395
0.10495894500396
0.09709162876436
0.08527823526304
0.06715377774997
0.0497231490367
0.03370878016223
0.01871055694391
0.01236955324693
0.01142961144564
0.01250016822852
0.01088461364266
0.00921342512225
0.00875229282937
0.00905264500024
0.00939238304675
0.00899401136526
0.00798943270683
0.00820769626021
0.0128986163355
0.02091000608526
0.02213165988072
0.01913219254419
0.01671221765499
0.01250853681954
0.00912730123895
0.00582038562492
-0.00470789417635
-0.01648653700792
-0.02379278316426
-0.03080544080548
-0.03497255204455
-0.03863342848855
-0.04894127807383
-0.05703408771805
-0.05753005092743
-0.05362287423949
-0.05089899339419
-0.04522398051274
-0.03369452680857
-0.02198707049851
-0.01129658906115
-8.480401511e-05
0.00994710981445
0.01396635301785
0.01108983136511
0.00529844921318
0.0002404604577
-0.00578936069775
-0.01486618290137
-0.02227493474452
-0.02883071699259
-0.03858627396198
-0.04638289662447
-0.0552774096459
-0.0627560258496
-0.0733033164912
-0.08551381683218
-0.1020170222392
-0.12617427855941
-0.1464010484176
-0.16282320459379
-0.18451757311285
-0.20927576305127
-0.23471765541223
-0.25886214867582
-0.27441251930159
-0.28770287358616
-0.29519008765735
-0.29373758303051
-0.28588612507983
-0.26872722719189
-0.25360143836899
-0.23779171784708
-0.21370855603823
-0.19739366303554
-0.17918078123196
-0.15450643005472
-0.13396620105434
-0.12026826963815
-0.10483716098761
-0.08387907562736
-0.07047893612817
-0.05819239242586
-0.03955374422434
-0.02117844297202
-0.00036862313642
0.02401088240284
0.04367861891704
0.06069127663222
0.08197004334334
0.1006700994251
0.12289218594413
0.145840238181
0.17328100098803
0.1935879029712
0.21535884983001
0.245898475143
0.2816869265993
0.30806617758004
0.33071708751657
0.35282747818376
0.37666111077176
0.39756883173491
0.4101488493141
0.42091605429963
0.43178299454801
0.43826158323115
0.44216845421713
0.45544394374414
0.46154613689508
0.46079487434046
0.44998181406166
0.43175204222506
0.4008597132814
0.35579958901658
0.30317070468405
0.25666071247176
0.21034896797734
0.17547819557746
0.14140071975102
0.10209554942892
0.07117513411813
0.04616859955395
0.02363332902449
-9.42365636e-06
-0.03072629074803
-0.05760487148093
-0.08611505615234
-0.12311003679987
-0.15638500678147
-0.18688401194716
-0.21658673994536
-0.24156736626884
-0.2496105375581
-0.24409555965014
-0.22131239540529
-0.18821622285468
-0.15188862778784
-0.13286105027396
-0.12583418513438
-0.12612590122502
-0.14365676196681
-0.16229583050852
-0.17431840057261
-0.17989673521077
-0.17654314655074
-0.16950791282014
-0.1604062485114
-0.15019847810367
-0.13964469129553
-0.12791479264069
-0.11900029435394
-0.11946324175218
-0.12739689531603
-0.13196534354556
-0.13024194877377
-0.12749231253876
-0.12767309703245
-0.1287477540428
-0.12935132434037
-0.12928483416514
-0.12824491253943
-0.12753946706533
-0.13070531651219
-0.1403411567747
-0.14982131831658
-0.15170807257062
-0.14819827021155
-0.14092428325402
-0.13567763523713
-0.12936401097151
-0.11591843651924
-0.1042780703245
-0.09752610766803
-0.09488274107515
-0.08719938098703
-0.06973745603611
-0.05201094604307
-0.03792998154098
-0.02543319896162
-0.01409604325102
-0.00340110544341
0.0085896402829
0.02066835251104
0.03196678724775
0.0431204453598
0.05498489108762
0.06697410142587
0.07651284310489
0.08159120219551
0.0855783199447
0.09167436084379
0.10081087517542
0.11362303517675
0.12513592365622
0.13094085986858
0.13394885246839
0.14480696557281
0.15874357379043
0.1657964235962
0.16874717350491
0.17865038833989
0.18928908386605
0.19228056856028
0.19669467551524
0.2026912486407
0.21402747960288
0.2276649202447
0.23523238107911
0.23645037409365
0.23667407149929
0.23096917625173
0.21879841716491
0.20578025225859
0.19051471942948
0.16977536381809
0.15383208975455
0.14056997468808
0.12487649733459
0.10487178173402
0.09313221525485
0.08381942553338
0.07482150882564
0.06941559009015
0.06294112838341
0.05600276395982
0.05244809983884
0.05353880620184
0.05364851499097
0.0530796418653
0.05357117239633
0.05384064866974
0.04842254006879
0.0346698803601
0.02225857204737
0.01292372975111
0.0053765866329
-0.00085338917101
-0.01096134483339
-0.02042534620567
-0.03198432307615
-0.04039652630176
-0.04567596085333
-0.05755511848774
-0.07850395636385
-0.09271711021259
-0.10400118077868
-0.12195704366353
-0.13740229102949
-0.14938477592472
-0.16176081387438
-0.1679189504831
-0.18034898304057
-0.19210796159389
-0.20333150317288
-0.22093611451133
-0.24688283543837
-0.27028504614226
-0.29280106509111
-0.31496266083578
-0.32584939528575
-0.31988369805776
-0.31152343741558
-0.28700277789627
-0.25126908530267
-0.21247986345526
-0.17568408584421
-0.15376051728432
-0.12916102487333
-0.11244023609978
-0.11033471388413
-0.11384508943437
-0.11191423767331
-0.10423695341154
-0.08979700692487
-0.07449608909445
-0.06035874933057
-0.0457170013408
-0.02836096390458
-0.01486702358175
0.00218302950721
0.0156197764334
0.02425451157594
0.03739217919777
0.05718701512108
0.07975064714943
0.0961528180603
0.11420012404246
0.12997235786213
0.13852586035266
0.15026607644849
0.16350973475942
0.17377214939162
0.17927226254202
0.18267743840696
0.18862662772938
0.18790841919865
0.19220884323907
0.19996224728765
0.2012421449481
0.19876722013248
0.1993765987672
0.20073857740259
0.19568146459785
0.18094575146964
0.1629510644365
0.14816154776419
0.13275145612306
0.12061256646506
0.10051816555342
0.08015222488018
0.06347282050879
0.04205216987776
0.01775222717001
-0.00491652811814
-0.02690488638614
-0.04924292947801
-0.07149432517198
-0.09435334171443
-0.11905688742838
-0.14595613743472
-0.16969614879898
-0.18677858298541
-0.20025774643999
-0.2072728420543
-0.20485191184649
-0.19741918914879
-0.18632278137037
-0.16937309825795
-0.15011311083271
-0.14025399350476
-0.13534052240617
-0.13115939855372
-0.1220045421048
-0.10598083021432
-0.0934285933003
-0.08637238077303
-0.08417499511988
-0.08130162601855
-0.07527929750338
-0.07379064362035
-0.07325937183516
-0.06777190710315
-0.06211668842329
-0.06171996371108
-0.06086266079079
-0.05405891986567
-0.04749141012635
-0.04058334840906
-0.02577477121986
-0.00878163257451
0.00664034323012
0.01670558392257
0.02603267667426
0.04149873470082
0.06165190681333
0.07657814868505
0.08345988182145
0.09410427104653
0.11023046951745
0.1294100573285
0.14541531246343
0.15850818328502
0.17657367853351
0.19467062287062
0.20870199869432
0.21583597415641
0.2201947490575
0.22643729761857
0.2262434443663
0.21442997443949
0.19725342226364
0.18258324399205
0.16829614848293
0.15341197884278
0.13800956796327
0.11547199702659
0.09314665967223
0.07622605645828
0.05911740832921
0.04005670036594
0.02393846925223
0.0062979608617
-0.01115274482746
-0.02884751913629
-0.04255290968019
-0.05224809433473
-0.06003783870322
-0.06108945342871
-0.05870551315747
-0.05383426714143
-0.0460175445754
-0.03852689135721
-0.03833192993535
-0.04409773629746
-0.05492722805635
-0.06904821276563
-0.08551202083319
-0.10017176702557
-0.10666869782601
-0.10728999883697
-0.10831914446877
-0.10504801891113
-0.09917074597364
-0.09517373112365
-0.09076008272162
-0.0829807322196
-0.07038833371123
-0.05827707186742
-0.05168193431391
-0.0494413682596
-0.04366772828489
-0.03702504261354
-0.02641531616889
-0.01330624696496
-0.00252320470752
0.00837245815018
0.01973210206085
0.02941885698397
0.03480055648207
0.03768094908582
0.04042354271204
0.04604922294049
0.05129873691321
0.0537548610586
0.05876008095646
0.06289894151361
0.0613713106313
0.0607244070816
0.06667309963834
0.07559848855723
0.07420716253415
0.06475046361732
0.05991265375261
0.0617320389383
0.06447074632842
0.06634252118666
0.06753017328216
0.06337316167143
0.05791405079576
0.05210120454531
0.0472783740764
0.03769474388654
0.02635180276645
0.02102872161824
0.01878421200871
0.01835920222311
0.01857462656958
0.02002679874555
0.02353894736713
0.0237072210083
0.0204528632029
0.01691795889204
0.01506908875278
0.0106961254597
0.00361751529657
-0.0023272329407
-0.00540801279388
-0.00448036403245
-0.00382953221262
-0.00665907129614
-0.01151689317509
-0.01395215698331
-0.016068944316
-0.0183818662018
-0.02187877175965
-0.0249248777507
-0.02736632055969
-0.02749842965958
-0.02838126633567
-0.03485105844505
-0.04209615274654
-0.04662145878767
-0.04950613886134
-0.05342114916188
-0.06093534143061
-0.06347113914804
-0.06146821815106
-0.05787335422299
-0.04886962917811
-0.03887821932909
-0.02710061206288
-0.01418005779083
-0.00452210381314
-0.00192960373283
0.00746888723899
0.01268867551785
0.0109971157834
0.00888433314632
0.00531675693901
0.00175013719669
-0.00521622302981
-0.00694207488106
-0.01157459824038
-0.01557387910612
-0.01735203274061
-0.02309757488438
-0.02722258714296
-0.02873133328699
-0.03486599962811
-0.03930765415049
-0.03837056301993
-0.03701022371127
-0.03341398794567
-0.02646517233649
-0.02204044605987
-0.00792604922772
0.00694925123446
0.01115851113059
0.01249914412697
0.00830252500668
-0.00085894301128
-0.00691390062463
-0.00341682769496
-0.00118859136476
-0.00230491708011
-0.00328931558822
-0.00382553898083
-0.00421816728685
-0.00607086634309
-0.00725074214511
-0.00538819566464
-0.01163342676036
-0.01675161499445
-0.01540965219457
-0.01473243829602
-0.01461053582015
-0.01084089062053
-0.00216375882022
0.00269471649665
0.00908379602947
0.00573052453522
-0.00320238961942
-0.01096844858257
-0.01818752764768
-0.02232080914415
-0.02978021580126
-0.04058460942963
-0.04633952515959
-0.04815608260219
-0.04683166709453
-0.04661775215146
-0.04838425089892
-0.04972528895039
-0.04861696651223
-0.04284688032274
-0.03544687919806
-0.03632896690436
-0.03305384429366
-0.02380655885861
-0.02405961893703
-0.02572975660697
-0.02691531082281
-0.0326191093646
-0.04184284046401
-0.05332156675001
-0.06123733674949
-0.06472287401588
-0.07009138247461
-0.07733781804343
-0.08096145616803
-0.07699726606547
-0.06891832764746
-0.06159917322607
-0.05584372251769
-0.05264581257829
-0.04234835685949
-0.03554448218977
-0.03351726170864
-0.03415541071861
-0.03390680624619
-0.03257468704926
-0.03211987132303
-0.03265993203943
-0.0322740941381
-0.02739278288518
-0.01889369534265
-0.01403063449646
-0.00321291914114
0.0057507696472
0.00991225979157
0.02057877037437
0.03751302700189
0.04704821871697
0.05324529411221
0.06417723423879
0.07164832253186
0.07556784193623
0.08602277237465
0.09307768566861
0.09539490648815
0.0948504130934
0.09464937584519
0.09313695363515
0.08693441381746
0.08137304563781
0.07643874859353
0.07073071990093
0.06498230033751
0.06229361342979
0.06328011363885
0.06366235572094
0.06272667846192
0.06213816398563
0.06091333088984
0.06109950338049
0.06618172195829
0.07563559313203
0.07946431905575
0.08456732536649
0.08317863602277
0.08252034507524
0.08646206608411
0.08955385923235
0.08465743101775
0.07883965532328
0.06976466351011
0.06382777869139
0.05763077972163
0.05048048741768
0.04891655442821
0.04360475368214
0.0391034452445
0.03798803434225
0.0339933313633
0.03104339156477
0.02747957167023
0.02805181133868
0.02965634919033
0.02947834658443
0.02629736106952
0.0194791948334
0.01353730796644
0.00604881758958
-0.00364461348212
-0.00999117293
-0.01602992910399
-0.0207077345654
-0.03268787319813
-0.04140851441133
-0.04370712562435
-0.04998238429461
-0.05025896813848
-0.05210579007463
-0.05676464965738
-0.0539709541281
-0.04897639558592
-0.05010546754428
-0.05135880734738
-0.0503360432439
-0.05019985302291
-0.05525692761491
-0.06544945113762
-0.07066239551396
-0.07693123444317
-0.08910451557112
-0.10119051879089
-0.11173253607376
-0.1229407161295
-0.13518962027859
-0.14620081363702
-0.15235868275653
-0.15343437151099
-0.15823308973819
-0.15708598136447
-0.14510961050835
-0.12563964405271
-0.10631733164138
-0.08700231786423
-0.0713203425468
-0.05773789004414
-0.04778457830128
-0.04188395737697
-0.0372089414459
-0.02294537352349
-0.00900500517182
-0.00177754414122
0.00202162116769
0.00994674297211
0.02093476794362
0.02608795523029
0.03042765815066
0.03720233828367
0.04554863598904
0.05224400557108
0.05437600921858
0.0646988764124
0.07891080745332
0.08973739504363
0.09875865973819
0.10733382885478
0.11781600497995
0.12386771909555
0.1317309465715
0.1394668873959
0.14191552184339
0.14177424932739
0.14548948340028
0.15415838837886
0.15826851295223
0.16135900686716
0.16566737915841
0.16669499628043
0.16633679001455
0.16223797641352
0.15084190429363
0.14049821115412
0.13670131644648
0.13142451857427
0.11950084309265
0.10587532482707
0.09452147778973
0.08607611736581
0.08068181530462
0.07377944728624
0.06625547255495
0.06358612129589
0.05770808410352
0.04443217423633
0.03032206869537
0.01643064322671
0.00200351482302
-0.01886903283743
-0.04321956921874
-0.06861514773351
-0.09665883122145
-0.11956190705818
-0.13063370582921
-0.13970506743166
-0.14669035710535
-0.14300867382203
-0.13755338422079
-0.13572096848927
-0.13070046349365
-0.12704648445001
-0.12258827998803
-0.11810080456385
-0.12032356347927
-0.12510443635485
-0.12385873910062
-0.11878034179726
-0.11497274752119
-0.10610150606109
-0.09256299821448
-0.08443755488656
-0.0812570699586
-0.07688423276757
-0.07242855034672
-0.07365781612086
-0.0735293066615
-0.07270433172295
-0.07299429002735
-0.07318535374928
-0.07009493625984
-0.06171365860825
-0.05380812962427
-0.04907422021155
-0.03912362157353
-0.02604933360954
-0.0163124703147
-0.01073145314189
-0.00606937604606
6.450192793e-05
0.00460929383201
0.00568116895457
0.00773717127477
0.01471672139425
0.01841088495989
0.01803031659601
0.02611651925672
0.0370515240454
0.04453985775
0.05206196005682
0.06144995245925
0.07370030869262
0.08250895767741
0.08659187477678
0.09136655718777
0.09515630611221
0.09320011930162
0.09422410621292
0.09967389317897
0.10517736905087
0.10850806827701
0.11277268697593
0.1184373824164
0.11558025373143
0.11509667145123
0.11670477837321
0.11488061659448
0.10731319397282
0.09796589814316
0.09410664023668
0.08442139089568
0.06620873836857
0.04875223962735
0.03713193130214
0.02689790109647
0.01172547361904
-0.00271150908717
-0.00955676663055
-0.01703344162685
-0.02940717152674
-0.03970143648139
-0.05190727486755
-0.06808204173658
-0.07698373875395
-0.08199320026644
-0.08827636897479
-0.10033306301962
-0.11288992367571
-0.11517837029873
-0.11193391723667
-0.11336177464338
-0.11413191429373
-0.1062167939109
-0.09141726549957
-0.08000820104659
-0.07241800362927
-0.06777729510011
-0.0637960239008
-0.05658000567651
-0.05890120062147
-0.06212452203589
-0.06581908301407
-0.06687428973753
-0.0709493732243
-0.06927466148886
-0.06251192283847
-0.05311349835683
-0.0511803538311
-0.04561462939859
-0.04811412500886
-0.04510907479037
-0.0360268187345
-0.03397728201066
-0.03703741972145
-0.03708281646178
-0.03314518421656
-0.0281307856175
-0.02694717260908
-0.02126475027649
-0.0152447412749
-0.00666573559877
0.00625045859915
0.01712872892625
0.02793690179504
0.03957338557495
0.05002090274096
0.05536201266197
0.05748316389007
0.06719944197951
0.07120276193232
0.07940833738522
0.08258652954852
0.09034616227444
0.0915562452509
0.09506306701591
0.09419529380366
0.08746381317818
0.07670746061205
0.07032677298003
0.0588451807382
0.04287466098791
0.02786696865154
0.02176041542646
0.01898857376569
0.01275456575299
0.0086139626947
0.00675814929979
0.00194599432528
-0.00023930677674
-0.00354856192783
-0.00273700271959
-0.00309822282461
-0.0039139403437
0.002028647345
0.01474931686521
0.02219049986452
0.02391750956193
0.03100866000139
0.03116054801778
0.02963961965084
0.02795650111163
0.0249803244428
0.02533675381606
0.02376277469609
0.02000144076837
0.01998093580974
0.01614413935441
0.00735794035694
0.00341791217265
-0.00293219227153
-0.00667896867215
-0.01352558429646
-0.01843915474819
-0.02556615638443
-0.02804422993019
-0.03000944641228
-0.02844015217477
-0.02352864521124
-0.02001410829314
-0.01265693219109
-0.00961078416602
-0.00302027379372
0.00197798641701
0.01218889867658
0.01850612258272
0.01996497434641
0.0184904438937
0.01852713577086
0.01991501118312
0.02062368563413
0.02046158335117
0.01979409459606
0.01983449310943
0.02255838923982
0.02763975185214
0.02960771965183
0.0298481542395
0.02461560672529
0.02176780194995
0.02015184613028
0.02151896055851
0.02031193078033
0.0123947927646
0.00330213252482
-0.00442228066098
-0.00654005388248
-0.01014691279102
-0.00780511353429
-0.01201101070891
-0.0175130841731
-0.02283754862266
-0.0209607526098
-0.01156143777122
-0.01155857181539
-0.00912463016812
-0.00092827277555
-0.00173440004217
-0.00368459624083
-0.00305688160284
-0.00224623911834
-0.00189851040485
-0.00172983285497
-0.0013551656852
-0.00162662290727
-0.00452130516678
-0.0102312903519
-0.0135066231327
-0.01760961338669
-0.03032297433741
-0.0396914629551
-0.04271817979965
-0.04869247489513
-0.05940904799436
-0.06704674385294
-0.06985285852416
-0.0692992322835
-0.06663721787136
-0.06236591194217
-0.05892233226912
-0.05541707722663
-0.04552288059932
-0.03639144092016
-0.03269450693055
-0.02349411999669
-0.01339996372057
-0.00986870490552
-0.00480496601091
-0.00080114012136
0.00350474222746
0.00913059899879
0.01344432489552
0.01918236587757
0.02087606934697
0.02345021355339
0.03167111231679
0.03362462805654
0.03109228859248
0.03097361127224
0.03187631857541
0.03256320411957
0.03295865634739
0.03282888204618
0.03085061591189
0.0267401053898
0.02390776913339
0.02121105372808
0.02058239294254
0.02221372174929
0.02406553426986
0.02510924659981
0.02130888599625
0.01944957995651
0.02116898149651
0.02191012531642
0.02116877896896
0.01928182982993
0.01770905441141
0.01900539119449
0.01591345283782
0.01021118662708
0.00561928723631
-0.00327758312932
-0.00852935967863
-0.00514477666163
0.00050754090667
0.00454514991928
0.00981939518017
0.01053564721838
0.00874474963363
0.00932895371235
0.00806465831543
0.00226967040894
-0.00433951949919
-0.0088302353641
-0.01184715063971
-0.01549448830838
-0.02278949609659
-0.02676953684552
-0.02991647862646
-0.0341206256574
-0.03672856521495
-0.04234323635174
-0.0476030295527
-0.0459001168119
-0.03922866840785
-0.030937335914
-0.01927529545064
-0.00732779050162
-0.00328904695263
-0.01075859183295
-0.0171316063459
-0.01517271407301
-0.01175480572163
-0.00786914663005
-0.00143515069111
0.00148866611111
0.00545875931842
0.01022122511503
0.00762853244248
0.00046936675716
-0.00297082726674
-0.00111978740786
-0.0016272178797
-0.00762455449579
-0.01275412248516
-0.01466472531297
-0.01940014412909
-0.0242585697694
-0.02412605561442
-0.02275549439664
-0.0226486859548
-0.02318694302967
-0.0258928638851
-0.0318247160854
-0.03604460676702
-0.03519428149385
-0.0341622890126
-0.03473890786155
-0.03352373112627
-0.02974810945342
-0.02702312043854
-0.02388293084954
-0.02324979917291
-0.02691155451003
-0.03277298062242
-0.03598182704926
-0.03466837859924
-0.03612251873154
-0.0428515804903
-0.0460205633822
-0.04135490193095
-0.03794288598476
-0.03598160159407
-0.03177921234938
-0.02263130679866
-0.0154555571644
-0.01340190110671
-0.01241493852344
-0.00880435005105
-0.00491885909555
-0.00191618418126
-0.00203096265518
-0.00261127629439
0.00207391683689
0.01006651699811
0.01161457641356
0.01274167277304
0.02010709518533
0.02234756570777
0.02233879206166
0.02645044896608
0.02816749277976
0.02686808369202
0.02468312864462
0.02158204597822
0.02137122244617
0.02071824689138
0.01618834385711
0.01321325243022
0.01270991798245
0.01552476044448
0.01649082829912
0.017354516569
0.02490368878394
0.03360523891004
0.03598881233894
0.03879453341888
0.04260002599401
0.04329882245059
0.04711524387062
0.05541142174046
0.05712679183593
0.05494816864027
0.05500330963042
0.05336302757767
0.04775125678817
0.04369661711965
0.04460199167238
0.04421279487081
0.03981901709586
0.03637550620575
0.03364849573669
0.0328910541813
0.03312067838359
0.03314010574283
0.03716839390283
0.04517162905293
0.04670323406065
0.041933137179
0.03438091940833
0.02492473254227
0.01721302241909
0.00811639455005
0.00051841778224
-0.00169592401198
-0.00667200248884
-0.01226159842277
-0.00934970705382
-0.00092927165668
0.00482322406018
0.01374408094758
0.02184996699293
0.02084223578309
0.02064276907867
0.02609743963345
0.02990742984859
0.03094633119403
0.02968138235918
0.03128640169141
0.03178887635244
0.03012926629357
0.03294609581831
0.03033749900155
0.0210648746957
0.01952982289844
0.02295153341788
0.02374058455543
0.02286146597937
0.01992652086173
0.01437971938024
0.01016142217006
0.0086790963175
0.00419993980778
-0.00057074937142
-0.00294297437949
-0.00795759384821
-0.01242279124241
-0.01088166361879
-0.00790739758718
-0.00713261508839
-0.00184743486858
0.00065556370396
-0.00166886938895
-0.00389943478593
-0.00707078686798
-0.00884143551948
-0.01140308797976
-0.01384257429624
-0.01718016710146
-0.02019482400389
-0.0232682788561
-0.02389291583965
-0.02293334797283
-0.02296293227953
-0.02343005633073
-0.02392173207019
-0.02468544433693
-0.02442014853776
-0.02040905993401
-0.0122227857383
-0.00738474659712
-0.00239215333639
0.00222976866125
0.00864737209711
0.01482605569849
0.02119420955035
0.02247560515038
0.01811822119319
0.01285328455684
0.01024238733287
0.01111905647201
0.0081793385826
0.00034020794863
-0.00132823525359
-0.00096734607094
-0.00633760276273
-0.01188179813505
-0.01569139093765
-0.0225964835247
-0.02653650406644
-0.02789100446775
-0.02642822443395
-0.02280462452209
-0.02330013299982
-0.02276291149032
-0.01650190617372
-0.01147864986051
-0.01225806756519
-0.01383223010633
-0.01337072332856
-0.01239170135358
-0.01195462780457
-0.01238001971762
-0.01335053935698
-0.0131380612131
-0.00861730248856
-0.00032874225289
0.00173960767498
-0.00097198204108
-0.00600527034608
-0.01711306552232
-0.02539339656706
-0.02552199391574
-0.02678086692424
-0.02819479960689
-0.02657073886413
-0.02413594125139
-0.02347715353818
-0.02033191222437
-0.01240200733074
-0.01138329759944
-0.0155629387974
-0.01706351505668
-0.01509569246542
-0.01894850006065
-0.02484743198165
-0.02454973941779
-0.02278346612553
-0.02283641752542
-0.02350230134526
-0.0243053307047
-0.02511752730152
-0.02448792648247
-0.019639871781
-0.01186296689461
-0.01140075318108
-0.01441135189004
-0.01240713165976
-0.00702534045108
-0.00376691528116
-0.0018249340583
-0.00158405161726
-0.0002374860541
0.00562856146938
0.01014188781513
0.01190094654126
0.01674270760374
0.02165511638803
0.02134610138801
0.02010315927265
0.02046511038747
0.02129021142807
0.02179984333612
0.02198838883819
0.02116691800831
0.01902922448317
0.01754352826655
0.02139462010956
0.02363111268531
0.02049297512068
0.01370304046011
0.00585722271051
-0.00073796299107
-0.0045254588921
-0.01245074768621
-0.01974688657165
-0.02279114688715
-0.02665198297997
-0.03419391770113
-0.03624492179436
-0.03397469882914
-0.03414376347412
-0.03514503290888
-0.03533714748128
-0.03405297381473
-0.03174719771213
-0.03065161158168
-0.02538868493568
-0.02366675753327
-0.0250678086998
-0.02093464184156
-0.01488006177013
-0.01753437631427
-0.01934425034788
-0.01403203690418
-0.00930192201697
-0.00423443063086
-0.00275808201578
-0.00976910338728
-0.01529766592587
-0.01344086282088
-0.01118729296966
-0.01208457406313
-0.0129244787209
-0.0107277732546
-0.00513378285507
-0.00142297305373
-0.00169674100045
0.001567826486
0.00954702620201
0.01042751279432
0.00819886147371
0.01271973865776
0.02136828388613
0.02258838624416
0.01947917190576
0.01962755963476
0.02174538253282
0.0225922380888
0.01770872960308
0.00579734716133
-0.00270950177171
-0.00293148495363
-0.00621471057678
-0.01200722000467
-0.01286484009074
-0.01121376675897
-0.0092355120885
-0.00809724996512
-0.01228699461269
-0.01376590806718
-0.01569729098538
-0.02357640732045
-0.02957722588181
-0.03474467416468
-0.03537956362755
-0.03349597338875
-0.03466459935882
-0.03530566782246
-0.03118394568117
-0.02319646564557
-0.01898663255827
-0.00727036056808
0.00542628230697
0.01326486638407
0.01792535382973
0.02332949185133
0.02536488985975
0.02025005288335
0.01595834134865
0.00883292172003
0.00514778400461
-0.00048794770412
0.00116851324248
0.00241597745401
-0.00263066735153
-0.01056820065532
-0.01342503510216
-0.00948170915803
-0.00720136745809
-0.01249897599089
-0.02581864327168
-0.02401833770927
-0.02052640745074
-0.02689663625463
-0.03624129540492
-0.03443557509662
-0.03129369650432
-0.03521770590616
-0.04365229033616
-0.04828692303897
-0.0452028488651
-0.03887879252025
-0.03103716670871
-0.02893635994572
-0.02272776722931
-0.01773540591993
-0.01066414521393
-0.0111710678384
-0.01290547552312
-0.01144272223823
-0.00989086447599
-0.01079389276621
-0.01649243705566
-0.02228878686436
-0.01629263025781
-0.01210147555997
-0.00969733221077
-0.00795858355829
-0.00226235266839
0.00211072029527
0.00089518932784
-0.0004197673792
-0.00233676931319
-0.00290335540611
0.00233784614833
0.00302808371442
0.00125231035177
0.00060005128594
0.00125970184292
0.00507738466563
0.01128776955975
0.01271530597941
0.00971868549234
0.01352200376231
0.01213964627034
0.00767444887614
0.00799741534913
0.00617708630866
0.00159847692827
0.00374448478234
0.00543675259893
0.00516241948571
0.001176373604
-0.00751767727102
-0.01024484441233
-0.00532240860391
0.00214692457781
0.00906258031379
0.00442065661935
0.00568566659459
0.01509888705085
0.02266070004164
0.02794284387679
0.02937831708346
0.02738995896337
0.02802862766666
0.03023479460847
0.03026333952852
0.026476040041
0.01962378039434
0.01766383727098
0.01753354709772
0.00947139553832
0.00182994757036
-0.00231432391139
-0.00445818917688
-0.00502823925508
-0.00454589888907
-0.00064925477987
-0.00308832878083
-0.00472723746755
-0.00167304642404
0.00573149131765
0.0115479104597
0.00890978283408
0.0114012575893
0.01575486994862
0.01338641348141
0.00969740481499
0.00780777696257
0.00925357525277
0.00535449966664
-0.0021738993362
-0.00374666711217
-0.00105949495764
-0.0007129504571
-0.0020035660281
-0.00328108265245
-0.003300226091
0.00033388179058
0.00753711609409
0.01062301301587
0.00765962997386
0.00872555537213
0.01183908775065
0.01042345077959
0.00714220266596
0.00842765263817
0.00933982141685
0.00870818003726
0.00791420709823
0.00884149665987
0.01410589449652
0.02241838538694
0.03021586783617
0.03508444278139
0.0388621317637
0.04226004720721
0.04215557356406
0.0474362691362
0.05425258205422
0.05467078232877
0.05227969627433
0.05111455148527
0.05027841842537
0.05067537241405
0.04919963443862
0.045394065438
0.04292235049291
0.0422485833839
0.03893867189071
0.03107038886867
0.0296336164287
0.03223697809947
0.03231143563191
0.03128807923089
0.03076463341575
0.03073407086279
0.03088104854152
0.03082753923556
0.0307215867592
0.03080668271967
0.03134220376204
0.0314530589335
0.02918077248008
0.02343212746147
0.01886508928221
0.01737551829331
0.01339781616433
0.00874466938687
0.00639518172597
0.00166338280312
-0.00248396404031
-0.00321756925
-0.00742251989495
-0.01531263003657
-0.0145758462908
-0.01726018458821
-0.02746185242066
-0.03309888565546
-0.03820903392813
-0.03216293708595
-0.02274829511559
-0.02265197989337
-0.01868569955369
-0.01183979468642
-0.00580712580262
-0.00292370407462
-0.00423218372149
-0.00475081090956
-0.00388453181562
-0.00329694743753
-0.00294237749642
-0.00385254774857
-0.00616988320634
-0.00750082545075
-0.00313124589618
-0.00356669158228
-0.00377661787909
0.00264970876206
0.01118294053808
0.00781943949216
0.0088017859759
0.01402551398871
0.01362454766187
0.01619891350221
0.02015342431662
0.01763823855351
0.01764449780104
0.02430821958818
0.03408140409656
0.03597680207338
0.04325376962496
0.04684725789424
0.05504916492368
0.0563354058997
0.0585304223627
0.05548245923227
0.05114890474247
0.05113232041141
0.04298238271434
0.03330772976735
0.02743368962804
0.03276437511239
0.03368658237902
0.02813798107727
0.01899259756767
0.01323431147366
0.00892707410092
-0.00062559879833
-0.01445826567633
-0.02547600487788
-0.03200203850444
-0.03462629490385
-0.03627006578016
-0.03603475170024
-0.03759103449828
-0.03903768111141
-0.0366344969021
-0.02909049869274
-0.02321064639501
-0.0280511808284
-0.03020866473386
-0.02626473884964
-0.01813657477432
-0.01200009714912
-0.01626732577848
-0.01760518452962
-0.01563081609525
-0.01454842482543
-0.01743096498541
-0.02504594336746
-0.02976950859028
-0.0268745148969
-0.02572938212207
-0.02360593812931
-0.01747823415022
-0.01407612676865
-0.01363940477689
-0.00658149560377
-0.00187470653999
-0.00516239273679
-0.00590610445312
-0.00299893235811
0.00169976706768
0.00346991016457
-0.00026775543889
-0.00436331457512
-0.00468625047793
-0.00235901906573
-0.00474536941476
-0.01296263414617
-0.02033422791668
-0.02448901172441
-0.02666059613256
-0.02351354735593
-0.02354445000232
-0.02843535647535
-0.03631672736233
-0.03967056058392
-0.03599152926506
-0.03503843081587
-0.03625950377762
-0.03721306460102
-0.03686770545981
-0.03563856578772
-0.03569303805484
-0.03984744737768
-0.04714290989755
-0.04843610559305
-0.04543365384118
-0.04967037723671
-0.05867463726001
-0.05998338554247
-0.05705265911182
-0.05697325302898
-0.05778691699519
-0.05783097628946
-0.05748583878217
-0.05772913932568
-0.05834539625438
-0.05788512374826
-0.05368737735201
-0.04555719564378
-0.04079305995025
-0.03609759637965
-0.03044326805674
-0.02046258452507
-0.01082290770302
-0.00768462492997
-0.00192564489251
0.00385332346728
0.01048498858315
0.01637994637874
0.02390675267439
0.03102671552312
0.03811542416821
0.04920089545918
0.0582880771378
0.06207923993379
0.06787943776585
0.07003872531285
0.06832583904576
0.06890972977997
0.07205242230374
0.07655663490996
0.07914333200291
0.08181841517362
0.08308222526869
0.08203133658534
0.07792530077562
0.07024790187561
0.06578545579901
0.05512505543403
0.04784510728838
0.0478616534067
0.04250220136839
0.03743493161619
0.0380850488577
0.03931724554933
0.03972478446821
0.03859063021484
0.03351377670636
0.02526398146565
0.02208280488702
0.01559063539453
0.01094348801793
0.00492123592825
0.00546100622779
0.00397284146789
-0.00395673479613
-0.00793210212643
-0.00581087829411
-0.00417161652164
-0.00543986311633
-0.00887500159415
-0.0133959819526
-0.01232173381861
-0.00897535590345
-0.00451796155165
-0.00090666461498
0.00647734294767
0.01094443187272
0.01755963875958
0.01710859080995
0.01619766394547
0.01674431636028
0.01254747942734
0.00388394716063
-0.00025803812906
-0.00767467051005
-0.01083030569034
-0.01791075656137
-0.01647144679517
-0.0169872691678
-0.01953609360979
-0.01779457071207
-0.02743866492736
-0.03074081923345
-0.02695351974592
-0.02627313801086
-0.02744185187025
-0.02901915932025
-0.02873931210802
-0.02362305361752
-0.01611074523709
-0.01777591525026
-0.02827770979839
-0.03097775353373
-0.03008276138366
-0.03580116483636
-0.04052744316403
-0.0442428300879
-0.05292338995351
-0.05288609431499
-0.05889199135008
-0.06609964098335
-0.07155859900804
-0.07465662083362
-0.07477561531963
-0.07584786492709
-0.07179226993996
-0.07354436248278
-0.07185639092504
-0.06292358873373
-0.05472118493862
-0.04829903647894
-0.04566529949765
-0.03377471243139
-0.02780870950144
-0.0213810240151
-0.01449314244813
-0.01065347621569
-0.00223475122099
0.00216771957117
0.00666301485137
0.00609295330935
0.01182047814413
0.02102696001072
0.02463336418761
0.03139163576818
0.03526813144365
0.04252226305919
0.04689716373841
0.05407794981238
0.05831876197155
0.06487006950725
0.06754473233778
0.07149608295823
0.07062616983229
0.06706092078111
0.07151274371478
0.07237566390849
0.06732432122816
0.06804692422449
0.06921466748017
0.06897851271987
0.06887205201401
0.06871396589049
0.06870735508571
0.06829637701984
0.06814750016771
0.06938750372303
0.073109004686
0.07599104808031
0.07387624016777
0.07306486896623
0.07441588054399
0.07573765937228
0.0742653987566
0.06594560541073
0.05360086369872
0.04675527981851
0.04191693497538
0.03187692615805
0.02633002150215
0.01918890025686
0.00841192045131
0.00342480231259
-0.00349058058439
-0.01438428198192
-0.01945442915377
-0.02639336294724
-0.0374474424687
-0.04226073503661
-0.04654751712728
-0.05201927642135
-0.05267714702869
-0.05150730207207
-0.04928565132623
-0.04742560778052
-0.04100854161584
-0.03801187909475
-0.04128413192835
-0.03821771204238
-0.02913709531325
-0.02499001901605
-0.0310736140243
-0.03899511211416
-0.04394935621101
-0.04743814156068
-0.05394623048248
-0.06024139799256
-0.06361027175034
-0.05777766951105
-0.05009537937976
-0.04853733115293
-0.05256449585824
-0.05035014374658
-0.04172610052991
-0.03575084629455
-0.03352487368733
-0.02916677897309
-0.02799877969202
-0.02937284119719
-0.02944825022696
-0.02915481838409
-0.02703712540936
-0.02150452378368
-0.0159399915888
-0.01585725335466
-0.01797060536163
-0.01827888285568
-0.01768442247638
-0.01556307636328
-0.01008431649444
-0.00464365473176
-0.00413341906235
-0.00581155848096
-0.00725613014207
-0.01186302803501
-0.01715300166148
-0.01766854125981
-0.01548970789406
-0.01305193350853
-0.00809501069829
-0.00474684060542
-0.00522087734208
-0.0024892286101
0.00496561238831
0.007190408043
0.00929592643738
0.01670979878827
0.01788521516302
0.01522120222436
0.01768789983611
0.02512922804385
0.03070255681249
0.02984617864062
0.02560716248043
0.01972078726723
0.01616727717113
0.01753546155621
0.01903551047962
0.01853848495594
0.01790362224199
0.01760531445295
0.01761134442401
0.01783986045671
0.01805450908448
0.01788834860806
0.01721690865519
0.01692822283518
0.01947121983365
0.02596933905044
0.0307016435279
0.02916996973724
0.02387585384928
0.01742728509813
0.01489786508774
0.00821617184692
-0.00461700516382
-0.01044412769558
-0.01433825473131
-0.01554024806978
-0.01451881759108
-0.01543538465664
-0.01640351599947
-0.01673344865577
-0.01665351905834
-0.01655492253528
-0.01651675182491
-0.01654633231034
-0.01654762007982
-0.01656157537407
-0.01656589341419
-0.0165789124962
-0.01651593407218
-0.01642150273825
-0.01645269198022
-0.01682799462793
-0.01707777987416
-0.01544744842004
-0.0101635850114
-0.00334577988571
0.00458962573247
0.01367531711406
0.01746963246146
0.01609264386007
0.01608756156507
0.01689012090775
0.01367206138824
0.0067909320132
0.00532013112434
0.0040958444708
-0.0035038877905
-0.00760072120712
-0.01074172472758
-0.01573798373688
-0.01981111073114
-0.02575657431098
-0.02755616529507
-0.02974956153771
-0.03786879529467
-0.03989781177479
-0.03738066187662
-0.03716065582209
-0.0380074769866
-0.0387164647821
-0.03921036450329
-0.03867198514764
-0.03442504748554
-0.0265750339766
-0.02289253294055
-0.01986577406198
-0.01629243155154
-0.01551908203067
-0.01146346411589
-0.00279567227455
-0.00136528250927
-0.00488623687567
-0.00434837339207
0.00173066016088
0.01070275154958
0.01161994912542
0.00835151756626
0.00414044638604
-0.00247805023599
-0.00278055989841
0.00035195920821
0.00056441828393
-0.00082276012788
-0.00185344038348
-0.00174165587808
0.00201355713224
0.00929621303296
0.01244835174713
0.00987366491974
0.00906957706728
0.01328632666131
0.02078964740427
0.02368435832334
0.02229590589864
0.02693514323714
0.03610920159012
0.0354517322166
0.03342380862097
0.0338643327808
0.03453099231935
0.03488021476902
0.0351936165921
0.03606220755708
0.03619032724646
0.03247785595498
0.02513429887503
0.02236391311982
0.02512217779251
0.02573038711725
0.02020104885995
0.01050187097362
0.0060908974637
0.00045746157665
0.00165526526983
0.00326285211635
0.00196137839404
0.00094897605833
0.00084934893755
0.00174286149016
0.00174451648412
-0.00145468772093
-0.00811939807176
-0.01094004887094
-0.00898956340181
-0.01074446840262
-0.01754453326173
-0.02219910155328
-0.02617124372795
-0.03342731655091
-0.03246469166454
-0.03055861704694
-0.03143059366108
-0.03230809201678
-0.03271731993895
-0.03259544803328
-0.03255751424193
-0.03245062173206
-0.03229605118102
-0.03202004052832
-0.0322651982112
-0.03320793336412
-0.03271860770844
-0.02721215888502
-0.01890780348788
-0.01733810801656
-0.01284831307879
-0.0085489169612
-0.00930791759656
-0.01003556085388
-0.01000464674367
-0.00922114791789
-0.00595706114776
0.00055603899334
0.00437710937585
0.00750361115981
0.01512658364798
0.01764195283227
0.02265021446458
0.02678153182599
0.0257667962201
0.02511709167623
0.0258350403603
0.02734104665056
0.02830218888244
0.02745216931123
0.02181063843641
0.01375308004889
0.01560650514727
0.01820647352635
0.0174846653551
0.01676821078934
0.0165125828145
0.0165864174792
0.01655499896077
0.01692453148407
0.01733151249688
0.01761682413156
0.01732097342198
0.01656635960967
0.01687777437004
0.02139492963279
0.02875981706665
0.02975007740976
0.02662698420259
0.02763582358202
0.03535650987886
0.04463806450308
0.04056741369465
0.03885804300005
0.04054677881269
0.04129869098396
0.03845222365468
0.03160905481991
0.02780623331561
0.02430711523986
0.01669365008249
0.01915166958
0.01723477693446
0.01165100080151
0.01364513668855
0.01649788237173
0.01750368383798
0.01441397710558
0.01941613234134
0.01928719107796
0.01804318282704
0.01809221742064
0.01912432836139
0.02234656453387
0.02359473797393
0.01724087568847
0.0142590549973
0.00847765019293
0.00574902332478
0.00903310300277
0.00971096651797
0.00850651227876
0.00412093113748
-0.00272201224209
-0.00574586695209
-0.0083551745259
-0.01736734458729
-0.02023610523165
-0.02875122302044
-0.03257153831912
-0.03954212755004
-0.0370447068918
-0.03564169923276
-0.03715485894877
-0.03773947572512
-0.03832524270508
-0.03848990142064
-0.03808563733396
-0.03476537400832
-0.02898062558881
-0.02612354275914
-0.02099239658343
-0.00597085212721
-0.00065204201744
-0.00604891694272
-0.00597218957326
-0.0040377802057
-0.00698851865059
-0.01459384831468
-0.01707786012092
-0.0139915199313
-0.01358369059557
-0.0146413543985
-0.01528358070829
-0.01535031926636
-0.01520328044724
-0.01510105371346
-0.01505665050448
-0.01495796609211
-0.01491558433731
-0.01511409954439
-0.01465798076358
-0.01456876164799
-0.01561406362811
-0.01573734558405
-0.01179194086663
-0.00367866829779
-0.00129330192693
-0.00483291863343
-0.00600268716456
-0.00483655266542
-0.00072596609997
0.00645595527464
0.00951574524945
0.00708803992207
0.0060995526503
0.0075587903627
0.00922950122381
0.00850376478244
0.00250907287039
-0.00587909186412
-0.00416175381231
-0.00133460378957
-0.00174047625066
-0.00277558498121
-0.00327676652297
-0.0030023088362
-0.0030511527482
-0.00352103423103
-0.00369410166099
-0.00095665452718
0.00533999793015
0.00927491324924
0.01197026828085
0.01953955186316
0.02367052530987
0.03060201526074
0.03483822278421
0.04244411799692
0.04738582831361
0.05322549991062
0.05263018356584
0.05425674724336
0.06247416864702
0.06660733550525
0.06489613059892
0.06352016609908
0.06428082898882
0.06536400744118
0.06654959604849
0.0657902706048
0.06050277316416
0.05152476529625
0.04892404412611
0.04396693407343
0.03949031106866
0.0264574724685
0.01210505609412
0.00172895166908
-0.00281509428402
0.00051818315599
9.386868948e-05
-0.00713765534938
-0.01577405274631
-0.01523256287326
-0.01836844970725
-0.02725157915213
-0.0261988333294
-0.02338981066834
-0.02417833447001
-0.02884733953639
-0.03584172766452
-0.03595910957273
-0.0275660127193
-0.02369882184709
-0.02383989565681
-0.01884151966147
-0.01372118387115
-0.01408893185929
-0.01551463788849
-0.01520617315199
-0.01414570453362
-0.01329370172098
-0.01502588542398
-0.02191761119304
-0.03089397591294
-0.03741598191625
-0.03677037377858
-0.0347879195275
-0.03579298348778
-0.0353222254046
-0.03034534407798
-0.02377217120994
-0.01622658335042
-0.00710045142144
-0.00116354596784
0.00300080287195
0.00868889406516
0.01512998458223
0.02168669922127
0.02760839829538
0.03106549381612
0.03081868534268
0.03063451519984
0.03171661223153
0.03056548005583
0.02520278757679
0.0199659029161
0.01992424338217
0.01931299614425
0.01198562598282
0.00472551025151
6.110171972e-05
-0.00569825005131
-0.0105155817063
-0.01567126810646
-0.01921914564404
-0.0244435079884
-0.0255724691298
-0.0240458852767
-0.02494163403911
-0.0260859949165
-0.0246260999449
-0.01880960055608
-0.01324048665315
-0.01354291759731
-0.01606543638607
-0.01439690365139
-0.00850916042195
-0.00174092677892
0.00280844908777
0.00733276197966
0.01249865882512
0.01989075373299
0.02922646727982
0.03415287339238
0.02883276519569
0.02229338003623
0.01617349820592
0.0115438446237
-0.00089949590413
-0.00862652322378
-0.01102966539907
-0.01665198290602
-0.02500397048903
-0.03344993085304
-0.03698336015196
-0.03555189546218
-0.04275604862934
-0.05117576830178
-0.04747967881382
-0.04169262616583
-0.03494930341087
-0.03017573681202
-0.02730960902575
-0.02586560673453
-0.02358323975914
-0.01620747697822
-0.01248272028943
-0.01060057831364
-0.00380628319681
-0.00460269066978
-0.01465344491083
-0.016842977845
-0.01276195609776
-0.01195663015238
-0.01315321256625
-0.01387815800381
-0.01334141415362
-0.01241927566993
-0.0137112944129
-0.02018571026435
-0.02802493631555
-0.0246612900612
-0.02823835831422
-0.03846406960544
-0.04118267709201
-0.04970610615271
-0.05416583912446
-0.06128586693486
-0.05518780076031
-0.04618101869588
-0.04267492297301
-0.03851149162122
-0.03097416535704
-0.02018329904018
-0.01329208914317
-0.00341377449669
0.00376830737144
0.01030533518669
0.01073060481896
0.01674127462582
0.02167419219003
0.02580078645623
0.0342148353574
0.03389910255692
0.0391942769379
0.04481709121052
0.04589109860422
0.04644369310078
0.04227265741286
0.0433243103511
0.04448670382256
0.03952267726315
0.03084320646075
0.02883918875802
0.02433090267324
0.02048235197774
0.02178832983624
0.02235537257145
0.02134338064061
0.02004716231703
0.0200618321896
0.02352199619372
0.03030660399772
0.03317520796983
0.03174062894137
0.03403959171165
0.0384785904483
0.03571720379439
0.03102024610549
0.03196566379306
0.0306954989186
0.02453561980874
0.02048767883431
0.01736993541136
0.00956897560238
0.00516584334761
-0.00310977109809
-0.00901165036807
-0.01612719200227
-0.0289082430084
-0.04136529579743
-0.05237862906955
-0.0609687393692
-0.06505887867726
-0.06816893751731
-0.07125343203138
-0.07550910894811
-0.07346373359213
-0.06656919918636
-0.06063223794214
-0.05314651416798
-0.04237296586687
-0.03322124286299
-0.02369968927639
-0.00730644104133
0.00435181253906
0.01075316180197
0.01470457356281
0.02252717324893
0.03213391832787
0.03500958401514
0.03465603206153
0.03251188822513
0.03205446256846
0.03137562844955
0.02546921065192
0.02057814368537
0.02145090366076
0.02336970312224
0.02262542967857
0.01799354829336
0.01012131789483
0.00664137879549
0.00342607900038
-0.00051927795111
-0.00054581288081
-0.00153599679843
-0.00627999322929
-0.00981894044851
-0.01257264251952
-0.01287949467821
-0.01157018848968
-0.01162647968344
-0.01285551618111
-0.01522970838126
-0.01675291422776
-0.01310109802545
-0.01115672277415
-0.01285231013186
-0.01354503458335
-0.01286579923062
-0.0115893063257
-0.0118364931053
-0.01676566964184
-0.02541055026802
-0.02647528724993
-0.02085840359524
-0.01443535331479
-0.01111957998661
-0.01278375264715
-0.01436143076078
-0.01368975006762
-0.01270241682073
-0.01224160933618
-0.01229102223595
-0.0128341246868
-0.01360246833816
-0.0129964447824
-0.00839796133578
-0.00098466102967
-0.00021166157575
-0.00079366532643
0.00499532661834
0.01049051032471
0.01244581824218
0.01647797353191
0.02081531872595
0.02309844613495
0.02834480755625
0.033243799846
0.03289306417165
0.03163338105298
0.03215159936469
0.03291157824631
0.03309536244043
0.03290996184722
0.03298203872568
0.03359057668002
0.03383204683307
0.03128773531619
0.02494460316935
0.0204114979071
0.02137029387648
0.02310007399786
0.02320519725766
0.02245143176829
0.01949188528582
0.01346986629387
0.00976682972899
0.01082627042453
0.01013364532617
0.00395567630311
-0.00283959476721
-0.00844275813603
-0.01530314945469
-0.02312332645282
-0.02799040345845
-0.03361757780521
-0.03560112876205
-0.03420295883645
-0.03263773807749
-0.02778974833768
-0.02191433636085
-0.01632834388872
-0.0093093926085
-0.00208271952469
0.0008064555141
0.00475954634293
0.00986135659478
0.01194920541614
0.01491416282322
0.01809335998169
0.02182667632523
0.02365528606741
0.02226853410983
0.01705718320493
0.0093665741592
0.01161184038106
0.02137252167948
0.02583175406428
0.0211632572274
0.01290121480212
0.00925536743049
0.01136838316531
0.01333421869385
0.01304015251943
0.01274217718126
0.01231890607553
0.00857917763348
0.00083728708478
-0.00275871520095
-0.00558799099866
-0.00894438447413
-0.00932645842014
-0.01270492357676
-0.02051272728825
-0.02218868475916
-0.02219889902574
-0.02769402923427
-0.03037700715797
-0.0255831878046
-0.02394795747666
-0.02864267207747
-0.03360818511264
-0.03167305734548
-0.02366075431113
-0.01651037793915
-0.01208316401286
-0.00967516881903
-0.00828766407039
-0.00449016942266
-0.0004473409313
0.00270520169158
0.00232396192978
0.00113013732968
0.00394468631783
0.01092743102274
0.01771005940658
0.02101899265352
0.02217628854489
0.02618824839921
0.02643845016434
0.02249756601458
0.01611840307106
0.01357565445543
0.01631047943072
0.016991365574
0.01375149039872
0.00813901267345
0.00555215890825
0.00308957604481
0.00635623147561
0.01145286390059
0.01228005135703
0.01462567953075
0.01726629862731
0.02345626263083
0.02757121729509
0.0264681605731
0.02594853985367
0.02401193707458
0.01789476452785
0.01167965653852
0.00744127853117
0.00447445252089
0.00084200979786
-0.00774186762106
-0.01211851844397
-0.01910757207298
-0.02307249968151
-0.02944565940289
-0.03224767384663
-0.03762216642113
-0.04181016856756
-0.04064865398922
-0.04067616716518
-0.04148237964622
-0.0393742971767
-0.03256394544681
-0.02646775169674
-0.02165952613874
-0.01655556833066
-0.0106826860375
-0.00452802678852
0.00067956054318
0.00363909441545
0.00575023849005
0.01172128168098
0.01617313136357
0.01791981298179
0.02396736572953
0.02836632133134
0.02767826647721
0.02659344869812
0.02344351868057
0.01751912560799
0.01752078021982
0.02396442334821
0.02355181741944
0.01917178476865
0.01553714519494
0.01555202141633
0.01168678321535
0.00355059446371
0.00418434518679
0.00565139358415
0.00578568081047
0.0099899768711
0.01753048243562
0.0190744416236
0.0245726708857
0.03180346979952
0.03382731227404
0.03302164241396
0.03211809825169
0.02967926919441
0.02577922300458
0.02793711960768
0.02896554683988
0.02894020796908
0.02862462419829
0.02550807683424
0.01760738940497
0.0094204655926
4.738483478e-05
-0.00637791338678
-0.01631041064778
-0.02366099123015
-0.03033112129452
-0.03069646187976
-0.03461512531867
-0.0340780643027
-0.03121575014832
-0.02795504520607
-0.02603441917541
-0.0172804564491
-0.00908522900738
-0.00662096936872
0.00400850160095
0.00591560414138
0.00278344228571
0.00288075562482
0.0038624983472
0.00526524998086
0.00850361575274
0.01225780007598
0.01039393143455
0.01209799437896
0.01737817790032
0.01966827913517
0.02609441318409
0.02919065811705
0.02933988652643
0.03399684693578
0.03638312964825
0.04057283990436
0.03967396151817
0.03816341937516
0.03486173508583
0.02911524144473
0.02649820343274
0.0223012480403
0.01405007331953
0.01033625693945
0.0052678293411
0.00377554830437
-0.00378079453205
-0.01415374067377
-0.02199721980342
-0.02545288234625
-0.03029709284564
-0.03693479557512
-0.04302422566944
-0.04781614202814
-0.04905904975202
-0.04912511958707
-0.05079295302852
-0.04772488999455
-0.0398109542068
-0.03413105773661
-0.02892502222446
-0.02398485188136
-0.02035684986136
-0.01790156257507
-0.01252053944255
-0.00727945520124
-0.00524832937764
-0.00239497955097
0.0004562815671
0.00334060779076
0.00511903273574
0.00746116444335
0.01127909908805
0.00811103712329
0.00315468903273
0.00422764022618
0.00561627989333
0.00613843411771
0.00851833530187
0.01036366311972
0.00519329920445
-0.0005322618774
-0.0093252241485
-0.01499014886543
-0.02098055063267
-0.02916246475425
-0.03330481795623
-0.04006457219128
-0.03906893913632
-0.03802284615239
-0.04181276703418
-0.04694703136983
-0.04629340237712
-0.04276460828408
-0.03865788464496
-0.03652625930362
-0.03131450716491
-0.02827330386896
-0.02956721414278
-0.02724148334506
-0.02176816114975
-0.02251034817758
-0.0270233802852
-0.03081026325382
-0.02714607376488
-0.02117911551632
-0.01962968808462
-0.01792036324531
-0.01871167657732
-0.0163339076643
-0.00897167601617
-0.00473918659272
-0.00406804469925
-0.0014096822791
-0.00090246656288
0.00138212859763
0.00575576405289
0.00491246610341
0.00444934674783
0.00722518928294
0.00901114978112
0.00406333688915
0.00345355396359
0.00523385439007
0.00613916780241
0.00586160189101
0.00221364708652
-0.00487943118589
-0.00816254026017
-0.00602322651467
-0.00501492593493
-0.00569878885101
-0.00633615067844
-0.00692984298159
-0.0076730197195
-0.00735168493068
-0.00286487287975
0.00530935130915
0.00742863011278
0.00370497012975
0.00259916552932
0.00411829445812
0.00910649439963
0.01657952390011
0.01786168757631
0.01471353827265
0.01825499224789
0.02670825124608
0.02970133323302
0.02705775647005
0.0272900326368
0.02741057091769
0.022313984348
0.01339706719454
0.01138713798025
0.00339800830048
-0.00062906354786
-0.00804277769799
-0.00556144842641
-0.00383778616541
-0.00501676778921
-0.00592302887761
-0.00937417849533
-0.01419748662354
-0.01568881539868
-0.01837509872477
-0.01625162416181
-0.01581205914187
-0.0210892429628
-0.02900708027175
-0.0308374439789
-0.02667925541564
-0.02649446622634
-0.03141737969407
-0.04022651780199
-0.04338262299903
-0.04054104690103
-0.03579201670535
-0.02602059380449
-0.01702734287284
-0.01477383034074
-0.01019226749733
-0.00330440694736
0.00365092813813
0.00835438734336
0.01059977202473
0.01193941531103
0.01989207589394
0.02674749573456
0.03176101926178
0.03614086084885
0.03902617907535
0.04316985443829
0.0534302055823
0.05700489318134
0.06321423486753
0.06043578622325
0.06273111114026
0.07194664942728
0.07611638588189
0.07676565862175
0.07717732451701
0.0687046801936
0.06170930235539
0.05493907400711
0.04658970399708
0.04322442223727
0.03412135552081
0.02023391564139
0.01142794919125
0.00594273136862
-0.00400289197008
-0.01217962444352
-0.02478681892651
-0.03070361530551
-0.0300572964108
-0.03660910453345
-0.03785851224516
-0.03211212559974
-0.02955571210672
-0.02392528585541
-0.01824199609353
-0.01296573319974
-0.00863299646268
-0.00637256360256
-0.00326494655687
0.00351264653364
0.00591036135285
0.00387072937235
0.00400690430824
0.00530394420582
0.00485901411657
0.00043108293707
-0.00584597287856
-0.00811227139493
-0.01001509792926
-0.01599544210218
-0.01873129117901
-0.02094381672149
-0.02834052390761
-0.03486685177231
-0.03925763366809
-0.04134244457628
-0.04344903674877
-0.0474556429976
-0.04569258339714
-0.04215098803474
-0.03872823430737
-0.03644209191284
-0.03111011101646
-0.02829609394971
-0.02603265756789
-0.01975920253916
-0.01666876594335
-0.01437662796922
-0.0086769143698
-0.00609586129919
-0.00347263282261
0.00430521973983
0.01037760312888
0.01435592048304
0.01758942559383
0.02275772984218
0.02999160106065
0.0313370221139
0.03653193007489
0.04165292312442
0.04713507628495
0.05290210545489
0.04911522248627
0.0496302538551
0.05663212785985
0.06325779739613
0.05969315974886
0.05054166602144
0.04950021588596
0.05300420990788
0.05425495124437
0.05413114195256
0.05186367412621
0.04498377520153
0.03713987191042
0.03452461843359
0.02957272824179
0.02789674402196
0.02126837284466
0.01435246222967
0.01021693382383
0.00751290067797
0.00294720070901
-0.00652230024144
-0.01317917048351
-0.02099481927142
-0.02345837197432
-0.02278557929029
-0.02414716051314
-0.03109015250007
-0.03736161664481
-0.03381795015167
-0.02393265709381
-0.02065681990478
-0.02508381601842
-0.02624521213726
-0.02489247716474
-0.02374148255492
-0.02346884226628
-0.02393322264242
-0.02420767421515
-0.02390418477797
-0.02305379454313
-0.02302821875332
-0.02652839150081
-0.03393863364098
-0.03731352972728
-0.03399696921656
-0.03314394230237
-0.03417944271355
-0.03503722711442
-0.03582049284247
-0.0358226709689
-0.03315574621911
-0.02680108528729
-0.02244924217803
-0.0234991717215
-0.02502099044538
-0.02448164812857
-0.0237963789835
-0.02373619773237
-0.02387889558373
-0.02391112421235
-0.02395143865767
-0.02384865401782
-0.02376679085553
-0.02391602308618
-0.02448917986049
-0.02456426790321
-0.02213861842147
-0.01628855677926
-0.0120000551151
-0.0107218235303
-0.00663116452892
-0.00171552447496
0.00076540394494
0.00424210374993
0.00467987277089
0.00106956401578
-0.00333287162066
-0.0025508394
-0.00087434886131
0.00179860203827
0.00750646183054
0.0110031266481
0.0137443331517
0.02145987983442
0.02628000101975
0.03534822535588
0.04141504879062
0.046035542778
0.05192748940933
0.05517167498218
0.05474059701277
0.05502910323288
0.0551946790543
0.0505123568465
0.04280561055881
0.04184391042086
0.03740363919982
0.03029320278826
0.02449450289578
0.01991518696175
0.01665643851201
0.01001556412474
0.0125129236426
0.0058205384759
-0.01086844200923
-0.0163138154033
-0.01022490118104
-0.00866367747514
-0.01009035028678
-0.01251606090891
-0.01960897295589
-0.02722576644329
-0.02221400452359
-0.02207821935769
-0.03009450798128
-0.03568539168469
-0.02493885979387
-0.02063114094056
-0.02158391840269
-0.01462639793035
-0.00596460052223
0.00214549351053
0.00433815148294
0.01071412366231
0.0087340959205
0.01174943683105
0.02029288554853
0.02241979925848
0.02168146025401
0.0282914014247
0.03547961605618
0.03265108961038
0.03191597958281
0.03194293867398
0.02779070747756
0.02142547307937
0.02032136550692
0.02288599091871
0.02251627115296
0.02092975443156
0.02141112037258
0.0261716258554
0.03283528650214
0.03415372553658
0.03215488948198
0.03233064517851
0.03092429390434
0.02474987866651
0.01930257935013
0.02113999330862
0.01574903486256
0.00607806944541
0.00168821688356
-0.00516339773197
-0.01015222436249
-0.01250804769641
-0.01037977743403
-0.01317199030884
-0.02177936894768
-0.0286973965487
-0.03312637590377
-0.03896649076862
-0.04346993911995
-0.04674217284718
-0.04832410403926
-0.05594842543731
-0.0608145509456
-0.05606875736938
-0.05017734571647
-0.04633918124489
-0.04685906563226
-0.04531248122874
-0.03771407571393
-0.03398844395329
-0.03689097319986
-0.03381645603336
-0.02520991425362
-0.02168178506234
-0.02501633613311
-0.02220432905672
-0.01326658213629
-0.00800200852101
-0.00567124892613
-0.00151528778374
0.00297318308243
0.01005997497627
0.01418675648492
0.01811587875196
0.02295707044454
0.02382241714753
0.0230643832946
0.02101949324047
0.01566071756773
0.01169998571854
0.01285094211561
0.01421624143849
0.01306813953342
0.01262303748682
0.01660643331471
0.02431725308095
0.02787319732887
0.03197539657906
0.03734394707181
0.03686524455907
0.030905672834
0.02313031556377
0.02371381652798
0.03111873945415
0.03699546212811
0.03397380082964
0.02550729347298
0.02808086066696
0.0275274293113
0.02724763941818
0.02460246918377
0.01747036232488
0.01467703363793
0.01573971859548
0.0117060462598
0.00354388354154
0.00354272760602
0.00041714025303
-0.00758240583873
-0.00767787655931
-0.01073664625385
-0.01892660033684
-0.01901438647452
-0.02044767009094
-0.0244101864753
-0.02093087406497
-0.0159205871572
-0.02006984158082
-0.02809836974644
-0.03152108908233
-0.03135840596566
-0.03468052260941
-0.03758729347061
-0.04138275902161
-0.04114519038976
-0.04001084507268
-0.03993506920056
-0.04057547658372
-0.04359088245593
-0.04851830120622
-0.04984642335009
-0.04941179159545
-0.04495255538937
-0.04581845617715
-0.04469362583341
-0.04022514214319
-0.03880718183728
-0.0319546852716
-0.02538012910221
-0.02047281025547
-0.01513050427556
-0.010598327583
-0.00719721373278
-0.00209446344742
0.00679948020411
0.00376833832376
0.00181003834841
0.00248680630423
0.00324391120535
0.00711543463852
0.01471131046965
0.02027624389835
0.02451214189859
0.02963762112431
0.03594127568492
0.04425612812294
0.05192962932302
0.05487342451225
0.06229754934247
0.05983263626587
0.05887223536123
0.06130650181682
0.06165267106821
0.05815234546975
0.05058003161681
0.04932562185686
0.05106185611076
0.04471265578012
0.03485054639428
0.03854660913331
0.04062060583484
0.03978554273178
0.03907467104797
0.03910745758266
0.03812235596004
0.03229576076416
0.02461870960013
0.02706939225072
0.02250789874066
0.01297678050414
0.01613823930667
0.01787805409473
0.01673133549101
0.01598313759849
0.01562688782513
0.01583832276109
0.01587593938666
0.01596649976958
0.01587232446104
0.01596451652815
0.01591263126382
0.01590216097186
0.01565255914681
0.01576889402581
0.01631901615781
0.01700856895152
0.01506325748799
0.00813052562293
-0.00031349850132
-0.00291734700246
-0.007096825032
-0.00701881371434
-0.01377220934873
-0.02115625283135
-0.01769251593564
-0.01637611364047
-0.01876217471903
-0.02194029809938
-0.0225444148392
-0.01924760649606
-0.02073468219274
-0.02063669325231
-0.02608662160551
-0.02881078904639
-0.03006812590256
-0.02791778013774
-0.02922104871266
-0.03693324795898
-0.04564653704016
-0.04882541703285
-0.05305659958044
-0.05109571260229
-0.05093701507486
-0.05087109809079
-0.04527969469405
-0.03760324347011
-0.03255588637902
-0.02330637314097
-0.02010271982609
-0.02022164935044
-0.01842168006018
-0.01073135378875
-0.00357709920534
-0.0074243961407
-0.00902568973036
-0.00783758672447
-0.00690692679878
-0.00674866107536
-0.00692536826922
-0.00709257577483
-0.00699774320709
-0.00687099535523
-0.006901332453
-0.00740104051133
-0.00767537362455
-0.00598634739506
-0.00080280657914
0.00445134145309
0.00623231518812
0.00922146126239
0.01458876984095
0.01719556683745
0.02091462600605
0.02663536807871
0.02785251277033
0.02625925532082
0.02633559674156
0.02711503355261
0.02755002832833
0.02755708622221
0.02746622013734
0.02740092219973
0.02741798801138
0.02742915759656
0.0274712795047
0.02748766895076
0.0274710540495
0.02733820362237
0.02725980635599
0.02751938934988
0.0281804927554
0.02804593803987
0.0247301914606
0.01789902142757
0.01445004229374
0.01424938717297
0.00740985237019
0.00278842713822
0.00552417189426
0.00604283347381
0.00489993232326
0.00436049447459
0.00482153505687
0.00536407195911
0.00355180810047
-0.00221151519751
-0.00768182775708
-0.00713173619527
-0.00462734935373
-0.00674176367499
-0.01343247894477
-0.01927628516072
-0.01870297171415
-0.01619167218715
-0.01837263018149
-0.02492434659355
-0.03017845373815
-0.02939636496263
-0.0297687137652
-0.03516717719426
-0.03834966064875
-0.03639158230731
-0.02893237435648
-0.0274225735407
-0.03077284915579
-0.0292225237246
-0.02287496654196
-0.0173795268102
-0.01366003583758
-0.0073214701137
-0.00587486553459
-0.00793509036304
-0.0079862686916
-0.00761842517159
-0.00691375159493
-0.0036004422245
0.00197078102192
0.00168700439319
-0.006738324528
-0.00924291007582
-0.00794033315157
-0.01067340034062
-0.0122743309092
-0.01394173254664
-0.01794355838115
-0.01890965298471
-0.01821132272361
-0.01827453806665
-0.01611107768796
-0.01036346823473
-0.00666639285797
-0.00736640065855
-0.00476558777782
0.00350823831145
0.00782436893618
0.01147927272824
0.01581344626449
0.01573161749367
0.01466783583036
0.01510380120978
0.01599807496027
0.01686797280111
0.0170022638487
0.01431525830174
0.0079564436446
0.00356243238979
0.00464668118111
0.00618308188825
0.00565224572835
0.00479464856992
0.00447755921701
0.00455622779388
0.00469758055664
0.00476982557117
0.00472335505272
0.00458025214627
0.00445668741603
0.00471727540509
0.00541196399165
0.00544072290307
0.00226236833562
-0.00450462530386
-0.00792442900736
-0.00602092992873
-0.00511534902718
-0.0055578182157
-0.00627234303786
-0.00661604374597
-0.00666169651168
-0.00659996000185
-0.00630895466826
-0.00646265779
-0.0066767485117
-0.00631888616053
-0.00626040919779
-0.00638645393515
-0.00660649055987
-0.00674748412283
-0.00650984670804
-0.00640773079122
-0.00694717246117
-0.00688235218286
-0.0060924221522
-0.00529036339647
-0.00609548299302
-0.01210154816419
-0.02051933427176
-0.01827086582191
-0.01549678107304
-0.01663308670392
-0.01861085989381
-0.01865055529268
-0.0129059264335
-0.00142947495218
0.00412525299887
0.00485426427244
0.00318898955635
0.00309841044919
0.00481802330566
0.00625032485455
0.00603212244156
0.00184880059206
-0.0051711969531
-0.00551330418976
0.00189949400089
0.00139178495814
0.0025426645476
0.00620562358617
0.00381104909029
0.00465456829156
0.01150804310349
0.01982333880934
0.01601527069524
0.01778256808906
0.02673594402194
0.03000372214317
0.02792782244697
0.02738996278464
0.02507387306233
0.01767459033725
0.0117243883771
0.00726183148353
0.00534174425257
0.00733534898246
0.00715121323109
0.00579164199859
0.00527550628145
0.00562386130182
0.00654493364994
0.00617088055897
0.00204552323931
-0.00517784214935
-0.00665097783688
-0.00483249829324
-0.01060900422378
-0.01921210685652
-0.01674832487716
-0.02178103884461
-0.03156422744947
-0.02787107652156
-0.02608118393199
-0.02800355246379
-0.02995332717587
-0.02911641839726
-0.02275081715672
-0.01386342699085
-0.01386044257551
-0.00823239697818
-0.00484199416022
-0.00777102394502
-0.00819393967223
-0.00678292644325
-0.0023631999221
0.00504825891186
0.00635166505266
0.0031120867904
0.00701180931829
0.01621947577996
0.01838358195403
0.01433577090292
0.01408886307635
0.01935854191428
0.02809713929607
0.03034670445168
0.02624983587933
0.02456038548838
0.02684707814643
0.03462889337047
0.04342224961496
0.03890917165204
0.03661688846948
0.03797407140545
0.03899224615833
0.03943673680103
0.03914330113689
0.03887111175863
0.03871027431751
0.03921938271096
0.04002303493814
0.03969241827371
0.03528713846271
0.02783143079926
0.02668806345322
0.03068203656876
0.02932514022837
0.02112906064245
0.01247192136787
0.01803071400855
0.019814450525
0.01132862662605
-0.00244618042504
-0.00624416113888
-0.00548577954998
-0.00222710905424
-0.00326511774997
-0.01258765630679
-0.02714687241124
-0.03197300446126
-0.03285621944352
-0.04652042429151
-0.05422736164292
-0.05618393058096
-0.0639941187677
-0.06183830858044
-0.06143978786924
-0.06324629536007
-0.06063009802845
-0.05256694147388
-0.04424649851136
-0.03758173733757
-0.03488870564082
-0.02782623768729
-0.03100639016438
-0.03212253857259
-0.02577553929602
-0.01693071048484
-0.01557433765905
-0.025831123554
-0.03425582234703
-0.02908334526699
-0.02652954170441
-0.02904578978181
-0.0295599155086
-0.02404521655367
-0.01143763612196
-0.004515084132
0.00455049206095
0.01076220293729
0.01750188783899
0.01968235288893
0.02838031483834
0.03351128141415
0.04477799957302
0.04951829051405
0.04972269048377
0.04887646925935
0.05084224746878
0.05163531476576
0.04386062621855
0.02900771078203
0.02496093911758
0.02934955817203
0.02411247098379
0.01788312492591
0.02799690344627
0.02814994166626
0.01733455041006
0.01416050050825
0.01476424276317
0.00754183154675
-0.00140067591738
-0.0085845274177
-0.01100026833482
-0.0182476515797
-0.0160221833807
-0.01477382269819
-0.0161300885283
-0.01672179376873
-0.01769783514965
-0.01831575433274
-0.0169720069977
-0.01006955491129
-0.00163011020232
-0.00545658883454
-0.00696509423828
-0.00598047409625
-0.00926298705172
-0.01589325358114
-0.01744966630252
-0.01568519665179
-0.02230831739801
-0.03170281743081
-0.02790603354012
-0.02589569544946
-0.02717545936531
-0.0277030092292
-0.02811187030903
-0.02840338387212
-0.02925326969873
-0.02805853678169
-0.02186110600792
-0.01282431165404
-0.01338840436539
-0.0087476843724
-0.00532593181894
-0.00328622838061
0.00448900775523
0.00762391634296
0.00507803810356
0.00472889972193
0.00524072886278
0.00505430416802
0.00611606437715
0.01188932604569
0.02035051418834
0.0204215746078
0.02611742107749
0.02963798032411
0.02728876397369
0.02731012871907
0.02821955000143
0.02876548401665
0.02851802592655
0.02820426872495
0.0282419044569
0.02832354980655
0.0281098412123
0.02812618862435
0.02841210784167
0.02886885713276
0.02766679119007
0.02176992657854
0.01420092194926
0.01683512894731
0.01203937985035
0.00261429280844
0.0058424687699
0.00462750220471
-0.00442010253455
-0.01192182216352
-0.01741432333523
-0.01808296993649
-0.0098503054691
-0.00117496966777
-0.00264271850473
0.00239898271807
0.00596700410385
0.00411718246726
0.00303402541404
0.00112591482142
0.00083615293053
0.00729936786234
0.0060563187513
0.00398472945267
0.00428049609422
0.00531452913602
0.00655851063802
0.00488783416838
-0.00223890647482
-0.01053373658116
-0.00513893393301
-0.00292077086436
-0.00867652077853
-0.01771326163456
-0.02101955055959
-0.01620503518386
-0.00928202081969
-0.00286446400338
-0.00747748510647
-0.00550393824611
0.00377348443405
0.00696454397476
0.00416025205146
0.00344074887295
0.00433730316002
0.00482531047602
0.00535265016981
0.00593236425107
0.00564022017769
0.00157243608935
-0.00569788320897
-0.0076993903344
-0.00533768223784
-0.00475503723909
-0.00596434831812
-0.00729431995881
-0.00642117021342
-0.00051970860874
0.00772527182617
0.00561049830511
0.00322074014353
0.00631795759084
0.01193909432398
0.01446403580073
0.01723300004185
0.01670202631606
0.01596679782899
0.01633337650715
0.01610820026831
0.0163106169966
0.01941506620578
0.0261404710049
0.0293598030088
0.02728942505417
0.02652906022383
0.02783916887999
0.02833216295914
0.02562295580769
0.0197851795628
0.016535216223
0.01277205954737
0.00195838786466
-0.00445121535103
-0.00593359088016
-0.00405265642709
-0.00294506690937
-0.0050028812779
-0.01173654767236
-0.02084770020554
-0.0189411976052
-0.01291699284428
-0.00650577705077
-0.00428717186066
-0.00690453468098
-0.00772902431767
-0.00676459961104
-0.0061315290748
-0.00628749056974
-0.0064123239631
-0.00640740980417
-0.00618937552725
-0.00588336022767
-0.00598823892591
-0.00626713846208
-0.00631197347507
-0.00580652204125
-0.00491811012576
-0.00553234560029
-0.01064251297933
-0.01874092843315
-0.0187870397518
-0.01586196880731
-0.01588829356692
-0.01691339246908
-0.01791232710517
-0.01861899538709
-0.01788553997135
-0.01322283618652
-0.00590900097915
-0.00524671679983
-0.00579432453325
0.00038896599659
0.00607938014254
0.00626935097998
0.00492825943067
0.00271022246407
-0.00286665970767
-0.00694171950254
-0.00592825255977
-0.00449621085755
-0.00507443846304
-0.00589753333456
-0.00618783173238
-0.00609633513722
-0.00601080737274
-0.00601010807952
-0.00603867210595
-0.00593746947372
-0.00581697704812
-0.00597500203125
-0.00661748436643
-0.00680201370907
-0.00421379192762
0.00213628347488
0.00654489161592
0.00548666990692
0.00394791147346
0.00448275615025
0.00533206114314
0.00565027012946
0.00557038638732
0.00545350888735
0.00540670591802
0.00544050126916
0.0054822486924
0.00552737030097
0.00547954705137
0.00533420105683
0.00522320449821
0.00556090580544
0.00632033442354
0.00617908865647
0.00244318683865
-0.00484050768446
-0.00751984011235
-0.00421639803678
-0.00722223161653
-0.01578351422182
-0.01919543463615
-0.01581577342063
-0.01823581709276
-0.02677683165843
-0.03132973494355
-0.02860223153008
-0.02602253883318
-0.02176979283393
-0.01698366188473
-0.01691096978109
-0.01866779306167
-0.0186973735471
-0.01848402033137
-0.01813010535669
-0.01464063217763
-0.00735593036658
-0.00376545135093
-0.00644771278567
-0.00669083755055
-0.008010724848
-0.01457158174853
-0.02049561562132
-0.01686091490722
-0.01550792008803
-0.01666571274507
-0.01714051373661
-0.01726801820081
-0.01753872110331
-0.01790100849028
-0.01758574570655
-0.01684937847969
-0.01630559966326
-0.01860538782881
-0.02578770241256
-0.03235592290892
-0.02907124711212
-0.02524425986828
-0.01942674402046
-0.0143969915407
-0.0183705055529
-0.01958627458572
-0.01825211482824
-0.01742697175363
-0.01722805531273
-0.01744424391409
-0.01754190804619
-0.01756383069764
-0.01750556772628
-0.0175047117608
-0.01749633170596
-0.01751381785779
-0.01750043193343
-0.01751662267323
-0.01753104798424
-0.01755447239654
-0.01749240725711
-0.01738735278025
-0.01739744094477
-0.01779269828759
-0.01821466633874
-0.01716687288769
-0.01280583961341
-0.00704007910659
-0.00515035190104
-0.00272439289607
0.00405865200668
0.00615995553535
0.00354327519465
0.00283221588627
0.00484128722445
0.01045676082887
0.01736401625725
0.01819904114757
0.0154363170476
0.01538107670432
0.01648151203204
0.01704136312876
0.01709362287798
0.01694924748714
0.01682216336314
0.01666946905785
0.01668858307259
0.01716167595445
0.01781665385705
0.01678475308638
0.01176557789427
0.00492408659898
0.00399754600714
0.00740035650321
0.00793157096928
0.00434854152814
-0.00342955827076
-0.00933722677151
-0.00532010437542
-0.00422603146964
-0.00612311462849
-0.00597080627192
-0.00145562393317
0.00526596838045
0.00639142541319
0.00389024079963
0.00327534386249
0.00373989696025
0.00542043575708
0.01044261829217
0.016466807768
0.01674981517419
0.01489136127864
0.01998726001893
0.02859705370322
0.03069351949845
0.02497973978781
0.01686687227407
0.01310740312828
0.02273847444029
0.03000750902614
0.02625465068512
0.01850407055835
0.01668132647243
0.01589209191371
0.0176965129887
0.01802804293771
0.01706791334356
0.01672660857453
0.01664197880954
0.01682572096964
0.0168270125604
0.01685999780135
0.01679046971294
0.01680718396734
0.01676555882488
0.01682042086199
0.01685147253808
0.01690018614462
0.01671538931278
0.01644760586394
0.0165642923002
0.0179911943883
0.0202287569209
0.01960995502342
0.01487122698363
0.01597084455862
0.01758052202439
0.01783367763467
0.0167262684811
0.01229707895593
0.00600638615821
0.00242068602837
-0.00171288359219
-0.00707386681518
-0.00528779932132
-0.00928124510098
-0.01723867463439
-0.01900178391142
-0.0165369052263
-0.01624946514176
-0.01724686362551
-0.01776345407431
-0.0178372314199
-0.01764439844791
-0.01756728895101
-0.01754816347245
-0.01760729387311
-0.01735050805211
-0.01658190073281
-0.01745375888744
-0.02210126164256
-0.02917931275324
-0.03084502156611
-0.02721873147705
-0.02286689601034
-0.01788980069235
-0.01620600578757
-0.01437552744218
-0.00831790945757
-0.00511016737904
-0.00239863842124
0.00416188755692
0.00618754131552
0.00417776877348
0.00412560455612
0.00461559129228
0.0044674099121
0.00552617424207
0.01027910978022
0.01690845538251
0.01800962439492
0.01537690387263
0.01516821643299
0.01604684206465
0.01650788646821
0.01668385615611
0.0161202067126
0.01545786139289
0.01645003237321
0.02128872113104
0.0277720749434
0.02897278815494
0.02694328637297
0.02737558332893
0.0262452962053
0.01972969465795
0.01239415843304
0.01175488214712
0.007518846581
0.00541683229528
0.00454253234629
-0.00295070787469
-0.00939086982208
-0.00529061560058
-0.00453858879107
-0.01047914967581
-0.01848528135193
-0.02092057190908
-0.0162959356602
-0.00772380445678
0.0020358389835
0.00430332438771
0.00381860031071
0.0022292333007
0.0031912334087
0.00594219256892
0.00866255019918
0.00792674852094
0.00281808863467
0.00398250164967
0.00539824179514
0.00519903493738
0.00494181731238
0.00464741868708
0.0046469677767
0.00463376527351
0.00490596611559
0.00518097941566
0.0049991899268
0.00330148672944
0.00091653496685
0.0019960916153
0.00765425344073
0.00541784493301
-0.00106000089437
-0.00778845277774
-0.00784806848025
-0.00189720352899
0.00220169490433
0.00348579558454
0.00626579719475
0.0006521723229
-0.00768585920161
-0.00914383971472
-0.00567565103428
-0.00420349741428
-0.00265651598035
0.00078206584787
0.00287226628153
0.00619843576895
0.00433765853854
0.00302012132487
0.0041802182104
0.00883220714171
0.01638196019036
0.01758475217519
0.01451316210491
0.01824696757157
0.02735466567266
0.03041807057309
0.02717411809798
0.0254683776141
0.02448221367719
0.02516284761636
0.03015840351117
0.02200472096514
0.01214723914265
0.01732551691728
0.01847303798863
0.01119986878384
0.00250352781905
0.0047781483069
6.879707861e-05
-0.00943050025928
-0.00517671869466
-0.00369708684058
-0.00900520005682
-0.01770534013265
-0.02017164797442
-0.01671958889338
-0.01598563671197
-0.01717378939443
-0.01853204610851
-0.01942119552998
-0.01774028186612
-0.0110580498256
-0.00323701647988
-0.00732874582023
-0.00539413392512
0.00356549934465
0.00661306697318
0.00413640729896
0.0033446059902
0.00428089732803
0.0051102934811
0.00468485571276
0.00460032147963
0.00750082927202
0.01288841353275
0.01503463614244
0.01777615981182
0.01211950815405
0.0043666658328
0.00412074771631
0.0065057273742
9.165919038e-05
-0.01053621658827
-0.00785156494636
-0.00441850906311
0.00135666133201
0.00906161735263
0.00451600888041
0.00274534800084
0.00422598561435
0.00448892750847
0.00386621644723
0.00494789696001
0.01185434609948
0.02056989737513
0.01650196731411
0.01387717593628
0.01431188411641
0.01530420794771
0.02003155623222
0.02682124633123
0.02697903439534
0.02263752019089
0.02446103235298
0.01639435640464
0.0130643450079
0.01773599057492
0.02106892906788
0.02083577018674
0.01349765842286
0.01451414417244
0.01713007401485
0.0177999778154
0.01599803292625
0.00893625280212
0.00137098920052
0.0062613950866
0.0070157108395
-0.00100618703284
-0.00967780931967
-0.00610761936064
-0.00748848655558
-0.01605949430432
-0.0181235862625
-0.01680980154033
-0.02304778749972
-0.03288422938515
-0.02904140678003
-0.02683707022868
-0.02770291751861
-0.02947680278956
-0.03245674341371
-0.03434726162307
-0.03049784731954
-0.03228039924092
-0.02757554679903
-0.02869765257409
-0.03062607400461
-0.02979629954537
-0.02670864101607
-0.02170135763001
-0.02054226191839
-0.01761842524555
-0.01880586717096
-0.01669524737521
-0.01133961279006
-0.00919358124409
-0.00259640771555
0.00078411214033
0.00078951962579
0.00390823135969
0.00424664342396
0.01069127626244
0.0200509492
0.01609955272426
0.01410762171257
0.01532942835901
0.01610258299489
0.01626647745556
0.01625056184752
0.01688213826545
0.01703216914246
0.0128339909422
0.0049851811347
0.00286207723537
0.00604888637252
0.00628545000919
0.00505192733532
0.00480057536658
0.00557702011975
0.00531166318019
0.0007530723102
-0.00720542947282
-0.00830484069899
-0.00522177152029
-0.00506820978571
-0.00635627733091
-0.00725909545104
-0.00715635666648
-0.00549529452333
-0.00303920400516
-0.00367844628174
-0.00867267275517
-0.0074698119874
-0.00608211999631
-0.00629314223463
-0.00664781382165
-0.00696897283184
-0.00684935165681
-0.00643131569706
-0.00616182031728
-0.00743208836614
-0.01109557856186
-0.01411212317386
-0.01218772554532
-0.01143138833825
-0.0120997827354
-0.01253039068805
-0.01271728922084
-0.01249696600054
-0.01227952019989
-0.01227599316358
-0.0133820343009
-0.0154909574508
-0.01633500054879
-0.01531250775579
-0.01937504217731
-0.01722498682935
-0.01391684458622
-0.01515990516109
-0.02057519748277
-0.01868140444122
-0.01393460204854
-0.01004370016843
-0.00840073175975
-0.0053631624958
-0.00478488903501
-0.00472175393873
-0.00391500647926
0.00417214003624
0.00675341474076
0.00370860798301
0.00341363310953
0.00414799340306
0.00469034688412
0.00453095006347
0.00471852878311
0.00536102258211
0.00561906942367
0.00234031392736
-0.00519713194271
-0.0097000797071
-0.00597760814042
-0.00447950042443
-0.00534141944424
-0.00806599194021
-0.01374931991484
-0.01861369910072
-0.01816265115109
-0.01786266200129
-0.02349003887559
-0.02967402640588
-0.03023824521929
-0.02886432892255
-0.02882917701899
-0.02650608672191
-0.02034521790196
-0.01701626499824
-0.01657886664091
-0.00967655212038
-0.00507756426553
-0.00776841783585
-0.00814067110656
-0.00695645433678
-0.00630566837224
-0.00627143739582
-0.00681562508862
-0.00728124355768
-0.00583152846118
-0.00086650645978
0.00448330641377
0.00645222571079
0.00987040919392
0.01507278010389
0.01563649450907
0.01564857355757
0.02122469567782
0.02747293029525
0.02799510362601
0.02591061752615
0.02599830048941
0.0269550024004
0.02783454513792
0.02797894727768
0.02483267421977
0.01767358534207
0.01279530435978
0.01121901336878
0.00639008796714
0.00177235943606
-0.00409765575488
-0.00815955966611
-0.00750548358429
-0.01071674887785
-0.01210096733047
-0.00746513856876
-0.00489387942454
-0.00517175103789
-0.00430533055679
-0.00668877406236
-0.00830227662384
-0.00677969746635
-0.00613992059347
-0.00649941080755
-0.00665699252285
-0.00661746143878
-0.00662044967539
-0.00651151660497
-0.00644362402202
-0.00662242909555
-0.00703576870902
-0.00683142223715
-0.00447230878593
-0.00011759505889
0.00226911479564
0.00395274920689
0.00446174678339
0.00692203611791
0.01363893476013
0.014859870156
0.00559340956582
-0.00133585449269
-0.00509660949733
-0.0051965205388
-0.00537833677659
-0.01018054000608
-0.01209305347111
-0.01062074700013
-0.00810549627535
-0.00451102593854
-0.00403628990867
-0.00551665926872
-0.00606043426387
-0.00561738042037
-0.00237878078649
0.00405160557662
0.00820437557273
0.00682001191167
0.00558307683973
0.00816177218401
0.01341292930474
0.01678680511076
0.01893121643637
0.01863976401366
0.0181427958091
0.02143975318195
0.02604610845391
0.02427664057622
0.01856871505803
0.01818411524961
0.02080244103109
0.0213633544421
0.01889272091767
0.01442366021501
0.01216418267351
0.01070290057928
0.00982500863232
0.00620237168162
-0.00137051536249
-0.00269452390442
-0.00258020092641
-0.00838274502097
-0.01147294851904
-0.00764524669688
-0.00736406203859
-0.0103095653375
-0.00824900423689
-0.00883999107774
-0.01332657996625
-0.01183835024468
-0.00649103457398
-0.0061728943706
-0.00856544779443
-0.00849359637116
-0.00502259523273
-0.00055050731646
-0.00265173480177
-0.01041518536298
-0.01457597239286
-0.01288954845126
-0.01128389860874
-0.01219049979057
-0.01306657663218
-0.01155395189459
-0.00802632329026
-0.00540910567837
-0.00026088066047
0.00644796116851
0.00987572840794
0.00917280497497
0.00833182653908
0.00893063170742
0.00915257896936
0.00918446368328
0.01150385880798
0.01743963163584
0.0218266648614
0.02108096226109
0.01986197571519
0.02032565679811
0.02088065105502
0.02114332545993
0.02163992300087
0.02249144815421
0.0220014232053
0.01771364758328
0.010678306857
0.00932254543511
0.00810059358025
0.00133727829955
-0.0009852823689
-0.00337685448944
-0.01134695345825
-0.01294763946527
-0.00845015612334
-0.00435974932607
-0.0024120048571
0.00029455579431
0.00119315625921
-0.00205655564074
-0.00785663195627
-0.01157041776615
-0.01012527291387
-0.00860619022249
-0.00909367402389
-0.00960841115459
-0.00957769575065
-0.00938712115185
-0.00901403866459
-0.00908613464942
-0.01072637466816
-0.01283373491681
-0.01184154483011
-0.01331930043844
-0.01294161713676
-0.00811529784429
-0.00552897523623
-0.00294357011617
-0.00017372426882
0.00275305054372
0.00362193574684
0.00276041566807
0.00307783365059
0.00388795185624
0.004300320866
0.00448546161255
0.00437086923469
0.00418588516039
0.00422819813225
0.00450019644679
0.00492969622986
0.00450942100328
0.00188812265242
-0.00197302640278
-0.00144873952514
-0.0006880139665
-0.00052928128334
0.00187304772476
0.00569881559993
0.00485661817749
0.0037565508385
0.00376205958773
0.004339294044
0.00687135455503
0.01074621854632
0.01084808990158
0.01227780062639
0.01429380566704
0.00925928805806
0.0059494606329
0.00333433516877
0.00487236182818
0.00675606288394
0.00522176387775
-0.00113870806611
-0.00962920270881
-0.00782528986332
-0.00518017312676
-0.00581053437942
-0.0068690273989
-0.00736865521046
-0.00724349700878
-0.00708696232268
-0.00703751121017
-0.00717208885334
-0.00722317547131
-0.00702363616268
-0.00660031920165
-0.00693226566958
-0.00966326172788
-0.01419356217469
-0.01559371534173
-0.019334964651
-0.01882315079524
-0.01787282277002
-0.01410898208627
-0.00700864912433
-0.00563449972985
-0.0082698875017
-0.00545355474264
0.00083304738079
0.00217525665288
0.00438906996484
0.0030940385291
0.00667175410601
0.01526927767807
0.01782976847092
0.0147497524905
0.01420254216962
0.0152265481873
0.01578702597302
0.01605940259373
0.01636940730383
0.01639251072909
0.01464080413498
0.0108086046728
0.00944811633444
0.01547183197223
0.01818328985433
0.0111747744746
0.00399949867838
0.00238594147266
0.00062917589333
-0.00577626136898
-0.00781688305956
-0.00544253800843
-0.00524736641648
-0.00696199136344
-0.01107020912087
-0.01531622585582
-0.01684432293361
-0.01910410617706
-0.01783830519802
-0.01755549649809
-0.01832761174733
-0.01862657679558
-0.01870415248795
-0.01857778676354
-0.01856451547742
-0.01854558870512
-0.01858521914233
-0.01857278853658
-0.01858584965261
-0.01856591406386
-0.01857335026392
-0.01856267744441
-0.0185845198491
-0.01859210890014
-0.01858743166023
-0.01851496883305
-0.01846920907165
-0.01859981641068
-0.0189512437357
-0.01889646576662
-0.01714756016668
-0.01348169695953
-0.01155270233785
-0.0114414421113
-0.00814336128377
-0.00631466747355
-0.00792098986036
-0.00616985263615
1.881648649e-05
0.00572492636817
0.00590638722743
0.0041323643906
0.00455540621987
0.00524461127761
0.0051810787688
0.00524678940404
0.00773792024456
0.01401528825831
0.01874878497339
0.01810272592534
0.01692667904031
0.0170381723646
0.01616454495991
0.01483126791682
0.01620437028211
0.01457329367948
0.01280210622828
0.01168592724988
0.00794540398275
0.00728900838734
0.0089128895302
0.00915583087391
0.00875780310711
0.0083767456201
0.00834702374752
0.0090231715105
0.00990479302132
0.00974724187622
0.00640595389861
0.00016375658909
-0.00063530559966
0.0083010576373
0.0136939228993
0.00747119528875
-0.00164145403762
-0.00421776605303
-0.00073792783534
0.00058801579997
-0.00254642621015
-0.00809188107453
-0.01050281100713
-0.01319379067951
-0.01251676784468
-0.01156894275421
-0.0120007276594
-0.01246104984209
-0.01309413566343
-0.01256289444843
-0.00973572073378
-0.00583877741879
-0.00650580762096
-0.00558804831778
-0.00118263476217
0.00174429599659
0.00765558324423
0.01144540859416
0.00951109093719
0.00861265199757
0.00934600423889
0.01056384440246
0.01356864241683
0.01733450455476
0.01596176903183
0.01510409162664
0.01840477474206
0.02326529444076
0.02298620001959
0.02159481285612
0.02170455221545
0.02199169424058
0.02228209581281
0.02281252691763
0.02365666936876
0.02272789715264
0.01709326367818
0.00904346247777
0.01137750454739
0.01384375889131
0.00979753749038
0.00207460734118
-0.00097681327836
0.00123930044082
4.348232005e-05
-0.00536751492738
-0.00831712227504
-0.01127726869759
-0.01048128194694
-0.00937109854813
-0.01000824256292
-0.01023242909168
-0.01003072312044
-0.01053022865123
-0.01367770541059
-0.01751590809491
-0.01562640252327
-0.01500152479943
-0.01614280190835
-0.01562814884569
-0.01201201952537
-0.00761836020993
-0.01070829621879
-0.01163352229223
-0.00685397157761
0.00156066427132
0.00430369505133
0.00131338310623
0.0001451551601
0.00034096769441
0.00169976133577
0.005906631789
0.01343445836492
0.01575468652745
0.01284244360126
0.01243972713072
0.01354197374253
0.01411045327693
0.01385144347421
0.01378045183769
0.01504675722496
0.01777463512332
0.01794846107626
0.01222578543873
0.01697239294642
0.02332821936694
0.02048700246873
0.01716406807225
0.01637375591414
0.01889593460947
0.00981836343607
0.00653911767024
0.01331284248464
0.01832559411442
0.01559241610842
0.01409663554856
0.01454159238673
0.01503081868928
0.01538222690792
0.01527947283827
0.01526238792026
0.01522064049702
0.01523255523071
0.01506809522143
0.01502883544785
0.01538386241338
0.01614807526708
0.01574986025784
0.0116980483324
0.00462544635906
0.00331379429015
0.00620953657119
0.00196398870661
-0.00760200133405
-0.0094216616515
-0.00173988013185
0.00355438363944
-0.0035165419408
-0.01383189383418
-0.01884598291001
-0.01918704311748
-0.01629535482649
-0.0165981831832
-0.01832820786614
-0.01865481983495
-0.01545447574373
-0.01129768576692
-0.01264455126191
-0.01011398486918
-0.00504762840158
-0.00689315874698
-0.00754514841296
-0.00710679855829
-0.00682687109929
-0.00638321349442
-0.00666238816236
-0.00673316580751
-0.0065014972234
-0.00671388747797
-0.00688583336388
-0.00668618705956
-0.00662584149363
-0.00623486397817
-0.00646738470648
-0.00721406173178
-0.00771901639991
-0.00624365673065
-0.00215748123057
0.00106069292718
-0.00213130550067
-0.00654468144583
-0.0089689055922
-0.00666210156677
-0.00562245125155
-0.00607855092599
-0.00666340462136
-0.00830311730422
-0.01054986235929
-0.00991089941787
-0.00496067148046
-0.00615123538708
-0.00732454623962
-0.0069407985754
-0.00688902030676
-0.00717612029788
-0.00608924667314
-0.00234191618773
0.00044625148595
-0.00131966031375
-0.00210791356919
-0.00187501912024
-0.00166707491848
-0.00012818705844
0.00341750176778
0.0059491167182
0.00338492158191
0.00371423098835
0.00924913875315
0.0163345649235
0.01752978696367
0.01477096438491
0.01464058250107
0.01573065071123
0.01629961936876
0.01621198608206
0.01587697495203
0.01595724846416
0.01672149570933
0.01722849475929
0.01474448677432
0.00745654834383
0.00139923147564
0.00519882476729
0.00665808158606
0.00551145087166
0.00493715917884
0.00450175934803
0.00343124383491
0.00141579670033
0.0018941445988
0.00519187004781
0.00172394006765
0.00132018994239
0.00668907212176
0.00441117985874
-0.00020523847197
-0.00260749590759
-0.00018678565234
-0.00090058878862
-0.00542024469336
-0.00754936709994
-0.0060058358947
-0.00590973466384
-0.00670219819946
-0.00554148991002
-0.00132016433985
0.00256162341859
0.00276475281456
-0.00130007933927
-0.00766744830136
-0.00787996465799
-0.00552891027457
-0.00560980283316
-0.00504249260873
-0.00169784114537
0.0017141075464
0.00348185126507
0.00457888413002
0.00395107166742
0.00566328156893
0.00812365497149
0.00638054242359
0.00351116655405
0.00519135035449
0.00432003099956
-0.00160598458616
-0.00748305270333
-0.00750752032356
-0.00496634989427
-0.00514367231332
-0.00788090087023
-0.01213091083697
-0.0138321307532
-0.01198533556596
-0.01156927520509
-0.01220025550421
-0.01255480863172
-0.0125417895497
-0.01241105992989
-0.01258959369293
-0.01297834722666
-0.01263938107759
-0.01008277652084
-0.00609547917175
-0.00555526560437
-0.00680332822747
-0.00725841526419
-0.0090414104534
-0.01262569327255
-0.0132345292863
-0.01200342930043
-0.01162199732852
-0.01045545777429
-0.0088923196099
-0.00997263210643
-0.00783606967851
-0.00602324562104
-0.0073451199812
-0.00748978961017
-0.00519372718719
-0.00094263312489
0.00127233803323
0.00361679536846
0.00664433646191
0.01189269640975
0.01616516782764
0.01572330622176
0.01645005912213
0.02110274352539
0.02399917401796
0.02471575468578
0.02346604127211
0.0259492238618
0.0281563346584
0.02718594876364
0.02666423016455
0.02684943587276
0.02762194853453
0.02852598181994
0.02761531480211
0.02194357675285
0.01398120631159
0.0155847200617
0.01797617677976
0.01722445185093
0.01655535816056
0.01676436276598
0.01676542508027
0.01338725416178
0.00664976267161
0.00390023343229
0.00600801019985
0.00392864460774
-0.00322362176659
-0.00751021050077
-0.00809446807732
-0.01166527708281
-0.01451535933771
-0.01804495971965
-0.01738850298385
-0.01623028616535
-0.01756740741052
-0.02080599481632
-0.02276884210825
-0.01725453674459
-0.01348816255588
-0.0105283791544
-0.01225146822423
-0.01660861526241
-0.02005943625053
-0.01836361579509
-0.01641133432697
-0.01734894132959
-0.02070880834352
-0.02514335911673
-0.02444599181679
-0.02358698078682
-0.0233783659514
-0.02100067346386
-0.01697471628127
-0.01781976819571
-0.01929740534454
-0.01938062888054
-0.01828972763254
-0.01514807449543
-0.0113230131739
-0.01270643680144
-0.01353918803346
-0.01027983200109
-0.00559442220354
-0.00624310646713
-0.00761807743562
-0.0073287649266
-0.0065683504197
-0.0059996760003
-0.00623037398071
-0.00663275800036
-0.00683006186345
-0.00644944764427
-0.00595043505789
-0.00625407734605
-0.00681247253721
-0.0072065987828
-0.00620264681338
-0.00383049135251
-0.00236439024909
-0.00534242061814
0.00010835323024
-0.00021455600007
-0.00177876389202
-0.00184616200206
-0.00131777145779
0.00208574979532
0.00696250341421
0.00799616579239
0.01065031602173
0.00996955215923
0.0127781697652
0.0180216766945
0.01617437709904
0.01527625914647
0.01575208041828
0.01625711151191
0.01640078760952
0.01638796341251
0.01623376734636
0.01613781896648
0.01611165087913
0.0165142718178
0.01697885854277
0.01636976650363
0.01281362737071
0.00832318663757
0.01025777560503
0.01204241776352
0.01364523222041
0.01512692374141
0.01253193448293
0.01731901310819
0.01314311675918
0.00711906102796
0.0103413774472
0.01510696904629
0.0189238719469
0.01608596045108
0.01472552178929
0.01586696703428
0.01720205918272
0.01705649919681
0.01265245365744
0.00513615204522
0.00360980320049
0.0065865282222
0.00312996691563
-0.00510575380706
-0.00829466464516
-0.00897270393899
-0.01544632878663
-0.01888283910197
-0.02032058978821
-0.02744615462526
-0.03067367179901
-0.02896195484191
-0.02857573099185
-0.02554395095867
-0.0184812499074
-0.01612471581643
-0.01949628357269
-0.0205765846054
-0.01921279850719
-0.01464005134392
-0.00726649725962
-0.00490578651569
-0.00520719335831
-0.00061474217552
0.00190060790239
0.00583144439314
0.00453784364255
0.00371950855048
0.00422123194895
0.00420797212665
0.00506222566994
0.0079994979437
0.01187900478343
0.01055274742149
0.01319398938578
0.01795845370891
0.01572507165055
0.01577128996489
0.0203842904331
0.0243965215979
0.01895370463644
0.01336701287108
0.01622477588761
0.01798047189223
0.01775176097453
0.01635023979125
0.01356462243612
0.01154512092936
0.01455405356268
0.01065919284225
0.01107105744379
0.0108128501087
0.00681111980605
0.00369031210313
0.00533567224748
0.00609742802171
0.00556308775315
0.00569226975682
0.0057175513085
0.00462658892012
0.0015755989582
-0.00132919630411
-0.00080128456553
-0.00320203768005
-0.00629478156137
-0.00572001985179
-0.00991000906093
-0.01678696942556
-0.01802376693162
-0.01526112307842
-0.01636429061736
-0.02098757413509
-0.02447368841392
-0.02229992970062
-0.02118667017588
-0.02187303984799
-0.0224578132966
-0.02251575910218
-0.02125647339605
-0.01771797326595
-0.01473339361463
-0.01559905366212
-0.01269197327769
-0.00869943314007
-0.00997633492136
-0.01148862338679
-0.01399528388663
-0.01649916249867
-0.01584820075551
-0.01899425982205
-0.02259374367093
-0.01981388879765
-0.01623393166116
-0.0139519047792
-0.01454856239131
-0.01178075599634
-0.00824939782816
-0.00975208343093
-0.00931364568695
-0.00538149697055
-0.00200114868989
-0.00349054351803
-0.00442328947744
-0.00422577926553
-0.00265987908398
0.00117338383888
0.00407839271043
0.0021258101259
0.00141475922432
0.00222246047389
0.00255833865109
0.0022742146685
0.00174372853733
0.00297289686898
0.0070544738474
0.01073797605735
0.0076867724862
0.00201230146146
-0.00380310657137
-0.00377523152072
-0.00052932828501
-0.00167431126588
-0.00775943784092
-0.01477922980152
-0.01524863515355
-0.01198361217119
-0.01322848403014
-0.01800604768205
-0.02157344811073
-0.01959492212978
-0.01860713415123
-0.01917529269858
-0.0198457696903
-0.02020227548904
-0.01894512205405
-0.01495355252013
-0.01194596879669
-0.01396456466141
-0.01471915554607
-0.0140997537085
-0.01358905948616
-0.01316079015346
-0.01301113758262
-0.01326112917767
-0.01364827395486
-0.01369797727148
-0.01250766556897
-0.00924728925632
-0.00653618293147
-0.00711165921937
-0.0039145670327
5.553072193e-05
-0.00168932199613
-0.00270098415099
-0.00237320669347
-0.00068956272903
0.00306378664575
0.0059559491569
0.00387004536422
0.00319701958245
0.0042448741739
0.00506519862145
0.00421256147725
0.00070160776818
-0.00220567820081
-0.00149655207517
-0.00430180352048
-0.00787617777502
-0.00646260047089
-0.00616531678339
-0.00669573642438
-0.00560095658283
-0.00219507378211
0.00085175099066
-0.00100205776368
-0.00170810012085
-0.00106937256994
-0.00061166910662
-0.00047812855732
-0.00080244928998
-0.00126327893792
-0.00140298129225
-0.00039997394187
0.0032269970983
0.0062055739096
0.00430022151287
0.00393727304542
0.00488087562763
0.00412785146549
0.00048856445781
-0.00307984058392
-0.00135355654653
0.0008798793918
0.00392146443307
0.00516752088709
-0.00023424809721
-0.0038848336963
-0.00164238298944
-0.00045581307885
-0.00086903805409
-0.00123004187498
-0.00115604442399
-0.00094006675697
-0.00084744670713
-0.00199019156756
-0.00524760715677
-0.00829412584546
-0.0065700699932
-0.00613531595777
-0.00683108978627
-0.00595511994035
-0.00291222458408
-0.00040980569887
-0.00119929437234
0.00313387302236
0.01059041372363
0.01217296014089
0.0068453316761
0.0020381114954
0.00487509786068
0.00625325195077
0.005703439342
0.00642107468156
0.00887721029077
0.00948376500368
0.0040833756523
0.00808154452717
0.01124133725405
0.0052583067252
0.00511707242195
0.00326809605127
-0.00049505489245
0.00172250403272
0.00177407174914
-0.00230653233281
-0.00676334241175
-0.00434021879242
-0.0030044823771
-0.00362334885412
-0.00371420882496
-0.00431519708739
-0.00681575501195
-0.01056513599322
-0.00923864935482
-0.01221092068117
-0.01628643979322
-0.01086413543294
-0.00579862728826
-0.00853659335114
-0.00966528318206
-0.00877478102944
-0.00837989435024
-0.00844529164098
-0.00821094434349
-0.00515009205438
-6.453444697e-05
0.00070922089325
0.00297159305014
0.00295066851557
0.00517162493584
0.01048631838665
0.01276996931025
0.01520391860007
0.0150397107949
0.0168096869021
0.02199152228323
0.02454659068766
0.02726852268299
0.02626005014591
0.02607484443769
0.02983194439333
0.03440921594554
0.03366875231249
0.03226654712108
0.03250131475876
0.03300860804685
0.03354928398844
0.03381161447865
0.03319904890105
0.03047054431368
0.02698318047811
0.02772909706979
0.02588999028673
0.01905516711533
0.01513119592623
0.01395494651365
0.00870811889686
0.0045024815689
0.00228192523606
-0.00382568036799
-0.00537673184133
0.00078741372145
0.00410614662668
0.00630381887541
0.00478780848868
0.00129818895481
-0.00215588661275
-0.00184802258059
-0.00019644514629
-0.00055003424269
-0.00152028410007
-0.00166877997113
0.00072009356541
0.00467839393768
0.00524699957414
0.00391978307231
0.00408518693639
0.00394640589133
0.00226698214237
0.00076200836047
0.004062610847
0.00528583136498
0.0036601301491
0.0056874587723
0.01229174063554
0.01681045115698
0.01555312194337
0.01383625772959
0.0143851379474
0.01540265926235
0.01610267470547
0.01582181103424
0.01356650250315
0.00978689906234
0.00970057647277
0.0109746619748
0.00870153866228
0.00416055011086
0.00333995091368
0.00476111688673
0.00506877151305
0.00493448046545
0.00440774835429
0.00208218836754
-0.00171840189461
-0.00226297095059
-0.00114417516345
-0.00116897829158
4.76836584e-06
0.00339858875207
0.00525547516084
0.00399526852757
0.00364442050776
0.00241272134606
-0.000952306299
-0.00254719619695
-0.00103176511542
-0.00106195853327
-0.00171897699641
-0.0004915412306
0.00331055690645
0.00658153381651
0.00855493928972
0.01160611611195
0.01426779043066
0.0159507255487
0.01490473956045
0.0146662308951
0.0151472108874
0.0154465274929
0.01594960209401
0.0160590777854
0.01426569637227
0.00914256723033
0.00422658937571
0.00284298079849
-0.00025546599102
-0.00725516335964
-0.01189770610054
-0.01342394603894
-0.01552677807739
-0.01926727459559
-0.02237014179715
-0.02566002599101
-0.02782887818793
-0.02885138626603
-0.027553769356
-0.02871587241061
-0.03304738251858
-0.03638508996204
-0.0335075365652
-0.02940717534802
-0.02626737935028
-0.02543818954603
-0.02233148578493
-0.01972283929161
-0.01686810654571
-0.01794150635678
-0.01877362707852
-0.01853820982418
-0.0172937162714
-0.01269861465266
-0.00666021003593
-0.00463400983508
-0.00395962367961
-0.00027595574098
0.00191219935627
0.00564470253261
0.00865116280136
0.01392761293759
0.0164724135776
0.01889254131777
0.02546298579586
0.02762070279907
0.02468429031205
0.02129118967433
0.01806803257471
0.01682828122351
0.01469728639246
0.01575563802479
0.01594388928873
0.01502144128181
0.0146769037146
0.01484776435858
0.01552501646987
0.014837355207
0.01063170259394
0.00339916652876
-0.00120780778966
-0.00305530227012
-0.00329509488368
-0.00267931370365
0.00107408420132
-0.0016397772624
-0.00626270196246
-0.00870121385395
-0.00660707903613
-0.00573145310491
-0.00634545166042
-0.00663242554948
-0.0067660860868
-0.00695185352235
-0.00735666023
-0.00671467083923
-0.00346872404099
0.00071709997901
-0.00114746298798
-0.00286916149605
-0.00438984950482
-0.005349199559
-0.00243743047083
-0.00731638399742
-0.00698321854294
-0.00603803777439
-0.00682981348061
-0.00655558736307
-0.00380629618914
0.00104125525049
0.00188421807419
0.00453128251434
0.00334299761579
0.00289820088902
0.003573254239
0.00375861700159
0.00384911624412
0.00401165033109
0.00436288277111
0.00371903471245
0.00082668151971
-0.0027318829761
-0.00084333845498
3.88112706e-05
-0.00081834693803
-0.00159691020575
-0.00117566590397
0.00180072055282
0.00538280384641
0.0036225910954
0.00265215475983
0.00319105495518
0.00358381777006
0.00384310537943
0.00370578367908
0.00333931008596
0.00286941904994
0.00350599101995
0.00652883462073
0.01025591464438
0.0082817869503
0.00720295710826
0.00777905244262
0.00849367279665
0.00899965920888
0.00810072350358
0.00487034801655
0.00137752014066
0.0040272105606
0.00503818985372
0.00095743635993
-0.00708047761995
-0.01145109465053
-0.00924274193974
-0.00326338059861
-0.00487533477969
-0.00693244909075
-0.00657582101123
-0.00664062600443
-0.00940043829327
-0.01348599589328
-0.01107086255879
-0.00723108933068
-0.00412904370312
-0.00654771171646
-0.00783482012177
-0.00659149587897
-0.00353321607181
-0.00019046924626
-0.00148183596518
0.00051216312024
0.00463350160558
0.00310293560238
0.00200112155884
0.00261849964947
0.00503166311698
0.00893302382522
0.01039858574682
0.01265116970923
0.01203660942638
0.01138494839
0.01181201784253
0.01197246933493
0.01196603430877
0.0120226885236
0.0124802135334
0.0122595005431
0.00949422001054
0.00402722966698
0.00178779127076
0.00306549208053
0.0013189522316
-0.0029503960587
-0.00283104160863
-0.00167154848446
-0.00148834130278
-0.00220700303666
-0.004700022351
-0.00790305279815
-0.00707842177431
-0.00579318197219
-0.00586261452874
-0.00599823537984
-0.00656079193886
-0.00864473159648
-0.01149007929235
-0.01062252389274
-0.0102835080671
-0.01236852914539
-0.0136272340178
-0.00995104572712
-0.00948623736824
-0.01055169274975
-0.0105460792976
-0.01046757503553
-0.01049995651512
-0.01030484224229
-0.00831074074672
-0.00483800857098
-0.00336471506481
-0.00158731116436
-0.00180624344077
-0.00054952180978
0.00338427960781
0.00520501141061
0.00721077925704
0.00635290314558
0.00606130169317
0.00852831264943
0.01185434992076
0.01125888454627
0.01018799531251
0.01029013797825
0.01057470828569
0.01067654524948
0.01056530030802
0.0104189493183
0.01030259533292
0.01022602463572
0.01018047504441
0.01012398896566
0.00998932725445
0.00968630019147
0.0093942745776
0.00955375164502
0.00990719278167
0.00961180826757
0.00757596317003
0.00491138086147
0.00537652167123
0.00434288986325
0.0005881415199
-0.00100048454499
-0.00118421715191
0.00221292639416
0.00267343123378
0.00128372352042
-0.00115163887669
-0.00556452073106
-0.00718879164392
-0.00597560961389
-0.00724667248784
-0.01079334632397
-0.01092309769753
-0.00984457737872
-0.00794379140494
-0.00542812798253
-0.00602253868527
-0.00686378078909
-0.00673996385473
-0.0066241257414
-0.00600896933974
-0.00413649900955
-0.00171016399118
-0.00267492344144
-0.0030230346645
-0.00051019669241
0.00253537279171
0.00011691429885
-0.00514362263675
-0.00765143716147
-0.00748642306739
-0.00741553842655
-0.00469746973968
-0.00490350521486
-0.00619829056052
-0.00646511104819
-0.00590424349247
-0.00387231520124
-0.001275956398
-0.00170313055344
-0.00236550223995
-0.00221899304946
-0.00202513559379
-0.00184412870193
-0.00165532602809
-0.00192010098756
-0.0020879550528
-0.00149351760114
1.63922547e-05
0.00052611612172
-0.00330634318712
-0.0025623949339
-0.00121519698804
-0.0015566622506
-0.00347463325978
-0.00664440524485
-0.0073381079426
-0.00901665241631
-0.00775787876095
-0.00758337262117
-0.00974604581732
-0.01274407635466
-0.01338814069745
-0.0150000803577
-0.01414217367604
-0.01392962674922
-0.01411926513578
-0.01244678884589
-0.00953427078793
-0.00858992687848
-0.00690992649921
-0.00788924271233
-0.00781120846702
-0.00527671762545
-0.00262694466598
-0.00366188373194
-0.00451589424218
-0.00432954597291
-0.00369705244911
-0.00161246432122
0.00062565153191
-0.00051398701453
-0.00116684143491
-0.0007451970457
-0.00046800103368
-0.00014592797464
-0.00013583495711
-0.0003777010324
-0.00057928151298
0.00010930186162
0.00182998960438
0.00330284328186
0.00216530070445
0.00207813475962
0.00346629409257
0.00476104428251
0.00361855812236
0.00394091854123
0.00146284652398
-0.00050576019279
-0.00265756148103
-0.001741799558
0.00144179665161
0.00196434714215
0.00258537607838
0.00245831679266
0.003473143727
0.0035318178675
0.00128263178231
0.00186011041802
0.00243464705453
0.00227795607831
0.00212093876524
0.00199370484728
0.00200356946724
0.00198960805896
0.00198453990267
0.00192866293506
0.00190834751164
0.00190120287482
0.00193856729628
0.00187468781574
0.00166967835275
0.00148749794751
0.00203667316771
0.0037568515728
0.00520270718212
0.0038870309291
0.00194542189837
0.00021387818241
-0.00029829563739
-0.00088186836515
-0.00026285144455
-0.00077765418653
-0.00284458153035
-0.0042421687116
-0.00271007075947
-0.00068232026758
-0.00026079953482
-0.00283225983092
-0.00447504099716
-0.00312375887317
-0.00240445478306
-0.00262533934858
-0.00336950923572
-0.0046385800793
-0.00566908226352
-0.00497635399075
-0.00464938664342
-0.00418585841147
-0.00293434403117
-0.00224930339831
-0.00263293642429
-0.0026937814308
-0.00310922007032
-0.00434901536617
-0.00489368453955
-0.00421274871969
-0.0040108860762
-0.00410663957108
-0.00405863290031
-0.00396060574714
-0.00389366466153
-0.00381207319184
-0.00371285762232
-0.00361608805056
-0.00353217668517
-0.00350146930591
-0.00349061803288
-0.00330473213782
-0.00263663809284
-0.00147979272973
-0.0008692191825
-0.00077636985619
0.00039266537238
0.00113787693892
0.00065955884639
0.00066371486447
0.00145495673865
0.00272084981041
0.00313864082647
0.00262943995818
0.00306944786383
0.0043299663131
0.00489761280967
0.00439859640201
0.00430331292389
0.00455638064486
0.00463900424077
0.00412402254851
0.00301132207622
0.00252236861267
0.00300075510602
0.00305489759715
0.00283950267449
0.00272744227307
0.00272119831064
0.00289096759863
0.00307049603941
0.00258041453565
0.00092492304637
-0.00048183710416
0.00024196787404
0.00197071606026
0.00192497349459
0.00069369658371
-0.00028137721231
-7.155791118e-05
0.00038505224731
-0.0001637889935
-0.00122651904207
-0.00125986806835
-0.00083453500293
-0.001214507248
-0.00216296017386
-0.00260954678558
-0.00312215317365
-0.00373455902198
-0.00423204615561
-0.0037314695216
-0.00259027953774
-0.00256552990745
-0.00291457428573
-0.00232969498782
-0.00076085127857
0.00038457114886
0.0002130748741
-0.00060478890199
-0.00169642459893
-0.00229869910234
-0.00193873352172
-0.00160875118885
-0.00165072903494
-0.00139247660881
-0.00060215910092
-6.241470962e-05
0.00037283009208
0.00052657199976
0.00078532042731
0.00150056899886
0.00166882009451
0.00177242669049
0.00241286693661
0.00291610623465
0.0036311209442
0.00431932788506
0.00453264670932
0.00488597320773
0.0049413052616
0.00469986185748
0.00471763078361
0.00499932749268
0.00516356586805
0.00455344590609
0.00418616029215
0.00423977277252
0.00397815686064
0.00358173058996
0.00361664595663
0.00329553280174
0.00304515487584
0.00306544393248
0.00272049787103
0.00216336561108
0.00204791764987
0.00197604864874
0.00142087593831
0.00098033458275
0.00064563679723
0.00061317621725
0.00072292589402
0.00069378218026
0.00065724965025
0.00059960916449
0.00035418716405
-3.776308356e-05
-6.969018687e-05
8.792152543e-05
9.334536594e-05
4.607673612e-05
2.429751238e-05
3.312240942e-05
4.669020351e-05
5.62529428e-05
6.230603257e-05
8.096397821e-05
0.00010984616395
0.00012613102173
0.0001372936522
0.00015048037352
0.00013501850361
0.00015692827737
0.00032456445354
0.00058855116052
0.00062280888586
0.00069369543733
0.00102578520305
0.0011162095486
0.00097026628886
0.00078484238588
0.00050926888698
0.00044988360731
0.00056065356435
0.00072089565091
0.00095311984833
0.0009123709241
0.00063203993852
0.00038064971882
0.00040859435487
0.00049575609631
0.00033899148412
5.928814287e-05
2.720148607e-05
0.00014033970469
0.00015425632764
0.00011481404999
0.00010439205894
0.00011557872522
0.00011913021768
0.00011694330232
0.00010491419788
0.00010980084363
0.00018396322083
0.00034109903161
0.0004615629505
0.00067342357644
0.00086730243124
0.0008174122543
0.00062389183504
0.00036463567475
0.0002100707792
0.00025946205055
0.00029869450202
0.00024699212389
0.00021184407981
0.00027835710627
0.00041062421585
0.00041150196259
0.00033917123687
0.00032084226475
0.00032997560742
0.00033776015486
0.00031447300273
0.00022478532247
9.206990096e-05
7.416902622e-05
0.00011971789148
0.00012355001834
8.557881671e-05
-4.49851509e-06
-0.00010551142486
-7.083630171e-05
-4.87164725e-05
-0.00011986627157
-0.00021300505941
-0.00019719388681
-0.00021826848283
-0.00031400107534
-0.00033187313767
-0.00033073481823
-0.00028106833869
-0.00033811732938
-0.00028770073367
-0.00017735019971
-0.0001823643996
-0.00019308483219
-0.00017478157725
-0.00016236602732
-0.00018948477133
-0.0002347802861
-0.00021516258917
-0.0002193837982
-0.00026089820012
-0.00024349382356
-0.0002489216382
-0.00028563082573
-0.00026117680924
-0.00023109187737
-0.00021345589337
-0.00017437835637
-0.00011332707747
-7.272813826e-05
-7.88479857e-06
2.827979239e-05
2.294329857e-05
5.775286944e-05
0.00013191746298
0.0001541227741
0.00012898176889
0.00014577428298
0.00018473045631
0.00019427653484
0.00023476622381
0.00026529923832
0.00028310026316
0.00030793839416
0.00032701843777
0.00032708890208
0.00029449839877
0.00025502214999
0.00019839976638
0.00016402312298
0.0001608367915
0.00017075800454
0.00014042411664
0.00013323350989
0.00010177918612
9.568769254e-05
9.361044775e-05
8.399038935e-05
7.645449224e-05
6.590189003e-05
4.911468751e-05
2.710053182e-05
1.889157836e-05
5.17600412e-06
5.60463265e-06
3.49664877e-06
-1.9142082e-06
-5.81945706e-06
-1.12616244e-05
-2.014734467e-05
-2.99211444e-05
-3.618506535e-05
-4.909752999e-05
-5.663491739e-05
-5.798065561e-05
-6.084752854e-05
-6.951899378e-05
-7.035871883e-05
-6.300907064e-05
-5.492833623e-05
-4.696858336e-05
-4.432177762e-05
-4.298123633e-05
-3.953822985e-05
-4.018165604e-05
-4.036698785e-05
-4.005994845e-05
-4.002429596e-05
-3.917490308e-05
-3.718870016e-05
-3.612659985e-05
-3.817312923e-05
-3.852899306e-05
-3.703678157e-05
-3.638308379e-05
-3.831152433e-05
-3.958855603e-05
-4.009002188e-05
-4.083933558e-05
-4.215110267e-05
-4.397346845e-05
-4.496975112e-05
-4.506318128e-05
-4.550602878e-05
-4.624567466e-05
-4.704600238e-05
-4.787712957e-05
-4.813445419e-05
-4.826923054e-05
-4.855452689e-05
-4.869209277e-05
-4.925206232e-05
-4.971569755e-05
-4.99062263e-05
-4.999759297e-05
-5.018651678e-05
-5.055446729e-05
-5.094465762e-05
-5.141826638e-05
-5.171590544e-05
-5.193478804e-05
-5.225558403e-05
-5.270347561e-05
-5.306821625e-05
-5.330150506e-05
-5.350422367e-05
-5.373292694e-05
-5.388226235e-05
-5.39915508e-05
-5.409354061e-05
-5.419121239e-05
-5.426133277e-05
-5.429392824e-05
-5.430294645e-05
-5.430955726e-05
-5.429946909e-05
-5.426656792e-05
-5.420986021e-05
-5.414210901e-05
-5.406056301e-05
-5.396506937e-05
-5.385341173e-05
-5.372750073e-05
-5.358649571e-05
-5.343066414e-05
-5.325950925e-05
-5.307348961e-05
-5.287249058e-05
-5.265677964e-05
