WARNING: CTestNormDispIncr::test() - failed to converge 
after: 20 iterations  current Norm: 0.000602481 (max: 1e-06, Norm deltaR: 6.50068)
NewtonRaphson::solveCurrentStep() -the ConvergenceTest object failed in test()
DirectIntegrationAnalysis::analyze() - the Algorithm failed at time 27.01
OpenSees > analyze failed, returned: -3 error flag
WARNING - ForceBeamColumn3d::update - failed to get compatible element forces & deformations for element: 1211(dW: << 0.0150059, dW0: 0.000825135)
Domain::update - domain failed in update
TRBDF2::update() - failed to update the domain
WARNING AcceleratedNewton::solveCurrentStep() -the Integrator failed in update()
DirectIntegrationAnalysis::analyze() - the Algorithm failed at time 27.01
OpenSees > analyze failed, returned: -3 error flag
WARNING - ForceBeamColumn3d::update - failed to get compatible element forces & deformations for element: 1211(dW: << 0.0150232, dW0: 0.000819249)
Domain::update - domain failed in update
TRBDF2::update() - failed to update the domain
WARNInG InitialInterpolatedLineSearch::search() -the Integrator failed in update()
WARNING - ForceBeamColumn3d::update - failed to get compatible element forces & deformations for element: 1211(dW: << 0.0150715, dW0: 0.000821931)
Domain::update - domain failed in update
TRBDF2::update() - failed to update the domain
WARNInG InitialInterpolatedLineSearch::search() -the Integrator failed in update()
WARNING - ForceBeamColumn3d::update - failed to get compatible element forces & deformations for element: 1211(dW: << 0.0150672, dW0: 0.00082144)
Domain::update - domain failed in update
TRBDF2::update() - failed to update the domain
WARNInG InitialInterpolatedLineSearch::search() -the Integrator failed in update()
WARNING - ForceBeamColumn3d::update - failed to get compatible element forces & deformations for element: 1211(dW: << 0.0150691, dW0: 0.000821537)
Domain::update - domain failed in update
TRBDF2::update() - failed to update the domain
WARNInG InitialInterpolatedLineSearch::search() -the Integrator failed in update()
WARNING - ForceBeamColumn3d::update - failed to get compatible element forces & deformations for element: 1211(dW: << 0.0150694, dW0: 0.000821551)
Domain::update - domain failed in update
TRBDF2::update() - failed to update the domain
WARNInG InitialInterpolatedLineSearch::search() -the Integrator failed in update()
WARNING - ForceBeamColumn3d::update - failed to get compatible element forces & deformations for element: 1211(dW: << 0.0150694, dW0: 0.000821552)
Domain::update - domain failed in update
TRBDF2::update() - failed to update the domain
WARNInG InitialInterpolatedLineSearch::search() -the Integrator failed in update()
WARNING - ForceBeamColumn3d::update - failed to get compatible element forces & deformations for element: 1211(dW: << 0.0150694, dW0: 0.000821553)
Domain::update - domain failed in update
TRBDF2::update() - failed to update the domain
WARNInG InitialInterpolatedLineSearch::search() -the Integrator failed in update()
WARNING - ForceBeamColumn3d::update - failed to get compatible element forces & deformations for element: 1211(dW: << 0.0150694, dW0: 0.000821553)
Domain::update - domain failed in update
TRBDF2::update() - failed to update the domain
WARNInG InitialInterpolatedLineSearch::search() -the Integrator failed in update()
WARNING - ForceBeamColumn3d::update - failed to get compatible element forces & deformations for element: 1211(dW: << 0.0150694, dW0: 0.000821553)
Domain::update - domain failed in update
TRBDF2::update() - failed to update the domain
WARNInG InitialInterpolatedLineSearch::search() -the Integrator failed in update()
WARNING: CTestNormDispIncr::test() - failed to converge 
after: 100 iterations  current Norm: 4.0918e-05 (max: 1e-06, Norm deltaR: 2.80802)
NewtonLineSearch::solveCurrentStep() -the ConvergenceTest object failed in test()
DirectIntegrationAnalysis::analyze() - the Algorithm failed at time 27.01
OpenSees > analyze failed, returned: -3 error flag
WARNING: CTestNormDispIncr::test() - failed to converge 
after: 10 iterations  current Norm: 1.00297e-05 (max: 1e-06, Norm deltaR: 7.31326)
WARNING: CTestNormDispIncr::test() - failed to converge 
after: 10 iterations  current Norm: 0.000605713 (max: 1e-06, Norm deltaR: 0.364072)
WARNING - ForceBeamColumn3d::update - failed to get compatible element forces & deformations for element: 1211(dW: << 0.0008252, dW0: 0.0148123)
Domain::update - domain failed in update
TRBDF2::update() - failed to update the domain
WARNING Broyden::solveCurrentStep() -the Integrator failed in update()
DirectIntegrationAnalysis::analyze() - the Algorithm failed at time 27.01
OpenSees > analyze failed, returned: -3 error flag
WARNING: CTestNormDispIncr::test() - failed to converge 
after: 10 iterations  current Norm: 0.164584 (max: 1e-06, Norm deltaR: 2.53377e+07)
WARNING - ForceBeamColumn3d::update - failed to get compatible element forces & deformations for element: 3200(dW: << 1.03411e-07, dW0: 0.452723)
Domain::update - domain failed in update
TRBDF2::update() - failed to update the domain
WARNING BFGS::solveCurrentStep() -the Integrator failed in update()
DirectIntegrationAnalysis::analyze() - the Algorithm failed at time 27.01
OpenSees > analyze failed, returned: -3 error flag
WARNING - ForceBeamColumn3d::update - failed to get compatible element forces & deformations for element: 1211(dW: << 0.000825192, dW0: 0.0147384)
Domain::update - domain failed in update
TRBDF2::update() - failed to update the domain
WARNING AcceleratedNewton::solveCurrentStep() -the Integrator failed in update()
DirectIntegrationAnalysis::analyze() - the Algorithm failed at time 27.0075
OpenSees > analyze failed, returned: -3 error flag
WARNING - ForceBeamColumn3d::update - failed to get compatible element forces & deformations for element: 1211(dW: << 0.000825194, dW0: 0.0147398)
Domain::update - domain failed in update
TRBDF2::update() - failed to update the domain
WARNING NewtonLineSearch::solveCurrentStep() -the Integrator failed in update()
DirectIntegrationAnalysis::analyze() - the Algorithm failed at time 27.0075
OpenSees > analyze failed, returned: -3 error flag
WARNING: CTestNormDispIncr::test() - failed to converge 
after: 10 iterations  current Norm: 0.000255117 (max: 1e-06, Norm deltaR: 289.865)
WARNING: CTestNormDispIncr::test() - failed to converge 
after: 10 iterations  current Norm: 0.00023092 (max: 1e-06, Norm deltaR: 0.244816)
WARNING - ForceBeamColumn3d::update - failed to get compatible element forces & deformations for element: 1211(dW: << 0.0145538, dW0: 0.000824744)
Domain::update - domain failed in update
TRBDF2::update() - failed to update the domain
WARNING Broyden::solveCurrentStep() -the Integrator failed in update()
DirectIntegrationAnalysis::analyze() - the Algorithm failed at time 27.0075
OpenSees > analyze failed, returned: -3 error flag
WARNING: CTestNormDispIncr::test() - failed to converge 
after: 10 iterations  current Norm: 0.297224 (max: 1e-06, Norm deltaR: 4.97611e+07)
WARNING: CTestNormDispIncr::test() - failed to converge 
after: 10 iterations  current Norm: 0.00041397 (max: 1e-06, Norm deltaR: 0.411759)
WARNING - ForceBeamColumn3d::update - failed to get compatible element forces & deformations for element: 2311(dW: << 0.000196766, dW0: 0.00553436)
Domain::update - domain failed in update
TRBDF2::update() - failed to update the domain
WARNING BFGS::solveCurrentStep() -the Integrator failed in update()
DirectIntegrationAnalysis::analyze() - the Algorithm failed at time 27.1925
OpenSees > analyze failed, returned: -3 error flag
WARNING - ForceBeamColumn3d::update - failed to get compatible element forces & deformations for element: 2311(dW: << 0.000196766, dW0: 0.00549133)
Domain::update - domain failed in update
TRBDF2::update() - failed to update the domain
WARNING AcceleratedNewton::solveCurrentStep() -the Integrator failed in update()
DirectIntegrationAnalysis::analyze() - the Algorithm failed at time 27.1925
OpenSees > analyze failed, returned: -3 error flag
WARNING: CTestNormDispIncr::test() - failed to converge 
after: 100 iterations  current Norm: 0.000247507 (max: 1e-06, Norm deltaR: 3.75981)
NewtonLineSearch::solveCurrentStep() -the ConvergenceTest object failed in test()
DirectIntegrationAnalysis::analyze() - the Algorithm failed at time 27.1925
OpenSees > analyze failed, returned: -3 error flag
WARNING: CTestNormDispIncr::test() - failed to converge 
after: 10 iterations  current Norm: 0.000187093 (max: 1e-06, Norm deltaR: 1.40174)
WARNING - ForceBeamColumn3d::update - failed to get compatible element forces & deformations for element: 2311(dW: << 0.000196763, dW0: 0.00544113)
Domain::update - domain failed in update
TRBDF2::update() - failed to update the domain
WARNING Broyden::solveCurrentStep() -the Integrator failed in update()
DirectIntegrationAnalysis::analyze() - the Algorithm failed at time 27.1925
OpenSees > analyze failed, returned: -3 error flag
WARNING: CTestNormDispIncr::test() - failed to converge 
after: 10 iterations  current Norm: 0.424681 (max: 1e-06, Norm deltaR: 228865)
WARNING: CTestNormDispIncr::test() - failed to converge 
after: 10 iterations  current Norm: 0.0101522 (max: 1e-06, Norm deltaR: 8.52826)
WARNING: CTestNormDispIncr::test() - failed to converge 
after: 10 iterations  current Norm: 0.000510402 (max: 1e-06, Norm deltaR: 0.643937)
WARNING - ForceBeamColumn3d::update - failed to get compatible element forces & deformations for element: 2311(dW: << 0.000196766, dW0: 0.00544181)
Domain::update - domain failed in update
TRBDF2::update() - failed to update the domain
WARNING BFGS::solveCurrentStep() -the Integrator failed in update()
DirectIntegrationAnalysis::analyze() - the Algorithm failed at time 27.1925
OpenSees > analyze failed, returned: -3 error flag
WARNING - ForceBeamColumn3d::update - failed to get compatible element forces & deformations for element: 2311(dW: << 0.00541558, dW0: 0.000196714)
Domain::update - domain failed in update
TRBDF2::update() - failed to update the domain
WARNING AcceleratedNewton::solveCurrentStep() -the Integrator failed in update()
DirectIntegrationAnalysis::analyze() - the Algorithm failed at time 27.19
OpenSees > analyze failed, returned: -3 error flag
WARNING: CTestNormDispIncr::test() - failed to converge 
after: 100 iterations  current Norm: 2.1493e-05 (max: 1e-06, Norm deltaR: 0.991555)
NewtonLineSearch::solveCurrentStep() -the ConvergenceTest object failed in test()
DirectIntegrationAnalysis::analyze() - the Algorithm failed at time 27.2
OpenSees > analyze failed, returned: -3 error flag
WARNING - ForceBeamColumn3d::update - failed to get compatible element forces & deformations for element: 2311(dW: << 0.000196765, dW0: 0.00550852)
Domain::update - domain failed in update
TRBDF2::update() - failed to update the domain
WARNING AcceleratedNewton::solveCurrentStep() -the Integrator failed in update()
DirectIntegrationAnalysis::analyze() - the Algorithm failed at time 27.2
OpenSees > analyze failed, returned: -3 error flag
WARNING - ForceBeamColumn3d::update - failed to get compatible element forces & deformations for element: 2001(dW: << 4.60335e-05, dW0: 0.00135993)
Domain::update - domain failed in update
TRBDF2::update() - failed to update the domain
WARNInG InitialInterpolatedLineSearch::search() -the Integrator failed in update()
WARNING - ForceBeamColumn3d::update - failed to get compatible element forces & deformations for element: 2001(dW: << 4.60335e-05, dW0: 0.00135993)
Domain::update - domain failed in update
TRBDF2::update() - failed to update the domain
WARNInG InitialInterpolatedLineSearch::search() -the Integrator failed in update()
WARNING - ForceBeamColumn3d::update - failed to get compatible element forces & deformations for element: 2001(dW: << 4.60335e-05, dW0: 0.00135993)
Domain::update - domain failed in update
TRBDF2::update() - failed to update the domain
WARNInG InitialInterpolatedLineSearch::search() -the Integrator failed in update()
WARNING - ForceBeamColumn3d::update - failed to get compatible element forces & deformations for element: 2001(dW: << 4.60335e-05, dW0: 0.00135993)
Domain::update - domain failed in update
TRBDF2::update() - failed to update the domain
WARNInG InitialInterpolatedLineSearch::search() -the Integrator failed in update()
WARNING - ForceBeamColumn3d::update - failed to get compatible element forces & deformations for element: 2001(dW: << 4.60335e-05, dW0: 0.00135993)
Domain::update - domain failed in update
TRBDF2::update() - failed to update the domain
WARNInG InitialInterpolatedLineSearch::search() -the Integrator failed in update()
WARNING - ForceBeamColumn3d::update - failed to get compatible element forces & deformations for element: 2001(dW: << 4.60335e-05, dW0: 0.00135993)
Domain::update - domain failed in update
TRBDF2::update() - failed to update the domain
WARNInG InitialInterpolatedLineSearch::search() -the Integrator failed in update()
WARNING - ForceBeamColumn3d::update - failed to get compatible element forces & deformations for element: 2001(dW: << 4.60335e-05, dW0: 0.00135993)
Domain::update - domain failed in update
TRBDF2::update() - failed to update the domain
WARNInG InitialInterpolatedLineSearch::search() -the Integrator failed in update()
WARNING - ForceBeamColumn3d::update - failed to get compatible element forces & deformations for element: 2001(dW: << 4.60335e-05, dW0: 0.00135993)
Domain::update - domain failed in update
TRBDF2::update() - failed to update the domain
WARNInG InitialInterpolatedLineSearch::search() -the Integrator failed in update()
WARNING - ForceBeamColumn3d::update - failed to get compatible element forces & deformations for element: 2001(dW: << 4.60335e-05, dW0: 0.00135993)
Domain::update - domain failed in update
TRBDF2::update() - failed to update the domain
WARNInG InitialInterpolatedLineSearch::search() -the Integrator failed in update()
WARNING - ForceBeamColumn3d::update - failed to get compatible element forces & deformations for element: 2001(dW: << 4.60335e-05, dW0: 0.00135993)
Domain::update - domain failed in update
TRBDF2::update() - failed to update the domain
WARNInG InitialInterpolatedLineSearch::search() -the Integrator failed in update()
WARNING - ForceBeamColumn3d::update - failed to get compatible element forces & deformations for element: 2001(dW: << 4.60335e-05, dW0: 0.00135993)
Domain::update - domain failed in update
TRBDF2::update() - failed to update the domain
WARNInG InitialInterpolatedLineSearch::search() -the Integrator failed in update()
WARNING - ForceBeamColumn3d::update - failed to get compatible element forces & deformations for element: 2001(dW: << 4.60335e-05, dW0: 0.00135993)
Domain::update - domain failed in update
TRBDF2::update() - failed to update the domain
WARNInG InitialInterpolatedLineSearch::search() -the Integrator failed in update()
WARNING - ForceBeamColumn3d::update - failed to get compatible element forces & deformations for element: 2001(dW: << 4.60335e-05, dW0: 0.00135993)
Domain::update - domain failed in update
TRBDF2::update() - failed to update the domain
WARNInG InitialInterpolatedLineSearch::search() -the Integrator failed in update()
WARNING - ForceBeamColumn3d::update - failed to get compatible element forces & deformations for element: 2001(dW: << 4.60335e-05, dW0: 0.00135993)
Domain::update - domain failed in update
TRBDF2::update() - failed to update the domain
WARNInG InitialInterpolatedLineSearch::search() -the Integrator failed in update()
WARNING - ForceBeamColumn3d::update - failed to get compatible element forces & deformations for element: 2001(dW: << 4.60335e-05, dW0: 0.00135993)
Domain::update - domain failed in update
TRBDF2::update() - failed to update the domain
WARNInG InitialInterpolatedLineSearch::search() -the Integrator failed in update()
WARNING - ForceBeamColumn3d::update - failed to get compatible element forces & deformations for element: 2001(dW: << 4.60335e-05, dW0: 0.00135993)
Domain::update - domain failed in update
TRBDF2::update() - failed to update the domain
WARNInG InitialInterpolatedLineSearch::search() -the Integrator failed in update()
WARNING - ForceBeamColumn3d::update - failed to get compatible element forces & deformations for element: 2001(dW: << 4.60335e-05, dW0: 0.00135993)
Domain::update - domain failed in update
TRBDF2::update() - failed to update the domain
WARNInG InitialInterpolatedLineSearch::search() -the Integrator failed in update()
WARNING - ForceBeamColumn3d::update - failed to get compatible element forces & deformations for element: 2001(dW: << 4.60335e-05, dW0: 0.00135993)
Domain::update - domain failed in update
TRBDF2::update() - failed to update the domain
WARNInG InitialInterpolatedLineSearch::search() -the Integrator failed in update()
WARNING - ForceBeamColumn3d::update - failed to get compatible element forces & deformations for element: 2001(dW: << 4.60335e-05, dW0: 0.00135993)
Domain::update - domain failed in update
TRBDF2::update() - failed to update the domain
WARNInG InitialInterpolatedLineSearch::search() -the Integrator failed in update()
WARNING - ForceBeamColumn3d::update - failed to get compatible element forces & deformations for element: 2001(dW: << 4.60335e-05, dW0: 0.00135993)
Domain::update - domain failed in update
TRBDF2::update() - failed to update the domain
WARNInG InitialInterpolatedLineSearch::search() -the Integrator failed in update()
WARNING: CTestNormDispIncr::test() - failed to converge 
after: 100 iterations  current Norm: 0.000117454 (max: 1e-06, Norm deltaR: 6.23355)
NewtonLineSearch::solveCurrentStep() -the ConvergenceTest object failed in test()
DirectIntegrationAnalysis::analyze() - the Algorithm failed at time 27.2
OpenSees > analyze failed, returned: -3 error flag
WARNING: CTestNormDispIncr::test() - failed to converge 
after: 10 iterations  current Norm: 9.48945e-05 (max: 1e-06, Norm deltaR: 281.692)
WARNING - ForceBeamColumn3d::update - failed to get compatible element forces & deformations for element: 2311(dW: << 0.000196765, dW0: 0.00546859)
Domain::update - domain failed in update
TRBDF2::update() - failed to update the domain
WARNING Broyden::solveCurrentStep() -the Integrator failed in update()
DirectIntegrationAnalysis::analyze() - the Algorithm failed at time 27.2
OpenSees > analyze failed, returned: -3 error flag
WARNING: CTestNormDispIncr::test() - failed to converge 
after: 10 iterations  current Norm: 3.96711 (max: 1e-06, Norm deltaR: 126543)
WARNING: CTestNormDispIncr::test() - failed to converge 
after: 10 iterations  current Norm: 0.0419605 (max: 1e-06, Norm deltaR: 22.2037)
WARNING: CTestNormDispIncr::test() - failed to converge 
after: 10 iterations  current Norm: 0.000515353 (max: 1e-06, Norm deltaR: 1.4251)
WARNING - ForceBeamColumn3d::update - failed to get compatible element forces & deformations for element: 2311(dW: << 0.000196763, dW0: 0.00545665)
Domain::update - domain failed in update
TRBDF2::update() - failed to update the domain
WARNING BFGS::solveCurrentStep() -the Integrator failed in update()
DirectIntegrationAnalysis::analyze() - the Algorithm failed at time 27.2
OpenSees > analyze failed, returned: -3 error flag
WARNING - ForceBeamColumn3d::update - failed to get compatible element forces & deformations for element: 2311(dW: << 0.000196765, dW0: 0.00547619)
Domain::update - domain failed in update
TRBDF2::update() - failed to update the domain
WARNING AcceleratedNewton::solveCurrentStep() -the Integrator failed in update()
DirectIntegrationAnalysis::analyze() - the Algorithm failed at time 27.1975
OpenSees > analyze failed, returned: -3 error flag
WARNING - ForceBeamColumn3d::update - failed to get compatible element forces & deformations for element: 2311(dW: << 0.000196766, dW0: 0.00556599)
Domain::update - domain failed in update
TRBDF2::update() - failed to update the domain
WARNInG InitialInterpolatedLineSearch::search() -the Integrator failed in update()
WARNING - ForceBeamColumn3d::update - failed to get compatible element forces & deformations for element: 2311(dW: << 0.000196766, dW0: 0.00556599)
Domain::update - domain failed in update
TRBDF2::update() - failed to update the domain
WARNInG InitialInterpolatedLineSearch::search() -the Integrator failed in update()
WARNING - ForceBeamColumn3d::update - failed to get compatible element forces & deformations for element: 2311(dW: << 0.000196766, dW0: 0.00556599)
Domain::update - domain failed in update
TRBDF2::update() - failed to update the domain
WARNInG InitialInterpolatedLineSearch::search() -the Integrator failed in update()
WARNING - ForceBeamColumn3d::update - failed to get compatible element forces & deformations for element: 2311(dW: << 0.000196766, dW0: 0.00556599)
Domain::update - domain failed in update
TRBDF2::update() - failed to update the domain
WARNInG InitialInterpolatedLineSearch::search() -the Integrator failed in update()
WARNING - ForceBeamColumn3d::update - failed to get compatible element forces & deformations for element: 2311(dW: << 0.000196766, dW0: 0.00556599)
Domain::update - domain failed in update
TRBDF2::update() - failed to update the domain
WARNInG InitialInterpolatedLineSearch::search() -the Integrator failed in update()
WARNING - ForceBeamColumn3d::update - failed to get compatible element forces & deformations for element: 2311(dW: << 0.000196766, dW0: 0.00556599)
Domain::update - domain failed in update
TRBDF2::update() - failed to update the domain
WARNInG InitialInterpolatedLineSearch::search() -the Integrator failed in update()
WARNING - ForceBeamColumn3d::update - failed to get compatible element forces & deformations for element: 2311(dW: << 0.000196766, dW0: 0.00556599)
Domain::update - domain failed in update
TRBDF2::update() - failed to update the domain
WARNInG InitialInterpolatedLineSearch::search() -the Integrator failed in update()
WARNING - ForceBeamColumn3d::update - failed to get compatible element forces & deformations for element: 2311(dW: << 0.000196766, dW0: 0.00556599)
Domain::update - domain failed in update
TRBDF2::update() - failed to update the domain
WARNInG InitialInterpolatedLineSearch::search() -the Integrator failed in update()
WARNING - ForceBeamColumn3d::update - failed to get compatible element forces & deformations for element: 2311(dW: << 0.000196766, dW0: 0.00556599)
Domain::update - domain failed in update
TRBDF2::update() - failed to update the domain
WARNInG InitialInterpolatedLineSearch::search() -the Integrator failed in update()
WARNING - ForceBeamColumn3d::update - failed to get compatible element forces & deformations for element: 2311(dW: << 0.000196766, dW0: 0.00556599)
Domain::update - domain failed in update
TRBDF2::update() - failed to update the domain
WARNInG InitialInterpolatedLineSearch::search() -the Integrator failed in update()
WARNING - ForceBeamColumn3d::update - failed to get compatible element forces & deformations for element: 2311(dW: << 0.000196766, dW0: 0.00556599)
Domain::update - domain failed in update
TRBDF2::update() - failed to update the domain
WARNInG InitialInterpolatedLineSearch::search() -the Integrator failed in update()
WARNING - ForceBeamColumn3d::update - failed to get compatible element forces & deformations for element: 2311(dW: << 0.000196766, dW0: 0.00556599)
Domain::update - domain failed in update
TRBDF2::update() - failed to update the domain
WARNInG InitialInterpolatedLineSearch::search() -the Integrator failed in update()
WARNING: CTestNormDispIncr::test() - failed to converge 
after: 100 iterations  current Norm: 9.28042e-05 (max: 1e-06, Norm deltaR: 1.2003)
NewtonLineSearch::solveCurrentStep() -the ConvergenceTest object failed in test()
DirectIntegrationAnalysis::analyze() - the Algorithm failed at time 27.1975
OpenSees > analyze failed, returned: -3 error flag
WARNING: CTestNormDispIncr::test() - failed to converge 
after: 10 iterations  current Norm: 0.000180408 (max: 1e-06, Norm deltaR: 352.701)
WARNING: CTestNormDispIncr::test() - failed to converge 
after: 10 iterations  current Norm: 1.66933e-05 (max: 1e-06, Norm deltaR: 2.39137)
WARNING: CTestNormDispIncr::test() - failed to converge 
after: 10 iterations  current Norm: 1.68422e-05 (max: 1e-06, Norm deltaR: 2.39137)
WARNING: CTestNormDispIncr::test() - failed to converge 
after: 10 iterations  current Norm: 1.68422e-05 (max: 1e-06, Norm deltaR: 2.39137)
WARNING: CTestNormDispIncr::test() - failed to converge 
after: 10 iterations  current Norm: 1.68422e-05 (max: 1e-06, Norm deltaR: 2.39137)
WARNING: CTestNormDispIncr::test() - failed to converge 
after: 10 iterations  current Norm: 1.68422e-05 (max: 1e-06, Norm deltaR: 2.39137)
WARNING: CTestNormDispIncr::test() - failed to converge 
after: 10 iterations  current Norm: 1.68422e-05 (max: 1e-06, Norm deltaR: 2.39137)
WARNING: CTestNormDispIncr::test() - failed to converge 
after: 10 iterations  current Norm: 1.68422e-05 (max: 1e-06, Norm deltaR: 2.39137)
WARNING: CTestNormDispIncr::test() - failed to converge 
after: 10 iterations  current Norm: 1.68422e-05 (max: 1e-06, Norm deltaR: 2.39137)
WARNING: CTestNormDispIncr::test() - failed to converge 
after: 10 iterations  current Norm: 1.68422e-05 (max: 1e-06, Norm deltaR: 2.39137)
WARNING: CTestNormDispIncr::test() - failed to converge 
after: 10 iterations  current Norm: 1.68422e-05 (max: 1e-06, Norm deltaR: 2.39137)
WARNING: CTestNormDispIncr::test() - failed to converge 
after: 10 iterations  current Norm: 1.68422e-05 (max: 1e-06, Norm deltaR: 2.39137)
WARNING: CTestNormDispIncr::test() - failed to converge 
after: 10 iterations  current Norm: 1.68422e-05 (max: 1e-06, Norm deltaR: 2.39137)
WARNING: CTestNormDispIncr::test() - failed to converge 
after: 10 iterations  current Norm: 1.68422e-05 (max: 1e-06, Norm deltaR: 2.39137)
WARNING: CTestNormDispIncr::test() - failed to converge 
after: 10 iterations  current Norm: 1.68422e-05 (max: 1e-06, Norm deltaR: 2.39137)
WARNING: CTestNormDispIncr::test() - failed to converge 
after: 10 iterations  current Norm: 1.68422e-05 (max: 1e-06, Norm deltaR: 2.39137)
WARNING: CTestNormDispIncr::test() - failed to converge 
after: 10 iterations  current Norm: 1.68422e-05 (max: 1e-06, Norm deltaR: 2.39137)
WARNING: CTestNormDispIncr::test() - failed to converge 
after: 10 iterations  current Norm: 1.68422e-05 (max: 1e-06, Norm deltaR: 2.39137)
WARNING: CTestNormDispIncr::test() - failed to converge 
after: 10 iterations  current Norm: 1.68422e-05 (max: 1e-06, Norm deltaR: 2.39137)
WARNING: CTestNormDispIncr::test() - failed to converge 
after: 10 iterations  current Norm: 1.68422e-05 (max: 1e-06, Norm deltaR: 2.39137)
WARNING: CTestNormDispIncr::test() - failed to converge 
after: 10 iterations  current Norm: 1.68422e-05 (max: 1e-06, Norm deltaR: 2.39137)
WARNING: CTestNormDispIncr::test() - failed to converge 
after: 10 iterations  current Norm: 1.68422e-05 (max: 1e-06, Norm deltaR: 2.39137)
WARNING: CTestNormDispIncr::test() - failed to converge 
after: 10 iterations  current Norm: 1.68422e-05 (max: 1e-06, Norm deltaR: 2.39137)
WARNING: CTestNormDispIncr::test() - failed to converge 
after: 10 iterations  current Norm: 1.68422e-05 (max: 1e-06, Norm deltaR: 2.39137)
WARNING: CTestNormDispIncr::test() - failed to converge 
after: 10 iterations  current Norm: 1.68422e-05 (max: 1e-06, Norm deltaR: 2.39137)
WARNING: CTestNormDispIncr::test() - failed to converge 
after: 10 iterations  current Norm: 1.68422e-05 (max: 1e-06, Norm deltaR: 2.39137)
WARNING: CTestNormDispIncr::test() - failed to converge 
after: 10 iterations  current Norm: 1.68422e-05 (max: 1e-06, Norm deltaR: 2.39137)
WARNING: CTestNormDispIncr::test() - failed to converge 
after: 10 iterations  current Norm: 1.68422e-05 (max: 1e-06, Norm deltaR: 2.39137)
WARNING: CTestNormDispIncr::test() - failed to converge 
after: 10 iterations  current Norm: 1.68422e-05 (max: 1e-06, Norm deltaR: 2.39137)
WARNING: CTestNormDispIncr::test() - failed to converge 
after: 10 iterations  current Norm: 1.68422e-05 (max: 1e-06, Norm deltaR: 2.39137)
WARNING: CTestNormDispIncr::test() - failed to converge 
after: 10 iterations  current Norm: 1.68422e-05 (max: 1e-06, Norm deltaR: 2.39137)
WARNING: CTestNormDispIncr::test() - failed to converge 
after: 10 iterations  current Norm: 1.68422e-05 (max: 1e-06, Norm deltaR: 2.39137)
WARNING: CTestNormDispIncr::test() - failed to converge 
after: 10 iterations  current Norm: 1.68422e-05 (max: 1e-06, Norm deltaR: 2.39137)
WARNING: CTestNormDispIncr::test() - failed to converge 
after: 10 iterations  current Norm: 1.68422e-05 (max: 1e-06, Norm deltaR: 2.39137)
WARNING: CTestNormDispIncr::test() - failed to converge 
after: 10 iterations  current Norm: 1.68422e-05 (max: 1e-06, Norm deltaR: 2.39137)
WARNING: CTestNormDispIncr::test() - failed to converge 
after: 10 iterations  current Norm: 1.68422e-05 (max: 1e-06, Norm deltaR: 2.39137)
WARNING: CTestNormDispIncr::test() - failed to converge 
after: 10 iterations  current Norm: 1.68422e-05 (max: 1e-06, Norm deltaR: 2.39137)
WARNING: CTestNormDispIncr::test() - failed to converge 
after: 10 iterations  current Norm: 1.68422e-05 (max: 1e-06, Norm deltaR: 2.39137)
WARNING: CTestNormDispIncr::test() - failed to converge 
after: 10 iterations  current Norm: 1.68422e-05 (max: 1e-06, Norm deltaR: 2.39137)
WARNING: CTestNormDispIncr::test() - failed to converge 
after: 10 iterations  current Norm: 1.68422e-05 (max: 1e-06, Norm deltaR: 2.39137)
WARNING: CTestNormDispIncr::test() - failed to converge 
after: 10 iterations  current Norm: 1.68422e-05 (max: 1e-06, Norm deltaR: 2.39137)
WARNING: CTestNormDispIncr::test() - failed to converge 
after: 10 iterations  current Norm: 1.68422e-05 (max: 1e-06, Norm deltaR: 2.39137)
WARNING: CTestNormDispIncr::test() - failed to converge 
after: 10 iterations  current Norm: 1.68422e-05 (max: 1e-06, Norm deltaR: 2.39137)
WARNING: CTestNormDispIncr::test() - failed to converge 
after: 10 iterations  current Norm: 1.68422e-05 (max: 1e-06, Norm deltaR: 2.39137)
WARNING: CTestNormDispIncr::test() - failed to converge 
after: 10 iterations  current Norm: 1.68422e-05 (max: 1e-06, Norm deltaR: 2.39137)
WARNING: CTestNormDispIncr::test() - failed to converge 
after: 10 iterations  current Norm: 1.68422e-05 (max: 1e-06, Norm deltaR: 2.39137)
WARNING: CTestNormDispIncr::test() - failed to converge 
after: 10 iterations  current Norm: 1.68422e-05 (max: 1e-06, Norm deltaR: 2.39137)
WARNING: CTestNormDispIncr::test() - failed to converge 
after: 10 iterations  current Norm: 1.68422e-05 (max: 1e-06, Norm deltaR: 2.39137)
WARNING: CTestNormDispIncr::test() - failed to converge 
after: 10 iterations  current Norm: 1.68422e-05 (max: 1e-06, Norm deltaR: 2.39137)
WARNING: CTestNormDispIncr::test() - failed to converge 
after: 10 iterations  current Norm: 1.68422e-05 (max: 1e-06, Norm deltaR: 2.39137)
WARNING: CTestNormDispIncr::test() - failed to converge 
after: 10 iterations  current Norm: 1.68422e-05 (max: 1e-06, Norm deltaR: 2.39137)
WARNING: CTestNormDispIncr::test() - failed to converge 
after: 10 iterations  current Norm: 1.68422e-05 (max: 1e-06, Norm deltaR: 2.39137)
WARNING: CTestNormDispIncr::test() - failed to converge 
after: 10 iterations  current Norm: 1.68422e-05 (max: 1e-06, Norm deltaR: 2.39137)
WARNING: CTestNormDispIncr::test() - failed to converge 
after: 10 iterations  current Norm: 1.68422e-05 (max: 1e-06, Norm deltaR: 2.39137)
WARNING: CTestNormDispIncr::test() - failed to converge 
after: 10 iterations  current Norm: 1.68422e-05 (max: 1e-06, Norm deltaR: 2.39137)
WARNING: CTestNormDispIncr::test() - failed to converge 
after: 10 iterations  current Norm: 1.68422e-05 (max: 1e-06, Norm deltaR: 2.39137)
WARNING: CTestNormDispIncr::test() - failed to converge 
after: 10 iterations  current Norm: 1.68422e-05 (max: 1e-06, Norm deltaR: 2.39137)
WARNING: CTestNormDispIncr::test() - failed to converge 
after: 10 iterations  current Norm: 1.68422e-05 (max: 1e-06, Norm deltaR: 2.39137)
WARNING: CTestNormDispIncr::test() - failed to converge 
after: 10 iterations  current Norm: 1.68422e-05 (max: 1e-06, Norm deltaR: 2.39137)
WARNING: CTestNormDispIncr::test() - failed to converge 
after: 10 iterations  current Norm: 1.68422e-05 (max: 1e-06, Norm deltaR: 2.39137)
WARNING: CTestNormDispIncr::test() - failed to converge 
after: 10 iterations  current Norm: 1.68422e-05 (max: 1e-06, Norm deltaR: 2.39137)
WARNING: CTestNormDispIncr::test() - failed to converge 
after: 10 iterations  current Norm: 1.68422e-05 (max: 1e-06, Norm deltaR: 2.39137)
WARNING: CTestNormDispIncr::test() - failed to converge 
after: 10 iterations  current Norm: 1.68422e-05 (max: 1e-06, Norm deltaR: 2.39137)
WARNING: CTestNormDispIncr::test() - failed to converge 
after: 10 iterations  current Norm: 1.68422e-05 (max: 1e-06, Norm deltaR: 2.39137)
WARNING: CTestNormDispIncr::test() - failed to converge 
after: 10 iterations  current Norm: 1.68422e-05 (max: 1e-06, Norm deltaR: 2.39137)
WARNING: CTestNormDispIncr::test() - failed to converge 
after: 10 iterations  current Norm: 1.68422e-05 (max: 1e-06, Norm deltaR: 2.39137)
WARNING: CTestNormDispIncr::test() - failed to converge 
after: 10 iterations  current Norm: 1.68422e-05 (max: 1e-06, Norm deltaR: 2.39137)
WARNING: CTestNormDispIncr::test() - failed to converge 
after: 10 iterations  current Norm: 1.68422e-05 (max: 1e-06, Norm deltaR: 2.39137)
WARNING: CTestNormDispIncr::test() - failed to converge 
after: 10 iterations  current Norm: 1.68422e-05 (max: 1e-06, Norm deltaR: 2.39137)
WARNING: CTestNormDispIncr::test() - failed to converge 
after: 10 iterations  current Norm: 1.68422e-05 (max: 1e-06, Norm deltaR: 2.39137)
WARNING: CTestNormDispIncr::test() - failed to converge 
after: 10 iterations  current Norm: 1.68422e-05 (max: 1e-06, Norm deltaR: 2.39137)
WARNING: CTestNormDispIncr::test() - failed to converge 
after: 10 iterations  current Norm: 1.68422e-05 (max: 1e-06, Norm deltaR: 2.39137)
WARNING: CTestNormDispIncr::test() - failed to converge 
after: 10 iterations  current Norm: 1.68422e-05 (max: 1e-06, Norm deltaR: 2.39137)
WARNING: CTestNormDispIncr::test() - failed to converge 
after: 10 iterations  current Norm: 1.68422e-05 (max: 1e-06, Norm deltaR: 2.39137)
WARNING: CTestNormDispIncr::test() - failed to converge 
after: 10 iterations  current Norm: 1.68422e-05 (max: 1e-06, Norm deltaR: 2.39137)
WARNING: CTestNormDispIncr::test() - failed to converge 
after: 10 iterations  current Norm: 1.68422e-05 (max: 1e-06, Norm deltaR: 2.39137)
WARNING: CTestNormDispIncr::test() - failed to converge 
after: 10 iterations  current Norm: 1.68422e-05 (max: 1e-06, Norm deltaR: 2.39137)
WARNING: CTestNormDispIncr::test() - failed to converge 
after: 10 iterations  current Norm: 1.68422e-05 (max: 1e-06, Norm deltaR: 2.39137)
WARNING: CTestNormDispIncr::test() - failed to converge 
after: 10 iterations  current Norm: 1.68422e-05 (max: 1e-06, Norm deltaR: 2.39137)
WARNING: CTestNormDispIncr::test() - failed to converge 
after: 10 iterations  current Norm: 1.68422e-05 (max: 1e-06, Norm deltaR: 2.39137)
WARNING: CTestNormDispIncr::test() - failed to converge 
after: 10 iterations  current Norm: 1.68422e-05 (max: 1e-06, Norm deltaR: 2.39137)
WARNING: CTestNormDispIncr::test() - failed to converge 
after: 10 iterations  current Norm: 1.68422e-05 (max: 1e-06, Norm deltaR: 2.39137)
WARNING: CTestNormDispIncr::test() - failed to converge 
after: 10 iterations  current Norm: 1.68422e-05 (max: 1e-06, Norm deltaR: 2.39137)
WARNING: CTestNormDispIncr::test() - failed to converge 
after: 10 iterations  current Norm: 1.68422e-05 (max: 1e-06, Norm deltaR: 2.39137)
WARNING: CTestNormDispIncr::test() - failed to converge 
after: 10 iterations  current Norm: 1.68422e-05 (max: 1e-06, Norm deltaR: 2.39137)
WARNING: CTestNormDispIncr::test() - failed to converge 
after: 10 iterations  current Norm: 1.68422e-05 (max: 1e-06, Norm deltaR: 2.39137)
WARNING: CTestNormDispIncr::test() - failed to converge 
after: 10 iterations  current Norm: 1.68422e-05 (max: 1e-06, Norm deltaR: 2.39137)
WARNING: CTestNormDispIncr::test() - failed to converge 
after: 10 iterations  current Norm: 1.68422e-05 (max: 1e-06, Norm deltaR: 2.39137)
WARNING: CTestNormDispIncr::test() - failed to converge 
after: 10 iterations  current Norm: 1.68422e-05 (max: 1e-06, Norm deltaR: 2.39137)
WARNING: CTestNormDispIncr::test() - failed to converge 
after: 10 iterations  current Norm: 1.68422e-05 (max: 1e-06, Norm deltaR: 2.39137)
WARNING: CTestNormDispIncr::test() - failed to converge 
after: 10 iterations  current Norm: 1.68422e-05 (max: 1e-06, Norm deltaR: 2.39137)
WARNING: CTestNormDispIncr::test() - failed to converge 
after: 10 iterations  current Norm: 1.68422e-05 (max: 1e-06, Norm deltaR: 2.39137)
WARNING: CTestNormDispIncr::test() - failed to converge 
after: 10 iterations  current Norm: 1.68422e-05 (max: 1e-06, Norm deltaR: 2.39137)
WARNING: CTestNormDispIncr::test() - failed to converge 
after: 10 iterations  current Norm: 1.68422e-05 (max: 1e-06, Norm deltaR: 2.39137)
WARNING: CTestNormDispIncr::test() - failed to converge 
after: 10 iterations  current Norm: 1.68422e-05 (max: 1e-06, Norm deltaR: 2.39137)
WARNING: CTestNormDispIncr::test() - failed to converge 
after: 10 iterations  current Norm: 1.68422e-05 (max: 1e-06, Norm deltaR: 2.39137)
WARNING: CTestNormDispIncr::test() - failed to converge 
after: 10 iterations  current Norm: 1.68422e-05 (max: 1e-06, Norm deltaR: 2.39137)
WARNING: CTestNormDispIncr::test() - failed to converge 
after: 10 iterations  current Norm: 1.68422e-05 (max: 1e-06, Norm deltaR: 2.39137)
WARNING: CTestNormDispIncr::test() - failed to converge 
after: 10 iterations  current Norm: 1.68422e-05 (max: 1e-06, Norm deltaR: 2.39137)
WARNING: CTestNormDispIncr::test() - failed to converge 
after: 10 iterations  current Norm: 1.68422e-05 (max: 1e-06, Norm deltaR: 2.39137)
WARNING: CTestNormDispIncr::test() - failed to converge 
after: 100 iterations  current Norm: 1.68422e-05 (max: 1e-06, Norm deltaR: 2.39137)
Broyden::solveCurrentStep() -the ConvergenceTest object failed in test()
DirectIntegrationAnalysis::analyze() - the Algorithm failed at time 27.1975
OpenSees > analyze failed, returned: -3 error flag
WARNING: CTestNormDispIncr::test() - failed to converge 
after: 10 iterations  current Norm: 8.01048 (max: 1e-06, Norm deltaR: 1.99312e+06)
WARNING: CTestNormDispIncr::test() - failed to converge 
after: 10 iterations  current Norm: 0.000503074 (max: 1e-06, Norm deltaR: 1.0177)
WARNING - ForceBeamColumn3d::update - failed to get compatible element forces & deformations for element: 2311(dW: << 0.000196762, dW0: 0.00542878)
Domain::update - domain failed in update
TRBDF2::update() - failed to update the domain
WARNING BFGS::solveCurrentStep() -the Integrator failed in update()
DirectIntegrationAnalysis::analyze() - the Algorithm failed at time 27.1975
OpenSees > analyze failed, returned: -3 error flag
WARNING: CTestNormDispIncr::test() - failed to converge 
after: 100 iterations  current Norm: 5.86707e-05 (max: 1e-06, Norm deltaR: 0.828458)
AcceleratedNewton::solveCurrentStep() -The ConvergenceTest object failed in test()
DirectIntegrationAnalysis::analyze() - the Algorithm failed at time 27.1962
OpenSees > analyze failed, returned: -3 error flag
WARNING: CTestNormDispIncr::test() - failed to converge 
after: 100 iterations  current Norm: 3.50802e-05 (max: 1e-06, Norm deltaR: 0.852248)
NewtonLineSearch::solveCurrentStep() -the ConvergenceTest object failed in test()
DirectIntegrationAnalysis::analyze() - the Algorithm failed at time 27.1962
OpenSees > analyze failed, returned: -3 error flag
WARNING: CTestNormDispIncr::test() - failed to converge 
after: 10 iterations  current Norm: 0.000119292 (max: 1e-06, Norm deltaR: 1682.37)
WARNING: CTestNormDispIncr::test() - failed to converge 
after: 10 iterations  current Norm: 1.65757e-05 (max: 1e-06, Norm deltaR: 2.1632)
WARNING: CTestNormDispIncr::test() - failed to converge 
after: 10 iterations  current Norm: 4.31447e-05 (max: 1e-06, Norm deltaR: 1.40629)
WARNING: CTestNormDispIncr::test() - failed to converge 
after: 10 iterations  current Norm: 6.71356e-05 (max: 1e-06, Norm deltaR: 1.40629)
WARNING: CTestNormDispIncr::test() - failed to converge 
after: 10 iterations  current Norm: 6.71356e-05 (max: 1e-06, Norm deltaR: 1.40629)
WARNING: CTestNormDispIncr::test() - failed to converge 
after: 10 iterations  current Norm: 6.71356e-05 (max: 1e-06, Norm deltaR: 1.40629)
WARNING: CTestNormDispIncr::test() - failed to converge 
after: 10 iterations  current Norm: 6.71356e-05 (max: 1e-06, Norm deltaR: 1.40629)
WARNING: CTestNormDispIncr::test() - failed to converge 
after: 10 iterations  current Norm: 6.71356e-05 (max: 1e-06, Norm deltaR: 1.40629)
WARNING: CTestNormDispIncr::test() - failed to converge 
after: 10 iterations  current Norm: 6.71356e-05 (max: 1e-06, Norm deltaR: 1.40629)
WARNING: CTestNormDispIncr::test() - failed to converge 
after: 10 iterations  current Norm: 6.71356e-05 (max: 1e-06, Norm deltaR: 1.40629)
WARNING: CTestNormDispIncr::test() - failed to converge 
after: 10 iterations  current Norm: 6.71356e-05 (max: 1e-06, Norm deltaR: 1.40629)
WARNING: CTestNormDispIncr::test() - failed to converge 
after: 10 iterations  current Norm: 6.71356e-05 (max: 1e-06, Norm deltaR: 1.40629)
WARNING: CTestNormDispIncr::test() - failed to converge 
after: 10 iterations  current Norm: 6.71356e-05 (max: 1e-06, Norm deltaR: 1.40629)
WARNING: CTestNormDispIncr::test() - failed to converge 
after: 10 iterations  current Norm: 6.71356e-05 (max: 1e-06, Norm deltaR: 1.40629)
WARNING: CTestNormDispIncr::test() - failed to converge 
after: 10 iterations  current Norm: 6.71356e-05 (max: 1e-06, Norm deltaR: 1.40629)
WARNING: CTestNormDispIncr::test() - failed to converge 
after: 10 iterations  current Norm: 6.71356e-05 (max: 1e-06, Norm deltaR: 1.40629)
WARNING: CTestNormDispIncr::test() - failed to converge 
after: 10 iterations  current Norm: 6.71356e-05 (max: 1e-06, Norm deltaR: 1.40629)
WARNING: CTestNormDispIncr::test() - failed to converge 
after: 10 iterations  current Norm: 6.71356e-05 (max: 1e-06, Norm deltaR: 1.40629)
WARNING: CTestNormDispIncr::test() - failed to converge 
after: 10 iterations  current Norm: 6.71356e-05 (max: 1e-06, Norm deltaR: 1.40629)
WARNING: CTestNormDispIncr::test() - failed to converge 
after: 10 iterations  current Norm: 6.71356e-05 (max: 1e-06, Norm deltaR: 1.40629)
WARNING: CTestNormDispIncr::test() - failed to converge 
after: 10 iterations  current Norm: 6.71356e-05 (max: 1e-06, Norm deltaR: 1.40629)
WARNING: CTestNormDispIncr::test() - failed to converge 
after: 10 iterations  current Norm: 6.71356e-05 (max: 1e-06, Norm deltaR: 1.40629)
WARNING: CTestNormDispIncr::test() - failed to converge 
after: 10 iterations  current Norm: 6.71356e-05 (max: 1e-06, Norm deltaR: 1.40629)
WARNING: CTestNormDispIncr::test() - failed to converge 
after: 10 iterations  current Norm: 6.71356e-05 (max: 1e-06, Norm deltaR: 1.40629)
WARNING: CTestNormDispIncr::test() - failed to converge 
after: 10 iterations  current Norm: 6.71356e-05 (max: 1e-06, Norm deltaR: 1.40629)
WARNING: CTestNormDispIncr::test() - failed to converge 
after: 10 iterations  current Norm: 6.71356e-05 (max: 1e-06, Norm deltaR: 1.40629)
WARNING: CTestNormDispIncr::test() - failed to converge 
after: 10 iterations  current Norm: 6.71356e-05 (max: 1e-06, Norm deltaR: 1.40629)
WARNING: CTestNormDispIncr::test() - failed to converge 
after: 10 iterations  current Norm: 6.71356e-05 (max: 1e-06, Norm deltaR: 1.40629)
WARNING: CTestNormDispIncr::test() - failed to converge 
after: 10 iterations  current Norm: 6.71356e-05 (max: 1e-06, Norm deltaR: 1.40629)
WARNING: CTestNormDispIncr::test() - failed to converge 
after: 10 iterations  current Norm: 6.71356e-05 (max: 1e-06, Norm deltaR: 1.40629)
WARNING: CTestNormDispIncr::test() - failed to converge 
after: 10 iterations  current Norm: 6.71356e-05 (max: 1e-06, Norm deltaR: 1.40629)
WARNING: CTestNormDispIncr::test() - failed to converge 
after: 10 iterations  current Norm: 6.71356e-05 (max: 1e-06, Norm deltaR: 1.40629)
WARNING: CTestNormDispIncr::test() - failed to converge 
after: 10 iterations  current Norm: 6.71356e-05 (max: 1e-06, Norm deltaR: 1.40629)
WARNING: CTestNormDispIncr::test() - failed to converge 
after: 10 iterations  current Norm: 6.71356e-05 (max: 1e-06, Norm deltaR: 1.40629)
WARNING: CTestNormDispIncr::test() - failed to converge 
after: 10 iterations  current Norm: 6.71356e-05 (max: 1e-06, Norm deltaR: 1.40629)
WARNING: CTestNormDispIncr::test() - failed to converge 
after: 10 iterations  current Norm: 6.71356e-05 (max: 1e-06, Norm deltaR: 1.40629)
WARNING: CTestNormDispIncr::test() - failed to converge 
after: 10 iterations  current Norm: 6.71356e-05 (max: 1e-06, Norm deltaR: 1.40629)
WARNING: CTestNormDispIncr::test() - failed to converge 
after: 10 iterations  current Norm: 6.71356e-05 (max: 1e-06, Norm deltaR: 1.40629)
WARNING: CTestNormDispIncr::test() - failed to converge 
after: 10 iterations  current Norm: 6.71356e-05 (max: 1e-06, Norm deltaR: 1.40629)
WARNING: CTestNormDispIncr::test() - failed to converge 
after: 10 iterations  current Norm: 6.71356e-05 (max: 1e-06, Norm deltaR: 1.40629)
WARNING: CTestNormDispIncr::test() - failed to converge 
after: 10 iterations  current Norm: 6.71356e-05 (max: 1e-06, Norm deltaR: 1.40629)
WARNING: CTestNormDispIncr::test() - failed to converge 
after: 10 iterations  current Norm: 6.71356e-05 (max: 1e-06, Norm deltaR: 1.40629)
WARNING: CTestNormDispIncr::test() - failed to converge 
after: 10 iterations  current Norm: 6.71356e-05 (max: 1e-06, Norm deltaR: 1.40629)
WARNING: CTestNormDispIncr::test() - failed to converge 
after: 10 iterations  current Norm: 6.71356e-05 (max: 1e-06, Norm deltaR: 1.40629)
WARNING: CTestNormDispIncr::test() - failed to converge 
after: 10 iterations  current Norm: 6.71356e-05 (max: 1e-06, Norm deltaR: 1.40629)
WARNING: CTestNormDispIncr::test() - failed to converge 
after: 10 iterations  current Norm: 6.71356e-05 (max: 1e-06, Norm deltaR: 1.40629)
WARNING: CTestNormDispIncr::test() - failed to converge 
after: 10 iterations  current Norm: 6.71356e-05 (max: 1e-06, Norm deltaR: 1.40629)
WARNING: CTestNormDispIncr::test() - failed to converge 
after: 10 iterations  current Norm: 6.71356e-05 (max: 1e-06, Norm deltaR: 1.40629)
WARNING: CTestNormDispIncr::test() - failed to converge 
after: 10 iterations  current Norm: 6.71356e-05 (max: 1e-06, Norm deltaR: 1.40629)
WARNING: CTestNormDispIncr::test() - failed to converge 
after: 10 iterations  current Norm: 6.71356e-05 (max: 1e-06, Norm deltaR: 1.40629)
WARNING: CTestNormDispIncr::test() - failed to converge 
after: 10 iterations  current Norm: 6.71356e-05 (max: 1e-06, Norm deltaR: 1.40629)
WARNING: CTestNormDispIncr::test() - failed to converge 
after: 10 iterations  current Norm: 6.71356e-05 (max: 1e-06, Norm deltaR: 1.40629)
WARNING: CTestNormDispIncr::test() - failed to converge 
after: 10 iterations  current Norm: 6.71356e-05 (max: 1e-06, Norm deltaR: 1.40629)
WARNING: CTestNormDispIncr::test() - failed to converge 
after: 10 iterations  current Norm: 6.71356e-05 (max: 1e-06, Norm deltaR: 1.40629)
WARNING: CTestNormDispIncr::test() - failed to converge 
after: 10 iterations  current Norm: 6.71356e-05 (max: 1e-06, Norm deltaR: 1.40629)
WARNING: CTestNormDispIncr::test() - failed to converge 
after: 10 iterations  current Norm: 6.71356e-05 (max: 1e-06, Norm deltaR: 1.40629)
WARNING: CTestNormDispIncr::test() - failed to converge 
after: 10 iterations  current Norm: 6.71356e-05 (max: 1e-06, Norm deltaR: 1.40629)
WARNING: CTestNormDispIncr::test() - failed to converge 
after: 10 iterations  current Norm: 6.71356e-05 (max: 1e-06, Norm deltaR: 1.40629)
WARNING: CTestNormDispIncr::test() - failed to converge 
after: 10 iterations  current Norm: 6.71356e-05 (max: 1e-06, Norm deltaR: 1.40629)
WARNING: CTestNormDispIncr::test() - failed to converge 
after: 10 iterations  current Norm: 6.71356e-05 (max: 1e-06, Norm deltaR: 1.40629)
WARNING: CTestNormDispIncr::test() - failed to converge 
after: 10 iterations  current Norm: 6.71356e-05 (max: 1e-06, Norm deltaR: 1.40629)
WARNING: CTestNormDispIncr::test() - failed to converge 
after: 10 iterations  current Norm: 6.71356e-05 (max: 1e-06, Norm deltaR: 1.40629)
WARNING: CTestNormDispIncr::test() - failed to converge 
after: 10 iterations  current Norm: 6.71356e-05 (max: 1e-06, Norm deltaR: 1.40629)
WARNING: CTestNormDispIncr::test() - failed to converge 
after: 10 iterations  current Norm: 6.71356e-05 (max: 1e-06, Norm deltaR: 1.40629)
WARNING: CTestNormDispIncr::test() - failed to converge 
after: 10 iterations  current Norm: 6.71356e-05 (max: 1e-06, Norm deltaR: 1.40629)
WARNING: CTestNormDispIncr::test() - failed to converge 
after: 10 iterations  current Norm: 6.71356e-05 (max: 1e-06, Norm deltaR: 1.40629)
WARNING: CTestNormDispIncr::test() - failed to converge 
after: 10 iterations  current Norm: 6.71356e-05 (max: 1e-06, Norm deltaR: 1.40629)
WARNING: CTestNormDispIncr::test() - failed to converge 
after: 10 iterations  current Norm: 6.71356e-05 (max: 1e-06, Norm deltaR: 1.40629)
WARNING: CTestNormDispIncr::test() - failed to converge 
after: 10 iterations  current Norm: 6.71356e-05 (max: 1e-06, Norm deltaR: 1.40629)
WARNING: CTestNormDispIncr::test() - failed to converge 
after: 10 iterations  current Norm: 6.71356e-05 (max: 1e-06, Norm deltaR: 1.40629)
WARNING: CTestNormDispIncr::test() - failed to converge 
after: 10 iterations  current Norm: 6.71356e-05 (max: 1e-06, Norm deltaR: 1.40629)
WARNING: CTestNormDispIncr::test() - failed to converge 
after: 10 iterations  current Norm: 6.71356e-05 (max: 1e-06, Norm deltaR: 1.40629)
WARNING: CTestNormDispIncr::test() - failed to converge 
after: 10 iterations  current Norm: 6.71356e-05 (max: 1e-06, Norm deltaR: 1.40629)
WARNING: CTestNormDispIncr::test() - failed to converge 
after: 10 iterations  current Norm: 6.71356e-05 (max: 1e-06, Norm deltaR: 1.40629)
WARNING: CTestNormDispIncr::test() - failed to converge 
after: 10 iterations  current Norm: 6.71356e-05 (max: 1e-06, Norm deltaR: 1.40629)
WARNING: CTestNormDispIncr::test() - failed to converge 
after: 10 iterations  current Norm: 6.71356e-05 (max: 1e-06, Norm deltaR: 1.40629)
WARNING: CTestNormDispIncr::test() - failed to converge 
after: 10 iterations  current Norm: 6.71356e-05 (max: 1e-06, Norm deltaR: 1.40629)
WARNING: CTestNormDispIncr::test() - failed to converge 
after: 10 iterations  current Norm: 6.71356e-05 (max: 1e-06, Norm deltaR: 1.40629)
WARNING: CTestNormDispIncr::test() - failed to converge 
after: 10 iterations  current Norm: 6.71356e-05 (max: 1e-06, Norm deltaR: 1.40629)
WARNING: CTestNormDispIncr::test() - failed to converge 
after: 10 iterations  current Norm: 6.71356e-05 (max: 1e-06, Norm deltaR: 1.40629)
WARNING: CTestNormDispIncr::test() - failed to converge 
after: 10 iterations  current Norm: 6.71356e-05 (max: 1e-06, Norm deltaR: 1.40629)
WARNING: CTestNormDispIncr::test() - failed to converge 
after: 10 iterations  current Norm: 6.71356e-05 (max: 1e-06, Norm deltaR: 1.40629)
WARNING: CTestNormDispIncr::test() - failed to converge 
after: 10 iterations  current Norm: 6.71356e-05 (max: 1e-06, Norm deltaR: 1.40629)
WARNING: CTestNormDispIncr::test() - failed to converge 
after: 10 iterations  current Norm: 6.71356e-05 (max: 1e-06, Norm deltaR: 1.40629)
WARNING: CTestNormDispIncr::test() - failed to converge 
after: 10 iterations  current Norm: 6.71356e-05 (max: 1e-06, Norm deltaR: 1.40629)
WARNING: CTestNormDispIncr::test() - failed to converge 
after: 10 iterations  current Norm: 6.71356e-05 (max: 1e-06, Norm deltaR: 1.40629)
WARNING: CTestNormDispIncr::test() - failed to converge 
after: 10 iterations  current Norm: 6.71356e-05 (max: 1e-06, Norm deltaR: 1.40629)
WARNING: CTestNormDispIncr::test() - failed to converge 
after: 10 iterations  current Norm: 6.71356e-05 (max: 1e-06, Norm deltaR: 1.40629)
WARNING: CTestNormDispIncr::test() - failed to converge 
after: 10 iterations  current Norm: 6.71356e-05 (max: 1e-06, Norm deltaR: 1.40629)
WARNING: CTestNormDispIncr::test() - failed to converge 
after: 10 iterations  current Norm: 6.71356e-05 (max: 1e-06, Norm deltaR: 1.40629)
WARNING: CTestNormDispIncr::test() - failed to converge 
after: 10 iterations  current Norm: 6.71356e-05 (max: 1e-06, Norm deltaR: 1.40629)
WARNING: CTestNormDispIncr::test() - failed to converge 
after: 10 iterations  current Norm: 6.71356e-05 (max: 1e-06, Norm deltaR: 1.40629)
WARNING: CTestNormDispIncr::test() - failed to converge 
after: 10 iterations  current Norm: 6.71356e-05 (max: 1e-06, Norm deltaR: 1.40629)
WARNING: CTestNormDispIncr::test() - failed to converge 
after: 10 iterations  current Norm: 6.71356e-05 (max: 1e-06, Norm deltaR: 1.40629)
WARNING: CTestNormDispIncr::test() - failed to converge 
after: 10 iterations  current Norm: 6.71356e-05 (max: 1e-06, Norm deltaR: 1.40629)
WARNING: CTestNormDispIncr::test() - failed to converge 
after: 10 iterations  current Norm: 6.71356e-05 (max: 1e-06, Norm deltaR: 1.40629)
WARNING: CTestNormDispIncr::test() - failed to converge 
after: 10 iterations  current Norm: 6.71356e-05 (max: 1e-06, Norm deltaR: 1.40629)
WARNING: CTestNormDispIncr::test() - failed to converge 
after: 10 iterations  current Norm: 6.71356e-05 (max: 1e-06, Norm deltaR: 1.40629)
WARNING: CTestNormDispIncr::test() - failed to converge 
after: 10 iterations  current Norm: 6.71356e-05 (max: 1e-06, Norm deltaR: 1.40629)
WARNING: CTestNormDispIncr::test() - failed to converge 
after: 10 iterations  current Norm: 6.71356e-05 (max: 1e-06, Norm deltaR: 1.40629)
WARNING: CTestNormDispIncr::test() - failed to converge 
after: 100 iterations  current Norm: 6.71356e-05 (max: 1e-06, Norm deltaR: 1.40629)
Broyden::solveCurrentStep() -the ConvergenceTest object failed in test()
DirectIntegrationAnalysis::analyze() - the Algorithm failed at time 27.1962
OpenSees > analyze failed, returned: -3 error flag
WARNING: CTestNormDispIncr::test() - failed to converge 
after: 10 iterations  current Norm: 3.30976 (max: 1e-06, Norm deltaR: 66814.3)
WARNING: CTestNormDispIncr::test() - failed to converge 
after: 10 iterations  current Norm: 0.000193161 (max: 1e-06, Norm deltaR: 1.22851)
WARNING: CTestNormDispIncr::test() - failed to converge 
after: 10 iterations  current Norm: 1.62196e-05 (max: 1e-06, Norm deltaR: 2.11327)
WARNING: CTestNormDispIncr::test() - failed to converge 
after: 10 iterations  current Norm: 1.6339e-05 (max: 1e-06, Norm deltaR: 2.11327)
WARNING: CTestNormDispIncr::test() - failed to converge 
after: 10 iterations  current Norm: 1.6339e-05 (max: 1e-06, Norm deltaR: 2.11327)
WARNING: CTestNormDispIncr::test() - failed to converge 
after: 10 iterations  current Norm: 1.6339e-05 (max: 1e-06, Norm deltaR: 2.11327)
WARNING: CTestNormDispIncr::test() - failed to converge 
after: 10 iterations  current Norm: 1.6339e-05 (max: 1e-06, Norm deltaR: 2.11327)
WARNING: CTestNormDispIncr::test() - failed to converge 
after: 10 iterations  current Norm: 1.6339e-05 (max: 1e-06, Norm deltaR: 2.11327)
WARNING: CTestNormDispIncr::test() - failed to converge 
after: 10 iterations  current Norm: 1.6339e-05 (max: 1e-06, Norm deltaR: 2.11327)
WARNING: CTestNormDispIncr::test() - failed to converge 
after: 10 iterations  current Norm: 1.6339e-05 (max: 1e-06, Norm deltaR: 2.11327)
WARNING: CTestNormDispIncr::test() - failed to converge 
after: 10 iterations  current Norm: 1.6339e-05 (max: 1e-06, Norm deltaR: 2.11327)
WARNING: CTestNormDispIncr::test() - failed to converge 
after: 10 iterations  current Norm: 1.6339e-05 (max: 1e-06, Norm deltaR: 2.11327)
WARNING: CTestNormDispIncr::test() - failed to converge 
after: 10 iterations  current Norm: 1.6339e-05 (max: 1e-06, Norm deltaR: 2.11327)
WARNING: CTestNormDispIncr::test() - failed to converge 
after: 10 iterations  current Norm: 1.6339e-05 (max: 1e-06, Norm deltaR: 2.11327)
WARNING: CTestNormDispIncr::test() - failed to converge 
after: 10 iterations  current Norm: 1.6339e-05 (max: 1e-06, Norm deltaR: 2.11327)
WARNING: CTestNormDispIncr::test() - failed to converge 
after: 10 iterations  current Norm: 1.6339e-05 (max: 1e-06, Norm deltaR: 2.11327)
WARNING: CTestNormDispIncr::test() - failed to converge 
after: 10 iterations  current Norm: 1.6339e-05 (max: 1e-06, Norm deltaR: 2.11327)
WARNING: CTestNormDispIncr::test() - failed to converge 
after: 10 iterations  current Norm: 1.6339e-05 (max: 1e-06, Norm deltaR: 2.11327)
WARNING: CTestNormDispIncr::test() - failed to converge 
after: 10 iterations  current Norm: 1.6339e-05 (max: 1e-06, Norm deltaR: 2.11327)
WARNING: CTestNormDispIncr::test() - failed to converge 
after: 10 iterations  current Norm: 1.6339e-05 (max: 1e-06, Norm deltaR: 2.11327)
WARNING: CTestNormDispIncr::test() - failed to converge 
after: 10 iterations  current Norm: 1.6339e-05 (max: 1e-06, Norm deltaR: 2.11327)
WARNING: CTestNormDispIncr::test() - failed to converge 
after: 10 iterations  current Norm: 1.6339e-05 (max: 1e-06, Norm deltaR: 2.11327)
WARNING: CTestNormDispIncr::test() - failed to converge 
after: 10 iterations  current Norm: 1.6339e-05 (max: 1e-06, Norm deltaR: 2.11327)
WARNING: CTestNormDispIncr::test() - failed to converge 
after: 10 iterations  current Norm: 1.6339e-05 (max: 1e-06, Norm deltaR: 2.11327)
WARNING: CTestNormDispIncr::test() - failed to converge 
after: 10 iterations  current Norm: 1.6339e-05 (max: 1e-06, Norm deltaR: 2.11327)
WARNING: CTestNormDispIncr::test() - failed to converge 
after: 10 iterations  current Norm: 1.6339e-05 (max: 1e-06, Norm deltaR: 2.11327)
WARNING: CTestNormDispIncr::test() - failed to converge 
after: 10 iterations  current Norm: 1.6339e-05 (max: 1e-06, Norm deltaR: 2.11327)
WARNING: CTestNormDispIncr::test() - failed to converge 
after: 10 iterations  current Norm: 1.6339e-05 (max: 1e-06, Norm deltaR: 2.11327)
WARNING: CTestNormDispIncr::test() - failed to converge 
after: 10 iterations  current Norm: 1.6339e-05 (max: 1e-06, Norm deltaR: 2.11327)
WARNING: CTestNormDispIncr::test() - failed to converge 
after: 10 iterations  current Norm: 1.6339e-05 (max: 1e-06, Norm deltaR: 2.11327)
WARNING: CTestNormDispIncr::test() - failed to converge 
after: 10 iterations  current Norm: 1.6339e-05 (max: 1e-06, Norm deltaR: 2.11327)
WARNING: CTestNormDispIncr::test() - failed to converge 
after: 10 iterations  current Norm: 1.6339e-05 (max: 1e-06, Norm deltaR: 2.11327)
WARNING: CTestNormDispIncr::test() - failed to converge 
after: 10 iterations  current Norm: 1.6339e-05 (max: 1e-06, Norm deltaR: 2.11327)
WARNING: CTestNormDispIncr::test() - failed to converge 
after: 10 iterations  current Norm: 1.6339e-05 (max: 1e-06, Norm deltaR: 2.11327)
WARNING: CTestNormDispIncr::test() - failed to converge 
after: 10 iterations  current Norm: 1.6339e-05 (max: 1e-06, Norm deltaR: 2.11327)
WARNING: CTestNormDispIncr::test() - failed to converge 
after: 10 iterations  current Norm: 1.6339e-05 (max: 1e-06, Norm deltaR: 2.11327)
WARNING: CTestNormDispIncr::test() - failed to converge 
after: 10 iterations  current Norm: 1.6339e-05 (max: 1e-06, Norm deltaR: 2.11327)
WARNING: CTestNormDispIncr::test() - failed to converge 
after: 10 iterations  current Norm: 1.6339e-05 (max: 1e-06, Norm deltaR: 2.11327)
WARNING: CTestNormDispIncr::test() - failed to converge 
after: 10 iterations  current Norm: 1.6339e-05 (max: 1e-06, Norm deltaR: 2.11327)
WARNING: CTestNormDispIncr::test() - failed to converge 
after: 10 iterations  current Norm: 1.6339e-05 (max: 1e-06, Norm deltaR: 2.11327)
WARNING: CTestNormDispIncr::test() - failed to converge 
after: 10 iterations  current Norm: 1.6339e-05 (max: 1e-06, Norm deltaR: 2.11327)
WARNING: CTestNormDispIncr::test() - failed to converge 
after: 10 iterations  current Norm: 1.6339e-05 (max: 1e-06, Norm deltaR: 2.11327)
WARNING: CTestNormDispIncr::test() - failed to converge 
after: 10 iterations  current Norm: 1.6339e-05 (max: 1e-06, Norm deltaR: 2.11327)
WARNING: CTestNormDispIncr::test() - failed to converge 
after: 10 iterations  current Norm: 1.6339e-05 (max: 1e-06, Norm deltaR: 2.11327)
WARNING: CTestNormDispIncr::test() - failed to converge 
after: 10 iterations  current Norm: 1.6339e-05 (max: 1e-06, Norm deltaR: 2.11327)
WARNING: CTestNormDispIncr::test() - failed to converge 
after: 10 iterations  current Norm: 1.6339e-05 (max: 1e-06, Norm deltaR: 2.11327)
WARNING: CTestNormDispIncr::test() - failed to converge 
after: 10 iterations  current Norm: 1.6339e-05 (max: 1e-06, Norm deltaR: 2.11327)
WARNING: CTestNormDispIncr::test() - failed to converge 
after: 10 iterations  current Norm: 1.6339e-05 (max: 1e-06, Norm deltaR: 2.11327)
WARNING: CTestNormDispIncr::test() - failed to converge 
after: 10 iterations  current Norm: 1.6339e-05 (max: 1e-06, Norm deltaR: 2.11327)
WARNING: CTestNormDispIncr::test() - failed to converge 
after: 10 iterations  current Norm: 1.6339e-05 (max: 1e-06, Norm deltaR: 2.11327)
WARNING: CTestNormDispIncr::test() - failed to converge 
after: 10 iterations  current Norm: 1.6339e-05 (max: 1e-06, Norm deltaR: 2.11327)
WARNING: CTestNormDispIncr::test() - failed to converge 
after: 10 iterations  current Norm: 1.6339e-05 (max: 1e-06, Norm deltaR: 2.11327)
WARNING: CTestNormDispIncr::test() - failed to converge 
after: 10 iterations  current Norm: 1.6339e-05 (max: 1e-06, Norm deltaR: 2.11327)
WARNING: CTestNormDispIncr::test() - failed to converge 
after: 10 iterations  current Norm: 1.6339e-05 (max: 1e-06, Norm deltaR: 2.11327)
WARNING: CTestNormDispIncr::test() - failed to converge 
after: 10 iterations  current Norm: 1.6339e-05 (max: 1e-06, Norm deltaR: 2.11327)
WARNING: CTestNormDispIncr::test() - failed to converge 
after: 10 iterations  current Norm: 1.6339e-05 (max: 1e-06, Norm deltaR: 2.11327)
WARNING: CTestNormDispIncr::test() - failed to converge 
after: 10 iterations  current Norm: 1.6339e-05 (max: 1e-06, Norm deltaR: 2.11327)
WARNING: CTestNormDispIncr::test() - failed to converge 
after: 10 iterations  current Norm: 1.6339e-05 (max: 1e-06, Norm deltaR: 2.11327)
WARNING: CTestNormDispIncr::test() - failed to converge 
after: 10 iterations  current Norm: 1.6339e-05 (max: 1e-06, Norm deltaR: 2.11327)
WARNING: CTestNormDispIncr::test() - failed to converge 
after: 10 iterations  current Norm: 1.6339e-05 (max: 1e-06, Norm deltaR: 2.11327)
WARNING: CTestNormDispIncr::test() - failed to converge 
after: 10 iterations  current Norm: 1.6339e-05 (max: 1e-06, Norm deltaR: 2.11327)
WARNING: CTestNormDispIncr::test() - failed to converge 
after: 10 iterations  current Norm: 1.6339e-05 (max: 1e-06, Norm deltaR: 2.11327)
WARNING: CTestNormDispIncr::test() - failed to converge 
after: 10 iterations  current Norm: 1.6339e-05 (max: 1e-06, Norm deltaR: 2.11327)
WARNING: CTestNormDispIncr::test() - failed to converge 
after: 10 iterations  current Norm: 1.6339e-05 (max: 1e-06, Norm deltaR: 2.11327)
WARNING: CTestNormDispIncr::test() - failed to converge 
after: 10 iterations  current Norm: 1.6339e-05 (max: 1e-06, Norm deltaR: 2.11327)
WARNING: CTestNormDispIncr::test() - failed to converge 
after: 10 iterations  current Norm: 1.6339e-05 (max: 1e-06, Norm deltaR: 2.11327)
WARNING: CTestNormDispIncr::test() - failed to converge 
after: 10 iterations  current Norm: 1.6339e-05 (max: 1e-06, Norm deltaR: 2.11327)
WARNING: CTestNormDispIncr::test() - failed to converge 
after: 10 iterations  current Norm: 1.6339e-05 (max: 1e-06, Norm deltaR: 2.11327)
WARNING: CTestNormDispIncr::test() - failed to converge 
after: 10 iterations  current Norm: 1.6339e-05 (max: 1e-06, Norm deltaR: 2.11327)
WARNING: CTestNormDispIncr::test() - failed to converge 
after: 10 iterations  current Norm: 1.6339e-05 (max: 1e-06, Norm deltaR: 2.11327)
WARNING: CTestNormDispIncr::test() - failed to converge 
after: 10 iterations  current Norm: 1.6339e-05 (max: 1e-06, Norm deltaR: 2.11327)
WARNING: CTestNormDispIncr::test() - failed to converge 
after: 10 iterations  current Norm: 1.6339e-05 (max: 1e-06, Norm deltaR: 2.11327)
WARNING: CTestNormDispIncr::test() - failed to converge 
after: 10 iterations  current Norm: 1.6339e-05 (max: 1e-06, Norm deltaR: 2.11327)
WARNING: CTestNormDispIncr::test() - failed to converge 
after: 10 iterations  current Norm: 1.6339e-05 (max: 1e-06, Norm deltaR: 2.11327)
WARNING: CTestNormDispIncr::test() - failed to converge 
after: 10 iterations  current Norm: 1.6339e-05 (max: 1e-06, Norm deltaR: 2.11327)
WARNING: CTestNormDispIncr::test() - failed to converge 
after: 10 iterations  current Norm: 1.6339e-05 (max: 1e-06, Norm deltaR: 2.11327)
WARNING: CTestNormDispIncr::test() - failed to converge 
after: 10 iterations  current Norm: 1.6339e-05 (max: 1e-06, Norm deltaR: 2.11327)
WARNING: CTestNormDispIncr::test() - failed to converge 
after: 10 iterations  current Norm: 1.6339e-05 (max: 1e-06, Norm deltaR: 2.11327)
WARNING: CTestNormDispIncr::test() - failed to converge 
after: 10 iterations  current Norm: 1.6339e-05 (max: 1e-06, Norm deltaR: 2.11327)
WARNING: CTestNormDispIncr::test() - failed to converge 
after: 10 iterations  current Norm: 1.6339e-05 (max: 1e-06, Norm deltaR: 2.11327)
WARNING: CTestNormDispIncr::test() - failed to converge 
after: 10 iterations  current Norm: 1.6339e-05 (max: 1e-06, Norm deltaR: 2.11327)
WARNING: CTestNormDispIncr::test() - failed to converge 
after: 10 iterations  current Norm: 1.6339e-05 (max: 1e-06, Norm deltaR: 2.11327)
WARNING: CTestNormDispIncr::test() - failed to converge 
after: 10 iterations  current Norm: 1.6339e-05 (max: 1e-06, Norm deltaR: 2.11327)
WARNING: CTestNormDispIncr::test() - failed to converge 
after: 10 iterations  current Norm: 1.6339e-05 (max: 1e-06, Norm deltaR: 2.11327)
WARNING: CTestNormDispIncr::test() - failed to converge 
after: 10 iterations  current Norm: 1.6339e-05 (max: 1e-06, Norm deltaR: 2.11327)
WARNING: CTestNormDispIncr::test() - failed to converge 
after: 10 iterations  current Norm: 1.6339e-05 (max: 1e-06, Norm deltaR: 2.11327)
WARNING: CTestNormDispIncr::test() - failed to converge 
after: 10 iterations  current Norm: 1.6339e-05 (max: 1e-06, Norm deltaR: 2.11327)
WARNING: CTestNormDispIncr::test() - failed to converge 
after: 10 iterations  current Norm: 1.6339e-05 (max: 1e-06, Norm deltaR: 2.11327)
WARNING: CTestNormDispIncr::test() - failed to converge 
after: 10 iterations  current Norm: 1.6339e-05 (max: 1e-06, Norm deltaR: 2.11327)
WARNING: CTestNormDispIncr::test() - failed to converge 
after: 10 iterations  current Norm: 1.6339e-05 (max: 1e-06, Norm deltaR: 2.11327)
WARNING: CTestNormDispIncr::test() - failed to converge 
after: 10 iterations  current Norm: 1.6339e-05 (max: 1e-06, Norm deltaR: 2.11327)
WARNING: CTestNormDispIncr::test() - failed to converge 
after: 10 iterations  current Norm: 1.6339e-05 (max: 1e-06, Norm deltaR: 2.11327)
WARNING: CTestNormDispIncr::test() - failed to converge 
after: 10 iterations  current Norm: 1.6339e-05 (max: 1e-06, Norm deltaR: 2.11327)
WARNING: CTestNormDispIncr::test() - failed to converge 
after: 10 iterations  current Norm: 1.6339e-05 (max: 1e-06, Norm deltaR: 2.11327)
WARNING: CTestNormDispIncr::test() - failed to converge 
after: 10 iterations  current Norm: 1.6339e-05 (max: 1e-06, Norm deltaR: 2.11327)
WARNING: CTestNormDispIncr::test() - failed to converge 
after: 10 iterations  current Norm: 1.6339e-05 (max: 1e-06, Norm deltaR: 2.11327)
WARNING: CTestNormDispIncr::test() - failed to converge 
after: 10 iterations  current Norm: 1.6339e-05 (max: 1e-06, Norm deltaR: 2.11327)
WARNING: CTestNormDispIncr::test() - failed to converge 
after: 10 iterations  current Norm: 1.6339e-05 (max: 1e-06, Norm deltaR: 2.11327)
WARNING: CTestNormDispIncr::test() - failed to converge 
after: 10 iterations  current Norm: 1.6339e-05 (max: 1e-06, Norm deltaR: 2.11327)
WARNING: CTestNormDispIncr::test() - failed to converge 
after: 10 iterations  current Norm: 1.6339e-05 (max: 1e-06, Norm deltaR: 2.11327)
WARNING: CTestNormDispIncr::test() - failed to converge 
after: 100 iterations  current Norm: 1.6339e-05 (max: 1e-06, Norm deltaR: 2.11327)
BFGS::solveCurrentStep() -the ConvergenceTest object failed in test()
DirectIntegrationAnalysis::analyze() - the Algorithm failed at time 27.1962
OpenSees > analyze failed, returned: -3 error flag
WARNING: CTestNormDispIncr::test() - failed to converge 
after: 100 iterations  current Norm: 6.01417e-05 (max: 1e-05, Norm deltaR: 0.855663)
AcceleratedNewton::solveCurrentStep() -The ConvergenceTest object failed in test()
DirectIntegrationAnalysis::analyze() - the Algorithm failed at time 27.1962
OpenSees > analyze failed, returned: -3 error flag
WARNING: CTestNormDispIncr::test() - failed to converge 
after: 100 iterations  current Norm: 1.64474e-05 (max: 1e-05, Norm deltaR: 1.53466)
NewtonLineSearch::solveCurrentStep() -the ConvergenceTest object failed in test()
DirectIntegrationAnalysis::analyze() - the Algorithm failed at time 27.2162
OpenSees > analyze failed, returned: -3 error flag
WARNING - ForceBeamColumn3d::update - failed to get compatible element forces & deformations for element: 2001(dW: << 0.00102598, dW0: 0.0336448)
Domain::update - domain failed in update
TRBDF2::update() - failed to update the domain
WARNING AcceleratedNewton::solveCurrentStep() -the Integrator failed in update()
DirectIntegrationAnalysis::analyze() - the Algorithm failed at time 27.2162
OpenSees > analyze failed, returned: -3 error flag
WARNING: CTestNormDispIncr::test() - failed to converge 
after: 100 iterations  current Norm: 0.000154072 (max: 1e-06, Norm deltaR: 2.28363)
NewtonLineSearch::solveCurrentStep() -the ConvergenceTest object failed in test()
DirectIntegrationAnalysis::analyze() - the Algorithm failed at time 27.2162
OpenSees > analyze failed, returned: -3 error flag
WARNING: CTestNormDispIncr::test() - failed to converge 
after: 10 iterations  current Norm: 0.000770337 (max: 1e-06, Norm deltaR: 2.11148)
WARNING: CTestNormDispIncr::test() - failed to converge 
after: 10 iterations  current Norm: 0.000795546 (max: 1e-06, Norm deltaR: 2.28362)
WARNING: CTestNormDispIncr::test() - failed to converge 
after: 10 iterations  current Norm: 0.000800052 (max: 1e-06, Norm deltaR: 2.28362)
WARNING: CTestNormDispIncr::test() - failed to converge 
after: 10 iterations  current Norm: 0.000800052 (max: 1e-06, Norm deltaR: 2.28362)
WARNING: CTestNormDispIncr::test() - failed to converge 
after: 10 iterations  current Norm: 0.000800052 (max: 1e-06, Norm deltaR: 2.28362)
WARNING: CTestNormDispIncr::test() - failed to converge 
after: 10 iterations  current Norm: 0.000800052 (max: 1e-06, Norm deltaR: 2.28362)
WARNING: CTestNormDispIncr::test() - failed to converge 
after: 10 iterations  current Norm: 0.000800052 (max: 1e-06, Norm deltaR: 2.28362)
WARNING: CTestNormDispIncr::test() - failed to converge 
after: 10 iterations  current Norm: 0.000800052 (max: 1e-06, Norm deltaR: 2.28362)
WARNING: CTestNormDispIncr::test() - failed to converge 
after: 10 iterations  current Norm: 0.000800052 (max: 1e-06, Norm deltaR: 2.28362)
WARNING: CTestNormDispIncr::test() - failed to converge 
after: 10 iterations  current Norm: 0.000800052 (max: 1e-06, Norm deltaR: 2.28362)
WARNING: CTestNormDispIncr::test() - failed to converge 
after: 10 iterations  current Norm: 0.000800052 (max: 1e-06, Norm deltaR: 2.28362)
WARNING: CTestNormDispIncr::test() - failed to converge 
after: 10 iterations  current Norm: 0.000800052 (max: 1e-06, Norm deltaR: 2.28362)
WARNING: CTestNormDispIncr::test() - failed to converge 
after: 10 iterations  current Norm: 0.000800052 (max: 1e-06, Norm deltaR: 2.28362)
WARNING: CTestNormDispIncr::test() - failed to converge 
after: 10 iterations  current Norm: 0.000800052 (max: 1e-06, Norm deltaR: 2.28362)
WARNING: CTestNormDispIncr::test() - failed to converge 
after: 10 iterations  current Norm: 0.000800052 (max: 1e-06, Norm deltaR: 2.28362)
WARNING: CTestNormDispIncr::test() - failed to converge 
after: 10 iterations  current Norm: 0.000800052 (max: 1e-06, Norm deltaR: 2.28362)
WARNING: CTestNormDispIncr::test() - failed to converge 
after: 10 iterations  current Norm: 0.000800052 (max: 1e-06, Norm deltaR: 2.28362)
WARNING: CTestNormDispIncr::test() - failed to converge 
after: 10 iterations  current Norm: 0.000800052 (max: 1e-06, Norm deltaR: 2.28362)
WARNING: CTestNormDispIncr::test() - failed to converge 
after: 10 iterations  current Norm: 0.000800052 (max: 1e-06, Norm deltaR: 2.28362)
WARNING: CTestNormDispIncr::test() - failed to converge 
after: 10 iterations  current Norm: 0.000800052 (max: 1e-06, Norm deltaR: 2.28362)
WARNING: CTestNormDispIncr::test() - failed to converge 
after: 10 iterations  current Norm: 0.000800052 (max: 1e-06, Norm deltaR: 2.28362)
WARNING: CTestNormDispIncr::test() - failed to converge 
after: 10 iterations  current Norm: 0.000800052 (max: 1e-06, Norm deltaR: 2.28362)
WARNING: CTestNormDispIncr::test() - failed to converge 
after: 10 iterations  current Norm: 0.000800052 (max: 1e-06, Norm deltaR: 2.28362)
WARNING: CTestNormDispIncr::test() - failed to converge 
after: 10 iterations  current Norm: 0.000800052 (max: 1e-06, Norm deltaR: 2.28362)
WARNING: CTestNormDispIncr::test() - failed to converge 
after: 10 iterations  current Norm: 0.000800052 (max: 1e-06, Norm deltaR: 2.28362)
WARNING: CTestNormDispIncr::test() - failed to converge 
after: 10 iterations  current Norm: 0.000800052 (max: 1e-06, Norm deltaR: 2.28362)
WARNING: CTestNormDispIncr::test() - failed to converge 
after: 10 iterations  current Norm: 0.000800052 (max: 1e-06, Norm deltaR: 2.28362)
WARNING: CTestNormDispIncr::test() - failed to converge 
after: 10 iterations  current Norm: 0.000800052 (max: 1e-06, Norm deltaR: 2.28362)
WARNING: CTestNormDispIncr::test() - failed to converge 
after: 10 iterations  current Norm: 0.000800052 (max: 1e-06, Norm deltaR: 2.28362)
WARNING: CTestNormDispIncr::test() - failed to converge 
after: 10 iterations  current Norm: 0.000800052 (max: 1e-06, Norm deltaR: 2.28362)
WARNING: CTestNormDispIncr::test() - failed to converge 
after: 10 iterations  current Norm: 0.000800052 (max: 1e-06, Norm deltaR: 2.28362)
WARNING: CTestNormDispIncr::test() - failed to converge 
after: 10 iterations  current Norm: 0.000800052 (max: 1e-06, Norm deltaR: 2.28362)
WARNING: CTestNormDispIncr::test() - failed to converge 
after: 10 iterations  current Norm: 0.000800052 (max: 1e-06, Norm deltaR: 2.28362)
WARNING: CTestNormDispIncr::test() - failed to converge 
after: 10 iterations  current Norm: 0.000800052 (max: 1e-06, Norm deltaR: 2.28362)
WARNING: CTestNormDispIncr::test() - failed to converge 
after: 10 iterations  current Norm: 0.000800052 (max: 1e-06, Norm deltaR: 2.28362)
WARNING: CTestNormDispIncr::test() - failed to converge 
after: 10 iterations  current Norm: 0.000800052 (max: 1e-06, Norm deltaR: 2.28362)
WARNING: CTestNormDispIncr::test() - failed to converge 
after: 10 iterations  current Norm: 0.000800052 (max: 1e-06, Norm deltaR: 2.28362)
WARNING: CTestNormDispIncr::test() - failed to converge 
after: 10 iterations  current Norm: 0.000800052 (max: 1e-06, Norm deltaR: 2.28362)
WARNING: CTestNormDispIncr::test() - failed to converge 
after: 10 iterations  current Norm: 0.000800052 (max: 1e-06, Norm deltaR: 2.28362)
WARNING: CTestNormDispIncr::test() - failed to converge 
after: 10 iterations  current Norm: 0.000800052 (max: 1e-06, Norm deltaR: 2.28362)
WARNING: CTestNormDispIncr::test() - failed to converge 
after: 10 iterations  current Norm: 0.000800052 (max: 1e-06, Norm deltaR: 2.28362)
WARNING: CTestNormDispIncr::test() - failed to converge 
after: 10 iterations  current Norm: 0.000800052 (max: 1e-06, Norm deltaR: 2.28362)
WARNING: CTestNormDispIncr::test() - failed to converge 
after: 10 iterations  current Norm: 0.000800052 (max: 1e-06, Norm deltaR: 2.28362)
WARNING: CTestNormDispIncr::test() - failed to converge 
after: 10 iterations  current Norm: 0.000800052 (max: 1e-06, Norm deltaR: 2.28362)
WARNING: CTestNormDispIncr::test() - failed to converge 
after: 10 iterations  current Norm: 0.000800052 (max: 1e-06, Norm deltaR: 2.28362)
WARNING: CTestNormDispIncr::test() - failed to converge 
after: 10 iterations  current Norm: 0.000800052 (max: 1e-06, Norm deltaR: 2.28362)
WARNING: CTestNormDispIncr::test() - failed to converge 
after: 10 iterations  current Norm: 0.000800052 (max: 1e-06, Norm deltaR: 2.28362)
WARNING: CTestNormDispIncr::test() - failed to converge 
after: 10 iterations  current Norm: 0.000800052 (max: 1e-06, Norm deltaR: 2.28362)
WARNING: CTestNormDispIncr::test() - failed to converge 
after: 10 iterations  current Norm: 0.000800052 (max: 1e-06, Norm deltaR: 2.28362)
WARNING: CTestNormDispIncr::test() - failed to converge 
after: 10 iterations  current Norm: 0.000800052 (max: 1e-06, Norm deltaR: 2.28362)
WARNING: CTestNormDispIncr::test() - failed to converge 
after: 10 iterations  current Norm: 0.000800052 (max: 1e-06, Norm deltaR: 2.28362)
WARNING: CTestNormDispIncr::test() - failed to converge 
after: 10 iterations  current Norm: 0.000800052 (max: 1e-06, Norm deltaR: 2.28362)
WARNING: CTestNormDispIncr::test() - failed to converge 
after: 10 iterations  current Norm: 0.000800052 (max: 1e-06, Norm deltaR: 2.28362)
WARNING: CTestNormDispIncr::test() - failed to converge 
after: 10 iterations  current Norm: 0.000800052 (max: 1e-06, Norm deltaR: 2.28362)
WARNING: CTestNormDispIncr::test() - failed to converge 
after: 10 iterations  current Norm: 0.000800052 (max: 1e-06, Norm deltaR: 2.28362)
WARNING: CTestNormDispIncr::test() - failed to converge 
after: 10 iterations  current Norm: 0.000800052 (max: 1e-06, Norm deltaR: 2.28362)
WARNING: CTestNormDispIncr::test() - failed to converge 
after: 10 iterations  current Norm: 0.000800052 (max: 1e-06, Norm deltaR: 2.28362)
WARNING: CTestNormDispIncr::test() - failed to converge 
after: 10 iterations  current Norm: 0.000800052 (max: 1e-06, Norm deltaR: 2.28362)
WARNING: CTestNormDispIncr::test() - failed to converge 
after: 10 iterations  current Norm: 0.000800052 (max: 1e-06, Norm deltaR: 2.28362)
WARNING: CTestNormDispIncr::test() - failed to converge 
after: 10 iterations  current Norm: 0.000800052 (max: 1e-06, Norm deltaR: 2.28362)
WARNING: CTestNormDispIncr::test() - failed to converge 
after: 10 iterations  current Norm: 0.000800052 (max: 1e-06, Norm deltaR: 2.28362)
WARNING: CTestNormDispIncr::test() - failed to converge 
after: 10 iterations  current Norm: 0.000800052 (max: 1e-06, Norm deltaR: 2.28362)
WARNING: CTestNormDispIncr::test() - failed to converge 
after: 10 iterations  current Norm: 0.000800052 (max: 1e-06, Norm deltaR: 2.28362)
WARNING: CTestNormDispIncr::test() - failed to converge 
after: 10 iterations  current Norm: 0.000800052 (max: 1e-06, Norm deltaR: 2.28362)
WARNING: CTestNormDispIncr::test() - failed to converge 
after: 10 iterations  current Norm: 0.000800052 (max: 1e-06, Norm deltaR: 2.28362)
WARNING: CTestNormDispIncr::test() - failed to converge 
after: 10 iterations  current Norm: 0.000800052 (max: 1e-06, Norm deltaR: 2.28362)
WARNING: CTestNormDispIncr::test() - failed to converge 
after: 10 iterations  current Norm: 0.000800052 (max: 1e-06, Norm deltaR: 2.28362)
WARNING: CTestNormDispIncr::test() - failed to converge 
after: 10 iterations  current Norm: 0.000800052 (max: 1e-06, Norm deltaR: 2.28362)
WARNING: CTestNormDispIncr::test() - failed to converge 
after: 10 iterations  current Norm: 0.000800052 (max: 1e-06, Norm deltaR: 2.28362)
WARNING: CTestNormDispIncr::test() - failed to converge 
after: 10 iterations  current Norm: 0.000800052 (max: 1e-06, Norm deltaR: 2.28362)
WARNING: CTestNormDispIncr::test() - failed to converge 
after: 10 iterations  current Norm: 0.000800052 (max: 1e-06, Norm deltaR: 2.28362)
WARNING: CTestNormDispIncr::test() - failed to converge 
after: 10 iterations  current Norm: 0.000800052 (max: 1e-06, Norm deltaR: 2.28362)
WARNING: CTestNormDispIncr::test() - failed to converge 
after: 10 iterations  current Norm: 0.000800052 (max: 1e-06, Norm deltaR: 2.28362)
WARNING: CTestNormDispIncr::test() - failed to converge 
after: 10 iterations  current Norm: 0.000800052 (max: 1e-06, Norm deltaR: 2.28362)
WARNING: CTestNormDispIncr::test() - failed to converge 
after: 10 iterations  current Norm: 0.000800052 (max: 1e-06, Norm deltaR: 2.28362)
WARNING: CTestNormDispIncr::test() - failed to converge 
after: 10 iterations  current Norm: 0.000800052 (max: 1e-06, Norm deltaR: 2.28362)
WARNING: CTestNormDispIncr::test() - failed to converge 
after: 10 iterations  current Norm: 0.000800052 (max: 1e-06, Norm deltaR: 2.28362)
WARNING: CTestNormDispIncr::test() - failed to converge 
after: 10 iterations  current Norm: 0.000800052 (max: 1e-06, Norm deltaR: 2.28362)
WARNING: CTestNormDispIncr::test() - failed to converge 
after: 10 iterations  current Norm: 0.000800052 (max: 1e-06, Norm deltaR: 2.28362)
WARNING: CTestNormDispIncr::test() - failed to converge 
after: 10 iterations  current Norm: 0.000800052 (max: 1e-06, Norm deltaR: 2.28362)
WARNING: CTestNormDispIncr::test() - failed to converge 
after: 10 iterations  current Norm: 0.000800052 (max: 1e-06, Norm deltaR: 2.28362)
WARNING: CTestNormDispIncr::test() - failed to converge 
after: 10 iterations  current Norm: 0.000800052 (max: 1e-06, Norm deltaR: 2.28362)
WARNING: CTestNormDispIncr::test() - failed to converge 
after: 10 iterations  current Norm: 0.000800052 (max: 1e-06, Norm deltaR: 2.28362)
WARNING: CTestNormDispIncr::test() - failed to converge 
after: 10 iterations  current Norm: 0.000800052 (max: 1e-06, Norm deltaR: 2.28362)
WARNING: CTestNormDispIncr::test() - failed to converge 
after: 10 iterations  current Norm: 0.000800052 (max: 1e-06, Norm deltaR: 2.28362)
WARNING: CTestNormDispIncr::test() - failed to converge 
after: 10 iterations  current Norm: 0.000800052 (max: 1e-06, Norm deltaR: 2.28362)
WARNING: CTestNormDispIncr::test() - failed to converge 
after: 10 iterations  current Norm: 0.000800052 (max: 1e-06, Norm deltaR: 2.28362)
WARNING: CTestNormDispIncr::test() - failed to converge 
after: 10 iterations  current Norm: 0.000800052 (max: 1e-06, Norm deltaR: 2.28362)
WARNING: CTestNormDispIncr::test() - failed to converge 
after: 10 iterations  current Norm: 0.000800052 (max: 1e-06, Norm deltaR: 2.28362)
WARNING: CTestNormDispIncr::test() - failed to converge 
after: 10 iterations  current Norm: 0.000800052 (max: 1e-06, Norm deltaR: 2.28362)
WARNING: CTestNormDispIncr::test() - failed to converge 
after: 10 iterations  current Norm: 0.000800052 (max: 1e-06, Norm deltaR: 2.28362)
WARNING: CTestNormDispIncr::test() - failed to converge 
after: 10 iterations  current Norm: 0.000800052 (max: 1e-06, Norm deltaR: 2.28362)
WARNING: CTestNormDispIncr::test() - failed to converge 
after: 10 iterations  current Norm: 0.000800052 (max: 1e-06, Norm deltaR: 2.28362)
WARNING: CTestNormDispIncr::test() - failed to converge 
after: 10 iterations  current Norm: 0.000800052 (max: 1e-06, Norm deltaR: 2.28362)
WARNING: CTestNormDispIncr::test() - failed to converge 
after: 10 iterations  current Norm: 0.000800052 (max: 1e-06, Norm deltaR: 2.28362)
WARNING: CTestNormDispIncr::test() - failed to converge 
after: 10 iterations  current Norm: 0.000800052 (max: 1e-06, Norm deltaR: 2.28362)
WARNING: CTestNormDispIncr::test() - failed to converge 
after: 10 iterations  current Norm: 0.000800052 (max: 1e-06, Norm deltaR: 2.28362)
WARNING: CTestNormDispIncr::test() - failed to converge 
after: 10 iterations  current Norm: 0.000800052 (max: 1e-06, Norm deltaR: 2.28362)
WARNING: CTestNormDispIncr::test() - failed to converge 
after: 10 iterations  current Norm: 0.000800052 (max: 1e-06, Norm deltaR: 2.28362)
WARNING: CTestNormDispIncr::test() - failed to converge 
after: 10 iterations  current Norm: 0.000800052 (max: 1e-06, Norm deltaR: 2.28362)
WARNING: CTestNormDispIncr::test() - failed to converge 
after: 100 iterations  current Norm: 0.000800052 (max: 1e-06, Norm deltaR: 2.28362)
Broyden::solveCurrentStep() -the ConvergenceTest object failed in test()
DirectIntegrationAnalysis::analyze() - the Algorithm failed at time 27.2162
OpenSees > analyze failed, returned: -3 error flag
WARNING: CTestNormDispIncr::test() - failed to converge 
after: 10 iterations  current Norm: 18.9495 (max: 1e-06, Norm deltaR: 1.58755e+08)
WARNING: CTestNormDispIncr::test() - failed to converge 
after: 10 iterations  current Norm: 2.33575 (max: 1e-06, Norm deltaR: 572.321)
WARNING: CTestNormDispIncr::test() - failed to converge 
after: 10 iterations  current Norm: 204135 (max: 1e-06, Norm deltaR: 4.58862e+08)
WARNING: CTestNormDispIncr::test() - failed to converge 
after: 10 iterations  current Norm: 0.954021 (max: 1e-06, Norm deltaR: 456.85)
WARNING: CTestNormDispIncr::test() - failed to converge 
after: 10 iterations  current Norm: 0.115743 (max: 1e-06, Norm deltaR: 3013.94)
WARNING: CTestNormDispIncr::test() - failed to converge 
after: 10 iterations  current Norm: 1.57646 (max: 1e-06, Norm deltaR: 826.228)
WARNING: CTestNormDispIncr::test() - failed to converge 
after: 10 iterations  current Norm: 1.03082 (max: 1e-06, Norm deltaR: 654.292)
WARNING - ForceBeamColumn3d::update - failed to get compatible element forces & deformations for element: 2011(dW: << 0.000809191, dW0: 0.024839)
Domain::update - domain failed in update
TRBDF2::update() - failed to update the domain
WARNING BFGS::solveCurrentStep() -the Integrator failed in update()
DirectIntegrationAnalysis::analyze() - the Algorithm failed at time 27.2162
OpenSees > analyze failed, returned: -3 error flag
WARNING - ForceBeamColumn3d::update - failed to get compatible element forces & deformations for element: 2001(dW: << 0.001026, dW0: 0.0341037)
Domain::update - domain failed in update
TRBDF2::update() - failed to update the domain
WARNING AcceleratedNewton::solveCurrentStep() -the Integrator failed in update()
DirectIntegrationAnalysis::analyze() - the Algorithm failed at time 27.2137
OpenSees > analyze failed, returned: -3 error flag
WARNING: CTestNormDispIncr::test() - failed to converge 
after: 100 iterations  current Norm: 0.000347677 (max: 1e-06, Norm deltaR: 5.54457)
NewtonLineSearch::solveCurrentStep() -the ConvergenceTest object failed in test()
DirectIntegrationAnalysis::analyze() - the Algorithm failed at time 27.2137
OpenSees > analyze failed, returned: -3 error flag
WARNING: CTestNormDispIncr::test() - failed to converge 
after: 10 iterations  current Norm: 0.000238462 (max: 1e-06, Norm deltaR: 3.63472)
WARNING: CTestNormDispIncr::test() - failed to converge 
after: 10 iterations  current Norm: 0.000693932 (max: 1e-06, Norm deltaR: 1.24779)
WARNING - ForceBeamColumn3d::update - failed to get compatible element forces & deformations for element: 2001(dW: << 0.00102599, dW0: 0.0340205)
Domain::update - domain failed in update
TRBDF2::update() - failed to update the domain
WARNING Broyden::solveCurrentStep() -the Integrator failed in update()
DirectIntegrationAnalysis::analyze() - the Algorithm failed at time 27.2137
OpenSees > analyze failed, returned: -3 error flag
WARNING: CTestNormDispIncr::test() - failed to converge 
after: 10 iterations  current Norm: 14.0719 (max: 1e-06, Norm deltaR: 6.47065e+06)
WARNING: CTestNormDispIncr::test() - failed to converge 
after: 10 iterations  current Norm: 1.63996 (max: 1e-06, Norm deltaR: 818.825)
WARNING: CTestNormDispIncr::test() - failed to converge 
after: 10 iterations  current Norm: 0.472344 (max: 1e-06, Norm deltaR: 506.392)
WARNING: CTestNormDispIncr::test() - failed to converge 
after: 10 iterations  current Norm: 0.0215478 (max: 1e-06, Norm deltaR: 2.86914)
WARNING - ForceBeamColumn3d::update - failed to get compatible element forces & deformations for element: 2001(dW: << 0.001026, dW0: 0.0338944)
Domain::update - domain failed in update
TRBDF2::update() - failed to update the domain
WARNING BFGS::solveCurrentStep() -the Integrator failed in update()
DirectIntegrationAnalysis::analyze() - the Algorithm failed at time 27.2137
OpenSees > analyze failed, returned: -3 error flag
WARNING - ForceBeamColumn3d::update - failed to get compatible element forces & deformations for element: 2001(dW: << 0.0343269, dW0: 0.0337818)
Domain::update - domain failed in update
TRBDF2::update() - failed to update the domain
WARNING AcceleratedNewton::solveCurrentStep() -the Integrator failed in update()
DirectIntegrationAnalysis::analyze() - the Algorithm failed at time 27.2125
OpenSees > analyze failed, returned: -3 error flag
WARNING - ForceBeamColumn3d::update - failed to get compatible element forces & deformations for element: 2001(dW: << 0.0343268, dW0: 0.0337928)
Domain::update - domain failed in update
TRBDF2::update() - failed to update the domain
WARNING NewtonLineSearch::solveCurrentStep() -the Integrator failed in update()
DirectIntegrationAnalysis::analyze() - the Algorithm failed at time 27.2125
OpenSees > analyze failed, returned: -3 error flag
WARNING - ForceBeamColumn3d::update - failed to get compatible element forces & deformations for element: 2001(dW: << 0.0343265, dW0: 0.033799)
Domain::update - domain failed in update
TRBDF2::update() - failed to update the domain
WARNING Broyden::solveCurrentStep() -the Integrator failed in update()
DirectIntegrationAnalysis::analyze() - the Algorithm failed at time 27.2125
OpenSees > analyze failed, returned: -3 error flag
WARNING - ForceBeamColumn3d::update - failed to get compatible element forces & deformations for element: 2001(dW: << 0.0343267, dW0: 0.0338393)
Domain::update - domain failed in update
TRBDF2::update() - failed to update the domain
WARNING BFGS::solveCurrentStep() -the Integrator failed in update()
DirectIntegrationAnalysis::analyze() - the Algorithm failed at time 27.2125
OpenSees > analyze failed, returned: -3 error flag
WARNING - ForceBeamColumn3d::update - failed to get compatible element forces & deformations for element: 2001(dW: << 0.0343268, dW0: 0.0337928)
Domain::update - domain failed in update
TRBDF2::update() - failed to update the domain
WARNING AcceleratedNewton::solveCurrentStep() -the Integrator failed in update()
DirectIntegrationAnalysis::analyze() - the Algorithm failed at time 27.2125
OpenSees > analyze failed, returned: -3 error flag
WARNING - ForceBeamColumn3d::update - failed to get compatible element forces & deformations for element: 2001(dW: << 0.0343268, dW0: 0.0337928)
Domain::update - domain failed in update
TRBDF2::update() - failed to update the domain
WARNING NewtonLineSearch::solveCurrentStep() -the Integrator failed in update()
DirectIntegrationAnalysis::analyze() - the Algorithm failed at time 27.2125
OpenSees > analyze failed, returned: -3 error flag
WARNING - ForceBeamColumn3d::update - failed to get compatible element forces & deformations for element: 2001(dW: << 0.0343267, dW0: 0.0337927)
Domain::update - domain failed in update
TRBDF2::update() - failed to update the domain
WARNING Broyden::solveCurrentStep() -the Integrator failed in update()
DirectIntegrationAnalysis::analyze() - the Algorithm failed at time 27.2125
OpenSees > analyze failed, returned: -3 error flag
WARNING - ForceBeamColumn3d::update - failed to get compatible element forces & deformations for element: 3120(dW: << 0.0024122, dW0: -25.5074)
WARNING - ForceBeamColumn3d::update - failed to get compatible element forces & deformations for element: 3220(dW: << 0.000435783, dW0: -0.720524)
Domain::update - domain failed in update
TRBDF2::update() - failed to update the domain
WARNING BFGS::solveCurrentStep() -the Integrator failed in update()
DirectIntegrationAnalysis::analyze() - the Algorithm failed at time 27.2125
OpenSees > analyze failed, returned: -3 error flag
WARNING - ForceBeamColumn3d::update - failed to get compatible element forces & deformations for element: 2001(dW: << 0.0343269, dW0: 0.0337929)
Domain::update - domain failed in update
TRBDF2::update() - failed to update the domain
WARNING AcceleratedNewton::solveCurrentStep() -the Integrator failed in update()
DirectIntegrationAnalysis::analyze() - the Algorithm failed at time 27.2125
OpenSees > analyze failed, returned: -3 error flag
WARNING - ForceBeamColumn3d::update - failed to get compatible element forces & deformations for element: 2001(dW: << 0.0343268, dW0: 0.0337928)
Domain::update - domain failed in update
TRBDF2::update() - failed to update the domain
WARNING NewtonLineSearch::solveCurrentStep() -the Integrator failed in update()
DirectIntegrationAnalysis::analyze() - the Algorithm failed at time 27.2125
OpenSees > analyze failed, returned: -3 error flag
WARNING - ForceBeamColumn3d::update - failed to get compatible element forces & deformations for element: 2001(dW: << 0.0343268, dW0: 0.0337852)
Domain::update - domain failed in update
TRBDF2::update() - failed to update the domain
WARNING Broyden::solveCurrentStep() -the Integrator failed in update()
DirectIntegrationAnalysis::analyze() - the Algorithm failed at time 27.2125
OpenSees > analyze failed, returned: -3 error flag
WARNING: CTestNormDispIncr::test() - failed to converge 
after: 10 iterations  current Norm: 0.186588 (max: 0.0001, Norm deltaR: 3640.12)
WARNING: CTestNormDispIncr::test() - failed to converge 
after: 10 iterations  current Norm: 0.00598236 (max: 0.0001, Norm deltaR: 2.45098)
WARNING - ForceBeamColumn3d::update - failed to get compatible element forces & deformations for element: 2311(dW: << 0.00105185, dW0: 0.0327075)
Domain::update - domain failed in update
TRBDF2::update() - failed to update the domain
WARNING BFGS::solveCurrentStep() -the Integrator failed in update()
DirectIntegrationAnalysis::analyze() - the Algorithm failed at time 27.2225
OpenSees > analyze failed, returned: -3 error flag
WARNING - ForceBeamColumn3d::update - failed to get compatible element forces & deformations for element: 2011(dW: << 0.000809192, dW0: 0.0249297)
Domain::update - domain failed in update
TRBDF2::update() - failed to update the domain
WARNING AcceleratedNewton::solveCurrentStep() -the Integrator failed in update()
DirectIntegrationAnalysis::analyze() - the Algorithm failed at time 27.2225
OpenSees > analyze failed, returned: -3 error flag
WARNING: CTestNormDispIncr::test() - failed to converge 
after: 100 iterations  current Norm: 0.000235736 (max: 1e-06, Norm deltaR: 2.0071)
NewtonLineSearch::solveCurrentStep() -the ConvergenceTest object failed in test()
DirectIntegrationAnalysis::analyze() - the Algorithm failed at time 27.2225
OpenSees > analyze failed, returned: -3 error flag
WARNING - ForceBeamColumn3d::update - failed to get compatible element forces & deformations for element: 2011(dW: << 0.000809191, dW0: 0.0245295)
Domain::update - domain failed in update
TRBDF2::update() - failed to update the domain
WARNING Broyden::solveCurrentStep() -the Integrator failed in update()
DirectIntegrationAnalysis::analyze() - the Algorithm failed at time 27.2225
OpenSees > analyze failed, returned: -3 error flag
WARNING: CTestNormDispIncr::test() - failed to converge 
after: 10 iterations  current Norm: 0.554181 (max: 1e-06, Norm deltaR: 155892)
WARNING: CTestNormDispIncr::test() - failed to converge 
after: 10 iterations  current Norm: 0.505188 (max: 1e-06, Norm deltaR: 1983.23)
WARNING: CTestNormDispIncr::test() - failed to converge 
after: 10 iterations  current Norm: 23.2295 (max: 1e-06, Norm deltaR: 653.844)
WARNING: CTestNormDispIncr::test() - failed to converge 
after: 10 iterations  current Norm: 0.132195 (max: 1e-06, Norm deltaR: 21.882)
WARNING: CTestNormDispIncr::test() - failed to converge 
after: 10 iterations  current Norm: 0.000334763 (max: 1e-06, Norm deltaR: 1.40777)
WARNING: CTestNormDispIncr::test() - failed to converge 
after: 10 iterations  current Norm: 0.00084188 (max: 1e-06, Norm deltaR: 2.10049)
WARNING: CTestNormDispIncr::test() - failed to converge 
after: 10 iterations  current Norm: 0.0012779 (max: 1e-06, Norm deltaR: 2.19047)
WARNING - ForceBeamColumn3d::update - failed to get compatible element forces & deformations for element: 2011(dW: << 0.00080919, dW0: 0.0246769)
Domain::update - domain failed in update
TRBDF2::update() - failed to update the domain
WARNING BFGS::solveCurrentStep() -the Integrator failed in update()
DirectIntegrationAnalysis::analyze() - the Algorithm failed at time 27.2225
OpenSees > analyze failed, returned: -3 error flag
WARNING - ForceBeamColumn3d::update - failed to get compatible element forces & deformations for element: 2011(dW: << 0.000809188, dW0: 0.0247452)
Domain::update - domain failed in update
TRBDF2::update() - failed to update the domain
WARNING AcceleratedNewton::solveCurrentStep() -the Integrator failed in update()
DirectIntegrationAnalysis::analyze() - the Algorithm failed at time 27.225
OpenSees > analyze failed, returned: -3 error flag
WARNING - ForceBeamColumn3d::update - failed to get compatible element forces & deformations for element: 2311(dW: << 0.00105185, dW0: 0.0325568)
Domain::update - domain failed in update
TRBDF2::update() - failed to update the domain
WARNING AcceleratedNewton::solveCurrentStep() -the Integrator failed in update()
DirectIntegrationAnalysis::analyze() - the Algorithm failed at time 27.225
OpenSees > analyze failed, returned: -3 error flag
WARNING: CTestNormDispIncr::test() - failed to converge 
after: 100 iterations  current Norm: 3.02807e-05 (max: 1e-06, Norm deltaR: 2.78399)
NewtonLineSearch::solveCurrentStep() -the ConvergenceTest object failed in test()
DirectIntegrationAnalysis::analyze() - the Algorithm failed at time 27.225
OpenSees > analyze failed, returned: -3 error flag
WARNING: CTestNormDispIncr::test() - failed to converge 
after: 10 iterations  current Norm: 0.091109 (max: 1e-06, Norm deltaR: 348283)
WARNING: CTestNormDispIncr::test() - failed to converge 
after: 10 iterations  current Norm: 0.000905438 (max: 1e-06, Norm deltaR: 2.18948)
WARNING - ForceBeamColumn3d::update - failed to get compatible element forces & deformations for element: 2311(dW: << 0.00105184, dW0: 0.0324495)
Domain::update - domain failed in update
TRBDF2::update() - failed to update the domain
WARNING Broyden::solveCurrentStep() -the Integrator failed in update()
DirectIntegrationAnalysis::analyze() - the Algorithm failed at time 27.225
OpenSees > analyze failed, returned: -3 error flag
WARNING: CTestNormDispIncr::test() - failed to converge 
after: 10 iterations  current Norm: 8.0916 (max: 1e-06, Norm deltaR: 2.10177e+06)
WARNING: CTestNormDispIncr::test() - failed to converge 
after: 10 iterations  current Norm: 5.50743 (max: 1e-06, Norm deltaR: 422.763)
WARNING: CTestNormDispIncr::test() - failed to converge 
after: 10 iterations  current Norm: 1.11735 (max: 1e-06, Norm deltaR: 509.776)
WARNING: CTestNormDispIncr::test() - failed to converge 
after: 10 iterations  current Norm: 0.431428 (max: 1e-06, Norm deltaR: 559.83)
WARNING: CTestNormDispIncr::test() - failed to converge 
after: 10 iterations  current Norm: 0.238344 (max: 1e-06, Norm deltaR: 391.215)
WARNING: CTestNormDispIncr::test() - failed to converge 
after: 10 iterations  current Norm: 0.305604 (max: 1e-06, Norm deltaR: 993.404)
WARNING: CTestNormDispIncr::test() - failed to converge 
after: 10 iterations  current Norm: 6.50495e-05 (max: 1e-06, Norm deltaR: 3.69903)
WARNING: CTestNormDispIncr::test() - failed to converge 
after: 10 iterations  current Norm: 0.000401906 (max: 1e-06, Norm deltaR: 2.82413)
WARNING: CTestNormDispIncr::test() - failed to converge 
after: 10 iterations  current Norm: 0.0004025 (max: 1e-06, Norm deltaR: 2.81131)
WARNING: CTestNormDispIncr::test() - failed to converge 
after: 10 iterations  current Norm: 0.000402509 (max: 1e-06, Norm deltaR: 2.81111)
WARNING: CTestNormDispIncr::test() - failed to converge 
after: 10 iterations  current Norm: 0.000402509 (max: 1e-06, Norm deltaR: 2.8111)
WARNING: CTestNormDispIncr::test() - failed to converge 
after: 10 iterations  current Norm: 0.000402509 (max: 1e-06, Norm deltaR: 2.8111)
WARNING: CTestNormDispIncr::test() - failed to converge 
after: 10 iterations  current Norm: 0.000402509 (max: 1e-06, Norm deltaR: 2.8111)
WARNING: CTestNormDispIncr::test() - failed to converge 
after: 10 iterations  current Norm: 0.000402509 (max: 1e-06, Norm deltaR: 2.8111)
WARNING: CTestNormDispIncr::test() - failed to converge 
after: 10 iterations  current Norm: 0.000402509 (max: 1e-06, Norm deltaR: 2.8111)
WARNING: CTestNormDispIncr::test() - failed to converge 
after: 10 iterations  current Norm: 0.000402509 (max: 1e-06, Norm deltaR: 2.8111)
WARNING: CTestNormDispIncr::test() - failed to converge 
after: 10 iterations  current Norm: 0.000402509 (max: 1e-06, Norm deltaR: 2.8111)
WARNING: CTestNormDispIncr::test() - failed to converge 
after: 10 iterations  current Norm: 0.000402509 (max: 1e-06, Norm deltaR: 2.8111)
WARNING: CTestNormDispIncr::test() - failed to converge 
after: 10 iterations  current Norm: 0.000402509 (max: 1e-06, Norm deltaR: 2.8111)
WARNING: CTestNormDispIncr::test() - failed to converge 
after: 10 iterations  current Norm: 0.000402509 (max: 1e-06, Norm deltaR: 2.8111)
WARNING: CTestNormDispIncr::test() - failed to converge 
after: 10 iterations  current Norm: 0.000402509 (max: 1e-06, Norm deltaR: 2.8111)
WARNING: CTestNormDispIncr::test() - failed to converge 
after: 10 iterations  current Norm: 0.000402509 (max: 1e-06, Norm deltaR: 2.8111)
WARNING: CTestNormDispIncr::test() - failed to converge 
after: 10 iterations  current Norm: 0.000402509 (max: 1e-06, Norm deltaR: 2.8111)
WARNING: CTestNormDispIncr::test() - failed to converge 
after: 10 iterations  current Norm: 0.000402509 (max: 1e-06, Norm deltaR: 2.8111)
WARNING: CTestNormDispIncr::test() - failed to converge 
after: 10 iterations  current Norm: 0.000402509 (max: 1e-06, Norm deltaR: 2.8111)
WARNING: CTestNormDispIncr::test() - failed to converge 
after: 10 iterations  current Norm: 0.000402509 (max: 1e-06, Norm deltaR: 2.8111)
WARNING: CTestNormDispIncr::test() - failed to converge 
after: 10 iterations  current Norm: 0.000402509 (max: 1e-06, Norm deltaR: 2.8111)
WARNING: CTestNormDispIncr::test() - failed to converge 
after: 10 iterations  current Norm: 0.000402509 (max: 1e-06, Norm deltaR: 2.8111)
WARNING: CTestNormDispIncr::test() - failed to converge 
after: 10 iterations  current Norm: 0.000402509 (max: 1e-06, Norm deltaR: 2.8111)
WARNING: CTestNormDispIncr::test() - failed to converge 
after: 10 iterations  current Norm: 0.000402509 (max: 1e-06, Norm deltaR: 2.8111)
WARNING: CTestNormDispIncr::test() - failed to converge 
after: 10 iterations  current Norm: 0.000402509 (max: 1e-06, Norm deltaR: 2.8111)
WARNING: CTestNormDispIncr::test() - failed to converge 
after: 10 iterations  current Norm: 0.000402509 (max: 1e-06, Norm deltaR: 2.8111)
WARNING: CTestNormDispIncr::test() - failed to converge 
after: 10 iterations  current Norm: 0.000402509 (max: 1e-06, Norm deltaR: 2.8111)
WARNING: CTestNormDispIncr::test() - failed to converge 
after: 10 iterations  current Norm: 0.000402509 (max: 1e-06, Norm deltaR: 2.8111)
WARNING: CTestNormDispIncr::test() - failed to converge 
after: 10 iterations  current Norm: 0.000402509 (max: 1e-06, Norm deltaR: 2.8111)
WARNING: CTestNormDispIncr::test() - failed to converge 
after: 10 iterations  current Norm: 0.000402509 (max: 1e-06, Norm deltaR: 2.8111)
WARNING: CTestNormDispIncr::test() - failed to converge 
after: 10 iterations  current Norm: 0.000402509 (max: 1e-06, Norm deltaR: 2.8111)
WARNING: CTestNormDispIncr::test() - failed to converge 
after: 10 iterations  current Norm: 0.000402509 (max: 1e-06, Norm deltaR: 2.8111)
WARNING: CTestNormDispIncr::test() - failed to converge 
after: 10 iterations  current Norm: 0.000402509 (max: 1e-06, Norm deltaR: 2.8111)
WARNING: CTestNormDispIncr::test() - failed to converge 
after: 10 iterations  current Norm: 0.000402509 (max: 1e-06, Norm deltaR: 2.8111)
WARNING: CTestNormDispIncr::test() - failed to converge 
after: 10 iterations  current Norm: 0.000402509 (max: 1e-06, Norm deltaR: 2.8111)
WARNING: CTestNormDispIncr::test() - failed to converge 
after: 10 iterations  current Norm: 0.000402509 (max: 1e-06, Norm deltaR: 2.8111)
WARNING: CTestNormDispIncr::test() - failed to converge 
after: 10 iterations  current Norm: 0.000402509 (max: 1e-06, Norm deltaR: 2.8111)
WARNING: CTestNormDispIncr::test() - failed to converge 
after: 10 iterations  current Norm: 0.000402509 (max: 1e-06, Norm deltaR: 2.8111)
WARNING: CTestNormDispIncr::test() - failed to converge 
after: 10 iterations  current Norm: 0.000402509 (max: 1e-06, Norm deltaR: 2.8111)
WARNING: CTestNormDispIncr::test() - failed to converge 
after: 10 iterations  current Norm: 0.000402509 (max: 1e-06, Norm deltaR: 2.8111)
WARNING: CTestNormDispIncr::test() - failed to converge 
after: 10 iterations  current Norm: 0.000402509 (max: 1e-06, Norm deltaR: 2.8111)
WARNING: CTestNormDispIncr::test() - failed to converge 
after: 10 iterations  current Norm: 0.000402509 (max: 1e-06, Norm deltaR: 2.8111)
WARNING: CTestNormDispIncr::test() - failed to converge 
after: 10 iterations  current Norm: 0.000402509 (max: 1e-06, Norm deltaR: 2.8111)
WARNING: CTestNormDispIncr::test() - failed to converge 
after: 10 iterations  current Norm: 0.000402509 (max: 1e-06, Norm deltaR: 2.8111)
WARNING: CTestNormDispIncr::test() - failed to converge 
after: 10 iterations  current Norm: 0.000402509 (max: 1e-06, Norm deltaR: 2.8111)
WARNING: CTestNormDispIncr::test() - failed to converge 
after: 10 iterations  current Norm: 0.000402509 (max: 1e-06, Norm deltaR: 2.8111)
WARNING: CTestNormDispIncr::test() - failed to converge 
after: 10 iterations  current Norm: 0.000402509 (max: 1e-06, Norm deltaR: 2.8111)
WARNING: CTestNormDispIncr::test() - failed to converge 
after: 10 iterations  current Norm: 0.000402509 (max: 1e-06, Norm deltaR: 2.8111)
WARNING: CTestNormDispIncr::test() - failed to converge 
after: 10 iterations  current Norm: 0.000402509 (max: 1e-06, Norm deltaR: 2.8111)
WARNING: CTestNormDispIncr::test() - failed to converge 
after: 10 iterations  current Norm: 0.000402509 (max: 1e-06, Norm deltaR: 2.8111)
WARNING: CTestNormDispIncr::test() - failed to converge 
after: 10 iterations  current Norm: 0.000402509 (max: 1e-06, Norm deltaR: 2.8111)
WARNING: CTestNormDispIncr::test() - failed to converge 
after: 10 iterations  current Norm: 0.000402509 (max: 1e-06, Norm deltaR: 2.8111)
WARNING: CTestNormDispIncr::test() - failed to converge 
after: 10 iterations  current Norm: 0.000402509 (max: 1e-06, Norm deltaR: 2.8111)
WARNING: CTestNormDispIncr::test() - failed to converge 
after: 10 iterations  current Norm: 0.000402509 (max: 1e-06, Norm deltaR: 2.8111)
WARNING: CTestNormDispIncr::test() - failed to converge 
after: 10 iterations  current Norm: 0.000402509 (max: 1e-06, Norm deltaR: 2.8111)
WARNING: CTestNormDispIncr::test() - failed to converge 
after: 10 iterations  current Norm: 0.000402509 (max: 1e-06, Norm deltaR: 2.8111)
WARNING: CTestNormDispIncr::test() - failed to converge 
after: 10 iterations  current Norm: 0.000402509 (max: 1e-06, Norm deltaR: 2.8111)
WARNING: CTestNormDispIncr::test() - failed to converge 
after: 10 iterations  current Norm: 0.000402509 (max: 1e-06, Norm deltaR: 2.8111)
WARNING: CTestNormDispIncr::test() - failed to converge 
after: 10 iterations  current Norm: 0.000402509 (max: 1e-06, Norm deltaR: 2.8111)
WARNING: CTestNormDispIncr::test() - failed to converge 
after: 10 iterations  current Norm: 0.000402509 (max: 1e-06, Norm deltaR: 2.8111)
WARNING: CTestNormDispIncr::test() - failed to converge 
after: 10 iterations  current Norm: 0.000402509 (max: 1e-06, Norm deltaR: 2.8111)
WARNING: CTestNormDispIncr::test() - failed to converge 
after: 10 iterations  current Norm: 0.000402509 (max: 1e-06, Norm deltaR: 2.8111)
WARNING: CTestNormDispIncr::test() - failed to converge 
after: 10 iterations  current Norm: 0.000402509 (max: 1e-06, Norm deltaR: 2.8111)
WARNING: CTestNormDispIncr::test() - failed to converge 
after: 10 iterations  current Norm: 0.000402509 (max: 1e-06, Norm deltaR: 2.8111)
WARNING: CTestNormDispIncr::test() - failed to converge 
after: 10 iterations  current Norm: 0.000402509 (max: 1e-06, Norm deltaR: 2.8111)
WARNING: CTestNormDispIncr::test() - failed to converge 
after: 10 iterations  current Norm: 0.000402509 (max: 1e-06, Norm deltaR: 2.8111)
WARNING: CTestNormDispIncr::test() - failed to converge 
after: 10 iterations  current Norm: 0.000402509 (max: 1e-06, Norm deltaR: 2.8111)
WARNING: CTestNormDispIncr::test() - failed to converge 
after: 10 iterations  current Norm: 0.000402509 (max: 1e-06, Norm deltaR: 2.8111)
WARNING: CTestNormDispIncr::test() - failed to converge 
after: 10 iterations  current Norm: 0.000402509 (max: 1e-06, Norm deltaR: 2.8111)
WARNING: CTestNormDispIncr::test() - failed to converge 
after: 10 iterations  current Norm: 0.000402509 (max: 1e-06, Norm deltaR: 2.8111)
WARNING: CTestNormDispIncr::test() - failed to converge 
after: 10 iterations  current Norm: 0.000402509 (max: 1e-06, Norm deltaR: 2.8111)
WARNING: CTestNormDispIncr::test() - failed to converge 
after: 10 iterations  current Norm: 0.000402509 (max: 1e-06, Norm deltaR: 2.8111)
WARNING: CTestNormDispIncr::test() - failed to converge 
after: 10 iterations  current Norm: 0.000402509 (max: 1e-06, Norm deltaR: 2.8111)
WARNING: CTestNormDispIncr::test() - failed to converge 
after: 10 iterations  current Norm: 0.000402509 (max: 1e-06, Norm deltaR: 2.8111)
WARNING: CTestNormDispIncr::test() - failed to converge 
after: 10 iterations  current Norm: 0.000402509 (max: 1e-06, Norm deltaR: 2.8111)
WARNING: CTestNormDispIncr::test() - failed to converge 
after: 10 iterations  current Norm: 0.000402509 (max: 1e-06, Norm deltaR: 2.8111)
WARNING: CTestNormDispIncr::test() - failed to converge 
after: 10 iterations  current Norm: 0.000402509 (max: 1e-06, Norm deltaR: 2.8111)
WARNING: CTestNormDispIncr::test() - failed to converge 
after: 10 iterations  current Norm: 0.000402509 (max: 1e-06, Norm deltaR: 2.8111)
WARNING: CTestNormDispIncr::test() - failed to converge 
after: 10 iterations  current Norm: 0.000402509 (max: 1e-06, Norm deltaR: 2.8111)
WARNING: CTestNormDispIncr::test() - failed to converge 
after: 10 iterations  current Norm: 0.000402509 (max: 1e-06, Norm deltaR: 2.8111)
WARNING: CTestNormDispIncr::test() - failed to converge 
after: 10 iterations  current Norm: 0.000402509 (max: 1e-06, Norm deltaR: 2.8111)
WARNING: CTestNormDispIncr::test() - failed to converge 
after: 10 iterations  current Norm: 0.000402509 (max: 1e-06, Norm deltaR: 2.8111)
WARNING: CTestNormDispIncr::test() - failed to converge 
after: 10 iterations  current Norm: 0.000402509 (max: 1e-06, Norm deltaR: 2.8111)
WARNING: CTestNormDispIncr::test() - failed to converge 
after: 10 iterations  current Norm: 0.000402509 (max: 1e-06, Norm deltaR: 2.8111)
WARNING: CTestNormDispIncr::test() - failed to converge 
after: 10 iterations  current Norm: 0.000402509 (max: 1e-06, Norm deltaR: 2.8111)
WARNING: CTestNormDispIncr::test() - failed to converge 
after: 10 iterations  current Norm: 0.000402509 (max: 1e-06, Norm deltaR: 2.8111)
WARNING: CTestNormDispIncr::test() - failed to converge 
after: 10 iterations  current Norm: 0.000402509 (max: 1e-06, Norm deltaR: 2.8111)
WARNING: CTestNormDispIncr::test() - failed to converge 
after: 10 iterations  current Norm: 0.000402509 (max: 1e-06, Norm deltaR: 2.8111)
WARNING: CTestNormDispIncr::test() - failed to converge 
after: 10 iterations  current Norm: 0.000402509 (max: 1e-06, Norm deltaR: 2.8111)
WARNING: CTestNormDispIncr::test() - failed to converge 
after: 10 iterations  current Norm: 0.000402509 (max: 1e-06, Norm deltaR: 2.8111)
WARNING: CTestNormDispIncr::test() - failed to converge 
after: 10 iterations  current Norm: 0.000402509 (max: 1e-06, Norm deltaR: 2.8111)
WARNING: CTestNormDispIncr::test() - failed to converge 
after: 10 iterations  current Norm: 0.000402509 (max: 1e-06, Norm deltaR: 2.8111)
WARNING: CTestNormDispIncr::test() - failed to converge 
after: 10 iterations  current Norm: 0.000402509 (max: 1e-06, Norm deltaR: 2.8111)
WARNING: CTestNormDispIncr::test() - failed to converge 
after: 10 iterations  current Norm: 0.000402509 (max: 1e-06, Norm deltaR: 2.8111)
WARNING: CTestNormDispIncr::test() - failed to converge 
after: 100 iterations  current Norm: 0.000402509 (max: 1e-06, Norm deltaR: 2.8111)
BFGS::solveCurrentStep() -the ConvergenceTest object failed in test()
DirectIntegrationAnalysis::analyze() - the Algorithm failed at time 27.225
OpenSees > analyze failed, returned: -3 error flag
WARNING - ForceBeamColumn3d::update - failed to get compatible element forces & deformations for element: 2011(dW: << 0.000809187, dW0: 0.0248037)
Domain::update - domain failed in update
TRBDF2::update() - failed to update the domain
WARNING AcceleratedNewton::solveCurrentStep() -the Integrator failed in update()
DirectIntegrationAnalysis::analyze() - the Algorithm failed at time 27.2225
OpenSees > analyze failed, returned: -3 error flag
WARNING: CTestNormDispIncr::test() - failed to converge 
after: 100 iterations  current Norm: 2.71905e-05 (max: 1e-06, Norm deltaR: 1.40795)
NewtonLineSearch::solveCurrentStep() -the ConvergenceTest object failed in test()
DirectIntegrationAnalysis::analyze() - the Algorithm failed at time 27.2225
OpenSees > analyze failed, returned: -3 error flag
WARNING - ForceBeamColumn3d::update - failed to get compatible element forces & deformations for element: 2011(dW: << 0.000809187, dW0: 0.0247532)
Domain::update - domain failed in update
TRBDF2::update() - failed to update the domain
WARNING Broyden::solveCurrentStep() -the Integrator failed in update()
DirectIntegrationAnalysis::analyze() - the Algorithm failed at time 27.2225
OpenSees > analyze failed, returned: -3 error flag
WARNING: CTestNormDispIncr::test() - failed to converge 
after: 10 iterations  current Norm: 3.27492 (max: 1e-06, Norm deltaR: 213600)
WARNING: CTestNormDispIncr::test() - failed to converge 
after: 10 iterations  current Norm: 0.0029598 (max: 1e-06, Norm deltaR: 3.1793)
WARNING: CTestNormDispIncr::test() - failed to converge 
after: 10 iterations  current Norm: 0.000575666 (max: 1e-06, Norm deltaR: 1.51609)
WARNING: CTestNormDispIncr::test() - failed to converge 
after: 10 iterations  current Norm: 0.000938412 (max: 1e-06, Norm deltaR: 2.43077)
WARNING: CTestNormDispIncr::test() - failed to converge 
after: 10 iterations  current Norm: 0.000631896 (max: 1e-06, Norm deltaR: 2.1945)
WARNING: CTestNormDispIncr::test() - failed to converge 
after: 10 iterations  current Norm: 0.000454332 (max: 1e-06, Norm deltaR: 2.10371)
WARNING: CTestNormDispIncr::test() - failed to converge 
after: 10 iterations  current Norm: 0.000623854 (max: 1e-06, Norm deltaR: 2.16819)
WARNING: CTestNormDispIncr::test() - failed to converge 
after: 10 iterations  current Norm: 0.000454401 (max: 1e-06, Norm deltaR: 2.10103)
WARNING: CTestNormDispIncr::test() - failed to converge 
after: 10 iterations  current Norm: 0.000623662 (max: 1e-06, Norm deltaR: 2.16781)
WARNING: CTestNormDispIncr::test() - failed to converge 
after: 10 iterations  current Norm: 0.000454402 (max: 1e-06, Norm deltaR: 2.10099)
WARNING: CTestNormDispIncr::test() - failed to converge 
after: 10 iterations  current Norm: 0.000623659 (max: 1e-06, Norm deltaR: 2.1678)
WARNING: CTestNormDispIncr::test() - failed to converge 
after: 10 iterations  current Norm: 0.000454402 (max: 1e-06, Norm deltaR: 2.10098)
WARNING: CTestNormDispIncr::test() - failed to converge 
after: 10 iterations  current Norm: 0.000623659 (max: 1e-06, Norm deltaR: 2.1678)
WARNING: CTestNormDispIncr::test() - failed to converge 
after: 10 iterations  current Norm: 0.000454402 (max: 1e-06, Norm deltaR: 2.10098)
WARNING: CTestNormDispIncr::test() - failed to converge 
after: 10 iterations  current Norm: 0.000623659 (max: 1e-06, Norm deltaR: 2.1678)
WARNING: CTestNormDispIncr::test() - failed to converge 
after: 10 iterations  current Norm: 0.000454402 (max: 1e-06, Norm deltaR: 2.10098)
WARNING: CTestNormDispIncr::test() - failed to converge 
after: 10 iterations  current Norm: 0.000623659 (max: 1e-06, Norm deltaR: 2.1678)
WARNING: CTestNormDispIncr::test() - failed to converge 
after: 10 iterations  current Norm: 0.000454402 (max: 1e-06, Norm deltaR: 2.10098)
WARNING: CTestNormDispIncr::test() - failed to converge 
after: 10 iterations  current Norm: 0.000623659 (max: 1e-06, Norm deltaR: 2.1678)
WARNING: CTestNormDispIncr::test() - failed to converge 
after: 10 iterations  current Norm: 0.000454402 (max: 1e-06, Norm deltaR: 2.10098)
WARNING: CTestNormDispIncr::test() - failed to converge 
after: 10 iterations  current Norm: 0.000623659 (max: 1e-06, Norm deltaR: 2.1678)
WARNING: CTestNormDispIncr::test() - failed to converge 
after: 10 iterations  current Norm: 0.000454402 (max: 1e-06, Norm deltaR: 2.10098)
WARNING: CTestNormDispIncr::test() - failed to converge 
after: 10 iterations  current Norm: 0.000623659 (max: 1e-06, Norm deltaR: 2.1678)
WARNING: CTestNormDispIncr::test() - failed to converge 
after: 10 iterations  current Norm: 0.000454402 (max: 1e-06, Norm deltaR: 2.10098)
WARNING: CTestNormDispIncr::test() - failed to converge 
after: 10 iterations  current Norm: 0.000623659 (max: 1e-06, Norm deltaR: 2.1678)
WARNING: CTestNormDispIncr::test() - failed to converge 
after: 10 iterations  current Norm: 0.000454402 (max: 1e-06, Norm deltaR: 2.10098)
WARNING: CTestNormDispIncr::test() - failed to converge 
after: 10 iterations  current Norm: 0.000623659 (max: 1e-06, Norm deltaR: 2.1678)
WARNING: CTestNormDispIncr::test() - failed to converge 
after: 10 iterations  current Norm: 0.000454402 (max: 1e-06, Norm deltaR: 2.10098)
WARNING: CTestNormDispIncr::test() - failed to converge 
after: 10 iterations  current Norm: 0.000623659 (max: 1e-06, Norm deltaR: 2.1678)
WARNING: CTestNormDispIncr::test() - failed to converge 
after: 10 iterations  current Norm: 0.000454402 (max: 1e-06, Norm deltaR: 2.10098)
WARNING: CTestNormDispIncr::test() - failed to converge 
after: 10 iterations  current Norm: 0.000623659 (max: 1e-06, Norm deltaR: 2.1678)
WARNING: CTestNormDispIncr::test() - failed to converge 
after: 10 iterations  current Norm: 0.000454402 (max: 1e-06, Norm deltaR: 2.10098)
WARNING: CTestNormDispIncr::test() - failed to converge 
after: 10 iterations  current Norm: 0.000623659 (max: 1e-06, Norm deltaR: 2.1678)
WARNING: CTestNormDispIncr::test() - failed to converge 
after: 10 iterations  current Norm: 0.000454402 (max: 1e-06, Norm deltaR: 2.10098)
WARNING: CTestNormDispIncr::test() - failed to converge 
after: 10 iterations  current Norm: 0.000623659 (max: 1e-06, Norm deltaR: 2.1678)
WARNING: CTestNormDispIncr::test() - failed to converge 
after: 10 iterations  current Norm: 0.000454402 (max: 1e-06, Norm deltaR: 2.10098)
WARNING: CTestNormDispIncr::test() - failed to converge 
after: 10 iterations  current Norm: 0.000623659 (max: 1e-06, Norm deltaR: 2.1678)
WARNING: CTestNormDispIncr::test() - failed to converge 
after: 10 iterations  current Norm: 0.000454402 (max: 1e-06, Norm deltaR: 2.10098)
WARNING: CTestNormDispIncr::test() - failed to converge 
after: 10 iterations  current Norm: 0.000623659 (max: 1e-06, Norm deltaR: 2.1678)
WARNING: CTestNormDispIncr::test() - failed to converge 
after: 10 iterations  current Norm: 0.000454402 (max: 1e-06, Norm deltaR: 2.10098)
WARNING: CTestNormDispIncr::test() - failed to converge 
after: 10 iterations  current Norm: 0.000623659 (max: 1e-06, Norm deltaR: 2.1678)
WARNING: CTestNormDispIncr::test() - failed to converge 
after: 10 iterations  current Norm: 0.000454402 (max: 1e-06, Norm deltaR: 2.10098)
WARNING: CTestNormDispIncr::test() - failed to converge 
after: 10 iterations  current Norm: 0.000623659 (max: 1e-06, Norm deltaR: 2.1678)
WARNING: CTestNormDispIncr::test() - failed to converge 
after: 10 iterations  current Norm: 0.000454402 (max: 1e-06, Norm deltaR: 2.10098)
WARNING: CTestNormDispIncr::test() - failed to converge 
after: 10 iterations  current Norm: 0.000623659 (max: 1e-06, Norm deltaR: 2.1678)
WARNING: CTestNormDispIncr::test() - failed to converge 
after: 10 iterations  current Norm: 0.000454402 (max: 1e-06, Norm deltaR: 2.10098)
WARNING: CTestNormDispIncr::test() - failed to converge 
after: 10 iterations  current Norm: 0.000623659 (max: 1e-06, Norm deltaR: 2.1678)
WARNING: CTestNormDispIncr::test() - failed to converge 
after: 10 iterations  current Norm: 0.000454402 (max: 1e-06, Norm deltaR: 2.10098)
WARNING: CTestNormDispIncr::test() - failed to converge 
after: 10 iterations  current Norm: 0.000623659 (max: 1e-06, Norm deltaR: 2.1678)
WARNING: CTestNormDispIncr::test() - failed to converge 
after: 10 iterations  current Norm: 0.000454402 (max: 1e-06, Norm deltaR: 2.10098)
WARNING: CTestNormDispIncr::test() - failed to converge 
after: 10 iterations  current Norm: 0.000623659 (max: 1e-06, Norm deltaR: 2.1678)
WARNING: CTestNormDispIncr::test() - failed to converge 
after: 10 iterations  current Norm: 0.000454402 (max: 1e-06, Norm deltaR: 2.10098)
WARNING: CTestNormDispIncr::test() - failed to converge 
after: 10 iterations  current Norm: 0.000623659 (max: 1e-06, Norm deltaR: 2.1678)
WARNING: CTestNormDispIncr::test() - failed to converge 
after: 10 iterations  current Norm: 0.000454402 (max: 1e-06, Norm deltaR: 2.10098)
WARNING: CTestNormDispIncr::test() - failed to converge 
after: 10 iterations  current Norm: 0.000623659 (max: 1e-06, Norm deltaR: 2.1678)
WARNING: CTestNormDispIncr::test() - failed to converge 
after: 10 iterations  current Norm: 0.000454402 (max: 1e-06, Norm deltaR: 2.10098)
WARNING: CTestNormDispIncr::test() - failed to converge 
after: 10 iterations  current Norm: 0.000623659 (max: 1e-06, Norm deltaR: 2.1678)
WARNING: CTestNormDispIncr::test() - failed to converge 
after: 10 iterations  current Norm: 0.000454402 (max: 1e-06, Norm deltaR: 2.10098)
WARNING: CTestNormDispIncr::test() - failed to converge 
after: 10 iterations  current Norm: 0.000623659 (max: 1e-06, Norm deltaR: 2.1678)
WARNING: CTestNormDispIncr::test() - failed to converge 
after: 10 iterations  current Norm: 0.000454402 (max: 1e-06, Norm deltaR: 2.10098)
WARNING: CTestNormDispIncr::test() - failed to converge 
after: 10 iterations  current Norm: 0.000623659 (max: 1e-06, Norm deltaR: 2.1678)
WARNING: CTestNormDispIncr::test() - failed to converge 
after: 10 iterations  current Norm: 0.000454402 (max: 1e-06, Norm deltaR: 2.10098)
WARNING: CTestNormDispIncr::test() - failed to converge 
after: 10 iterations  current Norm: 0.000623659 (max: 1e-06, Norm deltaR: 2.1678)
WARNING: CTestNormDispIncr::test() - failed to converge 
after: 10 iterations  current Norm: 0.000454402 (max: 1e-06, Norm deltaR: 2.10098)
WARNING: CTestNormDispIncr::test() - failed to converge 
after: 10 iterations  current Norm: 0.000623659 (max: 1e-06, Norm deltaR: 2.1678)
WARNING: CTestNormDispIncr::test() - failed to converge 
after: 10 iterations  current Norm: 0.000454402 (max: 1e-06, Norm deltaR: 2.10098)
WARNING: CTestNormDispIncr::test() - failed to converge 
after: 10 iterations  current Norm: 0.000623659 (max: 1e-06, Norm deltaR: 2.1678)
WARNING: CTestNormDispIncr::test() - failed to converge 
after: 10 iterations  current Norm: 0.000454402 (max: 1e-06, Norm deltaR: 2.10098)
WARNING: CTestNormDispIncr::test() - failed to converge 
after: 10 iterations  current Norm: 0.000623659 (max: 1e-06, Norm deltaR: 2.1678)
WARNING: CTestNormDispIncr::test() - failed to converge 
after: 10 iterations  current Norm: 0.000454402 (max: 1e-06, Norm deltaR: 2.10098)
WARNING: CTestNormDispIncr::test() - failed to converge 
after: 10 iterations  current Norm: 0.000623659 (max: 1e-06, Norm deltaR: 2.1678)
WARNING: CTestNormDispIncr::test() - failed to converge 
after: 10 iterations  current Norm: 0.000454402 (max: 1e-06, Norm deltaR: 2.10098)
WARNING: CTestNormDispIncr::test() - failed to converge 
after: 10 iterations  current Norm: 0.000623659 (max: 1e-06, Norm deltaR: 2.1678)
WARNING: CTestNormDispIncr::test() - failed to converge 
after: 10 iterations  current Norm: 0.000454402 (max: 1e-06, Norm deltaR: 2.10098)
WARNING: CTestNormDispIncr::test() - failed to converge 
after: 10 iterations  current Norm: 0.000623659 (max: 1e-06, Norm deltaR: 2.1678)
WARNING: CTestNormDispIncr::test() - failed to converge 
after: 10 iterations  current Norm: 0.000454402 (max: 1e-06, Norm deltaR: 2.10098)
WARNING: CTestNormDispIncr::test() - failed to converge 
after: 10 iterations  current Norm: 0.000623659 (max: 1e-06, Norm deltaR: 2.1678)
WARNING: CTestNormDispIncr::test() - failed to converge 
after: 10 iterations  current Norm: 0.000454402 (max: 1e-06, Norm deltaR: 2.10098)
WARNING: CTestNormDispIncr::test() - failed to converge 
after: 10 iterations  current Norm: 0.000623659 (max: 1e-06, Norm deltaR: 2.1678)
WARNING: CTestNormDispIncr::test() - failed to converge 
after: 10 iterations  current Norm: 0.000454402 (max: 1e-06, Norm deltaR: 2.10098)
WARNING: CTestNormDispIncr::test() - failed to converge 
after: 10 iterations  current Norm: 0.000623659 (max: 1e-06, Norm deltaR: 2.1678)
WARNING: CTestNormDispIncr::test() - failed to converge 
after: 10 iterations  current Norm: 0.000454402 (max: 1e-06, Norm deltaR: 2.10098)
WARNING: CTestNormDispIncr::test() - failed to converge 
after: 10 iterations  current Norm: 0.000623659 (max: 1e-06, Norm deltaR: 2.1678)
WARNING: CTestNormDispIncr::test() - failed to converge 
after: 10 iterations  current Norm: 0.000454402 (max: 1e-06, Norm deltaR: 2.10098)
WARNING: CTestNormDispIncr::test() - failed to converge 
after: 10 iterations  current Norm: 0.000623659 (max: 1e-06, Norm deltaR: 2.1678)
WARNING: CTestNormDispIncr::test() - failed to converge 
after: 10 iterations  current Norm: 0.000454402 (max: 1e-06, Norm deltaR: 2.10098)
WARNING: CTestNormDispIncr::test() - failed to converge 
after: 10 iterations  current Norm: 0.000623659 (max: 1e-06, Norm deltaR: 2.1678)
WARNING: CTestNormDispIncr::test() - failed to converge 
after: 10 iterations  current Norm: 0.000454402 (max: 1e-06, Norm deltaR: 2.10098)
WARNING: CTestNormDispIncr::test() - failed to converge 
after: 10 iterations  current Norm: 0.000623659 (max: 1e-06, Norm deltaR: 2.1678)
WARNING: CTestNormDispIncr::test() - failed to converge 
after: 10 iterations  current Norm: 0.000454402 (max: 1e-06, Norm deltaR: 2.10098)
WARNING: CTestNormDispIncr::test() - failed to converge 
after: 10 iterations  current Norm: 0.000623659 (max: 1e-06, Norm deltaR: 2.1678)
WARNING: CTestNormDispIncr::test() - failed to converge 
after: 10 iterations  current Norm: 0.000454402 (max: 1e-06, Norm deltaR: 2.10098)
WARNING: CTestNormDispIncr::test() - failed to converge 
after: 10 iterations  current Norm: 0.000623659 (max: 1e-06, Norm deltaR: 2.1678)
WARNING: CTestNormDispIncr::test() - failed to converge 
after: 10 iterations  current Norm: 0.000454402 (max: 1e-06, Norm deltaR: 2.10098)
WARNING: CTestNormDispIncr::test() - failed to converge 
after: 10 iterations  current Norm: 0.000623659 (max: 1e-06, Norm deltaR: 2.1678)
WARNING: CTestNormDispIncr::test() - failed to converge 
after: 10 iterations  current Norm: 0.000454402 (max: 1e-06, Norm deltaR: 2.10098)
WARNING: CTestNormDispIncr::test() - failed to converge 
after: 10 iterations  current Norm: 0.000623659 (max: 1e-06, Norm deltaR: 2.1678)
WARNING: CTestNormDispIncr::test() - failed to converge 
after: 10 iterations  current Norm: 0.000454402 (max: 1e-06, Norm deltaR: 2.10098)
WARNING: CTestNormDispIncr::test() - failed to converge 
after: 10 iterations  current Norm: 0.000623659 (max: 1e-06, Norm deltaR: 2.1678)
WARNING: CTestNormDispIncr::test() - failed to converge 
after: 10 iterations  current Norm: 0.000454402 (max: 1e-06, Norm deltaR: 2.10098)
WARNING: CTestNormDispIncr::test() - failed to converge 
after: 100 iterations  current Norm: 0.000454402 (max: 1e-06, Norm deltaR: 2.10098)
BFGS::solveCurrentStep() -the ConvergenceTest object failed in test()
DirectIntegrationAnalysis::analyze() - the Algorithm failed at time 27.2225
OpenSees > analyze failed, returned: -3 error flag
WARNING: CTestNormDispIncr::test() - failed to converge 
after: 100 iterations  current Norm: 0.000111902 (max: 1e-06, Norm deltaR: 0.709078)
AcceleratedNewton::solveCurrentStep() -The ConvergenceTest object failed in test()
DirectIntegrationAnalysis::analyze() - the Algorithm failed at time 27.2212
OpenSees > analyze failed, returned: -3 error flag
WARNING: CTestNormDispIncr::test() - failed to converge 
after: 100 iterations  current Norm: 1.39183e-05 (max: 1e-06, Norm deltaR: 0.698095)
NewtonLineSearch::solveCurrentStep() -the ConvergenceTest object failed in test()
DirectIntegrationAnalysis::analyze() - the Algorithm failed at time 27.2212
OpenSees > analyze failed, returned: -3 error flag
WARNING: CTestNormDispIncr::test() - failed to converge 
after: 10 iterations  current Norm: 1.73012e-05 (max: 1e-06, Norm deltaR: 751.039)
WARNING: CTestNormDispIncr::test() - failed to converge 
after: 10 iterations  current Norm: 1.64543e-05 (max: 1e-06, Norm deltaR: 2.55816)
WARNING: CTestNormDispIncr::test() - failed to converge 
after: 10 iterations  current Norm: 0.000344163 (max: 1e-06, Norm deltaR: 1.03801)
WARNING - ForceBeamColumn3d::update - failed to get compatible element forces & deformations for element: 2011(dW: << 0.0250463, dW0: 0.0248744)
Domain::update - domain failed in update
TRBDF2::update() - failed to update the domain
WARNING Broyden::solveCurrentStep() -the Integrator failed in update()
DirectIntegrationAnalysis::analyze() - the Algorithm failed at time 27.2212
OpenSees > analyze failed, returned: -3 error flag
WARNING: CTestNormDispIncr::test() - failed to converge 
after: 10 iterations  current Norm: 10.5688 (max: 1e-06, Norm deltaR: 5.94669e+07)
WARNING: CTestNormDispIncr::test() - failed to converge 
after: 10 iterations  current Norm: 1.03062 (max: 1e-06, Norm deltaR: 1110.63)
WARNING: CTestNormDispIncr::test() - failed to converge 
after: 10 iterations  current Norm: 0.835532 (max: 1e-06, Norm deltaR: 953.962)
WARNING: CTestNormDispIncr::test() - failed to converge 
after: 10 iterations  current Norm: 2.55777 (max: 1e-06, Norm deltaR: 432.81)
WARNING: CTestNormDispIncr::test() - failed to converge 
after: 10 iterations  current Norm: 6.94162e-05 (max: 1e-06, Norm deltaR: 5.18197)
WARNING - ForceBeamColumn3d::update - failed to get compatible element forces & deformations for element: 2311(dW: << 0.00105184, dW0: 0.0321947)
Domain::update - domain failed in update
TRBDF2::update() - failed to update the domain
WARNING BFGS::solveCurrentStep() -the Integrator failed in update()
DirectIntegrationAnalysis::analyze() - the Algorithm failed at time 27.2212
OpenSees > analyze failed, returned: -3 error flag
WARNING: CTestNormDispIncr::test() - failed to converge 
after: 100 iterations  current Norm: 0.0001116 (max: 1e-05, Norm deltaR: 0.729439)
AcceleratedNewton::solveCurrentStep() -The ConvergenceTest object failed in test()
DirectIntegrationAnalysis::analyze() - the Algorithm failed at time 27.2212
OpenSees > analyze failed, returned: -3 error flag
WARNING - ForceBeamColumn3d::update - failed to get compatible element forces & deformations for element: 2311(dW: << 0.00105185, dW0: 0.0328184)
Domain::update - domain failed in update
TRBDF2::update() - failed to update the domain
WARNInG InitialInterpolatedLineSearch::search() -the Integrator failed in update()
WARNING - ForceBeamColumn3d::update - failed to get compatible element forces & deformations for element: 2311(dW: << 0.00105185, dW0: 0.0328822)
Domain::update - domain failed in update
TRBDF2::update() - failed to update the domain
WARNInG InitialInterpolatedLineSearch::search() -the Integrator failed in update()
WARNING - ForceBeamColumn3d::update - failed to get compatible element forces & deformations for element: 2311(dW: << 0.00105185, dW0: 0.0328836)
Domain::update - domain failed in update
TRBDF2::update() - failed to update the domain
WARNInG InitialInterpolatedLineSearch::search() -the Integrator failed in update()
WARNING - ForceBeamColumn3d::update - failed to get compatible element forces & deformations for element: 2311(dW: << 0.00105185, dW0: 0.0328836)
Domain::update - domain failed in update
TRBDF2::update() - failed to update the domain
WARNInG InitialInterpolatedLineSearch::search() -the Integrator failed in update()
WARNING - ForceBeamColumn3d::update - failed to get compatible element forces & deformations for element: 2311(dW: << 0.00105185, dW0: 0.0328836)
Domain::update - domain failed in update
TRBDF2::update() - failed to update the domain
WARNInG InitialInterpolatedLineSearch::search() -the Integrator failed in update()
WARNING - ForceBeamColumn3d::update - failed to get compatible element forces & deformations for element: 2311(dW: << 0.00105185, dW0: 0.0328836)
Domain::update - domain failed in update
TRBDF2::update() - failed to update the domain
WARNInG InitialInterpolatedLineSearch::search() -the Integrator failed in update()
WARNING - ForceBeamColumn3d::update - failed to get compatible element forces & deformations for element: 2311(dW: << 0.00105185, dW0: 0.0328836)
Domain::update - domain failed in update
TRBDF2::update() - failed to update the domain
WARNInG InitialInterpolatedLineSearch::search() -the Integrator failed in update()
WARNING - ForceBeamColumn3d::update - failed to get compatible element forces & deformations for element: 2311(dW: << 0.00105185, dW0: 0.0328836)
Domain::update - domain failed in update
TRBDF2::update() - failed to update the domain
WARNInG InitialInterpolatedLineSearch::search() -the Integrator failed in update()
WARNING - ForceBeamColumn3d::update - failed to get compatible element forces & deformations for element: 2311(dW: << 0.00105185, dW0: 0.0328836)
Domain::update - domain failed in update
TRBDF2::update() - failed to update the domain
WARNInG InitialInterpolatedLineSearch::search() -the Integrator failed in update()
WARNING - ForceBeamColumn3d::update - failed to get compatible element forces & deformations for element: 2311(dW: << 0.00105185, dW0: 0.0328836)
Domain::update - domain failed in update
TRBDF2::update() - failed to update the domain
WARNInG InitialInterpolatedLineSearch::search() -the Integrator failed in update()
WARNING - ForceBeamColumn3d::update - failed to get compatible element forces & deformations for element: 2311(dW: << 0.00105185, dW0: 0.0328836)
Domain::update - domain failed in update
TRBDF2::update() - failed to update the domain
WARNInG InitialInterpolatedLineSearch::search() -the Integrator failed in update()
WARNING - ForceBeamColumn3d::update - failed to get compatible element forces & deformations for element: 2311(dW: << 0.00105185, dW0: 0.0328836)
Domain::update - domain failed in update
TRBDF2::update() - failed to update the domain
WARNInG InitialInterpolatedLineSearch::search() -the Integrator failed in update()
WARNING - ForceBeamColumn3d::update - failed to get compatible element forces & deformations for element: 2311(dW: << 0.00105185, dW0: 0.0328836)
Domain::update - domain failed in update
TRBDF2::update() - failed to update the domain
WARNInG InitialInterpolatedLineSearch::search() -the Integrator failed in update()
WARNING - ForceBeamColumn3d::update - failed to get compatible element forces & deformations for element: 2311(dW: << 0.00105185, dW0: 0.0328836)
Domain::update - domain failed in update
TRBDF2::update() - failed to update the domain
WARNInG InitialInterpolatedLineSearch::search() -the Integrator failed in update()
WARNING: CTestNormDispIncr::test() - failed to converge 
after: 100 iterations  current Norm: 0.000474243 (max: 1e-05, Norm deltaR: 3.21684)
NewtonLineSearch::solveCurrentStep() -the ConvergenceTest object failed in test()
DirectIntegrationAnalysis::analyze() - the Algorithm failed at time 27.2262
OpenSees > analyze failed, returned: -3 error flag
WARNING - ForceBeamColumn3d::update - failed to get compatible element forces & deformations for element: 2311(dW: << 0.00105184, dW0: 0.0324985)
Domain::update - domain failed in update
TRBDF2::update() - failed to update the domain
WARNING AcceleratedNewton::solveCurrentStep() -the Integrator failed in update()
DirectIntegrationAnalysis::analyze() - the Algorithm failed at time 27.2262
OpenSees > analyze failed, returned: -3 error flag
WARNING - ForceBeamColumn3d::update - failed to get compatible element forces & deformations for element: 2311(dW: << 0.00105185, dW0: 0.0328184)
Domain::update - domain failed in update
TRBDF2::update() - failed to update the domain
WARNInG InitialInterpolatedLineSearch::search() -the Integrator failed in update()
WARNING - ForceBeamColumn3d::update - failed to get compatible element forces & deformations for element: 2311(dW: << 0.00105185, dW0: 0.0328822)
Domain::update - domain failed in update
TRBDF2::update() - failed to update the domain
WARNInG InitialInterpolatedLineSearch::search() -the Integrator failed in update()
WARNING - ForceBeamColumn3d::update - failed to get compatible element forces & deformations for element: 2311(dW: << 0.00105185, dW0: 0.0328836)
Domain::update - domain failed in update
TRBDF2::update() - failed to update the domain
WARNInG InitialInterpolatedLineSearch::search() -the Integrator failed in update()
WARNING - ForceBeamColumn3d::update - failed to get compatible element forces & deformations for element: 2311(dW: << 0.00105185, dW0: 0.0328836)
Domain::update - domain failed in update
TRBDF2::update() - failed to update the domain
WARNInG InitialInterpolatedLineSearch::search() -the Integrator failed in update()
WARNING - ForceBeamColumn3d::update - failed to get compatible element forces & deformations for element: 2311(dW: << 0.00105185, dW0: 0.0328836)
Domain::update - domain failed in update
TRBDF2::update() - failed to update the domain
WARNInG InitialInterpolatedLineSearch::search() -the Integrator failed in update()
WARNING - ForceBeamColumn3d::update - failed to get compatible element forces & deformations for element: 2311(dW: << 0.00105185, dW0: 0.0328836)
Domain::update - domain failed in update
TRBDF2::update() - failed to update the domain
WARNInG InitialInterpolatedLineSearch::search() -the Integrator failed in update()
WARNING - ForceBeamColumn3d::update - failed to get compatible element forces & deformations for element: 2311(dW: << 0.00105185, dW0: 0.0328836)
Domain::update - domain failed in update
TRBDF2::update() - failed to update the domain
WARNInG InitialInterpolatedLineSearch::search() -the Integrator failed in update()
WARNING - ForceBeamColumn3d::update - failed to get compatible element forces & deformations for element: 2311(dW: << 0.00105185, dW0: 0.0328836)
Domain::update - domain failed in update
TRBDF2::update() - failed to update the domain
WARNInG InitialInterpolatedLineSearch::search() -the Integrator failed in update()
WARNING - ForceBeamColumn3d::update - failed to get compatible element forces & deformations for element: 2311(dW: << 0.00105185, dW0: 0.0328836)
Domain::update - domain failed in update
TRBDF2::update() - failed to update the domain
WARNInG InitialInterpolatedLineSearch::search() -the Integrator failed in update()
WARNING - ForceBeamColumn3d::update - failed to get compatible element forces & deformations for element: 2311(dW: << 0.00105185, dW0: 0.0328836)
Domain::update - domain failed in update
TRBDF2::update() - failed to update the domain
WARNInG InitialInterpolatedLineSearch::search() -the Integrator failed in update()
WARNING - ForceBeamColumn3d::update - failed to get compatible element forces & deformations for element: 2311(dW: << 0.00105185, dW0: 0.0328836)
Domain::update - domain failed in update
TRBDF2::update() - failed to update the domain
WARNInG InitialInterpolatedLineSearch::search() -the Integrator failed in update()
WARNING - ForceBeamColumn3d::update - failed to get compatible element forces & deformations for element: 2311(dW: << 0.00105185, dW0: 0.0328836)
Domain::update - domain failed in update
TRBDF2::update() - failed to update the domain
WARNInG InitialInterpolatedLineSearch::search() -the Integrator failed in update()
WARNING - ForceBeamColumn3d::update - failed to get compatible element forces & deformations for element: 2311(dW: << 0.00105185, dW0: 0.0328836)
Domain::update - domain failed in update
TRBDF2::update() - failed to update the domain
WARNInG InitialInterpolatedLineSearch::search() -the Integrator failed in update()
WARNING - ForceBeamColumn3d::update - failed to get compatible element forces & deformations for element: 2311(dW: << 0.00105185, dW0: 0.0328836)
Domain::update - domain failed in update
TRBDF2::update() - failed to update the domain
WARNInG InitialInterpolatedLineSearch::search() -the Integrator failed in update()
WARNING: CTestNormDispIncr::test() - failed to converge 
after: 100 iterations  current Norm: 0.000474243 (max: 1e-06, Norm deltaR: 3.21684)
NewtonLineSearch::solveCurrentStep() -the ConvergenceTest object failed in test()
DirectIntegrationAnalysis::analyze() - the Algorithm failed at time 27.2262
OpenSees > analyze failed, returned: -3 error flag
WARNING: CTestNormDispIncr::test() - failed to converge 
after: 10 iterations  current Norm: 0.000395977 (max: 1e-06, Norm deltaR: 69181.3)
WARNING: CTestNormDispIncr::test() - failed to converge 
after: 10 iterations  current Norm: 3.71898e-05 (max: 1e-06, Norm deltaR: 5.06792)
WARNING: CTestNormDispIncr::test() - failed to converge 
after: 10 iterations  current Norm: 3.71896e-05 (max: 1e-06, Norm deltaR: 5.06792)
WARNING: CTestNormDispIncr::test() - failed to converge 
after: 10 iterations  current Norm: 3.71896e-05 (max: 1e-06, Norm deltaR: 5.06792)
WARNING: CTestNormDispIncr::test() - failed to converge 
after: 10 iterations  current Norm: 3.71896e-05 (max: 1e-06, Norm deltaR: 5.06792)
WARNING: CTestNormDispIncr::test() - failed to converge 
after: 10 iterations  current Norm: 3.71896e-05 (max: 1e-06, Norm deltaR: 5.06792)
WARNING: CTestNormDispIncr::test() - failed to converge 
after: 10 iterations  current Norm: 3.71896e-05 (max: 1e-06, Norm deltaR: 5.06792)
WARNING: CTestNormDispIncr::test() - failed to converge 
after: 10 iterations  current Norm: 3.71896e-05 (max: 1e-06, Norm deltaR: 5.06792)
WARNING: CTestNormDispIncr::test() - failed to converge 
after: 10 iterations  current Norm: 3.71896e-05 (max: 1e-06, Norm deltaR: 5.06792)
WARNING: CTestNormDispIncr::test() - failed to converge 
after: 10 iterations  current Norm: 3.71896e-05 (max: 1e-06, Norm deltaR: 5.06792)
WARNING: CTestNormDispIncr::test() - failed to converge 
after: 10 iterations  current Norm: 3.71896e-05 (max: 1e-06, Norm deltaR: 5.06792)
WARNING: CTestNormDispIncr::test() - failed to converge 
after: 10 iterations  current Norm: 3.71896e-05 (max: 1e-06, Norm deltaR: 5.06792)
WARNING: CTestNormDispIncr::test() - failed to converge 
after: 10 iterations  current Norm: 3.71896e-05 (max: 1e-06, Norm deltaR: 5.06792)
WARNING: CTestNormDispIncr::test() - failed to converge 
after: 10 iterations  current Norm: 3.71896e-05 (max: 1e-06, Norm deltaR: 5.06792)
WARNING: CTestNormDispIncr::test() - failed to converge 
after: 10 iterations  current Norm: 3.71896e-05 (max: 1e-06, Norm deltaR: 5.06792)
WARNING: CTestNormDispIncr::test() - failed to converge 
after: 10 iterations  current Norm: 3.71896e-05 (max: 1e-06, Norm deltaR: 5.06792)
WARNING: CTestNormDispIncr::test() - failed to converge 
after: 10 iterations  current Norm: 3.71896e-05 (max: 1e-06, Norm deltaR: 5.06792)
WARNING: CTestNormDispIncr::test() - failed to converge 
after: 10 iterations  current Norm: 3.71896e-05 (max: 1e-06, Norm deltaR: 5.06792)
WARNING: CTestNormDispIncr::test() - failed to converge 
after: 10 iterations  current Norm: 3.71896e-05 (max: 1e-06, Norm deltaR: 5.06792)
WARNING: CTestNormDispIncr::test() - failed to converge 
after: 10 iterations  current Norm: 3.71896e-05 (max: 1e-06, Norm deltaR: 5.06792)
WARNING: CTestNormDispIncr::test() - failed to converge 
after: 10 iterations  current Norm: 3.71896e-05 (max: 1e-06, Norm deltaR: 5.06792)
WARNING: CTestNormDispIncr::test() - failed to converge 
after: 10 iterations  current Norm: 3.71896e-05 (max: 1e-06, Norm deltaR: 5.06792)
WARNING: CTestNormDispIncr::test() - failed to converge 
after: 10 iterations  current Norm: 3.71896e-05 (max: 1e-06, Norm deltaR: 5.06792)
WARNING: CTestNormDispIncr::test() - failed to converge 
after: 10 iterations  current Norm: 3.71896e-05 (max: 1e-06, Norm deltaR: 5.06792)
WARNING: CTestNormDispIncr::test() - failed to converge 
after: 10 iterations  current Norm: 3.71896e-05 (max: 1e-06, Norm deltaR: 5.06792)
WARNING: CTestNormDispIncr::test() - failed to converge 
after: 10 iterations  current Norm: 3.71896e-05 (max: 1e-06, Norm deltaR: 5.06792)
WARNING: CTestNormDispIncr::test() - failed to converge 
after: 10 iterations  current Norm: 3.71896e-05 (max: 1e-06, Norm deltaR: 5.06792)
WARNING: CTestNormDispIncr::test() - failed to converge 
after: 10 iterations  current Norm: 3.71896e-05 (max: 1e-06, Norm deltaR: 5.06792)
WARNING: CTestNormDispIncr::test() - failed to converge 
after: 10 iterations  current Norm: 3.71896e-05 (max: 1e-06, Norm deltaR: 5.06792)
WARNING: CTestNormDispIncr::test() - failed to converge 
after: 10 iterations  current Norm: 3.71896e-05 (max: 1e-06, Norm deltaR: 5.06792)
WARNING: CTestNormDispIncr::test() - failed to converge 
after: 10 iterations  current Norm: 3.71896e-05 (max: 1e-06, Norm deltaR: 5.06792)
WARNING: CTestNormDispIncr::test() - failed to converge 
after: 10 iterations  current Norm: 3.71896e-05 (max: 1e-06, Norm deltaR: 5.06792)
WARNING: CTestNormDispIncr::test() - failed to converge 
after: 10 iterations  current Norm: 3.71896e-05 (max: 1e-06, Norm deltaR: 5.06792)
WARNING: CTestNormDispIncr::test() - failed to converge 
after: 10 iterations  current Norm: 3.71896e-05 (max: 1e-06, Norm deltaR: 5.06792)
WARNING: CTestNormDispIncr::test() - failed to converge 
after: 10 iterations  current Norm: 3.71896e-05 (max: 1e-06, Norm deltaR: 5.06792)
WARNING: CTestNormDispIncr::test() - failed to converge 
after: 10 iterations  current Norm: 3.71896e-05 (max: 1e-06, Norm deltaR: 5.06792)
WARNING: CTestNormDispIncr::test() - failed to converge 
after: 10 iterations  current Norm: 3.71896e-05 (max: 1e-06, Norm deltaR: 5.06792)
WARNING: CTestNormDispIncr::test() - failed to converge 
after: 10 iterations  current Norm: 3.71896e-05 (max: 1e-06, Norm deltaR: 5.06792)
WARNING: CTestNormDispIncr::test() - failed to converge 
after: 10 iterations  current Norm: 3.71896e-05 (max: 1e-06, Norm deltaR: 5.06792)
WARNING: CTestNormDispIncr::test() - failed to converge 
after: 10 iterations  current Norm: 3.71896e-05 (max: 1e-06, Norm deltaR: 5.06792)
WARNING: CTestNormDispIncr::test() - failed to converge 
after: 10 iterations  current Norm: 3.71896e-05 (max: 1e-06, Norm deltaR: 5.06792)
WARNING: CTestNormDispIncr::test() - failed to converge 
after: 10 iterations  current Norm: 3.71896e-05 (max: 1e-06, Norm deltaR: 5.06792)
WARNING: CTestNormDispIncr::test() - failed to converge 
after: 10 iterations  current Norm: 3.71896e-05 (max: 1e-06, Norm deltaR: 5.06792)
WARNING: CTestNormDispIncr::test() - failed to converge 
after: 10 iterations  current Norm: 3.71896e-05 (max: 1e-06, Norm deltaR: 5.06792)
WARNING: CTestNormDispIncr::test() - failed to converge 
after: 10 iterations  current Norm: 3.71896e-05 (max: 1e-06, Norm deltaR: 5.06792)
WARNING: CTestNormDispIncr::test() - failed to converge 
after: 10 iterations  current Norm: 3.71896e-05 (max: 1e-06, Norm deltaR: 5.06792)
WARNING: CTestNormDispIncr::test() - failed to converge 
after: 10 iterations  current Norm: 3.71896e-05 (max: 1e-06, Norm deltaR: 5.06792)
WARNING: CTestNormDispIncr::test() - failed to converge 
after: 10 iterations  current Norm: 3.71896e-05 (max: 1e-06, Norm deltaR: 5.06792)
WARNING: CTestNormDispIncr::test() - failed to converge 
after: 10 iterations  current Norm: 3.71896e-05 (max: 1e-06, Norm deltaR: 5.06792)
WARNING: CTestNormDispIncr::test() - failed to converge 
after: 10 iterations  current Norm: 3.71896e-05 (max: 1e-06, Norm deltaR: 5.06792)
WARNING: CTestNormDispIncr::test() - failed to converge 
after: 10 iterations  current Norm: 3.71896e-05 (max: 1e-06, Norm deltaR: 5.06792)
WARNING: CTestNormDispIncr::test() - failed to converge 
after: 10 iterations  current Norm: 3.71896e-05 (max: 1e-06, Norm deltaR: 5.06792)
WARNING: CTestNormDispIncr::test() - failed to converge 
after: 10 iterations  current Norm: 3.71896e-05 (max: 1e-06, Norm deltaR: 5.06792)
WARNING: CTestNormDispIncr::test() - failed to converge 
after: 10 iterations  current Norm: 3.71896e-05 (max: 1e-06, Norm deltaR: 5.06792)
WARNING: CTestNormDispIncr::test() - failed to converge 
after: 10 iterations  current Norm: 3.71896e-05 (max: 1e-06, Norm deltaR: 5.06792)
WARNING: CTestNormDispIncr::test() - failed to converge 
after: 10 iterations  current Norm: 3.71896e-05 (max: 1e-06, Norm deltaR: 5.06792)
WARNING: CTestNormDispIncr::test() - failed to converge 
after: 10 iterations  current Norm: 3.71896e-05 (max: 1e-06, Norm deltaR: 5.06792)
WARNING: CTestNormDispIncr::test() - failed to converge 
after: 10 iterations  current Norm: 3.71896e-05 (max: 1e-06, Norm deltaR: 5.06792)
WARNING: CTestNormDispIncr::test() - failed to converge 
after: 10 iterations  current Norm: 3.71896e-05 (max: 1e-06, Norm deltaR: 5.06792)
WARNING: CTestNormDispIncr::test() - failed to converge 
after: 10 iterations  current Norm: 3.71896e-05 (max: 1e-06, Norm deltaR: 5.06792)
WARNING: CTestNormDispIncr::test() - failed to converge 
after: 10 iterations  current Norm: 3.71896e-05 (max: 1e-06, Norm deltaR: 5.06792)
WARNING: CTestNormDispIncr::test() - failed to converge 
after: 10 iterations  current Norm: 3.71896e-05 (max: 1e-06, Norm deltaR: 5.06792)
WARNING: CTestNormDispIncr::test() - failed to converge 
after: 10 iterations  current Norm: 3.71896e-05 (max: 1e-06, Norm deltaR: 5.06792)
WARNING: CTestNormDispIncr::test() - failed to converge 
after: 10 iterations  current Norm: 3.71896e-05 (max: 1e-06, Norm deltaR: 5.06792)
WARNING: CTestNormDispIncr::test() - failed to converge 
after: 10 iterations  current Norm: 3.71896e-05 (max: 1e-06, Norm deltaR: 5.06792)
WARNING: CTestNormDispIncr::test() - failed to converge 
after: 10 iterations  current Norm: 3.71896e-05 (max: 1e-06, Norm deltaR: 5.06792)
WARNING: CTestNormDispIncr::test() - failed to converge 
after: 10 iterations  current Norm: 3.71896e-05 (max: 1e-06, Norm deltaR: 5.06792)
WARNING: CTestNormDispIncr::test() - failed to converge 
after: 10 iterations  current Norm: 3.71896e-05 (max: 1e-06, Norm deltaR: 5.06792)
WARNING: CTestNormDispIncr::test() - failed to converge 
after: 10 iterations  current Norm: 3.71896e-05 (max: 1e-06, Norm deltaR: 5.06792)
WARNING: CTestNormDispIncr::test() - failed to converge 
after: 10 iterations  current Norm: 3.71896e-05 (max: 1e-06, Norm deltaR: 5.06792)
WARNING: CTestNormDispIncr::test() - failed to converge 
after: 10 iterations  current Norm: 3.71896e-05 (max: 1e-06, Norm deltaR: 5.06792)
WARNING: CTestNormDispIncr::test() - failed to converge 
after: 10 iterations  current Norm: 3.71896e-05 (max: 1e-06, Norm deltaR: 5.06792)
WARNING: CTestNormDispIncr::test() - failed to converge 
after: 10 iterations  current Norm: 3.71896e-05 (max: 1e-06, Norm deltaR: 5.06792)
WARNING: CTestNormDispIncr::test() - failed to converge 
after: 10 iterations  current Norm: 3.71896e-05 (max: 1e-06, Norm deltaR: 5.06792)
WARNING: CTestNormDispIncr::test() - failed to converge 
after: 10 iterations  current Norm: 3.71896e-05 (max: 1e-06, Norm deltaR: 5.06792)
WARNING: CTestNormDispIncr::test() - failed to converge 
after: 10 iterations  current Norm: 3.71896e-05 (max: 1e-06, Norm deltaR: 5.06792)
WARNING: CTestNormDispIncr::test() - failed to converge 
after: 10 iterations  current Norm: 3.71896e-05 (max: 1e-06, Norm deltaR: 5.06792)
WARNING: CTestNormDispIncr::test() - failed to converge 
after: 10 iterations  current Norm: 3.71896e-05 (max: 1e-06, Norm deltaR: 5.06792)
WARNING: CTestNormDispIncr::test() - failed to converge 
after: 10 iterations  current Norm: 3.71896e-05 (max: 1e-06, Norm deltaR: 5.06792)
WARNING: CTestNormDispIncr::test() - failed to converge 
after: 10 iterations  current Norm: 3.71896e-05 (max: 1e-06, Norm deltaR: 5.06792)
WARNING: CTestNormDispIncr::test() - failed to converge 
after: 10 iterations  current Norm: 3.71896e-05 (max: 1e-06, Norm deltaR: 5.06792)
WARNING: CTestNormDispIncr::test() - failed to converge 
after: 10 iterations  current Norm: 3.71896e-05 (max: 1e-06, Norm deltaR: 5.06792)
WARNING: CTestNormDispIncr::test() - failed to converge 
after: 10 iterations  current Norm: 3.71896e-05 (max: 1e-06, Norm deltaR: 5.06792)
WARNING: CTestNormDispIncr::test() - failed to converge 
after: 10 iterations  current Norm: 3.71896e-05 (max: 1e-06, Norm deltaR: 5.06792)
WARNING: CTestNormDispIncr::test() - failed to converge 
after: 10 iterations  current Norm: 3.71896e-05 (max: 1e-06, Norm deltaR: 5.06792)
WARNING: CTestNormDispIncr::test() - failed to converge 
after: 10 iterations  current Norm: 3.71896e-05 (max: 1e-06, Norm deltaR: 5.06792)
WARNING: CTestNormDispIncr::test() - failed to converge 
after: 10 iterations  current Norm: 3.71896e-05 (max: 1e-06, Norm deltaR: 5.06792)
WARNING: CTestNormDispIncr::test() - failed to converge 
after: 10 iterations  current Norm: 3.71896e-05 (max: 1e-06, Norm deltaR: 5.06792)
WARNING: CTestNormDispIncr::test() - failed to converge 
after: 10 iterations  current Norm: 3.71896e-05 (max: 1e-06, Norm deltaR: 5.06792)
WARNING: CTestNormDispIncr::test() - failed to converge 
after: 10 iterations  current Norm: 3.71896e-05 (max: 1e-06, Norm deltaR: 5.06792)
WARNING: CTestNormDispIncr::test() - failed to converge 
after: 10 iterations  current Norm: 3.71896e-05 (max: 1e-06, Norm deltaR: 5.06792)
WARNING: CTestNormDispIncr::test() - failed to converge 
after: 10 iterations  current Norm: 3.71896e-05 (max: 1e-06, Norm deltaR: 5.06792)
WARNING: CTestNormDispIncr::test() - failed to converge 
after: 10 iterations  current Norm: 3.71896e-05 (max: 1e-06, Norm deltaR: 5.06792)
WARNING: CTestNormDispIncr::test() - failed to converge 
after: 10 iterations  current Norm: 3.71896e-05 (max: 1e-06, Norm deltaR: 5.06792)
WARNING: CTestNormDispIncr::test() - failed to converge 
after: 10 iterations  current Norm: 3.71896e-05 (max: 1e-06, Norm deltaR: 5.06792)
WARNING: CTestNormDispIncr::test() - failed to converge 
after: 10 iterations  current Norm: 3.71896e-05 (max: 1e-06, Norm deltaR: 5.06792)
WARNING: CTestNormDispIncr::test() - failed to converge 
after: 10 iterations  current Norm: 3.71896e-05 (max: 1e-06, Norm deltaR: 5.06792)
WARNING: CTestNormDispIncr::test() - failed to converge 
after: 10 iterations  current Norm: 3.71896e-05 (max: 1e-06, Norm deltaR: 5.06792)
WARNING: CTestNormDispIncr::test() - failed to converge 
after: 10 iterations  current Norm: 3.71896e-05 (max: 1e-06, Norm deltaR: 5.06792)
WARNING: CTestNormDispIncr::test() - failed to converge 
after: 10 iterations  current Norm: 3.71896e-05 (max: 1e-06, Norm deltaR: 5.06792)
WARNING: CTestNormDispIncr::test() - failed to converge 
after: 100 iterations  current Norm: 3.71896e-05 (max: 1e-06, Norm deltaR: 5.06792)
Broyden::solveCurrentStep() -the ConvergenceTest object failed in test()
DirectIntegrationAnalysis::analyze() - the Algorithm failed at time 27.2262
OpenSees > analyze failed, returned: -3 error flag
WARNING: CTestNormDispIncr::test() - failed to converge 
after: 10 iterations  current Norm: 11.2284 (max: 1e-06, Norm deltaR: 567904)
WARNING: CTestNormDispIncr::test() - failed to converge 
after: 10 iterations  current Norm: 0.64198 (max: 1e-06, Norm deltaR: 412.222)
WARNING: CTestNormDispIncr::test() - failed to converge 
after: 10 iterations  current Norm: 0.00108104 (max: 1e-06, Norm deltaR: 0.815487)
WARNING: CTestNormDispIncr::test() - failed to converge 
after: 10 iterations  current Norm: 6.62705e-05 (max: 1e-06, Norm deltaR: 0.0341007)
WARNING: CTestNormDispIncr::test() - failed to converge 
after: 10 iterations  current Norm: 0.000179988 (max: 1e-06, Norm deltaR: 0.367117)
WARNING: CTestNormDispIncr::test() - failed to converge 
after: 10 iterations  current Norm: 0.00018841 (max: 1e-06, Norm deltaR: 0.785825)
WARNING: CTestNormDispIncr::test() - failed to converge 
after: 10 iterations  current Norm: 0.000897901 (max: 1e-06, Norm deltaR: 0.733144)
WARNING: CTestNormDispIncr::test() - failed to converge 
after: 10 iterations  current Norm: 0.000248949 (max: 1e-06, Norm deltaR: 0.403852)
WARNING: CTestNormDispIncr::test() - failed to converge 
after: 10 iterations  current Norm: 0.000188666 (max: 1e-06, Norm deltaR: 0.785414)
WARNING: CTestNormDispIncr::test() - failed to converge 
after: 10 iterations  current Norm: 0.000897895 (max: 1e-06, Norm deltaR: 0.733167)
WARNING: CTestNormDispIncr::test() - failed to converge 
after: 10 iterations  current Norm: 0.000248949 (max: 1e-06, Norm deltaR: 0.403853)
WARNING: CTestNormDispIncr::test() - failed to converge 
after: 10 iterations  current Norm: 0.000188666 (max: 1e-06, Norm deltaR: 0.785414)
WARNING: CTestNormDispIncr::test() - failed to converge 
after: 10 iterations  current Norm: 0.000897895 (max: 1e-06, Norm deltaR: 0.733167)
WARNING: CTestNormDispIncr::test() - failed to converge 
after: 10 iterations  current Norm: 0.000248949 (max: 1e-06, Norm deltaR: 0.403853)
WARNING: CTestNormDispIncr::test() - failed to converge 
after: 10 iterations  current Norm: 0.000188666 (max: 1e-06, Norm deltaR: 0.785414)
WARNING: CTestNormDispIncr::test() - failed to converge 
after: 10 iterations  current Norm: 0.000897895 (max: 1e-06, Norm deltaR: 0.733167)
WARNING: CTestNormDispIncr::test() - failed to converge 
after: 10 iterations  current Norm: 0.000248949 (max: 1e-06, Norm deltaR: 0.403853)
WARNING: CTestNormDispIncr::test() - failed to converge 
after: 10 iterations  current Norm: 0.000188666 (max: 1e-06, Norm deltaR: 0.785414)
WARNING: CTestNormDispIncr::test() - failed to converge 
after: 10 iterations  current Norm: 0.000897895 (max: 1e-06, Norm deltaR: 0.733167)
WARNING: CTestNormDispIncr::test() - failed to converge 
after: 10 iterations  current Norm: 0.000248949 (max: 1e-06, Norm deltaR: 0.403853)
WARNING: CTestNormDispIncr::test() - failed to converge 
after: 10 iterations  current Norm: 0.000188666 (max: 1e-06, Norm deltaR: 0.785414)
WARNING: CTestNormDispIncr::test() - failed to converge 
after: 10 iterations  current Norm: 0.000897895 (max: 1e-06, Norm deltaR: 0.733167)
WARNING: CTestNormDispIncr::test() - failed to converge 
after: 10 iterations  current Norm: 0.000248949 (max: 1e-06, Norm deltaR: 0.403853)
WARNING: CTestNormDispIncr::test() - failed to converge 
after: 10 iterations  current Norm: 0.000188666 (max: 1e-06, Norm deltaR: 0.785414)
WARNING: CTestNormDispIncr::test() - failed to converge 
after: 10 iterations  current Norm: 0.000897895 (max: 1e-06, Norm deltaR: 0.733167)
WARNING: CTestNormDispIncr::test() - failed to converge 
after: 10 iterations  current Norm: 0.000248949 (max: 1e-06, Norm deltaR: 0.403853)
WARNING: CTestNormDispIncr::test() - failed to converge 
after: 10 iterations  current Norm: 0.000188666 (max: 1e-06, Norm deltaR: 0.785414)
WARNING: CTestNormDispIncr::test() - failed to converge 
after: 10 iterations  current Norm: 0.000897895 (max: 1e-06, Norm deltaR: 0.733167)
WARNING: CTestNormDispIncr::test() - failed to converge 
after: 10 iterations  current Norm: 0.000248949 (max: 1e-06, Norm deltaR: 0.403853)
WARNING: CTestNormDispIncr::test() - failed to converge 
after: 10 iterations  current Norm: 0.000188666 (max: 1e-06, Norm deltaR: 0.785414)
WARNING: CTestNormDispIncr::test() - failed to converge 
after: 10 iterations  current Norm: 0.000897895 (max: 1e-06, Norm deltaR: 0.733167)
WARNING: CTestNormDispIncr::test() - failed to converge 
after: 10 iterations  current Norm: 0.000248949 (max: 1e-06, Norm deltaR: 0.403853)
WARNING: CTestNormDispIncr::test() - failed to converge 
after: 10 iterations  current Norm: 0.000188666 (max: 1e-06, Norm deltaR: 0.785414)
WARNING: CTestNormDispIncr::test() - failed to converge 
after: 10 iterations  current Norm: 0.000897895 (max: 1e-06, Norm deltaR: 0.733167)
WARNING: CTestNormDispIncr::test() - failed to converge 
after: 10 iterations  current Norm: 0.000248949 (max: 1e-06, Norm deltaR: 0.403853)
WARNING: CTestNormDispIncr::test() - failed to converge 
after: 10 iterations  current Norm: 0.000188666 (max: 1e-06, Norm deltaR: 0.785414)
WARNING: CTestNormDispIncr::test() - failed to converge 
after: 10 iterations  current Norm: 0.000897895 (max: 1e-06, Norm deltaR: 0.733167)
WARNING: CTestNormDispIncr::test() - failed to converge 
after: 10 iterations  current Norm: 0.000248949 (max: 1e-06, Norm deltaR: 0.403853)
WARNING: CTestNormDispIncr::test() - failed to converge 
after: 10 iterations  current Norm: 0.000188666 (max: 1e-06, Norm deltaR: 0.785414)
WARNING: CTestNormDispIncr::test() - failed to converge 
after: 10 iterations  current Norm: 0.000897895 (max: 1e-06, Norm deltaR: 0.733167)
WARNING: CTestNormDispIncr::test() - failed to converge 
after: 10 iterations  current Norm: 0.000248949 (max: 1e-06, Norm deltaR: 0.403853)
WARNING: CTestNormDispIncr::test() - failed to converge 
after: 10 iterations  current Norm: 0.000188666 (max: 1e-06, Norm deltaR: 0.785414)
WARNING: CTestNormDispIncr::test() - failed to converge 
after: 10 iterations  current Norm: 0.000897895 (max: 1e-06, Norm deltaR: 0.733167)
WARNING: CTestNormDispIncr::test() - failed to converge 
after: 10 iterations  current Norm: 0.000248949 (max: 1e-06, Norm deltaR: 0.403853)
WARNING: CTestNormDispIncr::test() - failed to converge 
after: 10 iterations  current Norm: 0.000188666 (max: 1e-06, Norm deltaR: 0.785414)
WARNING: CTestNormDispIncr::test() - failed to converge 
after: 10 iterations  current Norm: 0.000897895 (max: 1e-06, Norm deltaR: 0.733167)
WARNING: CTestNormDispIncr::test() - failed to converge 
after: 10 iterations  current Norm: 0.000248949 (max: 1e-06, Norm deltaR: 0.403853)
WARNING: CTestNormDispIncr::test() - failed to converge 
after: 10 iterations  current Norm: 0.000188666 (max: 1e-06, Norm deltaR: 0.785414)
WARNING: CTestNormDispIncr::test() - failed to converge 
after: 10 iterations  current Norm: 0.000897895 (max: 1e-06, Norm deltaR: 0.733167)
WARNING: CTestNormDispIncr::test() - failed to converge 
after: 10 iterations  current Norm: 0.000248949 (max: 1e-06, Norm deltaR: 0.403853)
WARNING: CTestNormDispIncr::test() - failed to converge 
after: 10 iterations  current Norm: 0.000188666 (max: 1e-06, Norm deltaR: 0.785414)
WARNING: CTestNormDispIncr::test() - failed to converge 
after: 10 iterations  current Norm: 0.000897895 (max: 1e-06, Norm deltaR: 0.733167)
WARNING: CTestNormDispIncr::test() - failed to converge 
after: 10 iterations  current Norm: 0.000248949 (max: 1e-06, Norm deltaR: 0.403853)
WARNING: CTestNormDispIncr::test() - failed to converge 
after: 10 iterations  current Norm: 0.000188666 (max: 1e-06, Norm deltaR: 0.785414)
WARNING: CTestNormDispIncr::test() - failed to converge 
after: 10 iterations  current Norm: 0.000897895 (max: 1e-06, Norm deltaR: 0.733167)
WARNING: CTestNormDispIncr::test() - failed to converge 
after: 10 iterations  current Norm: 0.000248949 (max: 1e-06, Norm deltaR: 0.403853)
WARNING: CTestNormDispIncr::test() - failed to converge 
after: 10 iterations  current Norm: 0.000188666 (max: 1e-06, Norm deltaR: 0.785414)
WARNING: CTestNormDispIncr::test() - failed to converge 
after: 10 iterations  current Norm: 0.000897895 (max: 1e-06, Norm deltaR: 0.733167)
WARNING: CTestNormDispIncr::test() - failed to converge 
after: 10 iterations  current Norm: 0.000248949 (max: 1e-06, Norm deltaR: 0.403853)
WARNING: CTestNormDispIncr::test() - failed to converge 
after: 10 iterations  current Norm: 0.000188666 (max: 1e-06, Norm deltaR: 0.785414)
WARNING: CTestNormDispIncr::test() - failed to converge 
after: 10 iterations  current Norm: 0.000897895 (max: 1e-06, Norm deltaR: 0.733167)
WARNING: CTestNormDispIncr::test() - failed to converge 
after: 10 iterations  current Norm: 0.000248949 (max: 1e-06, Norm deltaR: 0.403853)
WARNING: CTestNormDispIncr::test() - failed to converge 
after: 10 iterations  current Norm: 0.000188666 (max: 1e-06, Norm deltaR: 0.785414)
WARNING: CTestNormDispIncr::test() - failed to converge 
after: 10 iterations  current Norm: 0.000897895 (max: 1e-06, Norm deltaR: 0.733167)
WARNING: CTestNormDispIncr::test() - failed to converge 
after: 10 iterations  current Norm: 0.000248949 (max: 1e-06, Norm deltaR: 0.403853)
WARNING: CTestNormDispIncr::test() - failed to converge 
after: 10 iterations  current Norm: 0.000188666 (max: 1e-06, Norm deltaR: 0.785414)
WARNING: CTestNormDispIncr::test() - failed to converge 
after: 10 iterations  current Norm: 0.000897895 (max: 1e-06, Norm deltaR: 0.733167)
WARNING: CTestNormDispIncr::test() - failed to converge 
after: 10 iterations  current Norm: 0.000248949 (max: 1e-06, Norm deltaR: 0.403853)
WARNING: CTestNormDispIncr::test() - failed to converge 
after: 10 iterations  current Norm: 0.000188666 (max: 1e-06, Norm deltaR: 0.785414)
WARNING: CTestNormDispIncr::test() - failed to converge 
after: 10 iterations  current Norm: 0.000897895 (max: 1e-06, Norm deltaR: 0.733167)
WARNING: CTestNormDispIncr::test() - failed to converge 
after: 10 iterations  current Norm: 0.000248949 (max: 1e-06, Norm deltaR: 0.403853)
WARNING: CTestNormDispIncr::test() - failed to converge 
after: 10 iterations  current Norm: 0.000188666 (max: 1e-06, Norm deltaR: 0.785414)
WARNING: CTestNormDispIncr::test() - failed to converge 
after: 10 iterations  current Norm: 0.000897895 (max: 1e-06, Norm deltaR: 0.733167)
WARNING: CTestNormDispIncr::test() - failed to converge 
after: 10 iterations  current Norm: 0.000248949 (max: 1e-06, Norm deltaR: 0.403853)
WARNING: CTestNormDispIncr::test() - failed to converge 
after: 10 iterations  current Norm: 0.000188666 (max: 1e-06, Norm deltaR: 0.785414)
WARNING: CTestNormDispIncr::test() - failed to converge 
after: 10 iterations  current Norm: 0.000897895 (max: 1e-06, Norm deltaR: 0.733167)
WARNING: CTestNormDispIncr::test() - failed to converge 
after: 10 iterations  current Norm: 0.000248949 (max: 1e-06, Norm deltaR: 0.403853)
WARNING: CTestNormDispIncr::test() - failed to converge 
after: 10 iterations  current Norm: 0.000188666 (max: 1e-06, Norm deltaR: 0.785414)
WARNING: CTestNormDispIncr::test() - failed to converge 
after: 10 iterations  current Norm: 0.000897895 (max: 1e-06, Norm deltaR: 0.733167)
WARNING: CTestNormDispIncr::test() - failed to converge 
after: 10 iterations  current Norm: 0.000248949 (max: 1e-06, Norm deltaR: 0.403853)
WARNING: CTestNormDispIncr::test() - failed to converge 
after: 10 iterations  current Norm: 0.000188666 (max: 1e-06, Norm deltaR: 0.785414)
WARNING: CTestNormDispIncr::test() - failed to converge 
after: 10 iterations  current Norm: 0.000897895 (max: 1e-06, Norm deltaR: 0.733167)
WARNING: CTestNormDispIncr::test() - failed to converge 
after: 10 iterations  current Norm: 0.000248949 (max: 1e-06, Norm deltaR: 0.403853)
WARNING: CTestNormDispIncr::test() - failed to converge 
after: 10 iterations  current Norm: 0.000188666 (max: 1e-06, Norm deltaR: 0.785414)
WARNING: CTestNormDispIncr::test() - failed to converge 
after: 10 iterations  current Norm: 0.000897895 (max: 1e-06, Norm deltaR: 0.733167)
WARNING: CTestNormDispIncr::test() - failed to converge 
after: 10 iterations  current Norm: 0.000248949 (max: 1e-06, Norm deltaR: 0.403853)
WARNING: CTestNormDispIncr::test() - failed to converge 
after: 10 iterations  current Norm: 0.000188666 (max: 1e-06, Norm deltaR: 0.785414)
WARNING: CTestNormDispIncr::test() - failed to converge 
after: 10 iterations  current Norm: 0.000897895 (max: 1e-06, Norm deltaR: 0.733167)
WARNING: CTestNormDispIncr::test() - failed to converge 
after: 10 iterations  current Norm: 0.000248949 (max: 1e-06, Norm deltaR: 0.403853)
WARNING: CTestNormDispIncr::test() - failed to converge 
after: 10 iterations  current Norm: 0.000188666 (max: 1e-06, Norm deltaR: 0.785414)
WARNING: CTestNormDispIncr::test() - failed to converge 
after: 10 iterations  current Norm: 0.000897895 (max: 1e-06, Norm deltaR: 0.733167)
WARNING: CTestNormDispIncr::test() - failed to converge 
after: 10 iterations  current Norm: 0.000248949 (max: 1e-06, Norm deltaR: 0.403853)
WARNING: CTestNormDispIncr::test() - failed to converge 
after: 10 iterations  current Norm: 0.000188666 (max: 1e-06, Norm deltaR: 0.785414)
WARNING: CTestNormDispIncr::test() - failed to converge 
after: 10 iterations  current Norm: 0.000897895 (max: 1e-06, Norm deltaR: 0.733167)
WARNING: CTestNormDispIncr::test() - failed to converge 
after: 10 iterations  current Norm: 0.000248949 (max: 1e-06, Norm deltaR: 0.403853)
WARNING: CTestNormDispIncr::test() - failed to converge 
after: 10 iterations  current Norm: 0.000188666 (max: 1e-06, Norm deltaR: 0.785414)
WARNING: CTestNormDispIncr::test() - failed to converge 
after: 10 iterations  current Norm: 0.000897895 (max: 1e-06, Norm deltaR: 0.733167)
WARNING: CTestNormDispIncr::test() - failed to converge 
after: 10 iterations  current Norm: 0.000248949 (max: 1e-06, Norm deltaR: 0.403853)
WARNING: CTestNormDispIncr::test() - failed to converge 
after: 10 iterations  current Norm: 0.000188666 (max: 1e-06, Norm deltaR: 0.785414)
WARNING: CTestNormDispIncr::test() - failed to converge 
after: 10 iterations  current Norm: 0.000897895 (max: 1e-06, Norm deltaR: 0.733167)
WARNING: CTestNormDispIncr::test() - failed to converge 
after: 10 iterations  current Norm: 0.000248949 (max: 1e-06, Norm deltaR: 0.403853)
WARNING: CTestNormDispIncr::test() - failed to converge 
after: 10 iterations  current Norm: 0.000188666 (max: 1e-06, Norm deltaR: 0.785414)
WARNING: CTestNormDispIncr::test() - failed to converge 
after: 10 iterations  current Norm: 0.000897895 (max: 1e-06, Norm deltaR: 0.733167)
WARNING: CTestNormDispIncr::test() - failed to converge 
after: 10 iterations  current Norm: 0.000248949 (max: 1e-06, Norm deltaR: 0.403853)
WARNING: CTestNormDispIncr::test() - failed to converge 
after: 100 iterations  current Norm: 0.000248949 (max: 1e-06, Norm deltaR: 0.403853)
BFGS::solveCurrentStep() -the ConvergenceTest object failed in test()
DirectIntegrationAnalysis::analyze() - the Algorithm failed at time 27.2512
OpenSees > analyze failed, returned: -3 error flag
WARNING: CTestNormDispIncr::test() - failed to converge 
after: 100 iterations  current Norm: 0.000154889 (max: 1e-06, Norm deltaR: 0.465031)
AcceleratedNewton::solveCurrentStep() -The ConvergenceTest object failed in test()
DirectIntegrationAnalysis::analyze() - the Algorithm failed at time 27.2512
OpenSees > analyze failed, returned: -3 error flag

[SUCCESS] Analysis completed successfully, MIDR = 7.604628339618938
